GRID_TYPE,GAME_ID,GAME_EVENT_ID,PLAYER_ID,PLAYER_NAME,TEAM_ID,TEAM_NAME,PERIOD,MINUTES_REMAINING,SECONDS_REMAINING,EVENT_TYPE,ACTION_TYPE,SHOT_TYPE,SHOT_ZONE_BASIC,SHOT_ZONE_AREA,SHOT_ZONE_RANGE,SHOT_DISTANCE,LOC_X,LOC_Y,SHOT_ATTEMPTED_FLAG,SHOT_MADE_FLAG,GAME_DATE,HTM,VTM,PLAYER_NAME_LABEL,SEASON_START_YEAR,ERA,RESULT,CALC_DISTANCE_FT,PLAYER
Shot Chart Detail,22500002,7,1629029,Luka Dončić,1610612747,Los Angeles Lakers,1,11,39,Made Shot,Fadeaway Jump Shot,2PT Field Goal,In The Paint (Non-RA),Center(C),8-16 ft.,13.0,-60.0,125.0,1,1,20251021,LAL,GSW,Luka Dončić,2025,LAL,Made,13.865424623862049,Luka Dončić
Shot Chart Detail,22500002,18,1629029,Luka Dončić,1610612747,Los Angeles Lakers,1,10,18,Missed Shot,Step Back Jump shot,3PT Field Goal,Above the Break 3,Center(C),24+ ft.,25.0,18.0,259.0,1,0,20251021,LAL,GSW,Luka Dončić,2025,LAL,Missed,25.96247291765559,Luka Dončić
Shot Chart Detail,22500002,33,1629029,Luka Dončić,1610612747,Los Angeles Lakers,1,9,7,Made Shot,Jump Shot,3PT Field Goal,Above the Break 3,Left Side Center(LC),24+ ft.,26.0,-88.0,248.0,1,1,20251021,LAL,GSW,Luka Dončić,2025,LAL,Made,26.315014725437642,Luka Dončić
Shot Chart Detail,22500002,50,1629029,Luka Dončić,1610612747,Los Angeles Lakers,1,7,36,Missed Shot,Step Back Jump shot,3PT Field Goal,Above the Break 3,Left Side Center(LC),24+ ft.,27.0,-167.0,217.0,1,0,20251021,LAL,GSW,Luka Dončić,2025,LAL,Missed,27.382110948573704,Luka Dončić
Shot Chart Detail,22500002,85,1629029,Luka Dončić,1610612747,Los Angeles Lakers,1,5,23,Missed Shot,Running Layup Shot,2PT Field Goal,Restricted Area,Center(C),Less Than 8 ft.,2.0,2.0,28.0,1,0,20251021,LAL,GSW,Luka Dončić,2025,LAL,Missed,2.80713376952364,Luka Dončić
Shot Chart Detail,22500002,90,1629029,Luka Dončić,1610612747,Los Angeles Lakers,1,5,14,Missed Shot,Step Back Jump shot,3PT Field Goal,Above the Break 3,Left Side Center(LC),24+ ft.,28.0,-167.0,228.0,1,0,20251021,LAL,GSW,Luka Dončić,2025,LAL,Missed,28.261811689981943,Luka Dončić
Shot Chart Detail,22500002,111,1629029,Luka Dončić,1610612747,Los Angeles Lakers,1,4,7,Made Shot,Pullup Jump shot,2PT Field Goal,In The Paint (Non-RA),Center(C),8-16 ft.,12.0,-61.0,110.0,1,1,20251021,LAL,GSW,Luka Dončić,2025,LAL,Made,12.578155667664477,Luka Dončić
Shot Chart Detail,22500002,130,1629029,Luka Dončić,1610612747,Los Angeles Lakers,1,3,12,Missed Shot,Step Back Jump shot,3PT Field Goal,Above the Break 3,Center(C),24+ ft.,27.0,-82.0,260.0,1,0,20251021,LAL,GSW,Luka Dončić,2025,LAL,Missed,27.262428358456994,Luka Dončić
Shot Chart Detail,22500002,245,1629029,Luka Dončić,1610612747,Los Angeles Lakers,2,7,49,Made Shot,Turnaround Jump Shot,2PT Field Goal,Mid-Range,Center(C),8-16 ft.,15.0,-51.0,144.0,1,1,20251021,LAL,GSW,Luka Dončić,2025,LAL,Made,15.276452467768816,Luka Dončić
Shot Chart Detail,22500002,299,1629029,Luka Dončić,1610612747,Los Angeles Lakers,2,5,5,Missed Shot,Pullup Jump shot,2PT Field Goal,Mid-Range,Right Side(R),8-16 ft.,8.0,82.0,34.0,1,0,20251021,LAL,GSW,Luka Dončić,2025,LAL,Missed,8.87693640846886,Luka Dončić
Shot Chart Detail,22500002,316,1629029,Luka Dončić,1610612747,Los Angeles Lakers,2,3,44,Made Shot,Fadeaway Jump Shot,2PT Field Goal,In The Paint (Non-RA),Center(C),8-16 ft.,11.0,-54.0,105.0,1,1,20251021,LAL,GSW,Luka Dončić,2025,LAL,Made,11.807201192492656,Luka Dončić
Shot Chart Detail,22500002,350,1629029,Luka Dončić,1610612747,Los Angeles Lakers,2,1,52,Made Shot,Driving Floating Jump Shot,2PT Field Goal,In The Paint (Non-RA),Center(C),Less Than 8 ft.,5.0,11.0,54.0,1,1,20251021,LAL,GSW,Luka Dončić,2025,LAL,Made,5.510898293381942,Luka Dončić
Shot Chart Detail,22500002,373,1629029,Luka Dončić,1610612747,Los Angeles Lakers,2,0,19,Made Shot,Step Back Jump shot,3PT Field Goal,Above the Break 3,Center(C),24+ ft.,29.0,64.0,290.0,1,1,20251021,LAL,GSW,Luka Dončić,2025,LAL,Made,29.697811367169805,Luka Dončić
Shot Chart Detail,22500002,390,1629029,Luka Dončić,1610612747,Los Angeles Lakers,3,11,31,Made Shot,Driving Floating Jump Shot,2PT Field Goal,In The Paint (Non-RA),Center(C),8-16 ft.,13.0,36.0,125.0,1,1,20251021,LAL,GSW,Luka Dončić,2025,LAL,Made,13.0080744155313,Luka Dončić
Shot Chart Detail,22500002,402,1629029,Luka Dončić,1610612747,Los Angeles Lakers,3,10,47,Made Shot,Driving Floating Bank Jump Shot,2PT Field Goal,Restricted Area,Center(C),Less Than 8 ft.,3.0,9.0,36.0,1,1,20251021,LAL,GSW,Luka Dončić,2025,LAL,Made,3.710795063055895,Luka Dončić
Shot Chart Detail,22500002,426,1629029,Luka Dončić,1610612747,Los Angeles Lakers,3,8,28,Missed Shot,Jump Shot,3PT Field Goal,Right Corner 3,Right Side(R),24+ ft.,25.0,240.0,72.0,1,0,20251021,LAL,GSW,Luka Dončić,2025,LAL,Missed,25.05673562138532,Luka Dončić
Shot Chart Detail,22500002,443,1629029,Luka Dončić,1610612747,Los Angeles Lakers,3,6,57,Made Shot,Fadeaway Jump Shot,2PT Field Goal,In The Paint (Non-RA),Center(C),8-16 ft.,14.0,-64.0,134.0,1,1,20251021,LAL,GSW,Luka Dončić,2025,LAL,Made,14.849915824677257,Luka Dončić
Shot Chart Detail,22500002,463,1629029,Luka Dončić,1610612747,Los Angeles Lakers,3,5,48,Made Shot,Driving Layup Shot,2PT Field Goal,Restricted Area,Center(C),Less Than 8 ft.,3.0,1.0,32.0,1,1,20251021,LAL,GSW,Luka Dončić,2025,LAL,Made,3.2015621187164243,Luka Dončić
Shot Chart Detail,22500002,466,1629029,Luka Dončić,1610612747,Los Angeles Lakers,3,5,29,Missed Shot,Pullup Jump shot,3PT Field Goal,Above the Break 3,Center(C),24+ ft.,27.0,-65.0,267.0,1,0,20251021,LAL,GSW,Luka Dončić,2025,LAL,Missed,27.479810770818638,Luka Dončić
Shot Chart Detail,22500002,494,1629029,Luka Dončić,1610612747,Los Angeles Lakers,3,3,33,Made Shot,Fadeaway Jump Shot,2PT Field Goal,Mid-Range,Left Side(L),8-16 ft.,9.0,-89.0,37.0,1,1,20251021,LAL,GSW,Luka Dončić,2025,LAL,Made,9.638464608017191,Luka Dončić
Shot Chart Detail,22500002,514,1629029,Luka Dončić,1610612747,Los Angeles Lakers,3,1,40,Made Shot,Driving Floating Bank Jump Shot,2PT Field Goal,Restricted Area,Center(C),Less Than 8 ft.,2.0,2.0,27.0,1,1,20251021,LAL,GSW,Luka Dončić,2025,LAL,Made,2.7073972741361767,Luka Dončić
Shot Chart Detail,22500002,523,1629029,Luka Dončić,1610612747,Los Angeles Lakers,3,0,28,Missed Shot,Step Back Jump shot,3PT Field Goal,Above the Break 3,Right Side Center(RC),24+ ft.,26.0,130.0,234.0,1,0,20251021,LAL,GSW,Luka Dončić,2025,LAL,Missed,26.7686383665662,Luka Dončić
Shot Chart Detail,22500002,603,1629029,Luka Dončić,1610612747,Los Angeles Lakers,4,7,16,Made Shot,Fadeaway Bank shot,2PT Field Goal,In The Paint (Non-RA),Center(C),Less Than 8 ft.,5.0,-23.0,50.0,1,1,20251021,LAL,GSW,Luka Dončić,2025,LAL,Made,5.503635162326805,Luka Dončić
Shot Chart Detail,22500002,614,1629029,Luka Dončić,1610612747,Los Angeles Lakers,4,5,56,Made Shot,Driving Floating Jump Shot,2PT Field Goal,In The Paint (Non-RA),Center(C),Less Than 8 ft.,4.0,13.0,42.0,1,1,20251021,LAL,GSW,Luka Dončić,2025,LAL,Made,4.396589587396122,Luka Dončić
Shot Chart Detail,22500002,626,1629029,Luka Dončić,1610612747,Los Angeles Lakers,4,4,50,Made Shot,Pullup Jump shot,2PT Field Goal,Restricted Area,Center(C),Less Than 8 ft.,3.0,27.0,16.0,1,1,20251021,LAL,GSW,Luka Dončić,2025,LAL,Made,3.138470965295043,Luka Dončić
Shot Chart Detail,22500002,669,1629029,Luka Dončić,1610612747,Los Angeles Lakers,4,1,22,Made Shot,Driving Floating Jump Shot,2PT Field Goal,In The Paint (Non-RA),Center(C),Less Than 8 ft.,5.0,28.0,46.0,1,1,20251021,LAL,GSW,Luka Dončić,2025,LAL,Made,5.385164807134504,Luka Dončić
Shot Chart Detail,22500002,685,1629029,Luka Dončić,1610612747,Los Angeles Lakers,4,0,35,Missed Shot,Fadeaway Jump Shot,3PT Field Goal,Left Corner 3,Left Side(L),24+ ft.,22.0,-227.0,22.0,1,0,20251021,LAL,GSW,Luka Dončić,2025,LAL,Missed,22.806358762415364,Luka Dončić
Shot Chart Detail,22500012,93,1629029,Luka Dončić,1610612747,Los Angeles Lakers,1,4,14,Made Shot,Driving Layup Shot,2PT Field Goal,Restricted Area,Center(C),Less Than 8 ft.,2.0,21.0,13.0,1,1,20251225,LAL,HOU,Luka Dončić,2025,LAL,Made,2.4698178070456938,Luka Dončić
Shot Chart Detail,22500012,115,1629029,Luka Dončić,1610612747,Los Angeles Lakers,1,2,33,Missed Shot,Jump Shot,3PT Field Goal,Above the Break 3,Left Side Center(LC),24+ ft.,29.0,-100.0,274.0,1,0,20251225,LAL,HOU,Luka Dončić,2025,LAL,Missed,29.16779045454078,Luka Dončić
Shot Chart Detail,22500012,238,1629029,Luka Dončić,1610612747,Los Angeles Lakers,2,5,41,Made Shot,Pullup Jump shot,2PT Field Goal,In The Paint (Non-RA),Right Side(R),8-16 ft.,12.0,64.0,107.0,1,1,20251225,LAL,HOU,Luka Dončić,2025,LAL,Made,12.467958934805647,Luka Dončić
Shot Chart Detail,22500012,244,1629029,Luka Dončić,1610612747,Los Angeles Lakers,2,4,59,Made Shot,Jump Shot,3PT Field Goal,Above the Break 3,Center(C),24+ ft.,26.0,-6.0,262.0,1,1,20251225,LAL,HOU,Luka Dončić,2025,LAL,Made,26.206869328479506,Luka Dončić
Shot Chart Detail,22500012,252,1629029,Luka Dončić,1610612747,Los Angeles Lakers,2,3,44,Missed Shot,Step Back Jump shot,3PT Field Goal,Above the Break 3,Center(C),24+ ft.,26.0,25.0,259.0,1,0,20251225,LAL,HOU,Luka Dončić,2025,LAL,Missed,26.020376630633155,Luka Dončić
Shot Chart Detail,22500012,259,1629029,Luka Dončić,1610612747,Los Angeles Lakers,2,2,48,Missed Shot,Step Back Jump shot,3PT Field Goal,Above the Break 3,Left Side Center(LC),24+ ft.,26.0,-210.0,163.0,1,0,20251225,LAL,HOU,Luka Dončić,2025,LAL,Missed,26.58364158650955,Luka Dončić
Shot Chart Detail,22500012,275,1629029,Luka Dončić,1610612747,Los Angeles Lakers,2,2,21,Made Shot,Fadeaway Bank shot,2PT Field Goal,Mid-Range,Right Side(R),8-16 ft.,10.0,81.0,59.0,1,1,20251225,LAL,HOU,Luka Dončić,2025,LAL,Made,10.020977996183806,Luka Dončić
Shot Chart Detail,22500012,294,1629029,Luka Dončić,1610612747,Los Angeles Lakers,2,1,39,Missed Shot,Jump Shot,3PT Field Goal,Above the Break 3,Right Side Center(RC),24+ ft.,27.0,123.0,242.0,1,0,20251225,LAL,HOU,Luka Dončić,2025,LAL,Missed,27.14645464881188,Luka Dončić
Shot Chart Detail,22500012,311,1629029,Luka Dončić,1610612747,Los Angeles Lakers,2,0,21,Made Shot,Driving Floating Jump Shot,2PT Field Goal,In The Paint (Non-RA),Center(C),Less Than 8 ft.,7.0,13.0,78.0,1,1,20251225,LAL,HOU,Luka Dončić,2025,LAL,Made,7.907591289387686,Luka Dončić
Shot Chart Detail,22500012,337,1629029,Luka Dončić,1610612747,Los Angeles Lakers,3,10,8,Made Shot,Pullup Jump shot,3PT Field Goal,Above the Break 3,Center(C),24+ ft.,25.0,-7.0,255.0,1,1,20251225,LAL,HOU,Luka Dončić,2025,LAL,Made,25.50960603380617,Luka Dončić
Shot Chart Detail,22500012,348,1629029,Luka Dončić,1610612747,Los Angeles Lakers,3,8,49,Made Shot,Driving Layup Shot,2PT Field Goal,Restricted Area,Center(C),Less Than 8 ft.,2.0,22.0,16.0,1,1,20251225,LAL,HOU,Luka Dončić,2025,LAL,Made,2.720294101747089,Luka Dončić
Shot Chart Detail,22500012,411,1629029,Luka Dončić,1610612747,Los Angeles Lakers,3,4,14,Made Shot,Running Layup Shot,2PT Field Goal,Restricted Area,Center(C),Less Than 8 ft.,2.0,17.0,14.0,1,1,20251225,LAL,HOU,Luka Dončić,2025,LAL,Made,2.2022715545545237,Luka Dončić
Shot Chart Detail,22500012,440,1629029,Luka Dončić,1610612747,Los Angeles Lakers,3,2,2,Made Shot,Step Back Jump shot,3PT Field Goal,Above the Break 3,Left Side Center(LC),24+ ft.,24.0,-167.0,174.0,1,1,20251225,LAL,HOU,Luka Dončić,2025,LAL,Made,24.117421089328765,Luka Dončić
Shot Chart Detail,22500012,444,1629029,Luka Dončić,1610612747,Los Angeles Lakers,3,1,26,Missed Shot,Driving Floating Jump Shot,2PT Field Goal,In The Paint (Non-RA),Right Side(R),8-16 ft.,11.0,66.0,93.0,1,0,20251225,LAL,HOU,Luka Dončić,2025,LAL,Missed,11.403946685248927,Luka Dončić
Shot Chart Detail,22500012,450,1629029,Luka Dončić,1610612747,Los Angeles Lakers,3,0,57,Missed Shot,Turnaround Fadeaway shot,2PT Field Goal,Mid-Range,Left Side(L),8-16 ft.,12.0,-118.0,34.0,1,0,20251225,LAL,HOU,Luka Dončić,2025,LAL,Missed,12.280065146407,Luka Dončić
Shot Chart Detail,22500012,459,1629029,Luka Dončić,1610612747,Los Angeles Lakers,3,0,0,Missed Shot,Step Back Jump shot,2PT Field Goal,Mid-Range,Center(C),16-24 ft.,22.0,-66.0,213.0,1,0,20251225,LAL,HOU,Luka Dončić,2025,LAL,Missed,22.299103120977758,Luka Dončić
Shot Chart Detail,22500012,560,1629029,Luka Dončić,1610612747,Los Angeles Lakers,4,3,48,Missed Shot,Jump Shot,3PT Field Goal,Above the Break 3,Center(C),24+ ft.,26.0,-55.0,262.0,1,0,20251225,LAL,HOU,Luka Dončić,2025,LAL,Missed,26.771066471098983,Luka Dončić
Shot Chart Detail,22500019,13,1629029,Luka Dončić,1610612747,Los Angeles Lakers,1,11,7,Missed Shot,Pullup Jump shot,3PT Field Goal,Above the Break 3,Center(C),24+ ft.,26.0,-71.0,256.0,1,0,20251024,LAL,MIN,Luka Dončić,2025,LAL,Missed,26.566332076521213,Luka Dončić
Shot Chart Detail,22500019,30,1629029,Luka Dončić,1610612747,Los Angeles Lakers,1,9,35,Made Shot,Fadeaway Jump Shot,2PT Field Goal,In The Paint (Non-RA),Center(C),8-16 ft.,14.0,71.0,127.0,1,1,20251024,LAL,MIN,Luka Dončić,2025,LAL,Made,14.549914089093448,Luka Dončić
Shot Chart Detail,22500019,36,1629029,Luka Dončić,1610612747,Los Angeles Lakers,1,9,18,Made Shot,Pullup Jump shot,3PT Field Goal,Above the Break 3,Right Side Center(RC),24+ ft.,27.0,145.0,231.0,1,1,20251024,LAL,MIN,Luka Dončić,2025,LAL,Made,27.27379694871985,Luka Dončić
Shot Chart Detail,22500019,40,1629029,Luka Dončić,1610612747,Los Angeles Lakers,1,8,57,Missed Shot,Jump Shot,3PT Field Goal,Above the Break 3,Left Side Center(LC),24+ ft.,28.0,-173.0,226.0,1,0,20251024,LAL,MIN,Luka Dončić,2025,LAL,Missed,28.461377338421272,Luka Dončić
Shot Chart Detail,22500019,57,1629029,Luka Dončić,1610612747,Los Angeles Lakers,1,7,10,Made Shot,Driving Floating Bank Jump Shot,2PT Field Goal,In The Paint (Non-RA),Center(C),8-16 ft.,8.0,-32.0,78.0,1,1,20251024,LAL,MIN,Luka Dončić,2025,LAL,Made,8.430895563343196,Luka Dončić
Shot Chart Detail,22500019,82,1629029,Luka Dončić,1610612747,Los Angeles Lakers,1,5,44,Missed Shot,Driving Floating Bank Jump Shot,2PT Field Goal,In The Paint (Non-RA),Center(C),Less Than 8 ft.,4.0,32.0,31.0,1,0,20251024,LAL,MIN,Luka Dončić,2025,LAL,Missed,4.455333881989093,Luka Dončić
Shot Chart Detail,22500019,104,1629029,Luka Dončić,1610612747,Los Angeles Lakers,1,4,0,Made Shot,Step Back Jump shot,3PT Field Goal,Above the Break 3,Left Side Center(LC),24+ ft.,26.0,-107.0,241.0,1,1,20251024,LAL,MIN,Luka Dončić,2025,LAL,Made,26.368541863364385,Luka Dončić
Shot Chart Detail,22500019,109,1629029,Luka Dončić,1610612747,Los Angeles Lakers,1,3,32,Made Shot,Driving Floating Jump Shot,2PT Field Goal,Mid-Range,Center(C),8-16 ft.,15.0,23.0,158.0,1,1,20251024,LAL,MIN,Luka Dončić,2025,LAL,Made,15.966527487215245,Luka Dončić
Shot Chart Detail,22500019,124,1629029,Luka Dončić,1610612747,Los Angeles Lakers,1,3,0,Made Shot,Step Back Jump shot,3PT Field Goal,Above the Break 3,Left Side Center(LC),24+ ft.,28.0,-150.0,237.0,1,1,20251024,LAL,MIN,Luka Dončić,2025,LAL,Made,28.047994580718246,Luka Dončić
Shot Chart Detail,22500019,136,1629029,Luka Dončić,1610612747,Los Angeles Lakers,1,1,47,Made Shot,Pullup Jump shot,3PT Field Goal,Above the Break 3,Center(C),24+ ft.,29.0,-17.0,296.0,1,1,20251024,LAL,MIN,Luka Dončić,2025,LAL,Made,29.648777377827912,Luka Dončić
Shot Chart Detail,22500019,143,1629029,Luka Dončić,1610612747,Los Angeles Lakers,1,1,7,Made Shot,Driving Layup Shot,2PT Field Goal,Restricted Area,Center(C),Less Than 8 ft.,1.0,-10.0,-1.0,1,1,20251024,LAL,MIN,Luka Dončić,2025,LAL,Made,1.004987562112089,Luka Dončić
Shot Chart Detail,22500019,146,1629029,Luka Dončić,1610612747,Los Angeles Lakers,1,0,39,Missed Shot,Jump Shot,3PT Field Goal,Above the Break 3,Right Side Center(RC),24+ ft.,27.0,130.0,238.0,1,0,20251024,LAL,MIN,Luka Dončić,2025,LAL,Missed,27.1189970316013,Luka Dončić
Shot Chart Detail,22500019,291,1629029,Luka Dončić,1610612747,Los Angeles Lakers,2,3,0,Missed Shot,Step Back Jump shot,3PT Field Goal,Above the Break 3,Center(C),24+ ft.,27.0,48.0,267.0,1,0,20251024,LAL,MIN,Luka Dončić,2025,LAL,Missed,27.128029784707916,Luka Dončić
Shot Chart Detail,22500019,308,1629029,Luka Dončić,1610612747,Los Angeles Lakers,2,1,8,Made Shot,Step Back Jump shot,2PT Field Goal,Mid-Range,Center(C),8-16 ft.,15.0,32.0,151.0,1,1,20251024,LAL,MIN,Luka Dončić,2025,LAL,Made,15.435349040433133,Luka Dončić
Shot Chart Detail,22500019,344,1629029,Luka Dončić,1610612747,Los Angeles Lakers,3,11,29,Made Shot,Driving Floating Jump Shot,2PT Field Goal,In The Paint (Non-RA),Center(C),8-16 ft.,8.0,-17.0,87.0,1,1,20251024,LAL,MIN,Luka Dončić,2025,LAL,Made,8.864536084872125,Luka Dončić
Shot Chart Detail,22500019,382,1629029,Luka Dončić,1610612747,Los Angeles Lakers,3,8,9,Missed Shot,Step Back Jump shot,3PT Field Goal,Above the Break 3,Center(C),24+ ft.,28.0,-21.0,284.0,1,0,20251024,LAL,MIN,Luka Dončić,2025,LAL,Missed,28.477535005684746,Luka Dončić
Shot Chart Detail,22500019,515,1629029,Luka Dončić,1610612747,Los Angeles Lakers,4,11,22,Made Shot,Turnaround Fadeaway shot,2PT Field Goal,Mid-Range,Left Side(L),8-16 ft.,11.0,-83.0,82.0,1,1,20251024,LAL,MIN,Luka Dončić,2025,LAL,Made,11.667476162392619,Luka Dončić
Shot Chart Detail,22500019,536,1629029,Luka Dončić,1610612747,Los Angeles Lakers,4,9,15,Made Shot,Driving Floating Jump Shot,2PT Field Goal,In The Paint (Non-RA),Right Side(R),8-16 ft.,10.0,55.0,89.0,1,1,20251024,LAL,MIN,Luka Dončić,2025,LAL,Made,10.462313319720453,Luka Dončić
Shot Chart Detail,22500019,550,1629029,Luka Dončić,1610612747,Los Angeles Lakers,4,8,7,Made Shot,Step Back Jump shot,3PT Field Goal,Above the Break 3,Left Side Center(LC),24+ ft.,26.0,-210.0,166.0,1,1,20251024,LAL,MIN,Luka Dončić,2025,LAL,Made,26.7686383665662,Luka Dončić
Shot Chart Detail,22500019,575,1629029,Luka Dončić,1610612747,Los Angeles Lakers,4,6,27,Missed Shot,Step Back Jump shot,3PT Field Goal,Above the Break 3,Center(C),24+ ft.,26.0,-53.0,262.0,1,0,20251024,LAL,MIN,Luka Dončić,2025,LAL,Missed,26.730693967796647,Luka Dončić
Shot Chart Detail,22500019,588,1629029,Luka Dončić,1610612747,Los Angeles Lakers,4,5,24,Made Shot,Running Dunk Shot,2PT Field Goal,Restricted Area,Center(C),Less Than 8 ft.,1.0,7.0,8.0,1,1,20251024,LAL,MIN,Luka Dončić,2025,LAL,Made,1.063014581273465,Luka Dončić
Shot Chart Detail,22500019,607,1629029,Luka Dončić,1610612747,Los Angeles Lakers,4,4,36,Missed Shot,Pullup Jump shot,3PT Field Goal,Above the Break 3,Center(C),24+ ft.,34.0,91.0,334.0,1,0,20251024,LAL,MIN,Luka Dončić,2025,LAL,Missed,34.617481133092284,Luka Dončić
Shot Chart Detail,22500019,618,1629029,Luka Dončić,1610612747,Los Angeles Lakers,4,3,29,Missed Shot,Driving Floating Jump Shot,2PT Field Goal,Restricted Area,Center(C),Less Than 8 ft.,3.0,-25.0,25.0,1,0,20251024,LAL,MIN,Luka Dončić,2025,LAL,Missed,3.5355339059327378,Luka Dončić
Shot Chart Detail,22500024,7,1629029,Luka Dončić,1610612747,Los Angeles Lakers,1,11,45,Missed Shot,Jump Shot,3PT Field Goal,Above the Break 3,Right Side Center(RC),24+ ft.,26.0,83.0,251.0,1,0,20251031,MEM,LAL,Luka Dončić,2025,MEM,Missed,26.436716891475008,Luka Dončić
Shot Chart Detail,22500024,39,1629029,Luka Dončić,1610612747,Los Angeles Lakers,1,8,44,Missed Shot,Step Back Jump shot,2PT Field Goal,In The Paint (Non-RA),Right Side(R),8-16 ft.,14.0,77.0,121.0,1,0,20251031,MEM,LAL,Luka Dončić,2025,MEM,Missed,14.342245291445826,Luka Dončić
Shot Chart Detail,22500024,41,1629029,Luka Dončić,1610612747,Los Angeles Lakers,1,8,42,Made Shot,Putback Layup Shot,2PT Field Goal,Restricted Area,Center(C),Less Than 8 ft.,0.0,5.0,8.0,1,1,20251031,MEM,LAL,Luka Dončić,2025,MEM,Made,0.9433981132056604,Luka Dončić
Shot Chart Detail,22500024,48,1629029,Luka Dončić,1610612747,Los Angeles Lakers,1,7,44,Made Shot,Running Reverse Layup Shot,2PT Field Goal,Restricted Area,Center(C),Less Than 8 ft.,0.0,2.0,8.0,1,1,20251031,MEM,LAL,Luka Dončić,2025,MEM,Made,0.8246211251235321,Luka Dončić
Shot Chart Detail,22500024,52,1629029,Luka Dončić,1610612747,Los Angeles Lakers,1,6,58,Made Shot,Step Back Jump shot,3PT Field Goal,Above the Break 3,Left Side Center(LC),24+ ft.,24.0,-224.0,89.0,1,1,20251031,MEM,LAL,Luka Dončić,2025,MEM,Made,24.10331927349426,Luka Dončić
Shot Chart Detail,22500024,128,1629029,Luka Dončić,1610612747,Los Angeles Lakers,1,2,36,Made Shot,Step Back Jump shot,3PT Field Goal,Above the Break 3,Left Side Center(LC),24+ ft.,26.0,-127.0,228.0,1,1,20251031,MEM,LAL,Luka Dončić,2025,MEM,Made,26.098467387952116,Luka Dončić
Shot Chart Detail,22500024,132,1629029,Luka Dončić,1610612747,Los Angeles Lakers,1,2,5,Missed Shot,Jump Shot,3PT Field Goal,Above the Break 3,Left Side Center(LC),24+ ft.,24.0,-131.0,211.0,1,0,20251031,MEM,LAL,Luka Dončić,2025,MEM,Missed,24.835861168882385,Luka Dončić
Shot Chart Detail,22500024,275,1629029,Luka Dončić,1610612747,Los Angeles Lakers,2,6,17,Made Shot,Driving Floating Jump Shot,2PT Field Goal,In The Paint (Non-RA),Center(C),8-16 ft.,10.0,50.0,92.0,1,1,20251031,MEM,LAL,Luka Dončić,2025,MEM,Made,10.470912090166738,Luka Dončić
Shot Chart Detail,22500024,277,1629029,Luka Dončić,1610612747,Los Angeles Lakers,2,5,51,Made Shot,Driving Layup Shot,2PT Field Goal,Restricted Area,Center(C),Less Than 8 ft.,2.0,15.0,17.0,1,1,20251031,MEM,LAL,Luka Dončić,2025,MEM,Made,2.2671568097509267,Luka Dončić
Shot Chart Detail,22500024,297,1629029,Luka Dončić,1610612747,Los Angeles Lakers,2,3,51,Missed Shot,Step Back Jump shot,3PT Field Goal,Above the Break 3,Left Side Center(LC),24+ ft.,27.0,-150.0,230.0,1,0,20251031,MEM,LAL,Luka Dončić,2025,MEM,Missed,27.45906043549196,Luka Dončić
Shot Chart Detail,22500024,322,1629029,Luka Dončić,1610612747,Los Angeles Lakers,2,2,46,Missed Shot,Fadeaway Jump Shot,2PT Field Goal,In The Paint (Non-RA),Right Side(R),8-16 ft.,13.0,70.0,115.0,1,0,20251031,MEM,LAL,Luka Dončić,2025,MEM,Missed,13.46291201783626,Luka Dončić
Shot Chart Detail,22500024,338,1629029,Luka Dončić,1610612747,Los Angeles Lakers,2,1,1,Made Shot,Pullup Jump shot,2PT Field Goal,In The Paint (Non-RA),Right Side(R),8-16 ft.,11.0,75.0,84.0,1,1,20251031,MEM,LAL,Luka Dončić,2025,MEM,Made,11.260994627474076,Luka Dončić
Shot Chart Detail,22500024,368,1629029,Luka Dončić,1610612747,Los Angeles Lakers,3,11,7,Made Shot,Jump Shot,3PT Field Goal,Above the Break 3,Center(C),24+ ft.,24.0,58.0,243.0,1,1,20251031,MEM,LAL,Luka Dončić,2025,MEM,Made,24.98259394058191,Luka Dončić
Shot Chart Detail,22500024,416,1629029,Luka Dončić,1610612747,Los Angeles Lakers,3,7,6,Made Shot,Step Back Jump shot,3PT Field Goal,Above the Break 3,Right Side Center(RC),24+ ft.,25.0,102.0,235.0,1,1,20251031,MEM,LAL,Luka Dončić,2025,MEM,Made,25.61815762306103,Luka Dončić
Shot Chart Detail,22500024,425,1629029,Luka Dončić,1610612747,Los Angeles Lakers,3,6,19,Missed Shot,Driving Floating Jump Shot,2PT Field Goal,In The Paint (Non-RA),Center(C),8-16 ft.,10.0,10.0,106.0,1,0,20251031,MEM,LAL,Luka Dončić,2025,MEM,Missed,10.64706532336493,Luka Dončić
Shot Chart Detail,22500024,433,1629029,Luka Dončić,1610612747,Los Angeles Lakers,3,5,57,Made Shot,Jump Shot,3PT Field Goal,Above the Break 3,Right Side Center(RC),24+ ft.,26.0,82.0,250.0,1,1,20251031,MEM,LAL,Luka Dončić,2025,MEM,Made,26.310454196003537,Luka Dončić
Shot Chart Detail,22500024,437,1629029,Luka Dončić,1610612747,Los Angeles Lakers,3,5,37,Missed Shot,Running Jump Shot,3PT Field Goal,Above the Break 3,Right Side Center(RC),24+ ft.,26.0,135.0,226.0,1,0,20251031,MEM,LAL,Luka Dončić,2025,MEM,Missed,26.32508309578528,Luka Dončić
Shot Chart Detail,22500024,457,1629029,Luka Dončić,1610612747,Los Angeles Lakers,3,3,57,Missed Shot,Step Back Jump shot,3PT Field Goal,Above the Break 3,Left Side Center(LC),24+ ft.,24.0,-134.0,210.0,1,0,20251031,MEM,LAL,Luka Dončić,2025,MEM,Missed,24.911041728518704,Luka Dončić
Shot Chart Detail,22500024,464,1629029,Luka Dončić,1610612747,Los Angeles Lakers,3,3,29,Made Shot,Fadeaway Jump Shot,2PT Field Goal,In The Paint (Non-RA),Center(C),8-16 ft.,12.0,60.0,114.0,1,1,20251031,MEM,LAL,Luka Dončić,2025,MEM,Made,12.882546332150332,Luka Dončić
Shot Chart Detail,22500024,507,1629029,Luka Dončić,1610612747,Los Angeles Lakers,3,1,1,Missed Shot,Step Back Jump shot,3PT Field Goal,Above the Break 3,Center(C),24+ ft.,24.0,22.0,247.0,1,0,20251031,MEM,LAL,Luka Dončić,2025,MEM,Missed,24.797782158894776,Luka Dončić
Shot Chart Detail,22500024,573,1629029,Luka Dončić,1610612747,Los Angeles Lakers,4,7,48,Missed Shot,Turnaround Fadeaway shot,2PT Field Goal,In The Paint (Non-RA),Center(C),8-16 ft.,15.0,75.0,131.0,1,0,20251031,MEM,LAL,Luka Dončić,2025,MEM,Missed,15.095032295427526,Luka Dončić
Shot Chart Detail,22500024,577,1629029,Luka Dončić,1610612747,Los Angeles Lakers,4,7,18,Made Shot,Driving Finger Roll Layup Shot,2PT Field Goal,Restricted Area,Center(C),Less Than 8 ft.,0.0,6.0,5.0,1,1,20251031,MEM,LAL,Luka Dončić,2025,MEM,Made,0.7810249675906654,Luka Dončić
Shot Chart Detail,22500024,594,1629029,Luka Dončić,1610612747,Los Angeles Lakers,4,6,7,Made Shot,Jump Shot,3PT Field Goal,Above the Break 3,Right Side Center(RC),24+ ft.,28.0,94.0,271.0,1,1,20251031,MEM,LAL,Luka Dončić,2025,MEM,Made,28.683967647450725,Luka Dončić
Shot Chart Detail,22500024,598,1629029,Luka Dončić,1610612747,Los Angeles Lakers,4,5,41,Missed Shot,Pullup Jump shot,3PT Field Goal,Above the Break 3,Left Side Center(LC),24+ ft.,27.0,-158.0,225.0,1,0,20251031,MEM,LAL,Luka Dončić,2025,MEM,Missed,27.493453766305898,Luka Dončić
Shot Chart Detail,22500024,608,1629029,Luka Dončić,1610612747,Los Angeles Lakers,4,5,11,Missed Shot,Step Back Jump shot,3PT Field Goal,Right Corner 3,Right Side(R),24+ ft.,23.0,232.0,-8.0,1,0,20251031,MEM,LAL,Luka Dončić,2025,MEM,Missed,23.213789005675054,Luka Dončić
Shot Chart Detail,22500024,624,1629029,Luka Dončić,1610612747,Los Angeles Lakers,4,3,52,Made Shot,Turnaround Jump Shot,2PT Field Goal,In The Paint (Non-RA),Center(C),8-16 ft.,8.0,-21.0,87.0,1,1,20251031,MEM,LAL,Luka Dončić,2025,MEM,Made,8.949860334105779,Luka Dončić
Shot Chart Detail,22500024,675,1629029,Luka Dončić,1610612747,Los Angeles Lakers,4,0,25,Missed Shot,Jump Shot,3PT Field Goal,Left Corner 3,Left Side(L),24+ ft.,22.0,-222.0,0.0,1,0,20251031,MEM,LAL,Luka Dončić,2025,MEM,Missed,22.2,Luka Dončić
Shot Chart Detail,22500045,7,1629029,Luka Dončić,1610612747,Los Angeles Lakers,1,11,38,Missed Shot,Turnaround Fadeaway shot,2PT Field Goal,In The Paint (Non-RA),Center(C),Less Than 8 ft.,7.0,-71.0,22.0,1,0,20251114,NOP,LAL,Luka Dončić,2025,NOP,Missed,7.433034373659252,Luka Dončić
Shot Chart Detail,22500045,57,1629029,Luka Dončić,1610612747,Los Angeles Lakers,1,6,32,Missed Shot,Pullup Jump shot,2PT Field Goal,Mid-Range,Center(C),16-24 ft.,20.0,58.0,199.0,1,0,20251114,NOP,LAL,Luka Dončić,2025,NOP,Missed,20.72800038595137,Luka Dončić
Shot Chart Detail,22500045,113,1629029,Luka Dončić,1610612747,Los Angeles Lakers,1,3,7,Missed Shot,Step Back Jump shot,3PT Field Goal,Above the Break 3,Left Side Center(LC),24+ ft.,25.0,-141.0,208.0,1,0,20251114,NOP,LAL,Luka Dončić,2025,NOP,Missed,25.12866888635369,Luka Dončić
Shot Chart Detail,22500045,229,1629029,Luka Dončić,1610612747,Los Angeles Lakers,2,8,8,Made Shot,Jump Shot,3PT Field Goal,Above the Break 3,Center(C),24+ ft.,27.0,39.0,276.0,1,1,20251114,NOP,LAL,Luka Dončić,2025,NOP,Made,27.87418160233588,Luka Dončić
Shot Chart Detail,22500045,259,1629029,Luka Dončić,1610612747,Los Angeles Lakers,2,6,11,Made Shot,Pullup Jump shot,2PT Field Goal,Mid-Range,Right Side(R),8-16 ft.,9.0,92.0,-5.0,1,1,20251114,NOP,LAL,Luka Dončić,2025,NOP,Made,9.213576938409968,Luka Dončić
Shot Chart Detail,22500045,276,1629029,Luka Dončić,1610612747,Los Angeles Lakers,2,4,42,Made Shot,Running Pull-Up Jump Shot,3PT Field Goal,Above the Break 3,Right Side Center(RC),24+ ft.,28.0,108.0,262.0,1,1,20251114,NOP,LAL,Luka Dončić,2025,NOP,Made,28.33866616480035,Luka Dončić
Shot Chart Detail,22500045,303,1629029,Luka Dončić,1610612747,Los Angeles Lakers,2,2,17,Made Shot,Step Back Jump shot,3PT Field Goal,Above the Break 3,Right Side Center(RC),24+ ft.,27.0,183.0,209.0,1,1,20251114,NOP,LAL,Luka Dončić,2025,NOP,Made,27.779488836189916,Luka Dončić
Shot Chart Detail,22500045,322,1629029,Luka Dončić,1610612747,Los Angeles Lakers,2,0,31,Missed Shot,Step Back Jump shot,3PT Field Goal,Above the Break 3,Center(C),24+ ft.,24.0,44.0,241.0,1,0,20251114,NOP,LAL,Luka Dončić,2025,NOP,Missed,24.49836729253605,Luka Dončić
Shot Chart Detail,22500045,382,1629029,Luka Dončić,1610612747,Los Angeles Lakers,3,8,25,Missed Shot,Pullup Jump shot,3PT Field Goal,Above the Break 3,Center(C),24+ ft.,26.0,-15.0,265.0,1,0,20251114,NOP,LAL,Luka Dončić,2025,NOP,Missed,26.542418879973997,Luka Dončić
Shot Chart Detail,22500045,394,1629029,Luka Dončić,1610612747,Los Angeles Lakers,3,7,1,Made Shot,Fadeaway Jump Shot,2PT Field Goal,Mid-Range,Right Side(R),8-16 ft.,12.0,109.0,58.0,1,1,20251114,NOP,LAL,Luka Dončić,2025,NOP,Made,12.347064428438042,Luka Dončić
Shot Chart Detail,22500045,443,1629029,Luka Dončić,1610612747,Los Angeles Lakers,3,3,58,Missed Shot,Pullup Jump shot,3PT Field Goal,Above the Break 3,Center(C),24+ ft.,28.0,66.0,274.0,1,0,20251114,NOP,LAL,Luka Dončić,2025,NOP,Missed,28.183683222744328,Luka Dončić
Shot Chart Detail,22500045,465,1629029,Luka Dončić,1610612747,Los Angeles Lakers,3,2,32,Missed Shot,Driving Floating Jump Shot,2PT Field Goal,In The Paint (Non-RA),Center(C),Less Than 8 ft.,5.0,33.0,50.0,1,0,20251114,NOP,LAL,Luka Dončić,2025,NOP,Missed,5.990826320300064,Luka Dončić
Shot Chart Detail,22500045,499,1629029,Luka Dončić,1610612747,Los Angeles Lakers,3,0,6,Missed Shot,Pullup Jump shot,2PT Field Goal,Mid-Range,Center(C),16-24 ft.,16.0,0.0,163.0,1,0,20251114,NOP,LAL,Luka Dončić,2025,NOP,Missed,16.3,Luka Dončić
Shot Chart Detail,22500045,663,1629029,Luka Dončić,1610612747,Los Angeles Lakers,4,1,37,Made Shot,Fadeaway Jump Shot,2PT Field Goal,In The Paint (Non-RA),Center(C),8-16 ft.,12.0,10.0,126.0,1,1,20251114,NOP,LAL,Luka Dončić,2025,NOP,Made,12.63962024745997,Luka Dončić
Shot Chart Detail,22500045,687,1629029,Luka Dončić,1610612747,Los Angeles Lakers,4,0,12,Missed Shot,Layup Shot,2PT Field Goal,In The Paint (Non-RA),Center(C),Less Than 8 ft.,4.0,32.0,36.0,1,0,20251114,NOP,LAL,Luka Dončić,2025,NOP,Missed,4.8166378315169185,Luka Dončić
Shot Chart Detail,22500045,691,1629029,Luka Dončić,1610612747,Los Angeles Lakers,4,0,3,Missed Shot,Pullup Jump shot,3PT Field Goal,Left Corner 3,Left Side(L),24+ ft.,22.0,-227.0,-24.0,1,0,20251114,NOP,LAL,Luka Dončić,2025,NOP,Missed,22.826519664635693,Luka Dončić
Shot Chart Detail,22500059,11,1629029,Luka Dončić,1610612747,Los Angeles Lakers,1,11,2,Made Shot,Driving Floating Jump Shot,2PT Field Goal,In The Paint (Non-RA),Center(C),Less Than 8 ft.,7.0,-53.0,48.0,1,1,20251125,LAL,LAC,Luka Dončić,2025,LAL,Made,7.150524456289903,Luka Dončić
Shot Chart Detail,22500059,14,1629029,Luka Dončić,1610612747,Los Angeles Lakers,1,10,26,Missed Shot,Turnaround Fadeaway shot,2PT Field Goal,Mid-Range,Center(C),8-16 ft.,14.0,-37.0,143.0,1,0,20251125,LAL,LAC,Luka Dončić,2025,LAL,Missed,14.770917371646217,Luka Dončić
Shot Chart Detail,22500059,41,1629029,Luka Dončić,1610612747,Los Angeles Lakers,1,7,41,Made Shot,Jump Shot,3PT Field Goal,Above the Break 3,Center(C),24+ ft.,26.0,-47.0,259.0,1,1,20251125,LAL,LAC,Luka Dončić,2025,LAL,Made,26.32299375071156,Luka Dončić
Shot Chart Detail,22500059,56,1629029,Luka Dončić,1610612747,Los Angeles Lakers,1,6,32,Made Shot,Driving Floating Jump Shot,2PT Field Goal,Restricted Area,Center(C),Less Than 8 ft.,3.0,34.0,7.0,1,1,20251125,LAL,LAC,Luka Dončić,2025,LAL,Made,3.4713109915419564,Luka Dončić
Shot Chart Detail,22500059,61,1629029,Luka Dončić,1610612747,Los Angeles Lakers,1,5,50,Made Shot,Step Back Jump shot,3PT Field Goal,Above the Break 3,Left Side Center(LC),24+ ft.,25.0,-123.0,227.0,1,1,20251125,LAL,LAC,Luka Dončić,2025,LAL,Made,25.818210627384694,Luka Dončić
Shot Chart Detail,22500059,66,1629029,Luka Dončić,1610612747,Los Angeles Lakers,1,5,18,Made Shot,Running Pull-Up Jump Shot,3PT Field Goal,Above the Break 3,Left Side Center(LC),24+ ft.,31.0,-173.0,269.0,1,1,20251125,LAL,LAC,Luka Dončić,2025,LAL,Made,31.98280788173546,Luka Dončić
Shot Chart Detail,22500059,79,1629029,Luka Dončić,1610612747,Los Angeles Lakers,1,4,56,Missed Shot,Pullup Jump shot,2PT Field Goal,In The Paint (Non-RA),Center(C),Less Than 8 ft.,7.0,-75.0,17.0,1,0,20251125,LAL,LAC,Luka Dončić,2025,LAL,Missed,7.690253571892152,Luka Dončić
Shot Chart Detail,22500059,83,1629029,Luka Dončić,1610612747,Los Angeles Lakers,1,4,23,Made Shot,Step Back Jump shot,3PT Field Goal,Above the Break 3,Left Side Center(LC),24+ ft.,27.0,-87.0,263.0,1,1,20251125,LAL,LAC,Luka Dončić,2025,LAL,Made,27.701624501101016,Luka Dončić
Shot Chart Detail,22500059,91,1629029,Luka Dončić,1610612747,Los Angeles Lakers,1,3,55,Made Shot,Jump Shot,3PT Field Goal,Above the Break 3,Left Side Center(LC),24+ ft.,27.0,-205.0,179.0,1,1,20251125,LAL,LAC,Luka Dončić,2025,LAL,Made,27.215069355046666,Luka Dončić
Shot Chart Detail,22500059,100,1629029,Luka Dončić,1610612747,Los Angeles Lakers,1,3,32,Missed Shot,Step Back Jump shot,3PT Field Goal,Above the Break 3,Left Side Center(LC),24+ ft.,27.0,-224.0,152.0,1,0,20251125,LAL,LAC,Luka Dončić,2025,LAL,Missed,27.07027890510181,Luka Dončić
Shot Chart Detail,22500059,112,1629029,Luka Dončić,1610612747,Los Angeles Lakers,1,2,26,Missed Shot,Step Back Jump shot,3PT Field Goal,Above the Break 3,Center(C),24+ ft.,25.0,-20.0,253.0,1,0,20251125,LAL,LAC,Luka Dončić,2025,LAL,Missed,25.378928267363854,Luka Dončić
Shot Chart Detail,22500059,117,1629029,Luka Dončić,1610612747,Los Angeles Lakers,1,2,9,Made Shot,Running Layup Shot,2PT Field Goal,Restricted Area,Center(C),Less Than 8 ft.,2.0,20.0,12.0,1,1,20251125,LAL,LAC,Luka Dončić,2025,LAL,Made,2.3323807579381204,Luka Dončić
Shot Chart Detail,22500059,133,1629029,Luka Dončić,1610612747,Los Angeles Lakers,1,0,58,Made Shot,Driving Floating Jump Shot,2PT Field Goal,In The Paint (Non-RA),Center(C),Less Than 8 ft.,6.0,28.0,63.0,1,1,20251125,LAL,LAC,Luka Dončić,2025,LAL,Made,6.894200461257273,Luka Dončić
Shot Chart Detail,22500059,137,1629029,Luka Dončić,1610612747,Los Angeles Lakers,1,0,29,Missed Shot,Step Back Jump shot,3PT Field Goal,Above the Break 3,Center(C),24+ ft.,27.0,-43.0,273.0,1,0,20251125,LAL,LAC,Luka Dončić,2025,LAL,Missed,27.63656997530627,Luka Dončić
Shot Chart Detail,22500059,224,1629029,Luka Dončić,1610612747,Los Angeles Lakers,2,6,16,Made Shot,Fadeaway Jump Shot,2PT Field Goal,In The Paint (Non-RA),Center(C),8-16 ft.,10.0,38.0,97.0,1,1,20251125,LAL,LAC,Luka Dončić,2025,LAL,Made,10.417773274553443,Luka Dončić
Shot Chart Detail,22500059,244,1629029,Luka Dončić,1610612747,Los Angeles Lakers,2,4,32,Missed Shot,Pullup Jump shot,3PT Field Goal,Above the Break 3,Left Side Center(LC),24+ ft.,28.0,-116.0,265.0,1,0,20251125,LAL,LAC,Luka Dončić,2025,LAL,Missed,28.92766841624122,Luka Dončić
Shot Chart Detail,22500059,292,1629029,Luka Dončić,1610612747,Los Angeles Lakers,2,0,46,Made Shot,Step Back Jump shot,3PT Field Goal,Above the Break 3,Left Side Center(LC),24+ ft.,26.0,-143.0,226.0,1,1,20251125,LAL,LAC,Luka Dončić,2025,LAL,Made,26.744158240632665,Luka Dončić
Shot Chart Detail,22500059,326,1629029,Luka Dončić,1610612747,Los Angeles Lakers,3,10,16,Made Shot,Step Back Jump shot,3PT Field Goal,Above the Break 3,Center(C),24+ ft.,25.0,2.0,252.0,1,1,20251125,LAL,LAC,Luka Dončić,2025,LAL,Made,25.200793638296396,Luka Dončić
Shot Chart Detail,22500059,361,1629029,Luka Dončić,1610612747,Los Angeles Lakers,3,7,1,Missed Shot,Driving Floating Jump Shot,2PT Field Goal,In The Paint (Non-RA),Left Side(L),8-16 ft.,11.0,-69.0,92.0,1,0,20251125,LAL,LAC,Luka Dončić,2025,LAL,Missed,11.5,Luka Dončić
Shot Chart Detail,22500059,372,1629029,Luka Dončić,1610612747,Los Angeles Lakers,3,5,53,Missed Shot,Turnaround Fadeaway shot,2PT Field Goal,Mid-Range,Left Side(L),8-16 ft.,13.0,-131.0,17.0,1,0,20251125,LAL,LAC,Luka Dončić,2025,LAL,Missed,13.209844813622905,Luka Dončić
Shot Chart Detail,22500059,392,1629029,Luka Dončić,1610612747,Los Angeles Lakers,3,4,29,Missed Shot,Fadeaway Jump Shot,2PT Field Goal,Mid-Range,Left Side Center(LC),16-24 ft.,17.0,-116.0,137.0,1,0,20251125,LAL,LAC,Luka Dončić,2025,LAL,Missed,17.95132307101624,Luka Dončić
Shot Chart Detail,22500059,412,1629029,Luka Dončić,1610612747,Los Angeles Lakers,3,3,26,Missed Shot,Pullup Jump shot,2PT Field Goal,Mid-Range,Center(C),16-24 ft.,17.0,-11.0,174.0,1,0,20251125,LAL,LAC,Luka Dončić,2025,LAL,Missed,17.434735443934905,Luka Dončić
Shot Chart Detail,22500059,422,1629029,Luka Dončić,1610612747,Los Angeles Lakers,3,3,3,Made Shot,Driving Layup Shot,2PT Field Goal,Restricted Area,Center(C),Less Than 8 ft.,2.0,-23.0,14.0,1,1,20251125,LAL,LAC,Luka Dončić,2025,LAL,Made,2.692582403567252,Luka Dončić
Shot Chart Detail,22500059,427,1629029,Luka Dončić,1610612747,Los Angeles Lakers,3,2,58,Missed Shot,Driving Floating Jump Shot,2PT Field Goal,Mid-Range,Right Side(R),8-16 ft.,14.0,132.0,50.0,1,0,20251125,LAL,LAC,Luka Dončić,2025,LAL,Missed,14.11523999087511,Luka Dončić
Shot Chart Detail,22500059,444,1629029,Luka Dončić,1610612747,Los Angeles Lakers,3,1,49,Made Shot,Turnaround Jump Shot,2PT Field Goal,In The Paint (Non-RA),Center(C),Less Than 8 ft.,6.0,-1.0,63.0,1,1,20251125,LAL,LAC,Luka Dončić,2025,LAL,Made,6.300793600809346,Luka Dončić
Shot Chart Detail,22500059,448,1629029,Luka Dončić,1610612747,Los Angeles Lakers,3,1,15,Missed Shot,Step Back Jump shot,3PT Field Goal,Above the Break 3,Left Side Center(LC),24+ ft.,25.0,-151.0,206.0,1,0,20251125,LAL,LAC,Luka Dončić,2025,LAL,Missed,25.541534801182173,Luka Dončić
Shot Chart Detail,22500059,581,1629029,Luka Dončić,1610612747,Los Angeles Lakers,4,4,50,Missed Shot,Fadeaway Jump Shot,2PT Field Goal,In The Paint (Non-RA),Center(C),8-16 ft.,12.0,-54.0,117.0,1,0,20251125,LAL,LAC,Luka Dončić,2025,LAL,Missed,12.886038956948719,Luka Dončić
Shot Chart Detail,22500059,623,1629029,Luka Dončić,1610612747,Los Angeles Lakers,4,3,15,Missed Shot,Driving Floating Jump Shot,2PT Field Goal,Mid-Range,Right Side(R),8-16 ft.,10.0,88.0,61.0,1,0,20251125,LAL,LAC,Luka Dončić,2025,LAL,Missed,10.707474025184464,Luka Dončić
Shot Chart Detail,22500078,40,1629029,Luka Dončić,1610612747,Los Angeles Lakers,1,7,57,Made Shot,Jump Shot,3PT Field Goal,Above the Break 3,Right Side Center(RC),24+ ft.,26.0,105.0,248.0,1,1,20251128,LAL,DAL,Luka Dončić,2025,LAL,Made,26.93120866207085,Luka Dončić
Shot Chart Detail,22500078,75,1629029,Luka Dončić,1610612747,Los Angeles Lakers,1,4,57,Made Shot,Driving Layup Shot,2PT Field Goal,Restricted Area,Center(C),Less Than 8 ft.,3.0,21.0,31.0,1,1,20251128,LAL,DAL,Luka Dončić,2025,LAL,Made,3.744329045369811,Luka Dončić
Shot Chart Detail,22500078,93,1629029,Luka Dončić,1610612747,Los Angeles Lakers,1,3,35,Missed Shot,Step Back Jump shot,3PT Field Goal,Above the Break 3,Left Side Center(LC),24+ ft.,26.0,-229.0,140.0,1,0,20251128,LAL,DAL,Luka Dončić,2025,LAL,Missed,26.840454541605663,Luka Dončić
Shot Chart Detail,22500078,99,1629029,Luka Dončić,1610612747,Los Angeles Lakers,1,3,28,Missed Shot,Turnaround Jump Shot,2PT Field Goal,Mid-Range,Right Side(R),8-16 ft.,15.0,104.0,115.0,1,0,20251128,LAL,DAL,Luka Dončić,2025,LAL,Missed,15.505160431288676,Luka Dončić
Shot Chart Detail,22500078,135,1629029,Luka Dončić,1610612747,Los Angeles Lakers,1,1,7,Made Shot,Driving Layup Shot,2PT Field Goal,Restricted Area,Center(C),Less Than 8 ft.,3.0,10.0,34.0,1,1,20251128,LAL,DAL,Luka Dončić,2025,LAL,Made,3.54400902933387,Luka Dončić
Shot Chart Detail,22500078,149,1629029,Luka Dončić,1610612747,Los Angeles Lakers,1,0,12,Made Shot,Pullup Jump shot,3PT Field Goal,Above the Break 3,Left Side Center(LC),24+ ft.,27.0,-169.0,220.0,1,1,20251128,LAL,DAL,Luka Dončić,2025,LAL,Made,27.741845648766777,Luka Dončić
Shot Chart Detail,22500078,283,1629029,Luka Dončić,1610612747,Los Angeles Lakers,2,3,41,Missed Shot,Pullup Jump shot,3PT Field Goal,Above the Break 3,Right Side Center(RC),24+ ft.,34.0,140.0,311.0,1,0,20251128,LAL,DAL,Luka Dončić,2025,LAL,Missed,34.10586459833557,Luka Dončić
Shot Chart Detail,22500078,306,1629029,Luka Dončić,1610612747,Los Angeles Lakers,2,3,1,Made Shot,Fadeaway Jump Shot,2PT Field Goal,In The Paint (Non-RA),Center(C),8-16 ft.,12.0,5.0,121.0,1,1,20251128,LAL,DAL,Luka Dončić,2025,LAL,Made,12.110326172320876,Luka Dončić
Shot Chart Detail,22500078,350,1629029,Luka Dončić,1610612747,Los Angeles Lakers,3,10,51,Made Shot,Driving Layup Shot,2PT Field Goal,Restricted Area,Center(C),Less Than 8 ft.,3.0,9.0,29.0,1,1,20251128,LAL,DAL,Luka Dončić,2025,LAL,Made,3.036445290137795,Luka Dončić
Shot Chart Detail,22500078,356,1629029,Luka Dončić,1610612747,Los Angeles Lakers,3,10,24,Made Shot,Step Back Jump shot,3PT Field Goal,Above the Break 3,Left Side Center(LC),24+ ft.,28.0,-137.0,252.0,1,1,20251128,LAL,DAL,Luka Dončić,2025,LAL,Made,28.683270385365752,Luka Dončić
Shot Chart Detail,22500078,365,1629029,Luka Dončić,1610612747,Los Angeles Lakers,3,9,36,Missed Shot,Pullup Jump shot,3PT Field Goal,Above the Break 3,Left Side Center(LC),24+ ft.,26.0,-172.0,202.0,1,0,20251128,LAL,DAL,Luka Dončić,2025,LAL,Missed,26.530736891386944,Luka Dončić
Shot Chart Detail,22500078,400,1629029,Luka Dončić,1610612747,Los Angeles Lakers,3,5,41,Made Shot,Driving Layup Shot,2PT Field Goal,Restricted Area,Center(C),Less Than 8 ft.,2.0,-1.0,22.0,1,1,20251128,LAL,DAL,Luka Dončić,2025,LAL,Made,2.2022715545545237,Luka Dončić
Shot Chart Detail,22500078,418,1629029,Luka Dončić,1610612747,Los Angeles Lakers,3,4,30,Missed Shot,Jump Shot,3PT Field Goal,Above the Break 3,Right Side Center(RC),24+ ft.,26.0,86.0,248.0,1,0,20251128,LAL,DAL,Luka Dončić,2025,LAL,Missed,26.248809496813372,Luka Dončić
Shot Chart Detail,22500078,444,1629029,Luka Dončić,1610612747,Los Angeles Lakers,3,2,50,Made Shot,Driving Layup Shot,2PT Field Goal,Restricted Area,Center(C),Less Than 8 ft.,3.0,-15.0,29.0,1,1,20251128,LAL,DAL,Luka Dončić,2025,LAL,Made,3.264965543462902,Luka Dončić
Shot Chart Detail,22500078,458,1629029,Luka Dončić,1610612747,Los Angeles Lakers,3,1,26,Made Shot,Step Back Jump shot,3PT Field Goal,Above the Break 3,Center(C),24+ ft.,25.0,-11.0,258.0,1,1,20251128,LAL,DAL,Luka Dončić,2025,LAL,Made,25.823438965405053,Luka Dončić
Shot Chart Detail,22500078,529,1629029,Luka Dončić,1610612747,Los Angeles Lakers,4,8,16,Missed Shot,Pullup Jump shot,2PT Field Goal,Mid-Range,Left Side Center(LC),16-24 ft.,20.0,-113.0,176.0,1,0,20251128,LAL,DAL,Luka Dončić,2025,LAL,Missed,20.915305400591215,Luka Dončić
Shot Chart Detail,22500078,608,1629029,Luka Dončić,1610612747,Los Angeles Lakers,4,3,36,Missed Shot,Driving Floating Jump Shot,2PT Field Goal,In The Paint (Non-RA),Center(C),8-16 ft.,9.0,32.0,89.0,1,0,20251128,LAL,DAL,Luka Dončić,2025,LAL,Missed,9.457801012920498,Luka Dončić
Shot Chart Detail,22500078,659,1629029,Luka Dončić,1610612747,Los Angeles Lakers,4,0,46,Missed Shot,Step Back Jump shot,3PT Field Goal,Above the Break 3,Left Side Center(LC),24+ ft.,28.0,-194.0,214.0,1,0,20251128,LAL,DAL,Luka Dončić,2025,LAL,Missed,28.884597971929605,Luka Dončić
Shot Chart Detail,22500155,15,1629029,Luka Dončić,1610612747,Los Angeles Lakers,1,11,4,Made Shot,Pullup Jump shot,2PT Field Goal,Mid-Range,Left Side Center(LC),16-24 ft.,20.0,-78.0,190.0,1,1,20251102,LAL,MIA,Luka Dončić,2025,LAL,Made,20.538743875904387,Luka Dončić
Shot Chart Detail,22500155,26,1629029,Luka Dončić,1610612747,Los Angeles Lakers,1,10,19,Missed Shot,Step Back Jump shot,3PT Field Goal,Above the Break 3,Left Side Center(LC),24+ ft.,26.0,-163.0,210.0,1,0,20251102,LAL,MIA,Luka Dončić,2025,LAL,Missed,26.58364158650955,Luka Dončić
Shot Chart Detail,22500155,63,1629029,Luka Dončić,1610612747,Los Angeles Lakers,1,7,3,Missed Shot,Step Back Jump shot,3PT Field Goal,Above the Break 3,Center(C),24+ ft.,28.0,-58.0,277.0,1,0,20251102,LAL,MIA,Luka Dončić,2025,LAL,Missed,28.30070670495703,Luka Dončić
Shot Chart Detail,22500155,112,1629029,Luka Dončić,1610612747,Los Angeles Lakers,1,4,17,Missed Shot,Jump Shot,3PT Field Goal,Above the Break 3,Left Side Center(LC),24+ ft.,25.0,-157.0,203.0,1,0,20251102,LAL,MIA,Luka Dončić,2025,LAL,Missed,25.662813563598206,Luka Dončić
Shot Chart Detail,22500155,152,1629029,Luka Dončić,1610612747,Los Angeles Lakers,1,3,17,Missed Shot,Jump Shot,3PT Field Goal,Above the Break 3,Center(C),24+ ft.,27.0,-15.0,272.0,1,0,20251102,LAL,MIA,Luka Dončić,2025,LAL,Missed,27.24132889563209,Luka Dončić
Shot Chart Detail,22500155,273,1629029,Luka Dončić,1610612747,Los Angeles Lakers,2,7,40,Missed Shot,Step Back Jump shot,2PT Field Goal,Mid-Range,Left Side Center(LC),16-24 ft.,18.0,-109.0,148.0,1,0,20251102,LAL,MIA,Luka Dončić,2025,LAL,Missed,18.38069639594757,Luka Dončić
Shot Chart Detail,22500155,277,1629029,Luka Dončić,1610612747,Los Angeles Lakers,2,7,11,Made Shot,Driving Layup Shot,2PT Field Goal,Restricted Area,Center(C),Less Than 8 ft.,2.0,-13.0,26.0,1,1,20251102,LAL,MIA,Luka Dončić,2025,LAL,Made,2.906888370749727,Luka Dončić
Shot Chart Detail,22500155,309,1629029,Luka Dončić,1610612747,Los Angeles Lakers,2,5,17,Made Shot,Driving Floating Bank Jump Shot,2PT Field Goal,In The Paint (Non-RA),Center(C),Less Than 8 ft.,4.0,-34.0,32.0,1,1,20251102,LAL,MIA,Luka Dončić,2025,LAL,Made,4.669047011971501,Luka Dončić
Shot Chart Detail,22500155,317,1629029,Luka Dončić,1610612747,Los Angeles Lakers,2,4,38,Made Shot,Running Pull-Up Jump Shot,3PT Field Goal,Above the Break 3,Right Side Center(RC),24+ ft.,27.0,94.0,256.0,1,1,20251102,LAL,MIA,Luka Dončić,2025,LAL,Made,27.271230261944545,Luka Dončić
Shot Chart Detail,22500155,322,1629029,Luka Dončić,1610612747,Los Angeles Lakers,2,4,25,Made Shot,Running Layup Shot,2PT Field Goal,In The Paint (Non-RA),Center(C),Less Than 8 ft.,4.0,6.0,40.0,1,1,20251102,LAL,MIA,Luka Dončić,2025,LAL,Made,4.044749683231337,Luka Dončić
Shot Chart Detail,22500155,373,1629029,Luka Dončić,1610612747,Los Angeles Lakers,2,0,33,Missed Shot,Pullup Jump shot,2PT Field Goal,Mid-Range,Left Side Center(LC),16-24 ft.,19.0,-132.0,146.0,1,0,20251102,LAL,MIA,Luka Dončić,2025,LAL,Missed,19.682479518597244,Luka Dončić
Shot Chart Detail,22500155,382,1629029,Luka Dončić,1610612747,Los Angeles Lakers,2,0,2,Missed Shot,Pullup Jump shot,3PT Field Goal,Above the Break 3,Left Side Center(LC),24+ ft.,29.0,-112.0,278.0,1,0,20251102,LAL,MIA,Luka Dončić,2025,LAL,Missed,29.971319623933812,Luka Dončić
Shot Chart Detail,22500155,396,1629029,Luka Dončić,1610612747,Los Angeles Lakers,3,11,0,Missed Shot,Step Back Jump shot,2PT Field Goal,Mid-Range,Left Side Center(LC),16-24 ft.,20.0,-107.0,170.0,1,0,20251102,LAL,MIA,Luka Dončić,2025,LAL,Missed,20.08706051168264,Luka Dončić
Shot Chart Detail,22500155,467,1629029,Luka Dončić,1610612747,Los Angeles Lakers,3,6,10,Missed Shot,Step Back Jump shot,3PT Field Goal,Above the Break 3,Center(C),24+ ft.,25.0,64.0,251.0,1,0,20251102,LAL,MIA,Luka Dončić,2025,LAL,Missed,25.903088618927278,Luka Dončić
Shot Chart Detail,22500155,485,1629029,Luka Dončić,1610612747,Los Angeles Lakers,3,4,59,Missed Shot,Jump Shot,3PT Field Goal,Above the Break 3,Left Side Center(LC),24+ ft.,28.0,-163.0,228.0,1,0,20251102,LAL,MIA,Luka Dončić,2025,LAL,Missed,28.02730811191114,Luka Dončić
Shot Chart Detail,22500155,499,1629029,Luka Dončić,1610612747,Los Angeles Lakers,3,4,13,Made Shot,Driving Layup Shot,2PT Field Goal,Restricted Area,Center(C),Less Than 8 ft.,2.0,-1.0,22.0,1,1,20251102,LAL,MIA,Luka Dončić,2025,LAL,Made,2.2022715545545237,Luka Dončić
Shot Chart Detail,22500155,616,1629029,Luka Dončić,1610612747,Los Angeles Lakers,4,8,12,Made Shot,Driving Floating Jump Shot,2PT Field Goal,Restricted Area,Center(C),Less Than 8 ft.,2.0,1.0,25.0,1,1,20251102,LAL,MIA,Luka Dončić,2025,LAL,Made,2.5019992006393608,Luka Dončić
Shot Chart Detail,22500155,656,1629029,Luka Dončić,1610612747,Los Angeles Lakers,4,5,42,Missed Shot,Step Back Jump shot,3PT Field Goal,Above the Break 3,Right Side Center(RC),24+ ft.,27.0,108.0,252.0,1,0,20251102,LAL,MIA,Luka Dončić,2025,LAL,Missed,27.41678318111007,Luka Dončić
Shot Chart Detail,22500155,679,1629029,Luka Dončić,1610612747,Los Angeles Lakers,4,4,32,Made Shot,Floating Jump shot,2PT Field Goal,In The Paint (Non-RA),Center(C),Less Than 8 ft.,4.0,21.0,36.0,1,1,20251102,LAL,MIA,Luka Dončić,2025,LAL,Made,4.167733196834941,Luka Dončić
Shot Chart Detail,22500155,695,1629029,Luka Dončić,1610612747,Los Angeles Lakers,4,2,45,Missed Shot,Step Back Jump shot,3PT Field Goal,Above the Break 3,Right Side Center(RC),24+ ft.,27.0,141.0,236.0,1,0,20251102,LAL,MIA,Luka Dončić,2025,LAL,Missed,27.49127134200963,Luka Dončić
Shot Chart Detail,22500155,710,1629029,Luka Dončić,1610612747,Los Angeles Lakers,4,0,56,Missed Shot,Jump Shot,3PT Field Goal,Right Corner 3,Right Side(R),24+ ft.,25.0,239.0,76.0,1,0,20251102,LAL,MIA,Luka Dončić,2025,LAL,Missed,25.079274311670183,Luka Dončić
Shot Chart Detail,22500155,715,1629029,Luka Dončić,1610612747,Los Angeles Lakers,4,0,52,Made Shot,Layup Shot,2PT Field Goal,Restricted Area,Center(C),Less Than 8 ft.,2.0,-28.0,10.0,1,1,20251102,LAL,MIA,Luka Dončić,2025,LAL,Made,2.973213749463701,Luka Dončić
Shot Chart Detail,22500179,9,1629029,Luka Dončić,1610612747,Los Angeles Lakers,1,11,26,Missed Shot,Step Back Jump shot,2PT Field Goal,In The Paint (Non-RA),Center(C),8-16 ft.,12.0,-45.0,113.0,1,0,20251105,LAL,SAS,Luka Dončić,2025,LAL,Missed,12.16305882580529,Luka Dončić
Shot Chart Detail,22500179,18,1629029,Luka Dončić,1610612747,Los Angeles Lakers,1,10,23,Missed Shot,Step Back Jump shot,3PT Field Goal,Above the Break 3,Left Side Center(LC),24+ ft.,27.0,-158.0,231.0,1,0,20251105,LAL,SAS,Luka Dončić,2025,LAL,Missed,27.98660393831306,Luka Dončić
Shot Chart Detail,22500179,20,1629029,Luka Dončić,1610612747,Los Angeles Lakers,1,10,15,Made Shot,Jump Shot,3PT Field Goal,Above the Break 3,Left Side Center(LC),24+ ft.,26.0,-152.0,213.0,1,1,20251105,LAL,SAS,Luka Dončić,2025,LAL,Made,26.167346063366843,Luka Dončić
Shot Chart Detail,22500179,32,1629029,Luka Dončić,1610612747,Los Angeles Lakers,1,9,5,Missed Shot,Jump Shot,3PT Field Goal,Above the Break 3,Right Side Center(RC),24+ ft.,27.0,176.0,206.0,1,0,20251105,LAL,SAS,Luka Dončić,2025,LAL,Missed,27.094648918190472,Luka Dončić
Shot Chart Detail,22500179,65,1629029,Luka Dončić,1610612747,Los Angeles Lakers,1,7,13,Made Shot,Pullup Jump shot,2PT Field Goal,Mid-Range,Center(C),16-24 ft.,19.0,25.0,189.0,1,1,20251105,LAL,SAS,Luka Dončić,2025,LAL,Made,19.0646269305224,Luka Dončić
Shot Chart Detail,22500179,72,1629029,Luka Dončić,1610612747,Los Angeles Lakers,1,6,16,Missed Shot,Jump Shot,3PT Field Goal,Above the Break 3,Left Side Center(LC),24+ ft.,26.0,-137.0,222.0,1,0,20251105,LAL,SAS,Luka Dončić,2025,LAL,Missed,26.086969927532788,Luka Dončić
Shot Chart Detail,22500179,85,1629029,Luka Dončić,1610612747,Los Angeles Lakers,1,5,40,Missed Shot,Pullup Jump shot,2PT Field Goal,In The Paint (Non-RA),Center(C),Less Than 8 ft.,4.0,-21.0,42.0,1,0,20251105,LAL,SAS,Luka Dončić,2025,LAL,Missed,4.695742752749558,Luka Dončić
Shot Chart Detail,22500179,129,1629029,Luka Dončić,1610612747,Los Angeles Lakers,1,2,44,Missed Shot,Step Back Jump shot,2PT Field Goal,Mid-Range,Left Side Center(LC),16-24 ft.,22.0,-109.0,194.0,1,0,20251105,LAL,SAS,Luka Dončić,2025,LAL,Missed,22.2524155992108,Luka Dončić
Shot Chart Detail,22500179,139,1629029,Luka Dončić,1610612747,Los Angeles Lakers,1,1,49,Made Shot,Driving Floating Jump Shot,2PT Field Goal,Mid-Range,Left Side(L),8-16 ft.,14.0,-116.0,87.0,1,1,20251105,LAL,SAS,Luka Dončić,2025,LAL,Made,14.5,Luka Dončić
Shot Chart Detail,22500179,142,1629029,Luka Dončić,1610612747,Los Angeles Lakers,1,1,29,Missed Shot,Driving Floating Jump Shot,2PT Field Goal,Mid-Range,Center(C),16-24 ft.,16.0,1.0,164.0,1,0,20251105,LAL,SAS,Luka Dončić,2025,LAL,Missed,16.400304875214974,Luka Dončić
Shot Chart Detail,22500179,144,1629029,Luka Dončić,1610612747,Los Angeles Lakers,1,1,25,Made Shot,Floating Jump shot,2PT Field Goal,In The Paint (Non-RA),Right Side(R),8-16 ft.,8.0,66.0,50.0,1,1,20251105,LAL,SAS,Luka Dončić,2025,LAL,Made,8.280096617793781,Luka Dončić
Shot Chart Detail,22500179,234,1629029,Luka Dončić,1610612747,Los Angeles Lakers,2,8,2,Missed Shot,Fadeaway Jump Shot,2PT Field Goal,In The Paint (Non-RA),Right Side(R),8-16 ft.,11.0,66.0,90.0,1,0,20251105,LAL,SAS,Luka Dončić,2025,LAL,Missed,11.160645142642965,Luka Dončić
Shot Chart Detail,22500179,260,1629029,Luka Dončić,1610612747,Los Angeles Lakers,2,6,33,Made Shot,Driving Layup Shot,2PT Field Goal,Restricted Area,Center(C),Less Than 8 ft.,3.0,-17.0,32.0,1,1,20251105,LAL,SAS,Luka Dončić,2025,LAL,Made,3.6235341863986874,Luka Dončić
Shot Chart Detail,22500179,310,1629029,Luka Dončić,1610612747,Los Angeles Lakers,2,3,7,Made Shot,Step Back Jump shot,3PT Field Goal,Above the Break 3,Left Side Center(LC),24+ ft.,27.0,-181.0,208.0,1,1,20251105,LAL,SAS,Luka Dončić,2025,LAL,Made,27.57263135792447,Luka Dončić
Shot Chart Detail,22500179,370,1629029,Luka Dončić,1610612747,Los Angeles Lakers,3,11,46,Missed Shot,Step Back Jump shot,3PT Field Goal,Above the Break 3,Right Side Center(RC),24+ ft.,25.0,116.0,225.0,1,0,20251105,LAL,SAS,Luka Dončić,2025,LAL,Missed,25.31422524984717,Luka Dončić
Shot Chart Detail,22500179,388,1629029,Luka Dončić,1610612747,Los Angeles Lakers,3,10,43,Missed Shot,Driving Floating Bank Jump Shot,2PT Field Goal,Restricted Area,Center(C),Less Than 8 ft.,3.0,21.0,23.0,1,0,20251105,LAL,SAS,Luka Dončić,2025,LAL,Missed,3.1144823004794873,Luka Dončić
Shot Chart Detail,22500179,408,1629029,Luka Dončić,1610612747,Los Angeles Lakers,3,8,36,Missed Shot,Driving Floating Jump Shot,2PT Field Goal,In The Paint (Non-RA),Center(C),8-16 ft.,10.0,33.0,100.0,1,0,20251105,LAL,SAS,Luka Dončić,2025,LAL,Missed,10.530432089900206,Luka Dončić
Shot Chart Detail,22500179,413,1629029,Luka Dončić,1610612747,Los Angeles Lakers,3,8,11,Missed Shot,Driving Floating Jump Shot,2PT Field Goal,In The Paint (Non-RA),Right Side(R),8-16 ft.,12.0,64.0,110.0,1,0,20251105,LAL,SAS,Luka Dončić,2025,LAL,Missed,12.726350615946426,Luka Dončić
Shot Chart Detail,22500179,418,1629029,Luka Dončić,1610612747,Los Angeles Lakers,3,7,40,Made Shot,Step Back Jump shot,3PT Field Goal,Above the Break 3,Left Side Center(LC),24+ ft.,26.0,-86.0,252.0,1,1,20251105,LAL,SAS,Luka Dončić,2025,LAL,Made,26.627053911388696,Luka Dončić
Shot Chart Detail,22500179,459,1629029,Luka Dončić,1610612747,Los Angeles Lakers,3,4,49,Missed Shot,Turnaround Fadeaway shot,2PT Field Goal,Mid-Range,Right Side Center(RC),16-24 ft.,20.0,129.0,154.0,1,0,20251105,LAL,SAS,Luka Dončić,2025,LAL,Missed,20.089051744669284,Luka Dončić
Shot Chart Detail,22500179,498,1629029,Luka Dončić,1610612747,Los Angeles Lakers,3,2,38,Missed Shot,Step Back Jump shot,3PT Field Goal,Above the Break 3,Center(C),24+ ft.,26.0,-59.0,262.0,1,0,20251105,LAL,SAS,Luka Dončić,2025,LAL,Missed,26.85609800399157,Luka Dončić
Shot Chart Detail,22500179,504,1629029,Luka Dončić,1610612747,Los Angeles Lakers,3,2,28,Missed Shot,Driving Floating Jump Shot,2PT Field Goal,In The Paint (Non-RA),Center(C),8-16 ft.,13.0,62.0,123.0,1,0,20251105,LAL,SAS,Luka Dončić,2025,LAL,Missed,13.77425134081704,Luka Dončić
Shot Chart Detail,22500179,523,1629029,Luka Dončić,1610612747,Los Angeles Lakers,3,1,31,Missed Shot,Fadeaway Jump Shot,2PT Field Goal,Mid-Range,Left Side(L),8-16 ft.,9.0,-97.0,12.0,1,0,20251105,LAL,SAS,Luka Dončić,2025,LAL,Missed,9.773944955850734,Luka Dončić
Shot Chart Detail,22500179,638,1629029,Luka Dončić,1610612747,Los Angeles Lakers,4,6,50,Made Shot,Running Finger Roll Layup Shot,2PT Field Goal,Restricted Area,Center(C),Less Than 8 ft.,1.0,-5.0,18.0,1,1,20251105,LAL,SAS,Luka Dončić,2025,LAL,Made,1.8681541692269406,Luka Dončić
Shot Chart Detail,22500179,693,1629029,Luka Dončić,1610612747,Los Angeles Lakers,4,3,27,Missed Shot,Step Back Jump shot,3PT Field Goal,Left Corner 3,Left Side(L),24+ ft.,24.0,-237.0,57.0,1,0,20251105,LAL,SAS,Luka Dončić,2025,LAL,Missed,24.37580767892625,Luka Dončić
Shot Chart Detail,22500179,707,1629029,Luka Dončić,1610612747,Los Angeles Lakers,4,2,31,Made Shot,Step Back Jump shot,3PT Field Goal,Above the Break 3,Center(C),24+ ft.,25.0,48.0,247.0,1,1,20251105,LAL,SAS,Luka Dončić,2025,LAL,Made,25.162074636245716,Luka Dončić
Shot Chart Detail,22500179,730,1629029,Luka Dončić,1610612747,Los Angeles Lakers,4,0,49,Missed Shot,Step Back Jump shot,3PT Field Goal,Above the Break 3,Center(C),24+ ft.,28.0,-27.0,279.0,1,0,20251105,LAL,SAS,Luka Dončić,2025,LAL,Missed,28.030340704315385,Luka Dončić
Shot Chart Detail,22500185,27,1629029,Luka Dončić,1610612747,Los Angeles Lakers,1,9,30,Missed Shot,Pullup Jump shot,3PT Field Goal,Above the Break 3,Left Side Center(LC),24+ ft.,26.0,-165.0,209.0,1,0,20251108,ATL,LAL,Luka Dončić,2025,ATL,Missed,26.62818056120245,Luka Dončić
Shot Chart Detail,22500185,38,1629029,Luka Dončić,1610612747,Los Angeles Lakers,1,8,34,Made Shot,Step Back Jump shot,3PT Field Goal,Above the Break 3,Left Side Center(LC),24+ ft.,26.0,-138.0,221.0,1,1,20251108,ATL,LAL,Luka Dončić,2025,ATL,Made,26.0547500467765,Luka Dončić
Shot Chart Detail,22500185,43,1629029,Luka Dončić,1610612747,Los Angeles Lakers,1,7,57,Missed Shot,Step Back Jump shot,3PT Field Goal,Above the Break 3,Center(C),24+ ft.,26.0,-74.0,253.0,1,0,20251108,ATL,LAL,Luka Dončić,2025,ATL,Missed,26.360007587252323,Luka Dončić
Shot Chart Detail,22500185,78,1629029,Luka Dončić,1610612747,Los Angeles Lakers,1,5,43,Missed Shot,Driving Floating Jump Shot,2PT Field Goal,In The Paint (Non-RA),Center(C),8-16 ft.,12.0,15.0,121.0,1,0,20251108,ATL,LAL,Luka Dončić,2025,ATL,Missed,12.192620719107111,Luka Dončić
Shot Chart Detail,22500185,120,1629029,Luka Dončić,1610612747,Los Angeles Lakers,1,3,17,Missed Shot,Jump Shot,3PT Field Goal,Left Corner 3,Left Side(L),24+ ft.,22.0,-221.0,21.0,1,0,20251108,ATL,LAL,Luka Dončić,2025,ATL,Missed,22.19954954497951,Luka Dončić
Shot Chart Detail,22500185,154,1629029,Luka Dončić,1610612747,Los Angeles Lakers,1,1,36,Made Shot,Pullup Jump shot,2PT Field Goal,In The Paint (Non-RA),Center(C),8-16 ft.,11.0,2.0,114.0,1,1,20251108,ATL,LAL,Luka Dončić,2025,ATL,Made,11.40175425099138,Luka Dončić
Shot Chart Detail,22500185,161,1629029,Luka Dončić,1610612747,Los Angeles Lakers,1,0,40,Made Shot,Jump Shot,3PT Field Goal,Above the Break 3,Left Side Center(LC),24+ ft.,27.0,-140.0,231.0,1,1,20251108,ATL,LAL,Luka Dončić,2025,ATL,Made,27.011293934204634,Luka Dončić
Shot Chart Detail,22500185,223,1629029,Luka Dončić,1610612747,Los Angeles Lakers,2,8,16,Missed Shot,Driving Floating Jump Shot,2PT Field Goal,In The Paint (Non-RA),Center(C),8-16 ft.,12.0,25.0,122.0,1,0,20251108,ATL,LAL,Luka Dončić,2025,ATL,Missed,12.453513560437472,Luka Dončić
Shot Chart Detail,22500185,246,1629029,Luka Dončić,1610612747,Los Angeles Lakers,2,6,3,Made Shot,Fadeaway Jump Shot,2PT Field Goal,Mid-Range,Center(C),16-24 ft.,16.0,0.0,163.0,1,1,20251108,ATL,LAL,Luka Dončić,2025,ATL,Made,16.3,Luka Dončić
Shot Chart Detail,22500185,255,1629029,Luka Dončić,1610612747,Los Angeles Lakers,2,5,1,Missed Shot,Turnaround Jump Shot,2PT Field Goal,In The Paint (Non-RA),Center(C),8-16 ft.,11.0,40.0,113.0,1,0,20251108,ATL,LAL,Luka Dončić,2025,ATL,Missed,11.987076374162301,Luka Dončić
Shot Chart Detail,22500185,264,1629029,Luka Dončić,1610612747,Los Angeles Lakers,2,4,29,Made Shot,Jump Shot,3PT Field Goal,Above the Break 3,Right Side Center(RC),24+ ft.,27.0,157.0,224.0,1,1,20251108,ATL,LAL,Luka Dončić,2025,ATL,Made,27.35415873317986,Luka Dončić
Shot Chart Detail,22500185,307,1629029,Luka Dončić,1610612747,Los Angeles Lakers,2,1,8,Made Shot,Running Pull-Up Jump Shot,3PT Field Goal,Above the Break 3,Center(C),24+ ft.,35.0,33.0,357.0,1,1,20251108,ATL,LAL,Luka Dončić,2025,ATL,Made,35.85219658542556,Luka Dončić
Shot Chart Detail,22500185,314,1629029,Luka Dončić,1610612747,Los Angeles Lakers,2,0,32,Made Shot,Driving Floating Bank Jump Shot,2PT Field Goal,In The Paint (Non-RA),Center(C),Less Than 8 ft.,7.0,49.0,62.0,1,1,20251108,ATL,LAL,Luka Dončić,2025,ATL,Made,7.902531240052139,Luka Dončić
Shot Chart Detail,22500185,327,1629029,Luka Dončić,1610612747,Los Angeles Lakers,3,11,24,Missed Shot,Step Back Jump shot,3PT Field Goal,Above the Break 3,Left Side Center(LC),24+ ft.,25.0,-156.0,207.0,1,0,20251108,ATL,LAL,Luka Dončić,2025,ATL,Missed,25.92006944435142,Luka Dončić
Shot Chart Detail,22500185,339,1629029,Luka Dončić,1610612747,Los Angeles Lakers,3,10,42,Missed Shot,Jump Shot,3PT Field Goal,Above the Break 3,Center(C),24+ ft.,24.0,-36.0,247.0,1,0,20251108,ATL,LAL,Luka Dončić,2025,ATL,Missed,24.96096953245206,Luka Dončić
Shot Chart Detail,22500185,348,1629029,Luka Dončić,1610612747,Los Angeles Lakers,3,9,26,Missed Shot,Pullup Jump shot,2PT Field Goal,Mid-Range,Center(C),16-24 ft.,16.0,-2.0,163.0,1,0,20251108,ATL,LAL,Luka Dončić,2025,ATL,Missed,16.3012269476871,Luka Dončić
Shot Chart Detail,22500185,368,1629029,Luka Dončić,1610612747,Los Angeles Lakers,3,7,59,Missed Shot,Jump Shot,3PT Field Goal,Above the Break 3,Right Side Center(RC),24+ ft.,25.0,86.0,235.0,1,0,20251108,ATL,LAL,Luka Dončić,2025,ATL,Missed,25.02418829852429,Luka Dončić
Shot Chart Detail,22500198,22,1629029,Luka Dončić,1610612747,Los Angeles Lakers,1,10,34,Missed Shot,Pullup Jump shot,2PT Field Goal,In The Paint (Non-RA),Center(C),8-16 ft.,12.0,53.0,113.0,1,0,20251110,CHA,LAL,Luka Dončić,2025,CHA,Missed,12.481185841096991,Luka Dončić
Shot Chart Detail,22500198,35,1629029,Luka Dončić,1610612747,Los Angeles Lakers,1,9,1,Missed Shot,Driving Floating Jump Shot,2PT Field Goal,Mid-Range,Center(C),8-16 ft.,14.0,29.0,147.0,1,0,20251110,CHA,LAL,Luka Dončić,2025,CHA,Missed,14.983324063771699,Luka Dončić
Shot Chart Detail,22500198,37,1629029,Luka Dončić,1610612747,Los Angeles Lakers,1,9,0,Made Shot,Putback Layup Shot,2PT Field Goal,Restricted Area,Center(C),Less Than 8 ft.,1.0,7.0,16.0,1,1,20251110,CHA,LAL,Luka Dončić,2025,CHA,Made,1.7464249196572978,Luka Dončić
Shot Chart Detail,22500198,43,1629029,Luka Dončić,1610612747,Los Angeles Lakers,1,8,24,Made Shot,Driving Floating Jump Shot,2PT Field Goal,In The Paint (Non-RA),Left Side(L),8-16 ft.,10.0,-71.0,77.0,1,1,20251110,CHA,LAL,Luka Dončić,2025,CHA,Made,10.47377677822093,Luka Dončić
Shot Chart Detail,22500198,49,1629029,Luka Dončić,1610612747,Los Angeles Lakers,1,7,54,Made Shot,Step Back Jump shot,3PT Field Goal,Above the Break 3,Center(C),24+ ft.,25.0,-2.0,251.0,1,1,20251110,CHA,LAL,Luka Dončić,2025,CHA,Made,25.100796800101783,Luka Dončić
Shot Chart Detail,22500198,56,1629029,Luka Dončić,1610612747,Los Angeles Lakers,1,7,9,Made Shot,Driving Layup Shot,2PT Field Goal,Restricted Area,Center(C),Less Than 8 ft.,1.0,-12.0,14.0,1,1,20251110,CHA,LAL,Luka Dončić,2025,CHA,Made,1.8439088914585775,Luka Dončić
Shot Chart Detail,22500198,67,1629029,Luka Dončić,1610612747,Los Angeles Lakers,1,6,27,Made Shot,Fadeaway Jump Shot,2PT Field Goal,Mid-Range,Left Side(L),8-16 ft.,14.0,-102.0,101.0,1,1,20251110,CHA,LAL,Luka Dončić,2025,CHA,Made,14.354441821262157,Luka Dončić
Shot Chart Detail,22500198,87,1629029,Luka Dončić,1610612747,Los Angeles Lakers,1,5,7,Missed Shot,Step Back Jump shot,3PT Field Goal,Above the Break 3,Center(C),24+ ft.,26.0,64.0,261.0,1,0,20251110,CHA,LAL,Luka Dončić,2025,CHA,Missed,26.87322087134328,Luka Dončić
Shot Chart Detail,22500198,258,1629029,Luka Dončić,1610612747,Los Angeles Lakers,2,4,35,Made Shot,Pullup Jump shot,3PT Field Goal,Above the Break 3,Left Side Center(LC),24+ ft.,26.0,-104.0,239.0,1,1,20251110,CHA,LAL,Luka Dončić,2025,CHA,Made,26.064727123068064,Luka Dončić
Shot Chart Detail,22500198,266,1629029,Luka Dončić,1610612747,Los Angeles Lakers,2,4,7,Missed Shot,Pullup Jump shot,3PT Field Goal,Above the Break 3,Left Side Center(LC),24+ ft.,28.0,-135.0,255.0,1,0,20251110,CHA,LAL,Luka Dončić,2025,CHA,Missed,28.853076092507017,Luka Dončić
Shot Chart Detail,22500198,277,1629029,Luka Dončić,1610612747,Los Angeles Lakers,2,2,55,Made Shot,Driving Floating Bank Jump Shot,2PT Field Goal,Mid-Range,Left Side(L),8-16 ft.,14.0,-135.0,57.0,1,1,20251110,CHA,LAL,Luka Dončić,2025,CHA,Made,14.654009690183775,Luka Dončić
Shot Chart Detail,22500198,307,1629029,Luka Dončić,1610612747,Los Angeles Lakers,2,1,5,Missed Shot,Turnaround Jump Shot,3PT Field Goal,Above the Break 3,Left Side Center(LC),24+ ft.,25.0,-169.0,188.0,1,0,20251110,CHA,LAL,Luka Dončić,2025,CHA,Missed,25.279438284898657,Luka Dončić
Shot Chart Detail,22500198,323,1629029,Luka Dončić,1610612747,Los Angeles Lakers,2,0,26,Made Shot,Step Back Jump shot,3PT Field Goal,Above the Break 3,Left Side Center(LC),24+ ft.,25.0,-151.0,208.0,1,1,20251110,CHA,LAL,Luka Dončić,2025,CHA,Made,25.70311265197272,Luka Dončić
Shot Chart Detail,22500198,342,1629029,Luka Dončić,1610612747,Los Angeles Lakers,3,10,51,Missed Shot,Pullup Jump shot,3PT Field Goal,Above the Break 3,Center(C),24+ ft.,33.0,-56.0,333.0,1,0,20251110,CHA,LAL,Luka Dončić,2025,CHA,Missed,33.76758800980609,Luka Dončić
Shot Chart Detail,22500198,358,1629029,Luka Dončić,1610612747,Los Angeles Lakers,3,9,12,Made Shot,Turnaround Fadeaway shot,2PT Field Goal,Mid-Range,Left Side(L),8-16 ft.,14.0,-137.0,50.0,1,1,20251110,CHA,LAL,Luka Dončić,2025,CHA,Made,14.58389522727039,Luka Dončić
Shot Chart Detail,22500198,377,1629029,Luka Dončić,1610612747,Los Angeles Lakers,3,7,34,Missed Shot,Fadeaway Jump Shot,2PT Field Goal,In The Paint (Non-RA),Center(C),Less Than 8 ft.,7.0,26.0,74.0,1,0,20251110,CHA,LAL,Luka Dončić,2025,CHA,Missed,7.8434686204510315,Luka Dončić
Shot Chart Detail,22500198,379,1629029,Luka Dončić,1610612747,Los Angeles Lakers,3,7,27,Missed Shot,Jump Shot,3PT Field Goal,Above the Break 3,Center(C),24+ ft.,28.0,38.0,278.0,1,0,20251110,CHA,LAL,Luka Dončić,2025,CHA,Missed,28.058510295452255,Luka Dončić
Shot Chart Detail,22500198,393,1629029,Luka Dončić,1610612747,Los Angeles Lakers,3,6,12,Made Shot,Step Back Jump shot,3PT Field Goal,Above the Break 3,Right Side Center(RC),24+ ft.,26.0,105.0,248.0,1,1,20251110,CHA,LAL,Luka Dončić,2025,CHA,Made,26.93120866207085,Luka Dončić
Shot Chart Detail,22500198,418,1629029,Luka Dončić,1610612747,Los Angeles Lakers,3,3,41,Made Shot,Driving Dunk Shot,2PT Field Goal,Restricted Area,Center(C),Less Than 8 ft.,2.0,2.0,23.0,1,1,20251110,CHA,LAL,Luka Dončić,2025,CHA,Made,2.3086792761230392,Luka Dončić
Shot Chart Detail,22500198,421,1629029,Luka Dončić,1610612747,Los Angeles Lakers,3,3,30,Missed Shot,Running Pull-Up Jump Shot,3PT Field Goal,Above the Break 3,Right Side Center(RC),24+ ft.,28.0,183.0,215.0,1,0,20251110,CHA,LAL,Luka Dončić,2025,CHA,Missed,28.233667845322543,Luka Dončić
Shot Chart Detail,22500198,442,1629029,Luka Dončić,1610612747,Los Angeles Lakers,3,2,0,Missed Shot,Pullup Jump shot,3PT Field Goal,Above the Break 3,Center(C),24+ ft.,26.0,7.0,263.0,1,0,20251110,CHA,LAL,Luka Dončić,2025,CHA,Missed,26.30931394012394,Luka Dončić
Shot Chart Detail,22500198,459,1629029,Luka Dončić,1610612747,Los Angeles Lakers,3,0,28,Made Shot,Jump Shot,3PT Field Goal,Above the Break 3,Center(C),24+ ft.,26.0,25.0,264.0,1,1,20251110,CHA,LAL,Luka Dončić,2025,CHA,Made,26.518107021429717,Luka Dončić
Shot Chart Detail,22500198,529,1629029,Luka Dončić,1610612747,Los Angeles Lakers,4,8,24,Missed Shot,Running Pull-Up Jump Shot,3PT Field Goal,Above the Break 3,Right Side Center(RC),24+ ft.,25.0,108.0,236.0,1,0,20251110,CHA,LAL,Luka Dončić,2025,CHA,Missed,25.953805116013335,Luka Dončić
Shot Chart Detail,22500198,567,1629029,Luka Dončić,1610612747,Los Angeles Lakers,4,5,40,Made Shot,Running Layup Shot,2PT Field Goal,Restricted Area,Center(C),Less Than 8 ft.,2.0,17.0,23.0,1,1,20251110,CHA,LAL,Luka Dončić,2025,CHA,Made,2.860069929215018,Luka Dončić
Shot Chart Detail,22500198,579,1629029,Luka Dončić,1610612747,Los Angeles Lakers,4,4,17,Made Shot,Pullup Jump shot,2PT Field Goal,Mid-Range,Right Side(R),8-16 ft.,13.0,87.0,102.0,1,1,20251110,CHA,LAL,Luka Dončić,2025,CHA,Made,13.406341782902597,Luka Dončić
Shot Chart Detail,22500198,586,1629029,Luka Dončić,1610612747,Los Angeles Lakers,4,3,56,Missed Shot,Running Jump Shot,3PT Field Goal,Above the Break 3,Left Side Center(LC),24+ ft.,30.0,-173.0,256.0,1,0,20251110,CHA,LAL,Luka Dončić,2025,CHA,Missed,30.897410894765926,Luka Dončić
Shot Chart Detail,22500198,598,1629029,Luka Dončić,1610612747,Los Angeles Lakers,4,3,4,Missed Shot,Driving Floating Jump Shot,2PT Field Goal,In The Paint (Non-RA),Center(C),Less Than 8 ft.,6.0,61.0,16.0,1,0,20251110,CHA,LAL,Luka Dončić,2025,CHA,Missed,6.3063460101710245,Luka Dončić
Shot Chart Detail,22500198,630,1629029,Luka Dončić,1610612747,Los Angeles Lakers,4,0,16,Missed Shot,Jump Shot,3PT Field Goal,Above the Break 3,Right Side Center(RC),24+ ft.,30.0,109.0,285.0,1,0,20251110,CHA,LAL,Luka Dončić,2025,CHA,Missed,30.513275799232048,Luka Dončić
Shot Chart Detail,22500222,12,1629029,Luka Dončić,1610612747,Los Angeles Lakers,1,11,24,Made Shot,Driving Layup Shot,2PT Field Goal,Restricted Area,Center(C),Less Than 8 ft.,1.0,12.0,13.0,1,1,20251112,OKC,LAL,Luka Dončić,2025,OKC,Made,1.7691806012954132,Luka Dončić
Shot Chart Detail,22500222,29,1629029,Luka Dončić,1610612747,Los Angeles Lakers,1,9,0,Made Shot,Step Back Jump shot,3PT Field Goal,Above the Break 3,Center(C),24+ ft.,27.0,83.0,263.0,1,1,20251112,OKC,LAL,Luka Dončić,2025,OKC,Made,27.578614903580636,Luka Dončić
Shot Chart Detail,22500222,37,1629029,Luka Dončić,1610612747,Los Angeles Lakers,1,7,39,Missed Shot,Step Back Jump shot,3PT Field Goal,Above the Break 3,Left Side Center(LC),24+ ft.,27.0,-165.0,225.0,1,0,20251112,OKC,LAL,Luka Dončić,2025,OKC,Missed,27.901612856607407,Luka Dončić
Shot Chart Detail,22500222,43,1629029,Luka Dončić,1610612747,Los Angeles Lakers,1,7,8,Missed Shot,Driving Floating Jump Shot,2PT Field Goal,In The Paint (Non-RA),Left Side(L),8-16 ft.,13.0,-74.0,110.0,1,0,20251112,OKC,LAL,Luka Dončić,2025,OKC,Missed,13.25745073534124,Luka Dončić
Shot Chart Detail,22500222,76,1629029,Luka Dončić,1610612747,Los Angeles Lakers,1,5,1,Missed Shot,Step Back Jump shot,2PT Field Goal,Mid-Range,Center(C),16-24 ft.,20.0,4.0,204.0,1,0,20251112,OKC,LAL,Luka Dončić,2025,OKC,Missed,20.40392119177096,Luka Dončić
Shot Chart Detail,22500222,109,1629029,Luka Dončić,1610612747,Los Angeles Lakers,1,2,41,Made Shot,Driving Floating Bank Jump Shot,2PT Field Goal,Mid-Range,Right Side(R),8-16 ft.,8.0,81.0,38.0,1,1,20251112,OKC,LAL,Luka Dončić,2025,OKC,Made,8.947066558375433,Luka Dončić
Shot Chart Detail,22500222,123,1629029,Luka Dončić,1610612747,Los Angeles Lakers,1,1,45,Missed Shot,Step Back Jump shot,3PT Field Goal,Above the Break 3,Left Side Center(LC),24+ ft.,28.0,-129.0,249.0,1,0,20251112,OKC,LAL,Luka Dončić,2025,OKC,Missed,28.043180989324306,Luka Dončić
Shot Chart Detail,22500222,134,1629029,Luka Dončić,1610612747,Los Angeles Lakers,1,0,39,Missed Shot,Driving Floating Jump Shot,2PT Field Goal,Mid-Range,Left Side(L),8-16 ft.,12.0,-116.0,33.0,1,0,20251112,OKC,LAL,Luka Dončić,2025,OKC,Missed,12.060265337047937,Luka Dončić
Shot Chart Detail,22500222,230,1629029,Luka Dončić,1610612747,Los Angeles Lakers,2,7,39,Missed Shot,Driving Floating Jump Shot,2PT Field Goal,In The Paint (Non-RA),Center(C),8-16 ft.,9.0,7.0,90.0,1,0,20251112,OKC,LAL,Luka Dončić,2025,OKC,Missed,9.027181176868003,Luka Dončić
Shot Chart Detail,22500222,256,1629029,Luka Dončić,1610612747,Los Angeles Lakers,2,5,41,Missed Shot,Step Back Jump shot,3PT Field Goal,Above the Break 3,Center(C),24+ ft.,27.0,66.0,269.0,1,0,20251112,OKC,LAL,Luka Dončić,2025,OKC,Missed,27.697833850321217,Luka Dončić
Shot Chart Detail,22500222,275,1629029,Luka Dončić,1610612747,Los Angeles Lakers,2,4,15,Missed Shot,Driving Layup Shot,2PT Field Goal,In The Paint (Non-RA),Center(C),Less Than 8 ft.,5.0,-58.0,6.0,1,0,20251112,OKC,LAL,Luka Dončić,2025,OKC,Missed,5.830951894845301,Luka Dončić
Shot Chart Detail,22500222,322,1629029,Luka Dončić,1610612747,Los Angeles Lakers,2,1,17,Made Shot,Driving Floating Jump Shot,2PT Field Goal,Restricted Area,Center(C),Less Than 8 ft.,2.0,0.0,29.0,1,1,20251112,OKC,LAL,Luka Dončić,2025,OKC,Made,2.9,Luka Dončić
Shot Chart Detail,22500222,330,1629029,Luka Dončić,1610612747,Los Angeles Lakers,2,0,12,Missed Shot,Step Back Jump shot,3PT Field Goal,Above the Break 3,Left Side Center(LC),24+ ft.,27.0,-159.0,223.0,1,0,20251112,OKC,LAL,Luka Dončić,2025,OKC,Missed,27.38795355626265,Luka Dončić
Shot Chart Detail,22500222,390,1629029,Luka Dončić,1610612747,Los Angeles Lakers,3,8,21,Missed Shot,Step Back Jump shot,2PT Field Goal,Mid-Range,Left Side Center(LC),16-24 ft.,19.0,-80.0,183.0,1,0,20251112,OKC,LAL,Luka Dončić,2025,OKC,Missed,19.97223072167954,Luka Dončić
Shot Chart Detail,22500222,416,1629029,Luka Dončić,1610612747,Los Angeles Lakers,3,7,10,Made Shot,Fadeaway Jump Shot,2PT Field Goal,Mid-Range,Left Side(L),8-16 ft.,15.0,-152.0,0.0,1,1,20251112,OKC,LAL,Luka Dončić,2025,OKC,Made,15.2,Luka Dončić
Shot Chart Detail,22500222,430,1629029,Luka Dončić,1610612747,Los Angeles Lakers,3,6,4,Missed Shot,Step Back Jump shot,3PT Field Goal,Above the Break 3,Left Side Center(LC),24+ ft.,24.0,-107.0,225.0,1,0,20251112,OKC,LAL,Luka Dončić,2025,OKC,Missed,24.914654322305978,Luka Dončić
Shot Chart Detail,22500222,458,1629029,Luka Dončić,1610612747,Los Angeles Lakers,3,4,26,Missed Shot,Pullup Jump shot,2PT Field Goal,Mid-Range,Left Side Center(LC),16-24 ft.,17.0,-80.0,153.0,1,0,20251112,OKC,LAL,Luka Dončić,2025,OKC,Missed,17.26528308484978,Luka Dončić
Shot Chart Detail,22500222,479,1629029,Luka Dončić,1610612747,Los Angeles Lakers,3,3,28,Made Shot,Driving Layup Shot,2PT Field Goal,Restricted Area,Center(C),Less Than 8 ft.,1.0,11.0,10.0,1,1,20251112,OKC,LAL,Luka Dončić,2025,OKC,Made,1.4866068747318506,Luka Dončić
Shot Chart Detail,22500222,486,1629029,Luka Dončić,1610612747,Los Angeles Lakers,3,2,33,Made Shot,Driving Floating Jump Shot,2PT Field Goal,In The Paint (Non-RA),Right Side(R),8-16 ft.,9.0,61.0,72.0,1,1,20251112,OKC,LAL,Luka Dončić,2025,OKC,Made,9.436630754670864,Luka Dončić
Shot Chart Detail,22500222,497,1629029,Luka Dončić,1610612747,Los Angeles Lakers,3,1,23,Missed Shot,Jump Shot,3PT Field Goal,Above the Break 3,Right Side Center(RC),24+ ft.,29.0,132.0,261.0,1,0,20251112,OKC,LAL,Luka Dončić,2025,OKC,Missed,29.248076859855246,Luka Dončić
Shot Chart Detail,22500231,20,1629029,Luka Dončić,1610612747,Los Angeles Lakers,1,10,2,Missed Shot,Fadeaway Jump Shot,2PT Field Goal,Mid-Range,Left Side Center(LC),16-24 ft.,17.0,-113.0,132.0,1,0,20251115,MIL,LAL,Luka Dončić,2025,MIL,Missed,17.3761330565808,Luka Dončić
Shot Chart Detail,22500231,36,1629029,Luka Dončić,1610612747,Los Angeles Lakers,1,9,4,Missed Shot,Step Back Jump shot,3PT Field Goal,Above the Break 3,Left Side Center(LC),24+ ft.,29.0,-180.0,231.0,1,0,20251115,MIL,LAL,Luka Dončić,2025,MIL,Missed,29.28497908484826,Luka Dončić
Shot Chart Detail,22500231,55,1629029,Luka Dončić,1610612747,Los Angeles Lakers,1,7,24,Made Shot,Step Back Jump shot,3PT Field Goal,Above the Break 3,Center(C),24+ ft.,25.0,-37.0,254.0,1,1,20251115,MIL,LAL,Luka Dončić,2025,MIL,Made,25.66807355451515,Luka Dončić
Shot Chart Detail,22500231,63,1629029,Luka Dončić,1610612747,Los Angeles Lakers,1,6,46,Made Shot,Step Back Jump shot,3PT Field Goal,Above the Break 3,Left Side Center(LC),24+ ft.,27.0,-202.0,186.0,1,1,20251115,MIL,LAL,Luka Dončić,2025,MIL,Made,27.45906043549196,Luka Dončić
Shot Chart Detail,22500231,87,1629029,Luka Dončić,1610612747,Los Angeles Lakers,1,5,8,Made Shot,Running Pull-Up Jump Shot,2PT Field Goal,Mid-Range,Center(C),8-16 ft.,14.0,11.0,146.0,1,1,20251115,MIL,LAL,Luka Dončić,2025,MIL,Made,14.64137971640651,Luka Dončić
Shot Chart Detail,22500231,101,1629029,Luka Dončić,1610612747,Los Angeles Lakers,1,3,55,Missed Shot,Driving Finger Roll Layup Shot,2PT Field Goal,In The Paint (Non-RA),Right Side(R),8-16 ft.,8.0,53.0,62.0,1,0,20251115,MIL,LAL,Luka Dončić,2025,MIL,Missed,8.15659242576212,Luka Dončić
Shot Chart Detail,22500231,184,1629029,Luka Dončić,1610612747,Los Angeles Lakers,1,1,51,Missed Shot,Driving Floating Jump Shot,2PT Field Goal,In The Paint (Non-RA),Center(C),8-16 ft.,11.0,-6.0,110.0,1,0,20251115,MIL,LAL,Luka Dončić,2025,MIL,Missed,11.01635148313633,Luka Dončić
Shot Chart Detail,22500231,148,1629029,Luka Dončić,1610612747,Los Angeles Lakers,1,1,4,Missed Shot,Step Back Jump shot,3PT Field Goal,Above the Break 3,Right Side Center(RC),24+ ft.,25.0,137.0,218.0,1,0,20251115,MIL,LAL,Luka Dončić,2025,MIL,Missed,25.74742705592153,Luka Dončić
Shot Chart Detail,22500231,264,1629029,Luka Dončić,1610612747,Los Angeles Lakers,2,5,36,Made Shot,Turnaround Fadeaway shot,2PT Field Goal,Mid-Range,Left Side(L),8-16 ft.,11.0,-91.0,65.0,1,1,20251115,MIL,LAL,Luka Dončić,2025,MIL,Made,11.183022847155415,Luka Dončić
Shot Chart Detail,22500231,291,1629029,Luka Dončić,1610612747,Los Angeles Lakers,2,3,49,Missed Shot,Driving Floating Jump Shot,2PT Field Goal,Mid-Range,Right Side(R),8-16 ft.,12.0,124.0,-5.0,1,0,20251115,MIL,LAL,Luka Dončić,2025,MIL,Missed,12.410076550932311,Luka Dončić
Shot Chart Detail,22500231,313,1629029,Luka Dončić,1610612747,Los Angeles Lakers,2,2,42,Made Shot,Step Back Jump shot,3PT Field Goal,Above the Break 3,Left Side Center(LC),24+ ft.,28.0,-157.0,235.0,1,1,20251115,MIL,LAL,Luka Dončić,2025,MIL,Made,28.261988606607286,Luka Dončić
Shot Chart Detail,22500231,325,1629029,Luka Dončić,1610612747,Los Angeles Lakers,2,1,14,Made Shot,Turnaround Fadeaway shot,2PT Field Goal,Mid-Range,Left Side Center(LC),16-24 ft.,21.0,-116.0,178.0,1,1,20251115,MIL,LAL,Luka Dončić,2025,MIL,Made,21.24617612654098,Luka Dončić
Shot Chart Detail,22500231,341,1629029,Luka Dončić,1610612747,Los Angeles Lakers,2,0,3,Missed Shot,Step Back Bank Jump Shot,3PT Field Goal,Above the Break 3,Left Side Center(LC),24+ ft.,27.0,-197.0,194.0,1,0,20251115,MIL,LAL,Luka Dončić,2025,MIL,Missed,27.648688938175713,Luka Dončić
Shot Chart Detail,22500231,376,1629029,Luka Dončić,1610612747,Los Angeles Lakers,3,9,12,Missed Shot,Step Back Jump shot,3PT Field Goal,Above the Break 3,Center(C),24+ ft.,27.0,-60.0,270.0,1,0,20251115,MIL,LAL,Luka Dončić,2025,MIL,Missed,27.658633371878658,Luka Dončić
Shot Chart Detail,22500231,444,1629029,Luka Dončić,1610612747,Los Angeles Lakers,3,3,51,Missed Shot,Step Back Jump shot,3PT Field Goal,Above the Break 3,Left Side Center(LC),24+ ft.,25.0,-207.0,144.0,1,0,20251115,MIL,LAL,Luka Dončić,2025,MIL,Missed,25.21606630701942,Luka Dončić
Shot Chart Detail,22500231,487,1629029,Luka Dončić,1610612747,Los Angeles Lakers,3,0,56,Made Shot,Step Back Jump shot,3PT Field Goal,Above the Break 3,Center(C),24+ ft.,29.0,27.0,289.0,1,1,20251115,MIL,LAL,Luka Dončić,2025,MIL,Made,29.025850547399983,Luka Dončić
Shot Chart Detail,22500231,490,1629029,Luka Dončić,1610612747,Los Angeles Lakers,3,0,30,Made Shot,Step Back Jump shot,3PT Field Goal,Above the Break 3,Center(C),24+ ft.,26.0,-6.0,266.0,1,1,20251115,MIL,LAL,Luka Dončić,2025,MIL,Made,26.60676605677586,Luka Dončić
Shot Chart Detail,22500231,499,1629029,Luka Dončić,1610612747,Los Angeles Lakers,3,0,2,Made Shot,Driving Floating Jump Shot,2PT Field Goal,Mid-Range,Right Side(R),8-16 ft.,10.0,88.0,52.0,1,1,20251115,MIL,LAL,Luka Dončić,2025,MIL,Made,10.22154587134451,Luka Dončić
Shot Chart Detail,22500231,508,1629029,Luka Dončić,1610612747,Los Angeles Lakers,4,11,46,Missed Shot,Jump Shot,3PT Field Goal,Above the Break 3,Center(C),24+ ft.,26.0,-78.0,253.0,1,0,20251115,MIL,LAL,Luka Dončić,2025,MIL,Missed,26.475082624989106,Luka Dončić
Shot Chart Detail,22500253,27,1629029,Luka Dončić,1610612747,Los Angeles Lakers,1,9,39,Missed Shot,Fadeaway Jump Shot,2PT Field Goal,In The Paint (Non-RA),Center(C),8-16 ft.,10.0,-34.0,101.0,1,0,20251118,LAL,UTA,Luka Dončić,2025,LAL,Missed,10.656922632730332,Luka Dončić
Shot Chart Detail,22500253,33,1629029,Luka Dončić,1610612747,Los Angeles Lakers,1,9,2,Missed Shot,Jump Shot,3PT Field Goal,Above the Break 3,Left Side Center(LC),24+ ft.,26.0,-136.0,232.0,1,0,20251118,LAL,UTA,Luka Dončić,2025,LAL,Missed,26.892378102354577,Luka Dončić
Shot Chart Detail,22500253,49,1629029,Luka Dončić,1610612747,Los Angeles Lakers,1,7,24,Made Shot,Fadeaway Jump Shot,2PT Field Goal,In The Paint (Non-RA),Center(C),8-16 ft.,12.0,-58.0,111.0,1,1,20251118,LAL,UTA,Luka Dončić,2025,LAL,Made,12.523977004130916,Luka Dončić
Shot Chart Detail,22500253,52,1629029,Luka Dončić,1610612747,Los Angeles Lakers,1,6,45,Missed Shot,Step Back Jump shot,3PT Field Goal,Right Corner 3,Right Side(R),24+ ft.,24.0,232.0,62.0,1,0,20251118,LAL,UTA,Luka Dončić,2025,LAL,Missed,24.014162487998618,Luka Dončić
Shot Chart Detail,22500253,72,1629029,Luka Dončić,1610612747,Los Angeles Lakers,1,5,54,Made Shot,Driving Floating Jump Shot,2PT Field Goal,In The Paint (Non-RA),Left Side(L),8-16 ft.,8.0,-67.0,60.0,1,1,20251118,LAL,UTA,Luka Dončić,2025,LAL,Made,8.993886812718959,Luka Dončić
Shot Chart Detail,22500253,104,1629029,Luka Dončić,1610612747,Los Angeles Lakers,1,3,27,Made Shot,Driving Layup Shot,2PT Field Goal,Restricted Area,Center(C),Less Than 8 ft.,2.0,-9.0,26.0,1,1,20251118,LAL,UTA,Luka Dončić,2025,LAL,Made,2.7513632984395207,Luka Dončić
Shot Chart Detail,22500253,107,1629029,Luka Dončić,1610612747,Los Angeles Lakers,1,3,5,Missed Shot,Running Pull-Up Jump Shot,2PT Field Goal,In The Paint (Non-RA),Center(C),8-16 ft.,12.0,-25.0,123.0,1,0,20251118,LAL,UTA,Luka Dončić,2025,LAL,Missed,12.551493934986386,Luka Dončić
Shot Chart Detail,22500253,263,1629029,Luka Dončić,1610612747,Los Angeles Lakers,2,5,37,Missed Shot,Jump Shot,3PT Field Goal,Above the Break 3,Right Side Center(RC),24+ ft.,27.0,147.0,237.0,1,0,20251118,LAL,UTA,Luka Dončić,2025,LAL,Missed,27.888707392061036,Luka Dončić
Shot Chart Detail,22500253,282,1629029,Luka Dončić,1610612747,Los Angeles Lakers,2,4,37,Missed Shot,Step Back Jump shot,3PT Field Goal,Above the Break 3,Right Side Center(RC),24+ ft.,26.0,118.0,241.0,1,0,20251118,LAL,UTA,Luka Dončić,2025,LAL,Missed,26.8337474088134,Luka Dončić
Shot Chart Detail,22500253,289,1629029,Luka Dončić,1610612747,Los Angeles Lakers,2,3,45,Made Shot,Driving Floating Jump Shot,2PT Field Goal,In The Paint (Non-RA),Center(C),8-16 ft.,8.0,7.0,81.0,1,1,20251118,LAL,UTA,Luka Dončić,2025,LAL,Made,8.130190649671139,Luka Dončić
Shot Chart Detail,22500253,318,1629029,Luka Dončić,1610612747,Los Angeles Lakers,2,2,34,Made Shot,Jump Shot,3PT Field Goal,Above the Break 3,Left Side Center(LC),24+ ft.,29.0,-96.0,278.0,1,1,20251118,LAL,UTA,Luka Dončić,2025,LAL,Made,29.410882339705484,Luka Dončić
Shot Chart Detail,22500253,394,1629029,Luka Dončić,1610612747,Los Angeles Lakers,3,10,29,Made Shot,Driving Floating Jump Shot,2PT Field Goal,In The Paint (Non-RA),Right Side(R),8-16 ft.,9.0,55.0,74.0,1,1,20251118,LAL,UTA,Luka Dončić,2025,LAL,Made,9.220086767487604,Luka Dončić
Shot Chart Detail,22500253,403,1629029,Luka Dončić,1610612747,Los Angeles Lakers,3,9,28,Made Shot,Driving Layup Shot,2PT Field Goal,Restricted Area,Center(C),Less Than 8 ft.,2.0,1.0,22.0,1,1,20251118,LAL,UTA,Luka Dončić,2025,LAL,Made,2.2022715545545237,Luka Dončić
Shot Chart Detail,22500253,406,1629029,Luka Dončić,1610612747,Los Angeles Lakers,3,8,54,Missed Shot,Pullup Jump shot,3PT Field Goal,Above the Break 3,Center(C),24+ ft.,26.0,-71.0,255.0,1,0,20251118,LAL,UTA,Luka Dončić,2025,LAL,Missed,26.469982999616754,Luka Dončić
Shot Chart Detail,22500253,446,1629029,Luka Dončić,1610612747,Los Angeles Lakers,3,5,41,Made Shot,Driving Layup Shot,2PT Field Goal,Restricted Area,Center(C),Less Than 8 ft.,2.0,-18.0,21.0,1,1,20251118,LAL,UTA,Luka Dončić,2025,LAL,Made,2.765863337187866,Luka Dončić
Shot Chart Detail,22500253,456,1629029,Luka Dončić,1610612747,Los Angeles Lakers,3,5,3,Missed Shot,Step Back Jump shot,3PT Field Goal,Above the Break 3,Left Side Center(LC),24+ ft.,25.0,-167.0,198.0,1,0,20251118,LAL,UTA,Luka Dončić,2025,LAL,Missed,25.902316498722655,Luka Dončić
Shot Chart Detail,22500253,483,1629029,Luka Dončić,1610612747,Los Angeles Lakers,3,3,36,Made Shot,Driving Layup Shot,2PT Field Goal,Restricted Area,Center(C),Less Than 8 ft.,2.0,-2.0,26.0,1,1,20251118,LAL,UTA,Luka Dončić,2025,LAL,Made,2.6076809620810595,Luka Dončić
Shot Chart Detail,22500253,491,1629029,Luka Dončić,1610612747,Los Angeles Lakers,3,3,4,Missed Shot,Driving Floating Jump Shot,2PT Field Goal,In The Paint (Non-RA),Center(C),8-16 ft.,8.0,12.0,82.0,1,0,20251118,LAL,UTA,Luka Dončić,2025,LAL,Missed,8.287339742040263,Luka Dončić
Shot Chart Detail,22500253,517,1629029,Luka Dončić,1610612747,Los Angeles Lakers,3,1,50,Made Shot,Jump Shot,3PT Field Goal,Right Corner 3,Right Side(R),24+ ft.,23.0,230.0,8.0,1,1,20251118,LAL,UTA,Luka Dončić,2025,LAL,Made,23.013908837917995,Luka Dončić
Shot Chart Detail,22500253,526,1629029,Luka Dončić,1610612747,Los Angeles Lakers,3,1,2,Made Shot,Driving Floating Jump Shot,2PT Field Goal,Mid-Range,Right Side(R),16-24 ft.,16.0,162.0,32.0,1,1,20251118,LAL,UTA,Luka Dončić,2025,LAL,Made,16.51302516197441,Luka Dončić
Shot Chart Detail,22500253,538,1629029,Luka Dončić,1610612747,Los Angeles Lakers,3,0,36,Missed Shot,Step Back Jump shot,3PT Field Goal,Above the Break 3,Right Side Center(RC),24+ ft.,25.0,185.0,178.0,1,0,20251118,LAL,UTA,Luka Dončić,2025,LAL,Missed,25.672748197261626,Luka Dončić
Shot Chart Detail,22500253,676,1629029,Luka Dončić,1610612747,Los Angeles Lakers,4,3,58,Missed Shot,Jump Shot,3PT Field Goal,Above the Break 3,Right Side Center(RC),24+ ft.,26.0,192.0,184.0,1,0,20251118,LAL,UTA,Luka Dončić,2025,LAL,Missed,26.593232221751457,Luka Dončić
Shot Chart Detail,22500282,24,1629029,Luka Dončić,1610612747,Los Angeles Lakers,1,10,18,Missed Shot,Step Back Jump shot,3PT Field Goal,Above the Break 3,Left Side Center(LC),24+ ft.,25.0,-99.0,234.0,1,0,20251123,UTA,LAL,Luka Dončić,2025,UTA,Missed,25.40806958428759,Luka Dončić
Shot Chart Detail,22500282,33,1629029,Luka Dončić,1610612747,Los Angeles Lakers,1,9,21,Missed Shot,Jump Shot,3PT Field Goal,Above the Break 3,Left Side Center(LC),24+ ft.,31.0,-191.0,247.0,1,0,20251123,UTA,LAL,Luka Dončić,2025,UTA,Missed,31.223388669393337,Luka Dončić
Shot Chart Detail,22500282,40,1629029,Luka Dončić,1610612747,Los Angeles Lakers,1,8,53,Made Shot,Turnaround Jump Shot,2PT Field Goal,In The Paint (Non-RA),Left Side(L),8-16 ft.,10.0,-76.0,67.0,1,1,20251123,UTA,LAL,Luka Dončić,2025,UTA,Made,10.131633629380802,Luka Dončić
Shot Chart Detail,22500282,52,1629029,Luka Dončić,1610612747,Los Angeles Lakers,1,8,7,Made Shot,Fadeaway Jump Shot,2PT Field Goal,In The Paint (Non-RA),Right Side(R),8-16 ft.,8.0,43.0,73.0,1,1,20251123,UTA,LAL,Luka Dončić,2025,UTA,Made,8.472307831990054,Luka Dončić
Shot Chart Detail,22500282,61,1629029,Luka Dončić,1610612747,Los Angeles Lakers,1,7,31,Made Shot,Turnaround Bank shot,2PT Field Goal,In The Paint (Non-RA),Center(C),Less Than 8 ft.,5.0,-15.0,53.0,1,1,20251123,UTA,LAL,Luka Dončić,2025,UTA,Made,5.508175741568165,Luka Dončić
Shot Chart Detail,22500282,64,1629029,Luka Dončić,1610612747,Los Angeles Lakers,1,6,43,Missed Shot,Jump Bank Shot,2PT Field Goal,In The Paint (Non-RA),Left Side(L),8-16 ft.,10.0,-75.0,69.0,1,0,20251123,UTA,LAL,Luka Dončić,2025,UTA,Missed,10.191172650877817,Luka Dončić
Shot Chart Detail,22500282,89,1629029,Luka Dončić,1610612747,Los Angeles Lakers,1,5,19,Missed Shot,Step Back Jump shot,3PT Field Goal,Above the Break 3,Right Side Center(RC),24+ ft.,24.0,175.0,178.0,1,0,20251123,UTA,LAL,Luka Dončić,2025,UTA,Missed,24.961770770520268,Luka Dončić
Shot Chart Detail,22500282,116,1629029,Luka Dončić,1610612747,Los Angeles Lakers,1,3,1,Made Shot,Driving Layup Shot,2PT Field Goal,In The Paint (Non-RA),Center(C),Less Than 8 ft.,5.0,43.0,41.0,1,1,20251123,UTA,LAL,Luka Dončić,2025,UTA,Made,5.9413803110051795,Luka Dončić
Shot Chart Detail,22500282,128,1629029,Luka Dončić,1610612747,Los Angeles Lakers,1,2,27,Missed Shot,Jump Shot,3PT Field Goal,Left Corner 3,Left Side(L),24+ ft.,22.0,-225.0,9.0,1,0,20251123,UTA,LAL,Luka Dončić,2025,UTA,Missed,22.517992805754247,Luka Dončić
Shot Chart Detail,22500282,153,1629029,Luka Dončić,1610612747,Los Angeles Lakers,1,0,31,Made Shot,Pullup Jump shot,3PT Field Goal,Above the Break 3,Center(C),24+ ft.,26.0,20.0,268.0,1,1,20251123,UTA,LAL,Luka Dončić,2025,UTA,Made,26.874523251585323,Luka Dončić
Shot Chart Detail,22500282,262,1629029,Luka Dončić,1610612747,Los Angeles Lakers,2,5,9,Made Shot,Pullup Jump shot,2PT Field Goal,In The Paint (Non-RA),Center(C),8-16 ft.,11.0,-55.0,104.0,1,1,20251123,UTA,LAL,Luka Dončić,2025,UTA,Made,11.764777940955792,Luka Dončić
Shot Chart Detail,22500282,278,1629029,Luka Dončić,1610612747,Los Angeles Lakers,2,4,3,Missed Shot,Step Back Jump shot,2PT Field Goal,Mid-Range,Left Side(L),8-16 ft.,12.0,-125.0,11.0,1,0,20251123,UTA,LAL,Luka Dončić,2025,UTA,Missed,12.54830665866913,Luka Dončić
Shot Chart Detail,22500282,307,1629029,Luka Dončić,1610612747,Los Angeles Lakers,2,2,4,Missed Shot,Running Pull-Up Jump Shot,3PT Field Goal,Above the Break 3,Left Side Center(LC),24+ ft.,25.0,-145.0,204.0,1,0,20251123,UTA,LAL,Luka Dončić,2025,UTA,Missed,25.02818411311536,Luka Dončić
Shot Chart Detail,22500282,315,1629029,Luka Dončić,1610612747,Los Angeles Lakers,2,1,8,Missed Shot,Driving Floating Jump Shot,2PT Field Goal,In The Paint (Non-RA),Left Side(L),8-16 ft.,9.0,-74.0,53.0,1,0,20251123,UTA,LAL,Luka Dončić,2025,UTA,Missed,9.102197536858887,Luka Dončić
Shot Chart Detail,22500282,348,1629029,Luka Dončić,1610612747,Los Angeles Lakers,3,11,7,Made Shot,Step Back Jump shot,2PT Field Goal,Mid-Range,Right Side Center(RC),16-24 ft.,17.0,91.0,152.0,1,1,20251123,UTA,LAL,Luka Dončić,2025,UTA,Made,17.715812146215594,Luka Dončić
Shot Chart Detail,22500282,369,1629029,Luka Dončić,1610612747,Los Angeles Lakers,3,8,54,Missed Shot,Turnaround Jump Shot,2PT Field Goal,Mid-Range,Left Side(L),16-24 ft.,19.0,-163.0,99.0,1,0,20251123,UTA,LAL,Luka Dončić,2025,UTA,Missed,19.070920271449932,Luka Dončić
Shot Chart Detail,22500282,377,1629029,Luka Dončić,1610612747,Los Angeles Lakers,3,7,55,Missed Shot,Pullup Jump shot,3PT Field Goal,Above the Break 3,Left Side Center(LC),24+ ft.,25.0,-162.0,200.0,1,0,20251123,UTA,LAL,Luka Dončić,2025,UTA,Missed,25.73790978304182,Luka Dončić
Shot Chart Detail,22500282,409,1629029,Luka Dončić,1610612747,Los Angeles Lakers,3,5,37,Missed Shot,Jump Shot,3PT Field Goal,Above the Break 3,Left Side Center(LC),24+ ft.,25.0,-222.0,121.0,1,0,20251123,UTA,LAL,Luka Dončić,2025,UTA,Missed,25.283393759541063,Luka Dončić
Shot Chart Detail,22500282,454,1629029,Luka Dončić,1610612747,Los Angeles Lakers,3,3,1,Made Shot,Running Jump Shot,3PT Field Goal,Above the Break 3,Right Side Center(RC),24+ ft.,25.0,105.0,237.0,1,1,20251123,UTA,LAL,Luka Dončić,2025,UTA,Made,25.921805492673535,Luka Dončić
Shot Chart Detail,22500282,478,1629029,Luka Dončić,1610612747,Los Angeles Lakers,3,1,56,Missed Shot,Pullup Jump shot,3PT Field Goal,Above the Break 3,Center(C),24+ ft.,25.0,61.0,246.0,1,0,20251123,UTA,LAL,Luka Dončić,2025,UTA,Missed,25.345019234555732,Luka Dončić
Shot Chart Detail,22500282,591,1629029,Luka Dončić,1610612747,Los Angeles Lakers,4,7,15,Made Shot,Turnaround Fadeaway shot,2PT Field Goal,In The Paint (Non-RA),Center(C),8-16 ft.,10.0,-9.0,105.0,1,1,20251123,UTA,LAL,Luka Dončić,2025,UTA,Made,10.538500842150178,Luka Dončić
Shot Chart Detail,22500282,602,1629029,Luka Dončić,1610612747,Los Angeles Lakers,4,6,46,Missed Shot,Fadeaway Jump Shot,2PT Field Goal,Mid-Range,Right Side(R),8-16 ft.,13.0,137.0,-4.0,1,0,20251123,UTA,LAL,Luka Dončić,2025,UTA,Missed,13.705838172107534,Luka Dončić
Shot Chart Detail,22500282,613,1629029,Luka Dončić,1610612747,Los Angeles Lakers,4,6,6,Made Shot,Step Back Jump shot,3PT Field Goal,Above the Break 3,Center(C),24+ ft.,25.0,36.0,252.0,1,1,20251123,UTA,LAL,Luka Dončić,2025,UTA,Made,25.45584412271571,Luka Dončić
Shot Chart Detail,22500282,638,1629029,Luka Dončić,1610612747,Los Angeles Lakers,4,4,9,Missed Shot,Step Back Jump shot,3PT Field Goal,Above the Break 3,Left Side Center(LC),24+ ft.,29.0,-213.0,201.0,1,0,20251123,UTA,LAL,Luka Dončić,2025,UTA,Missed,29.286515668477875,Luka Dončić
Shot Chart Detail,22500308,11,1629029,Luka Dončić,1610612747,Los Angeles Lakers,1,11,14,Made Shot,Running Pull-Up Jump Shot,3PT Field Goal,Above the Break 3,Right Side Center(RC),24+ ft.,25.0,115.0,223.0,1,1,20251130,LAL,NOP,Luka Dončić,2025,LAL,Made,25.090635703385438,Luka Dončić
Shot Chart Detail,22500308,25,1629029,Luka Dončić,1610612747,Los Angeles Lakers,1,10,0,Made Shot,Step Back Jump shot,3PT Field Goal,Above the Break 3,Center(C),24+ ft.,25.0,34.0,251.0,1,1,20251130,LAL,NOP,Luka Dončić,2025,LAL,Made,25.32923212416831,Luka Dončić
Shot Chart Detail,22500308,29,1629029,Luka Dončić,1610612747,Los Angeles Lakers,1,9,36,Missed Shot,Pullup Jump shot,3PT Field Goal,Above the Break 3,Center(C),24+ ft.,28.0,6.0,289.0,1,0,20251130,LAL,NOP,Luka Dončić,2025,LAL,Missed,28.906227702694103,Luka Dončić
Shot Chart Detail,22500308,41,1629029,Luka Dončić,1610612747,Los Angeles Lakers,1,8,38,Made Shot,Fadeaway Jump Shot,2PT Field Goal,Mid-Range,Left Side(L),8-16 ft.,15.0,-110.0,110.0,1,1,20251130,LAL,NOP,Luka Dončić,2025,LAL,Made,15.556349186104047,Luka Dončić
Shot Chart Detail,22500308,60,1629029,Luka Dončić,1610612747,Los Angeles Lakers,1,7,20,Missed Shot,Running Pull-Up Jump Shot,3PT Field Goal,Above the Break 3,Right Side Center(RC),24+ ft.,24.0,125.0,214.0,1,0,20251130,LAL,NOP,Luka Dončić,2025,LAL,Missed,24.78326047960599,Luka Dončić
Shot Chart Detail,22500308,118,1629029,Luka Dončić,1610612747,Los Angeles Lakers,1,3,53,Made Shot,Driving Layup Shot,2PT Field Goal,Restricted Area,Center(C),Less Than 8 ft.,2.0,28.0,7.0,1,1,20251130,LAL,NOP,Luka Dončić,2025,LAL,Made,2.8861739379323623,Luka Dončić
Shot Chart Detail,22500308,124,1629029,Luka Dončić,1610612747,Los Angeles Lakers,1,3,25,Made Shot,Step Back Jump shot,3PT Field Goal,Left Corner 3,Left Side(L),24+ ft.,23.0,-230.0,11.0,1,1,20251130,LAL,NOP,Luka Dončić,2025,LAL,Made,23.02628932329306,Luka Dončić
Shot Chart Detail,22500308,158,1629029,Luka Dončić,1610612747,Los Angeles Lakers,1,1,6,Missed Shot,Driving Floating Jump Shot,2PT Field Goal,In The Paint (Non-RA),Center(C),8-16 ft.,11.0,38.0,107.0,1,0,20251130,LAL,NOP,Luka Dončić,2025,LAL,Missed,11.354734695271397,Luka Dončić
Shot Chart Detail,22500308,160,1629029,Luka Dončić,1610612747,Los Angeles Lakers,1,0,59,Made Shot,Driving Layup Shot,2PT Field Goal,Restricted Area,Center(C),Less Than 8 ft.,2.0,-28.0,8.0,1,1,20251130,LAL,NOP,Luka Dončić,2025,LAL,Made,2.9120439557122073,Luka Dončić
Shot Chart Detail,22500308,268,1629029,Luka Dončić,1610612747,Los Angeles Lakers,2,6,21,Missed Shot,Pullup Jump shot,3PT Field Goal,Above the Break 3,Left Side Center(LC),24+ ft.,25.0,-203.0,149.0,1,0,20251130,LAL,NOP,Luka Dončić,2025,LAL,Missed,25.181342299408904,Luka Dončić
Shot Chart Detail,22500308,386,1629029,Luka Dončić,1610612747,Los Angeles Lakers,3,11,26,Missed Shot,Jump Shot,3PT Field Goal,Above the Break 3,Left Side Center(LC),24+ ft.,27.0,-176.0,208.0,1,0,20251130,LAL,NOP,Luka Dončić,2025,LAL,Missed,27.247018185482244,Luka Dončić
Shot Chart Detail,22500308,415,1629029,Luka Dončić,1610612747,Los Angeles Lakers,3,8,55,Missed Shot,Driving Layup Shot,2PT Field Goal,Restricted Area,Center(C),Less Than 8 ft.,1.0,-11.0,-6.0,1,0,20251130,LAL,NOP,Luka Dončić,2025,LAL,Missed,1.2529964086141667,Luka Dončić
Shot Chart Detail,22500308,421,1629029,Luka Dončić,1610612747,Los Angeles Lakers,3,8,27,Missed Shot,Jump Shot,3PT Field Goal,Above the Break 3,Right Side Center(RC),24+ ft.,29.0,184.0,229.0,1,0,20251130,LAL,NOP,Luka Dončić,2025,LAL,Missed,29.37635103276103,Luka Dončić
Shot Chart Detail,22500308,442,1629029,Luka Dončić,1610612747,Los Angeles Lakers,3,6,52,Missed Shot,Driving Layup Shot,2PT Field Goal,In The Paint (Non-RA),Center(C),Less Than 8 ft.,4.0,42.0,13.0,1,0,20251130,LAL,NOP,Luka Dončić,2025,LAL,Missed,4.396589587396122,Luka Dončić
Shot Chart Detail,22500308,480,1629029,Luka Dončić,1610612747,Los Angeles Lakers,3,3,30,Missed Shot,Pullup Jump shot,3PT Field Goal,Above the Break 3,Center(C),24+ ft.,30.0,29.0,301.0,1,0,20251130,LAL,NOP,Luka Dončić,2025,LAL,Missed,30.239378300487594,Luka Dončić
Shot Chart Detail,22500308,513,1629029,Luka Dončić,1610612747,Los Angeles Lakers,3,1,40,Made Shot,Pullup Jump shot,2PT Field Goal,Mid-Range,Center(C),8-16 ft.,14.0,-4.0,142.0,1,1,20251130,LAL,NOP,Luka Dončić,2025,LAL,Made,14.20563268566381,Luka Dončić
Shot Chart Detail,22500308,516,1629029,Luka Dončić,1610612747,Los Angeles Lakers,3,1,11,Made Shot,Step Back Jump shot,3PT Field Goal,Above the Break 3,Center(C),24+ ft.,27.0,-61.0,265.0,1,1,20251130,LAL,NOP,Luka Dončić,2025,LAL,Made,27.193013808697266,Luka Dončić
Shot Chart Detail,22500308,528,1629029,Luka Dončić,1610612747,Los Angeles Lakers,3,0,1,Missed Shot,Fadeaway Jump Shot,3PT Field Goal,Above the Break 3,Right Side Center(RC),24+ ft.,29.0,176.0,239.0,1,0,20251130,LAL,NOP,Luka Dončić,2025,LAL,Missed,29.68113879216901,Luka Dončić
Shot Chart Detail,22500308,608,1629029,Luka Dončić,1610612747,Los Angeles Lakers,4,6,33,Missed Shot,Driving Layup Shot,2PT Field Goal,In The Paint (Non-RA),Center(C),Less Than 8 ft.,5.0,20.0,47.0,1,0,20251130,LAL,NOP,Luka Dončić,2025,LAL,Missed,5.107837115648854,Luka Dončić
Shot Chart Detail,22500308,631,1629029,Luka Dončić,1610612747,Los Angeles Lakers,4,4,16,Missed Shot,Driving Floating Jump Shot,2PT Field Goal,Mid-Range,Right Side(R),8-16 ft.,9.0,91.0,19.0,1,0,20251130,LAL,NOP,Luka Dončić,2025,LAL,Missed,9.29623579735368,Luka Dončić
Shot Chart Detail,22500308,633,1629029,Luka Dončić,1610612747,Los Angeles Lakers,4,4,14,Made Shot,Tip Layup Shot,2PT Field Goal,Restricted Area,Center(C),Less Than 8 ft.,0.0,0.0,0.0,1,1,20251130,LAL,NOP,Luka Dončić,2025,LAL,Made,0.0,Luka Dončić
Shot Chart Detail,22500308,640,1629029,Luka Dončić,1610612747,Los Angeles Lakers,4,3,44,Missed Shot,Pullup Jump shot,3PT Field Goal,Above the Break 3,Left Side Center(LC),24+ ft.,25.0,-112.0,232.0,1,0,20251130,LAL,NOP,Luka Dončić,2025,LAL,Missed,25.761987500967386,Luka Dončić
Shot Chart Detail,22500317,8,1629029,Luka Dončić,1610612747,Los Angeles Lakers,1,11,30,Made Shot,Driving Floating Jump Shot,2PT Field Goal,In The Paint (Non-RA),Center(C),8-16 ft.,11.0,-37.0,111.0,1,1,20251201,LAL,PHX,Luka Dončić,2025,LAL,Made,11.700427342623003,Luka Dončić
Shot Chart Detail,22500317,18,1629029,Luka Dončić,1610612747,Los Angeles Lakers,1,10,26,Made Shot,Driving Floating Jump Shot,2PT Field Goal,Mid-Range,Right Side Center(RC),16-24 ft.,18.0,108.0,148.0,1,1,20251201,LAL,PHX,Luka Dončić,2025,LAL,Made,18.32157198495806,Luka Dončić
Shot Chart Detail,22500317,21,1629029,Luka Dončić,1610612747,Los Angeles Lakers,1,9,55,Missed Shot,Pullup Jump shot,3PT Field Goal,Above the Break 3,Center(C),24+ ft.,27.0,67.0,262.0,1,0,20251201,LAL,PHX,Luka Dončić,2025,LAL,Missed,27.04311372604863,Luka Dončić
Shot Chart Detail,22500317,51,1629029,Luka Dončić,1610612747,Los Angeles Lakers,1,7,3,Made Shot,Turnaround Fadeaway shot,2PT Field Goal,Mid-Range,Left Side(L),16-24 ft.,19.0,-190.0,43.0,1,1,20251201,LAL,PHX,Luka Dončić,2025,LAL,Made,19.480503073586164,Luka Dončić
Shot Chart Detail,22500317,71,1629029,Luka Dončić,1610612747,Los Angeles Lakers,1,6,10,Missed Shot,Step Back Jump shot,3PT Field Goal,Above the Break 3,Left Side Center(LC),24+ ft.,26.0,-143.0,224.0,1,0,20251201,LAL,PHX,Luka Dončić,2025,LAL,Missed,26.575364531836623,Luka Dončić
Shot Chart Detail,22500317,92,1629029,Luka Dončić,1610612747,Los Angeles Lakers,1,4,50,Made Shot,Driving Floating Jump Shot,2PT Field Goal,In The Paint (Non-RA),Center(C),8-16 ft.,8.0,-9.0,85.0,1,1,20251201,LAL,PHX,Luka Dončić,2025,LAL,Made,8.547514258543242,Luka Dončić
Shot Chart Detail,22500317,111,1629029,Luka Dončić,1610612747,Los Angeles Lakers,1,3,48,Made Shot,Fadeaway Jump Shot,2PT Field Goal,Mid-Range,Right Side(R),8-16 ft.,10.0,107.0,14.0,1,1,20251201,LAL,PHX,Luka Dončić,2025,LAL,Made,10.791200118615167,Luka Dončić
Shot Chart Detail,22500317,119,1629029,Luka Dončić,1610612747,Los Angeles Lakers,1,2,38,Made Shot,Step Back Jump shot,3PT Field Goal,Above the Break 3,Left Side Center(LC),24+ ft.,26.0,-230.0,135.0,1,1,20251201,LAL,PHX,Luka Dončić,2025,LAL,Made,26.669270706189174,Luka Dončić
Shot Chart Detail,22500317,124,1629029,Luka Dončić,1610612747,Los Angeles Lakers,1,2,12,Made Shot,Step Back Jump shot,3PT Field Goal,Above the Break 3,Right Side Center(RC),24+ ft.,25.0,165.0,200.0,1,1,20251201,LAL,PHX,Luka Dončić,2025,LAL,Made,25.927784324928346,Luka Dončić
Shot Chart Detail,22500317,138,1629029,Luka Dončić,1610612747,Los Angeles Lakers,1,1,22,Made Shot,Driving Floating Jump Shot,2PT Field Goal,In The Paint (Non-RA),Center(C),Less Than 8 ft.,4.0,-1.0,43.0,1,1,20251201,LAL,PHX,Luka Dončić,2025,LAL,Made,4.301162633521313,Luka Dončić
Shot Chart Detail,22500317,149,1629029,Luka Dončić,1610612747,Los Angeles Lakers,1,0,18,Missed Shot,Jump Shot,3PT Field Goal,Above the Break 3,Right Side Center(RC),24+ ft.,28.0,174.0,226.0,1,0,20251201,LAL,PHX,Luka Dončić,2025,LAL,Missed,28.522271999264014,Luka Dončić
Shot Chart Detail,22500317,236,1629029,Luka Dončić,1610612747,Los Angeles Lakers,2,6,13,Missed Shot,Driving Floating Jump Shot,2PT Field Goal,In The Paint (Non-RA),Center(C),8-16 ft.,12.0,-54.0,109.0,1,0,20251201,LAL,PHX,Luka Dončić,2025,LAL,Missed,12.164292005702592,Luka Dončić
Shot Chart Detail,22500317,247,1629029,Luka Dončić,1610612747,Los Angeles Lakers,2,5,23,Missed Shot,Fadeaway Jump Shot,2PT Field Goal,In The Paint (Non-RA),Center(C),8-16 ft.,13.0,4.0,135.0,1,0,20251201,LAL,PHX,Luka Dončić,2025,LAL,Missed,13.505924625881784,Luka Dončić
Shot Chart Detail,22500317,252,1629029,Luka Dončić,1610612747,Los Angeles Lakers,2,5,18,Missed Shot,Driving Floating Jump Shot,2PT Field Goal,Mid-Range,Left Side(L),8-16 ft.,15.0,-130.0,75.0,1,0,20251201,LAL,PHX,Luka Dončić,2025,LAL,Missed,15.008331019803634,Luka Dončić
Shot Chart Detail,22500317,255,1629029,Luka Dončić,1610612747,Los Angeles Lakers,2,4,52,Made Shot,Floating Jump shot,2PT Field Goal,In The Paint (Non-RA),Center(C),Less Than 8 ft.,7.0,33.0,62.0,1,1,20251201,LAL,PHX,Luka Dončić,2025,LAL,Made,7.02353187506115,Luka Dončić
Shot Chart Detail,22500317,311,1629029,Luka Dončić,1610612747,Los Angeles Lakers,2,0,58,Made Shot,Driving Layup Shot,2PT Field Goal,Restricted Area,Center(C),Less Than 8 ft.,2.0,15.0,19.0,1,1,20251201,LAL,PHX,Luka Dončić,2025,LAL,Made,2.420743687382041,Luka Dončić
Shot Chart Detail,22500317,314,1629029,Luka Dončić,1610612747,Los Angeles Lakers,2,0,34,Missed Shot,Driving Floating Jump Shot,2PT Field Goal,Mid-Range,Right Side Center(RC),16-24 ft.,16.0,80.0,142.0,1,0,20251201,LAL,PHX,Luka Dončić,2025,LAL,Missed,16.298466185503468,Luka Dončić
Shot Chart Detail,22500317,357,1629029,Luka Dončić,1610612747,Los Angeles Lakers,3,8,45,Made Shot,Floating Jump shot,2PT Field Goal,In The Paint (Non-RA),Center(C),8-16 ft.,11.0,-29.0,107.0,1,1,20251201,LAL,PHX,Luka Dončić,2025,LAL,Made,11.086027241532468,Luka Dončić
Shot Chart Detail,22500317,366,1629029,Luka Dončić,1610612747,Los Angeles Lakers,3,7,56,Made Shot,Pullup Jump shot,3PT Field Goal,Above the Break 3,Left Side Center(LC),24+ ft.,27.0,-199.0,186.0,1,1,20251201,LAL,PHX,Luka Dončić,2025,LAL,Made,27.239126270862652,Luka Dončić
Shot Chart Detail,22500317,384,1629029,Luka Dončić,1610612747,Los Angeles Lakers,3,6,59,Missed Shot,Turnaround Jump Shot,2PT Field Goal,In The Paint (Non-RA),Center(C),8-16 ft.,11.0,49.0,100.0,1,0,20251201,LAL,PHX,Luka Dončić,2025,LAL,Missed,11.13597772986279,Luka Dončić
Shot Chart Detail,22500317,398,1629029,Luka Dončić,1610612747,Los Angeles Lakers,3,5,19,Missed Shot,Driving Floating Jump Shot,2PT Field Goal,In The Paint (Non-RA),Center(C),Less Than 8 ft.,5.0,-29.0,49.0,1,0,20251201,LAL,PHX,Luka Dončić,2025,LAL,Missed,5.693856338194704,Luka Dončić
Shot Chart Detail,22500317,414,1629029,Luka Dončić,1610612747,Los Angeles Lakers,3,4,52,Made Shot,Floating Jump shot,2PT Field Goal,In The Paint (Non-RA),Center(C),8-16 ft.,10.0,-2.0,104.0,1,1,20251201,LAL,PHX,Luka Dončić,2025,LAL,Made,10.401922899156675,Luka Dončić
Shot Chart Detail,22500317,432,1629029,Luka Dončić,1610612747,Los Angeles Lakers,3,3,33,Made Shot,Driving Floating Bank Jump Shot,2PT Field Goal,In The Paint (Non-RA),Center(C),Less Than 8 ft.,4.0,-25.0,34.0,1,1,20251201,LAL,PHX,Luka Dončić,2025,LAL,Made,4.220189569201838,Luka Dončić
Shot Chart Detail,22500317,434,1629029,Luka Dončić,1610612747,Los Angeles Lakers,3,3,10,Missed Shot,Step Back Jump shot,3PT Field Goal,Above the Break 3,Left Side Center(LC),24+ ft.,25.0,-179.0,183.0,1,0,20251201,LAL,PHX,Luka Dončić,2025,LAL,Missed,25.598828098176682,Luka Dončić
Shot Chart Detail,22500317,453,1629029,Luka Dončić,1610612747,Los Angeles Lakers,3,2,6,Made Shot,Pullup Jump shot,2PT Field Goal,In The Paint (Non-RA),Center(C),8-16 ft.,13.0,-64.0,122.0,1,1,20251201,LAL,PHX,Luka Dončić,2025,LAL,Made,13.77679207943562,Luka Dončić
Shot Chart Detail,22500317,456,1629029,Luka Dončić,1610612747,Los Angeles Lakers,3,1,28,Missed Shot,Jump Shot,3PT Field Goal,Above the Break 3,Left Side Center(LC),24+ ft.,24.0,-233.0,90.0,1,0,20251201,LAL,PHX,Luka Dončić,2025,LAL,Missed,24.977790134437434,Luka Dončić
Shot Chart Detail,22500362,7,1629029,Luka Dončić,1610612747,Los Angeles Lakers,1,11,44,Made Shot,Step Back Jump shot,2PT Field Goal,Mid-Range,Center(C),16-24 ft.,17.0,39.0,174.0,1,1,20251207,PHI,LAL,Luka Dončić,2025,PHI,Made,17.831713322056295,Luka Dončić
Shot Chart Detail,22500362,14,1629029,Luka Dončić,1610612747,Los Angeles Lakers,1,10,49,Missed Shot,Step Back Jump shot,3PT Field Goal,Above the Break 3,Left Side Center(LC),24+ ft.,26.0,-191.0,178.0,1,0,20251207,PHI,LAL,Luka Dončić,2025,PHI,Missed,26.108427758101406,Luka Dončić
Shot Chart Detail,22500362,24,1629029,Luka Dončić,1610612747,Los Angeles Lakers,1,9,59,Made Shot,Fadeaway Jump Shot,2PT Field Goal,Mid-Range,Right Side(R),8-16 ft.,9.0,89.0,-35.0,1,1,20251207,PHI,LAL,Luka Dončić,2025,PHI,Made,9.563472172804186,Luka Dončić
Shot Chart Detail,22500362,32,1629029,Luka Dončić,1610612747,Los Angeles Lakers,1,9,26,Missed Shot,Pullup Jump shot,2PT Field Goal,In The Paint (Non-RA),Right Side(R),8-16 ft.,8.0,74.0,31.0,1,0,20251207,PHI,LAL,Luka Dončić,2025,PHI,Missed,8.023091673413685,Luka Dončić
Shot Chart Detail,22500362,51,1629029,Luka Dončić,1610612747,Los Angeles Lakers,1,7,21,Missed Shot,Turnaround Fadeaway shot,2PT Field Goal,Mid-Range,Left Side(L),16-24 ft.,17.0,-170.0,-8.0,1,0,20251207,PHI,LAL,Luka Dončić,2025,PHI,Missed,17.018813119603845,Luka Dončić
Shot Chart Detail,22500362,74,1629029,Luka Dončić,1610612747,Los Angeles Lakers,1,5,31,Missed Shot,Pullup Jump shot,2PT Field Goal,In The Paint (Non-RA),Center(C),8-16 ft.,11.0,-48.0,99.0,1,0,20251207,PHI,LAL,Luka Dončić,2025,PHI,Missed,11.002272492535349,Luka Dončić
Shot Chart Detail,22500362,102,1629029,Luka Dončić,1610612747,Los Angeles Lakers,1,3,30,Missed Shot,Step Back Jump shot,2PT Field Goal,In The Paint (Non-RA),Center(C),8-16 ft.,13.0,-34.0,128.0,1,0,20251207,PHI,LAL,Luka Dončić,2025,PHI,Missed,13.243866504914644,Luka Dončić
Shot Chart Detail,22500362,127,1629029,Luka Dončić,1610612747,Los Angeles Lakers,1,2,31,Made Shot,Jump Shot,3PT Field Goal,Above the Break 3,Left Side Center(LC),24+ ft.,25.0,-207.0,155.0,1,1,20251207,PHI,LAL,Luka Dončić,2025,PHI,Made,25.86000773395089,Luka Dončić
Shot Chart Detail,22500362,253,1629029,Luka Dončić,1610612747,Los Angeles Lakers,2,6,58,Missed Shot,Pullup Jump shot,3PT Field Goal,Above the Break 3,Right Side Center(RC),24+ ft.,25.0,168.0,195.0,1,0,20251207,PHI,LAL,Luka Dončić,2025,PHI,Missed,25.738881094561975,Luka Dončić
Shot Chart Detail,22500362,276,1629029,Luka Dončić,1610612747,Los Angeles Lakers,2,5,40,Made Shot,Driving Floating Jump Shot,2PT Field Goal,In The Paint (Non-RA),Center(C),Less Than 8 ft.,5.0,33.0,39.0,1,1,20251207,PHI,LAL,Luka Dončić,2025,PHI,Made,5.10881590977792,Luka Dončić
Shot Chart Detail,22500362,329,1629029,Luka Dončić,1610612747,Los Angeles Lakers,2,2,24,Missed Shot,Jump Bank Shot,2PT Field Goal,In The Paint (Non-RA),Right Side(R),8-16 ft.,9.0,66.0,69.0,1,0,20251207,PHI,LAL,Luka Dončić,2025,PHI,Missed,9.54829827770373,Luka Dončić
Shot Chart Detail,22500362,332,1629029,Luka Dončić,1610612747,Los Angeles Lakers,2,2,1,Made Shot,Driving Floating Jump Shot,2PT Field Goal,Mid-Range,Left Side(L),8-16 ft.,14.0,-107.0,101.0,1,1,20251207,PHI,LAL,Luka Dončić,2025,PHI,Made,14.713938969562161,Luka Dončić
Shot Chart Detail,22500362,347,1629029,Luka Dončić,1610612747,Los Angeles Lakers,2,1,29,Missed Shot,Step Back Jump shot,3PT Field Goal,Above the Break 3,Right Side Center(RC),24+ ft.,26.0,125.0,231.0,1,0,20251207,PHI,LAL,Luka Dončić,2025,PHI,Missed,26.265186083483208,Luka Dončić
Shot Chart Detail,22500362,365,1629029,Luka Dončić,1610612747,Los Angeles Lakers,2,0,30,Made Shot,Step Back Jump shot,3PT Field Goal,Above the Break 3,Right Side Center(RC),24+ ft.,25.0,91.0,243.0,1,1,20251207,PHI,LAL,Luka Dončić,2025,PHI,Made,25.948024973010952,Luka Dončić
Shot Chart Detail,22500362,398,1629029,Luka Dončić,1610612747,Los Angeles Lakers,3,8,55,Missed Shot,Turnaround Fadeaway shot,2PT Field Goal,Mid-Range,Left Side Center(LC),16-24 ft.,16.0,-89.0,136.0,1,0,20251207,PHI,LAL,Luka Dončić,2025,PHI,Missed,16.253307355735323,Luka Dončić
Shot Chart Detail,22500362,410,1629029,Luka Dončić,1610612747,Los Angeles Lakers,3,7,46,Made Shot,Driving Floating Jump Shot,2PT Field Goal,Mid-Range,Right Side Center(RC),16-24 ft.,17.0,81.0,155.0,1,1,20251207,PHI,LAL,Luka Dončić,2025,PHI,Made,17.488853593074648,Luka Dončić
Shot Chart Detail,22500362,427,1629029,Luka Dončić,1610612747,Los Angeles Lakers,3,6,20,Made Shot,Turnaround Jump Shot,2PT Field Goal,Mid-Range,Left Side(L),8-16 ft.,13.0,-91.0,98.0,1,1,20251207,PHI,LAL,Luka Dončić,2025,PHI,Made,13.373481222179961,Luka Dončić
Shot Chart Detail,22500362,461,1629029,Luka Dončić,1610612747,Los Angeles Lakers,3,3,33,Missed Shot,Pullup Jump shot,3PT Field Goal,Above the Break 3,Right Side Center(RC),24+ ft.,25.0,127.0,224.0,1,0,20251207,PHI,LAL,Luka Dončić,2025,PHI,Missed,25.74975728040946,Luka Dončić
Shot Chart Detail,22500362,465,1629029,Luka Dončić,1610612747,Los Angeles Lakers,3,3,19,Missed Shot,Driving Floating Jump Shot,2PT Field Goal,In The Paint (Non-RA),Center(C),8-16 ft.,11.0,16.0,117.0,1,0,20251207,PHI,LAL,Luka Dončić,2025,PHI,Missed,11.80889495253472,Luka Dončić
Shot Chart Detail,22500362,524,1629029,Luka Dončić,1610612747,Los Angeles Lakers,3,0,3,Missed Shot,Pullup Jump shot,3PT Field Goal,Above the Break 3,Right Side Center(RC),24+ ft.,26.0,156.0,216.0,1,0,20251207,PHI,LAL,Luka Dončić,2025,PHI,Missed,26.64432397340942,Luka Dončić
Shot Chart Detail,22500362,603,1629029,Luka Dončić,1610612747,Los Angeles Lakers,4,6,26,Missed Shot,Turnaround Jump Shot,2PT Field Goal,In The Paint (Non-RA),Left Side(L),8-16 ft.,12.0,-76.0,94.0,1,0,20251207,PHI,LAL,Luka Dončić,2025,PHI,Missed,12.088010589009262,Luka Dončić
Shot Chart Detail,22500362,610,1629029,Luka Dončić,1610612747,Los Angeles Lakers,4,6,2,Missed Shot,Step Back Jump shot,3PT Field Goal,Above the Break 3,Center(C),24+ ft.,26.0,-29.0,261.0,1,0,20251207,PHI,LAL,Luka Dončić,2025,PHI,Missed,26.260616900598507,Luka Dončić
Shot Chart Detail,22500362,622,1629029,Luka Dončić,1610612747,Los Angeles Lakers,4,5,14,Made Shot,Pullup Jump shot,2PT Field Goal,In The Paint (Non-RA),Right Side(R),8-16 ft.,15.0,80.0,138.0,1,1,20251207,PHI,LAL,Luka Dončić,2025,PHI,Made,15.951175505272332,Luka Dončić
Shot Chart Detail,22500362,657,1629029,Luka Dončić,1610612747,Los Angeles Lakers,4,2,7,Missed Shot,Step Back Jump shot,3PT Field Goal,Above the Break 3,Center(C),24+ ft.,26.0,-27.0,261.0,1,0,20251207,PHI,LAL,Luka Dončić,2025,PHI,Missed,26.239283526803852,Luka Dončić
Shot Chart Detail,22500379,14,1629029,Luka Dončić,1610612747,Los Angeles Lakers,1,11,8,Made Shot,Turnaround Fadeaway shot,2PT Field Goal,Mid-Range,Left Side(L),8-16 ft.,14.0,-147.0,10.0,1,1,20251218,UTA,LAL,Luka Dončić,2025,UTA,Made,14.733974345029925,Luka Dončić
Shot Chart Detail,22500379,26,1629029,Luka Dončić,1610612747,Los Angeles Lakers,1,10,0,Missed Shot,Jump Shot,3PT Field Goal,Above the Break 3,Center(C),24+ ft.,28.0,67.0,277.0,1,0,20251218,UTA,LAL,Luka Dončić,2025,UTA,Missed,28.498771903364535,Luka Dončić
Shot Chart Detail,22500379,50,1629029,Luka Dončić,1610612747,Los Angeles Lakers,1,7,38,Made Shot,Step Back Jump shot,3PT Field Goal,Above the Break 3,Left Side Center(LC),24+ ft.,25.0,-100.0,235.0,1,1,20251218,UTA,LAL,Luka Dončić,2025,UTA,Made,25.53918557824427,Luka Dončić
Shot Chart Detail,22500379,70,1629029,Luka Dončić,1610612747,Los Angeles Lakers,1,6,15,Missed Shot,Step Back Jump shot,3PT Field Goal,Above the Break 3,Center(C),24+ ft.,25.0,-10.0,250.0,1,0,20251218,UTA,LAL,Luka Dončić,2025,UTA,Missed,25.019992006393608,Luka Dončić
Shot Chart Detail,22500379,74,1629029,Luka Dončić,1610612747,Los Angeles Lakers,1,5,53,Missed Shot,Driving Floating Bank Jump Shot,2PT Field Goal,In The Paint (Non-RA),Center(C),Less Than 8 ft.,6.0,40.0,46.0,1,0,20251218,UTA,LAL,Luka Dončić,2025,UTA,Missed,6.095900261651268,Luka Dončić
Shot Chart Detail,22500379,95,1629029,Luka Dončić,1610612747,Los Angeles Lakers,1,4,53,Made Shot,Driving Finger Roll Layup Shot,2PT Field Goal,In The Paint (Non-RA),Center(C),Less Than 8 ft.,6.0,-28.0,56.0,1,1,20251218,UTA,LAL,Luka Dončić,2025,UTA,Made,6.260990336999411,Luka Dončić
Shot Chart Detail,22500379,149,1629029,Luka Dončić,1610612747,Los Angeles Lakers,1,1,39,Missed Shot,Driving Layup Shot,2PT Field Goal,Restricted Area,Center(C),Less Than 8 ft.,2.0,22.0,17.0,1,0,20251218,UTA,LAL,Luka Dončić,2025,UTA,Missed,2.7802877548915688,Luka Dončić
Shot Chart Detail,22500379,154,1629029,Luka Dončić,1610612747,Los Angeles Lakers,1,1,4,Missed Shot,Pullup Jump shot,3PT Field Goal,Above the Break 3,Right Side Center(RC),24+ ft.,27.0,110.0,253.0,1,0,20251218,UTA,LAL,Luka Dončić,2025,UTA,Missed,27.587859648765793,Luka Dončić
Shot Chart Detail,22500379,169,1629029,Luka Dončić,1610612747,Los Angeles Lakers,1,0,34,Missed Shot,Pullup Jump shot,3PT Field Goal,Above the Break 3,Right Side Center(RC),24+ ft.,27.0,135.0,242.0,1,0,20251218,UTA,LAL,Luka Dončić,2025,UTA,Missed,27.710828208481967,Luka Dončić
Shot Chart Detail,22500379,279,1629029,Luka Dončić,1610612747,Los Angeles Lakers,2,5,32,Missed Shot,Jump Shot,3PT Field Goal,Above the Break 3,Left Side Center(LC),24+ ft.,26.0,-169.0,199.0,1,0,20251218,UTA,LAL,Luka Dončić,2025,UTA,Missed,26.10785322465254,Luka Dončić
Shot Chart Detail,22500379,300,1629029,Luka Dončić,1610612747,Los Angeles Lakers,2,4,34,Made Shot,Step Back Jump shot,2PT Field Goal,Mid-Range,Right Side Center(RC),16-24 ft.,17.0,54.0,166.0,1,1,20251218,UTA,LAL,Luka Dončić,2025,UTA,Made,17.456230979223438,Luka Dončić
Shot Chart Detail,22500379,322,1629029,Luka Dončić,1610612747,Los Angeles Lakers,2,3,46,Made Shot,Turnaround Jump Shot,2PT Field Goal,In The Paint (Non-RA),Center(C),8-16 ft.,11.0,49.0,105.0,1,1,20251218,UTA,LAL,Luka Dončić,2025,UTA,Made,11.587061750072795,Luka Dončić
Shot Chart Detail,22500379,345,1629029,Luka Dončić,1610612747,Los Angeles Lakers,2,2,11,Missed Shot,Step Back Jump shot,3PT Field Goal,Above the Break 3,Right Side Center(RC),24+ ft.,25.0,174.0,180.0,1,0,20251218,UTA,LAL,Luka Dončić,2025,UTA,Missed,25.03517525403008,Luka Dončić
Shot Chart Detail,22500379,351,1629029,Luka Dončić,1610612747,Los Angeles Lakers,2,1,44,Made Shot,Running Pull-Up Jump Shot,2PT Field Goal,In The Paint (Non-RA),Right Side(R),8-16 ft.,10.0,69.0,82.0,1,1,20251218,UTA,LAL,Luka Dončić,2025,UTA,Made,10.716809226630845,Luka Dončić
Shot Chart Detail,22500379,371,1629029,Luka Dončić,1610612747,Los Angeles Lakers,2,0,31,Missed Shot,Driving Floating Jump Shot,2PT Field Goal,In The Paint (Non-RA),Center(C),8-16 ft.,10.0,38.0,93.0,1,0,20251218,UTA,LAL,Luka Dončić,2025,UTA,Missed,10.046392387319937,Luka Dončić
Shot Chart Detail,22500379,373,1629029,Luka Dončić,1610612747,Los Angeles Lakers,2,0,27,Made Shot,Floating Jump shot,2PT Field Goal,Restricted Area,Center(C),Less Than 8 ft.,3.0,28.0,13.0,1,1,20251218,UTA,LAL,Luka Dončić,2025,UTA,Made,3.087069808086626,Luka Dončić
Shot Chart Detail,22500379,379,1629029,Luka Dončić,1610612747,Los Angeles Lakers,2,0,3,Made Shot,Driving Floating Jump Shot,2PT Field Goal,Mid-Range,Center(C),16-24 ft.,22.0,-70.0,216.0,1,1,20251218,UTA,LAL,Luka Dončić,2025,UTA,Made,22.70594635772753,Luka Dončić
Shot Chart Detail,22500379,439,1629029,Luka Dončić,1610612747,Los Angeles Lakers,3,7,48,Made Shot,Jump Shot,3PT Field Goal,Above the Break 3,Left Side Center(LC),24+ ft.,26.0,-107.0,237.0,1,1,20251218,UTA,LAL,Luka Dončić,2025,UTA,Made,26.003461308064356,Luka Dončić
Shot Chart Detail,22500379,458,1629029,Luka Dončić,1610612747,Los Angeles Lakers,3,6,46,Missed Shot,Jump Shot,3PT Field Goal,Above the Break 3,Left Side Center(LC),24+ ft.,27.0,-212.0,169.0,1,0,20251218,UTA,LAL,Luka Dončić,2025,UTA,Missed,27.11180554666177,Luka Dončić
Shot Chart Detail,22500379,476,1629029,Luka Dončić,1610612747,Los Angeles Lakers,3,5,52,Made Shot,Turnaround Jump Shot,2PT Field Goal,Mid-Range,Right Side(R),8-16 ft.,11.0,91.0,73.0,1,1,20251218,UTA,LAL,Luka Dončić,2025,UTA,Made,11.666190466471907,Luka Dončić
Shot Chart Detail,22500379,489,1629029,Luka Dončić,1610612747,Los Angeles Lakers,3,4,59,Missed Shot,Step Back Jump shot,2PT Field Goal,Mid-Range,Left Side Center(LC),16-24 ft.,20.0,-102.0,176.0,1,0,20251218,UTA,LAL,Luka Dončić,2025,UTA,Missed,20.342074623793906,Luka Dončić
Shot Chart Detail,22500379,507,1629029,Luka Dončić,1610612747,Los Angeles Lakers,3,3,48,Missed Shot,Step Back Jump shot,2PT Field Goal,Mid-Range,Center(C),16-24 ft.,17.0,4.0,172.0,1,0,20251218,UTA,LAL,Luka Dončić,2025,UTA,Missed,17.204650534085253,Luka Dončić
Shot Chart Detail,22500379,540,1629029,Luka Dončić,1610612747,Los Angeles Lakers,3,1,12,Made Shot,Driving Layup Shot,2PT Field Goal,In The Paint (Non-RA),Left Side(L),8-16 ft.,9.0,-71.0,60.0,1,1,20251218,UTA,LAL,Luka Dončić,2025,UTA,Made,9.29569792968769,Luka Dončić
Shot Chart Detail,22500379,550,1629029,Luka Dončić,1610612747,Los Angeles Lakers,3,0,29,Missed Shot,Step Back Jump shot,3PT Field Goal,Above the Break 3,Left Side Center(LC),24+ ft.,29.0,-200.0,215.0,1,0,20251218,UTA,LAL,Luka Dončić,2025,UTA,Missed,29.364093720052047,Luka Dončić
Shot Chart Detail,22500379,641,1629029,Luka Dončić,1610612747,Los Angeles Lakers,4,6,42,Missed Shot,Turnaround Jump Shot,2PT Field Goal,In The Paint (Non-RA),Center(C),Less Than 8 ft.,6.0,29.0,63.0,1,0,20251218,UTA,LAL,Luka Dončić,2025,UTA,Missed,6.935416353759881,Luka Dončić
Shot Chart Detail,22500379,653,1629029,Luka Dončić,1610612747,Los Angeles Lakers,4,6,26,Made Shot,Pullup Jump shot,2PT Field Goal,In The Paint (Non-RA),Center(C),8-16 ft.,11.0,-54.0,96.0,1,1,20251218,UTA,LAL,Luka Dončić,2025,UTA,Made,11.014535850411491,Luka Dončić
Shot Chart Detail,22500379,670,1629029,Luka Dončić,1610612747,Los Angeles Lakers,4,4,48,Made Shot,Jump Shot,3PT Field Goal,Above the Break 3,Left Side Center(LC),24+ ft.,28.0,-218.0,186.0,1,1,20251218,UTA,LAL,Luka Dončić,2025,UTA,Made,28.65658737533135,Luka Dončić
Shot Chart Detail,22500379,680,1629029,Luka Dončić,1610612747,Los Angeles Lakers,4,4,23,Made Shot,Running Jump Shot,3PT Field Goal,Above the Break 3,Center(C),24+ ft.,31.0,-34.0,311.0,1,1,20251218,UTA,LAL,Luka Dončić,2025,UTA,Made,31.28530006248941,Luka Dončić
Shot Chart Detail,22500395,7,1629029,Luka Dončić,1610612747,Los Angeles Lakers,1,11,37,Missed Shot,Step Back Jump shot,2PT Field Goal,Mid-Range,Center(C),8-16 ft.,15.0,67.0,141.0,1,0,20251220,LAC,LAL,Luka Dončić,2025,LAC,Missed,15.61089363233252,Luka Dončić
Shot Chart Detail,22500395,40,1629029,Luka Dončić,1610612747,Los Angeles Lakers,1,8,40,Missed Shot,Driving Floating Jump Shot,2PT Field Goal,Mid-Range,Right Side Center(RC),16-24 ft.,16.0,74.0,145.0,1,0,20251220,LAC,LAL,Luka Dončić,2025,LAC,Missed,16.27912774076056,Luka Dončić
Shot Chart Detail,22500395,65,1629029,Luka Dončić,1610612747,Los Angeles Lakers,1,6,17,Missed Shot,Fadeaway Jump Shot,2PT Field Goal,Mid-Range,Center(C),8-16 ft.,15.0,-51.0,150.0,1,0,20251220,LAC,LAL,Luka Dončić,2025,LAC,Missed,15.843295111813072,Luka Dončić
Shot Chart Detail,22500395,73,1629029,Luka Dončić,1610612747,Los Angeles Lakers,1,5,40,Missed Shot,Pullup Jump shot,2PT Field Goal,In The Paint (Non-RA),Center(C),Less Than 8 ft.,7.0,56.0,53.0,1,0,20251220,LAC,LAL,Luka Dončić,2025,LAC,Missed,7.710382610480494,Luka Dončić
Shot Chart Detail,22500395,97,1629029,Luka Dončić,1610612747,Los Angeles Lakers,1,4,20,Missed Shot,Step Back Jump shot,3PT Field Goal,Right Corner 3,Right Side(R),24+ ft.,23.0,228.0,71.0,1,0,20251220,LAC,LAL,Luka Dončić,2025,LAC,Missed,23.879907872519105,Luka Dončić
Shot Chart Detail,22500395,114,1629029,Luka Dončić,1610612747,Los Angeles Lakers,1,3,12,Missed Shot,Step Back Jump shot,3PT Field Goal,Above the Break 3,Right Side Center(RC),24+ ft.,25.0,156.0,205.0,1,0,20251220,LAC,LAL,Luka Dončić,2025,LAC,Missed,25.760628874311276,Luka Dončić
Shot Chart Detail,22500395,125,1629029,Luka Dončić,1610612747,Los Angeles Lakers,1,2,40,Made Shot,Driving Floating Jump Shot,2PT Field Goal,In The Paint (Non-RA),Center(C),Less Than 8 ft.,7.0,5.0,79.0,1,1,20251220,LAC,LAL,Luka Dončić,2025,LAC,Made,7.9158069708653205,Luka Dončić
Shot Chart Detail,22500395,133,1629029,Luka Dončić,1610612747,Los Angeles Lakers,1,1,35,Missed Shot,Step Back Jump shot,3PT Field Goal,Above the Break 3,Center(C),24+ ft.,24.0,-15.0,248.0,1,0,20251220,LAC,LAL,Luka Dončić,2025,LAC,Missed,24.845321491178176,Luka Dončić
Shot Chart Detail,22500395,145,1629029,Luka Dončić,1610612747,Los Angeles Lakers,1,0,49,Made Shot,Driving Floating Jump Shot,2PT Field Goal,Mid-Range,Center(C),8-16 ft.,15.0,-60.0,148.0,1,1,20251220,LAC,LAL,Luka Dončić,2025,LAC,Made,15.969971822141705,Luka Dončić
Shot Chart Detail,22500395,148,1629029,Luka Dončić,1610612747,Los Angeles Lakers,1,0,9,Missed Shot,Jump Shot,3PT Field Goal,Above the Break 3,Right Side Center(RC),24+ ft.,31.0,196.0,247.0,1,0,20251220,LAC,LAL,Luka Dončić,2025,LAC,Missed,31.531730050855124,Luka Dončić
Shot Chart Detail,22500395,233,1629029,Luka Dončić,1610612747,Los Angeles Lakers,2,6,15,Made Shot,Jump Shot,3PT Field Goal,Above the Break 3,Right Side Center(RC),24+ ft.,26.0,136.0,224.0,1,1,20251220,LAC,LAL,Luka Dončić,2025,LAC,Made,26.20534296665472,Luka Dončić
Shot Chart Detail,22500395,244,1629029,Luka Dončić,1610612747,Los Angeles Lakers,2,4,47,Missed Shot,Pullup Jump shot,3PT Field Goal,Above the Break 3,Left Side Center(LC),24+ ft.,24.0,-85.0,235.0,1,0,20251220,LAC,LAL,Luka Dončić,2025,LAC,Missed,24.9899979991996,Luka Dončić
Shot Chart Detail,22500395,272,1629029,Luka Dončić,1610612747,Los Angeles Lakers,2,3,21,Made Shot,Pullup Jump shot,2PT Field Goal,Mid-Range,Right Side(R),8-16 ft.,14.0,138.0,47.0,1,1,20251220,LAC,LAL,Luka Dončić,2025,LAC,Made,14.57840869230932,Luka Dončić
Shot Chart Detail,22500446,19,1629029,Luka Dončić,1610612747,Los Angeles Lakers,1,10,24,Made Shot,Driving Layup Shot,2PT Field Goal,Restricted Area,Center(C),Less Than 8 ft.,1.0,6.0,16.0,1,1,20251228,LAL,SAC,Luka Dončić,2025,LAL,Made,1.708800749063506,Luka Dončić
Shot Chart Detail,22500446,59,1629029,Luka Dončić,1610612747,Los Angeles Lakers,1,6,34,Missed Shot,Jump Shot,3PT Field Goal,Above the Break 3,Center(C),24+ ft.,29.0,-77.0,282.0,1,0,20251228,LAL,SAC,Luka Dončić,2025,LAL,Missed,29.232345099221856,Luka Dončić
Shot Chart Detail,22500446,86,1629029,Luka Dončić,1610612747,Los Angeles Lakers,1,4,49,Made Shot,Pullup Jump shot,3PT Field Goal,Above the Break 3,Right Side Center(RC),24+ ft.,27.0,130.0,241.0,1,1,20251228,LAL,SAC,Luka Dončić,2025,LAL,Made,27.382658746002004,Luka Dončić
Shot Chart Detail,22500446,94,1629029,Luka Dončić,1610612747,Los Angeles Lakers,1,4,23,Missed Shot,Step Back Jump shot,3PT Field Goal,Above the Break 3,Right Side Center(RC),24+ ft.,27.0,86.0,257.0,1,0,20251228,LAL,SAC,Luka Dončić,2025,LAL,Missed,27.10073799733136,Luka Dončić
Shot Chart Detail,22500446,96,1629029,Luka Dončić,1610612747,Los Angeles Lakers,1,4,12,Missed Shot,Turnaround Fadeaway shot,2PT Field Goal,Mid-Range,Right Side Center(RC),16-24 ft.,18.0,116.0,145.0,1,0,20251228,LAL,SAC,Luka Dončić,2025,LAL,Missed,18.56906028855526,Luka Dončić
Shot Chart Detail,22500446,102,1629029,Luka Dončić,1610612747,Los Angeles Lakers,1,4,3,Missed Shot,Jump Shot,3PT Field Goal,Above the Break 3,Left Side Center(LC),24+ ft.,26.0,-218.0,145.0,1,0,20251228,LAL,SAC,Luka Dončić,2025,LAL,Missed,26.181863951980194,Luka Dončić
Shot Chart Detail,22500446,213,1629029,Luka Dončić,1610612747,Los Angeles Lakers,2,8,7,Made Shot,Pullup Jump shot,3PT Field Goal,Above the Break 3,Center(C),24+ ft.,29.0,-81.0,279.0,1,1,20251228,LAL,SAC,Luka Dončić,2025,LAL,Made,29.052022304824153,Luka Dončić
Shot Chart Detail,22500446,239,1629029,Luka Dončić,1610612747,Los Angeles Lakers,2,5,59,Made Shot,Turnaround Fadeaway shot,2PT Field Goal,In The Paint (Non-RA),Left Side(L),8-16 ft.,9.0,-64.0,69.0,1,1,20251228,LAL,SAC,Luka Dončić,2025,LAL,Made,9.411163583744573,Luka Dončić
Shot Chart Detail,22500446,250,1629029,Luka Dončić,1610612747,Los Angeles Lakers,2,5,30,Made Shot,Driving Layup Shot,2PT Field Goal,Restricted Area,Center(C),Less Than 8 ft.,1.0,-4.0,13.0,1,1,20251228,LAL,SAC,Luka Dončić,2025,LAL,Made,1.3601470508735445,Luka Dončić
Shot Chart Detail,22500446,252,1629029,Luka Dončić,1610612747,Los Angeles Lakers,2,5,2,Missed Shot,Step Back Jump shot,3PT Field Goal,Above the Break 3,Center(C),24+ ft.,28.0,78.0,276.0,1,0,20251228,LAL,SAC,Luka Dončić,2025,LAL,Missed,28.681004166521085,Luka Dončić
Shot Chart Detail,22500446,261,1629029,Luka Dončić,1610612747,Los Angeles Lakers,2,4,23,Missed Shot,Jump Shot,3PT Field Goal,Above the Break 3,Left Side Center(LC),24+ ft.,26.0,-116.0,239.0,1,0,20251228,LAL,SAC,Luka Dončić,2025,LAL,Missed,26.566332076521213,Luka Dončić
Shot Chart Detail,22500446,272,1629029,Luka Dončić,1610612747,Los Angeles Lakers,2,3,0,Made Shot,Driving Layup Shot,2PT Field Goal,Restricted Area,Center(C),Less Than 8 ft.,3.0,13.0,32.0,1,1,20251228,LAL,SAC,Luka Dončić,2025,LAL,Made,3.4539832078341086,Luka Dončić
Shot Chart Detail,22500446,312,1629029,Luka Dončić,1610612747,Los Angeles Lakers,2,1,5,Made Shot,Pullup Jump shot,3PT Field Goal,Above the Break 3,Right Side Center(RC),24+ ft.,26.0,121.0,236.0,1,1,20251228,LAL,SAC,Luka Dončić,2025,LAL,Made,26.52112365643658,Luka Dončić
Shot Chart Detail,22500446,351,1629029,Luka Dončić,1610612747,Los Angeles Lakers,3,10,55,Made Shot,Jump Shot,3PT Field Goal,Above the Break 3,Right Side Center(RC),24+ ft.,25.0,200.0,152.0,1,1,20251228,LAL,SAC,Luka Dončić,2025,LAL,Made,25.12050954897213,Luka Dončić
Shot Chart Detail,22500446,373,1629029,Luka Dončić,1610612747,Los Angeles Lakers,3,8,47,Missed Shot,Running Pull-Up Jump Shot,3PT Field Goal,Above the Break 3,Right Side Center(RC),24+ ft.,25.0,136.0,215.0,1,0,20251228,LAL,SAC,Luka Dončić,2025,LAL,Missed,25.440322325002093,Luka Dončić
Shot Chart Detail,22500446,397,1629029,Luka Dončić,1610612747,Los Angeles Lakers,3,7,10,Missed Shot,Pullup Jump shot,2PT Field Goal,Mid-Range,Right Side Center(RC),16-24 ft.,19.0,129.0,145.0,1,0,20251228,LAL,SAC,Luka Dončić,2025,LAL,Missed,19.407730418572903,Luka Dončić
Shot Chart Detail,22500446,411,1629029,Luka Dončić,1610612747,Los Angeles Lakers,3,6,11,Made Shot,Driving Floating Jump Shot,2PT Field Goal,In The Paint (Non-RA),Center(C),Less Than 8 ft.,7.0,-31.0,69.0,1,1,20251228,LAL,SAC,Luka Dončić,2025,LAL,Made,7.5643902596309776,Luka Dončić
Shot Chart Detail,22500446,425,1629029,Luka Dončić,1610612747,Los Angeles Lakers,3,5,16,Missed Shot,Jump Shot,3PT Field Goal,Above the Break 3,Center(C),24+ ft.,27.0,6.0,274.0,1,0,20251228,LAL,SAC,Luka Dončić,2025,LAL,Missed,27.406568555731308,Luka Dončić
Shot Chart Detail,22500446,435,1629029,Luka Dončić,1610612747,Los Angeles Lakers,3,4,51,Missed Shot,Step Back Jump shot,3PT Field Goal,Above the Break 3,Left Side Center(LC),24+ ft.,26.0,-148.0,215.0,1,0,20251228,LAL,SAC,Luka Dončić,2025,LAL,Missed,26.101532522057017,Luka Dončić
Shot Chart Detail,22500446,442,1629029,Luka Dončić,1610612747,Los Angeles Lakers,3,4,19,Made Shot,Driving Floating Bank Jump Shot,2PT Field Goal,In The Paint (Non-RA),Left Side(L),8-16 ft.,8.0,-49.0,69.0,1,1,20251228,LAL,SAC,Luka Dončić,2025,LAL,Made,8.462860036654275,Luka Dončić
Shot Chart Detail,22500446,477,1629029,Luka Dončić,1610612747,Los Angeles Lakers,3,0,39,Missed Shot,Step Back Jump shot,3PT Field Goal,Above the Break 3,Left Side Center(LC),24+ ft.,26.0,-141.0,226.0,1,0,20251228,LAL,SAC,Luka Dončić,2025,LAL,Missed,26.63775516067373,Luka Dončić
Shot Chart Detail,22500446,484,1629029,Luka Dončić,1610612747,Los Angeles Lakers,3,0,13,Missed Shot,Driving Floating Bank Jump Shot,2PT Field Goal,Restricted Area,Center(C),Less Than 8 ft.,3.0,21.0,27.0,1,0,20251228,LAL,SAC,Luka Dončić,2025,LAL,Missed,3.4205262752974144,Luka Dončić
Shot Chart Detail,22500446,598,1629029,Luka Dončić,1610612747,Los Angeles Lakers,4,4,58,Made Shot,Pullup Jump shot,3PT Field Goal,Above the Break 3,Left Side Center(LC),24+ ft.,26.0,-162.0,205.0,1,1,20251228,LAL,SAC,Luka Dončić,2025,LAL,Made,26.1283371074395,Luka Dončić
Shot Chart Detail,22500460,18,1629029,Luka Dončić,1610612747,Los Angeles Lakers,1,10,34,Missed Shot,Layup Shot,2PT Field Goal,In The Paint (Non-RA),Center(C),Less Than 8 ft.,5.0,48.0,35.0,1,0,20251230,LAL,DET,Luka Dončić,2025,LAL,Missed,5.940538696111658,Luka Dončić
Shot Chart Detail,22500460,34,1629029,Luka Dončić,1610612747,Los Angeles Lakers,1,9,22,Made Shot,Jump Shot,3PT Field Goal,Above the Break 3,Left Side Center(LC),24+ ft.,28.0,-135.0,253.0,1,1,20251230,LAL,DET,Luka Dončić,2025,LAL,Made,28.67647119155354,Luka Dončić
Shot Chart Detail,22500460,45,1629029,Luka Dončić,1610612747,Los Angeles Lakers,1,8,2,Missed Shot,Jump Shot,3PT Field Goal,Above the Break 3,Left Side Center(LC),24+ ft.,27.0,-165.0,218.0,1,0,20251230,LAL,DET,Luka Dončić,2025,LAL,Missed,27.340263349134,Luka Dončić
Shot Chart Detail,22500460,56,1629029,Luka Dončić,1610612747,Los Angeles Lakers,1,7,34,Missed Shot,Driving Floating Jump Shot,2PT Field Goal,In The Paint (Non-RA),Center(C),Less Than 8 ft.,7.0,-65.0,41.0,1,0,20251230,LAL,DET,Luka Dončić,2025,LAL,Missed,7.6850504227363405,Luka Dončić
Shot Chart Detail,22500460,74,1629029,Luka Dončić,1610612747,Los Angeles Lakers,1,6,12,Made Shot,Turnaround Jump Shot,2PT Field Goal,In The Paint (Non-RA),Left Side(L),8-16 ft.,11.0,-60.0,103.0,1,1,20251230,LAL,DET,Luka Dončić,2025,LAL,Made,11.920151005754919,Luka Dončić
Shot Chart Detail,22500460,83,1629029,Luka Dončić,1610612747,Los Angeles Lakers,1,5,44,Made Shot,Jump Shot,3PT Field Goal,Above the Break 3,Right Side Center(RC),24+ ft.,31.0,137.0,284.0,1,1,20251230,LAL,DET,Luka Dončić,2025,LAL,Made,31.531730050855124,Luka Dončić
Shot Chart Detail,22500460,87,1629029,Luka Dončić,1610612747,Los Angeles Lakers,1,5,15,Missed Shot,Step Back Jump shot,3PT Field Goal,Above the Break 3,Left Side Center(LC),24+ ft.,27.0,-154.0,229.0,1,0,20251230,LAL,DET,Luka Dončić,2025,LAL,Missed,27.596557756357946,Luka Dončić
Shot Chart Detail,22500460,120,1629029,Luka Dončić,1610612747,Los Angeles Lakers,1,3,4,Missed Shot,Jump Shot,3PT Field Goal,Above the Break 3,Left Side Center(LC),24+ ft.,26.0,-170.0,205.0,1,0,20251230,LAL,DET,Luka Dončić,2025,LAL,Missed,26.631747971171553,Luka Dončić
Shot Chart Detail,22500460,122,1629029,Luka Dončić,1610612747,Los Angeles Lakers,1,2,56,Made Shot,Driving Layup Shot,2PT Field Goal,Restricted Area,Center(C),Less Than 8 ft.,3.0,28.0,24.0,1,1,20251230,LAL,DET,Luka Dončić,2025,LAL,Made,3.687817782917155,Luka Dončić
Shot Chart Detail,22500460,235,1629029,Luka Dončić,1610612747,Los Angeles Lakers,2,8,42,Made Shot,Step Back Jump shot,2PT Field Goal,Mid-Range,Left Side(L),8-16 ft.,13.0,-130.0,32.0,1,1,20251230,LAL,DET,Luka Dončić,2025,LAL,Made,13.388054376943648,Luka Dončić
Shot Chart Detail,22500460,262,1629029,Luka Dončić,1610612747,Los Angeles Lakers,2,6,58,Missed Shot,Step Back Jump shot,3PT Field Goal,Above the Break 3,Left Side Center(LC),24+ ft.,26.0,-164.0,205.0,1,0,20251230,LAL,DET,Luka Dončić,2025,LAL,Missed,26.25280937347468,Luka Dončić
Shot Chart Detail,22500460,268,1629029,Luka Dončić,1610612747,Los Angeles Lakers,2,6,8,Made Shot,Step Back Jump shot,2PT Field Goal,Mid-Range,Left Side(L),8-16 ft.,13.0,-130.0,21.0,1,1,20251230,LAL,DET,Luka Dončić,2025,LAL,Made,13.168523075880605,Luka Dončić
Shot Chart Detail,22500460,393,1629029,Luka Dončić,1610612747,Los Angeles Lakers,3,10,37,Missed Shot,Pullup Jump shot,3PT Field Goal,Above the Break 3,Left Side Center(LC),24+ ft.,25.0,-206.0,152.0,1,0,20251230,LAL,DET,Luka Dončić,2025,LAL,Missed,25.600781238079435,Luka Dončić
Shot Chart Detail,22500460,401,1629029,Luka Dončić,1610612747,Los Angeles Lakers,3,10,6,Made Shot,Turnaround Fadeaway shot,2PT Field Goal,In The Paint (Non-RA),Center(C),8-16 ft.,9.0,0.0,92.0,1,1,20251230,LAL,DET,Luka Dončić,2025,LAL,Made,9.2,Luka Dončić
Shot Chart Detail,22500460,431,1629029,Luka Dončić,1610612747,Los Angeles Lakers,3,7,8,Missed Shot,Pullup Jump shot,3PT Field Goal,Above the Break 3,Left Side Center(LC),24+ ft.,28.0,-176.0,223.0,1,0,20251230,LAL,DET,Luka Dončić,2025,LAL,Missed,28.408625450732387,Luka Dončić
Shot Chart Detail,22500460,452,1629029,Luka Dončić,1610612747,Los Angeles Lakers,3,6,4,Missed Shot,Step Back Jump shot,2PT Field Goal,Mid-Range,Center(C),16-24 ft.,19.0,-23.0,193.0,1,0,20251230,LAL,DET,Luka Dončić,2025,LAL,Missed,19.43656348226198,Luka Dončić
Shot Chart Detail,22500460,456,1629029,Luka Dončić,1610612747,Los Angeles Lakers,3,5,47,Made Shot,Driving Floating Bank Jump Shot,2PT Field Goal,In The Paint (Non-RA),Left Side(L),8-16 ft.,9.0,-58.0,79.0,1,1,20251230,LAL,DET,Luka Dončić,2025,LAL,Made,9.800510190801294,Luka Dončić
Shot Chart Detail,22500460,503,1629029,Luka Dončić,1610612747,Los Angeles Lakers,3,2,56,Made Shot,Step Back Jump shot,3PT Field Goal,Above the Break 3,Left Side Center(LC),24+ ft.,30.0,-172.0,249.0,1,1,20251230,LAL,DET,Luka Dončić,2025,LAL,Made,30.263013729633734,Luka Dončić
Shot Chart Detail,22500460,526,1629029,Luka Dončić,1610612747,Los Angeles Lakers,3,1,51,Missed Shot,Driving Floating Bank Jump Shot,2PT Field Goal,In The Paint (Non-RA),Left Side(L),8-16 ft.,8.0,-59.0,62.0,1,0,20251230,LAL,DET,Luka Dončić,2025,LAL,Missed,8.558621384311845,Luka Dončić
Shot Chart Detail,22500460,599,1629029,Luka Dončić,1610612747,Los Angeles Lakers,4,9,11,Missed Shot,Jump Shot,3PT Field Goal,Left Corner 3,Left Side(L),24+ ft.,23.0,-237.0,32.0,1,0,20251230,LAL,DET,Luka Dončić,2025,LAL,Missed,23.91505801790997,Luka Dončić
Shot Chart Detail,22500460,657,1629029,Luka Dončić,1610612747,Los Angeles Lakers,4,5,19,Missed Shot,Pullup Jump shot,2PT Field Goal,In The Paint (Non-RA),Center(C),8-16 ft.,11.0,-44.0,101.0,1,0,20251230,LAL,DET,Luka Dončić,2025,LAL,Missed,11.01680534456337,Luka Dončić
Shot Chart Detail,22500460,669,1629029,Luka Dončić,1610612747,Los Angeles Lakers,4,4,32,Missed Shot,Step Back Jump shot,3PT Field Goal,Left Corner 3,Left Side(L),24+ ft.,23.0,-234.0,47.0,1,0,20251230,LAL,DET,Luka Dončić,2025,LAL,Missed,23.86734170367534,Luka Dončić
Shot Chart Detail,22500485,18,1629029,Luka Dončić,1610612747,Los Angeles Lakers,1,10,12,Made Shot,Driving Floating Jump Shot,2PT Field Goal,In The Paint (Non-RA),Center(C),Less Than 8 ft.,7.0,27.0,67.0,1,1,20260102,LAL,MEM,Luka Dončić,2026,LAL,Made,7.223572523343281,Luka Dončić
Shot Chart Detail,22500485,21,1629029,Luka Dončić,1610612747,Los Angeles Lakers,1,9,44,Missed Shot,Jump Shot,3PT Field Goal,Above the Break 3,Left Side Center(LC),24+ ft.,30.0,-119.0,278.0,1,0,20260102,LAL,MEM,Luka Dončić,2026,LAL,Missed,30.239874338363244,Luka Dončić
Shot Chart Detail,22500485,84,1629029,Luka Dončić,1610612747,Los Angeles Lakers,1,5,8,Made Shot,Driving Layup Shot,2PT Field Goal,Restricted Area,Center(C),Less Than 8 ft.,2.0,17.0,18.0,1,1,20260102,LAL,MEM,Luka Dončić,2026,LAL,Made,2.4758836806279896,Luka Dončić
Shot Chart Detail,22500485,104,1629029,Luka Dončić,1610612747,Los Angeles Lakers,1,3,42,Missed Shot,Turnaround Fadeaway shot,2PT Field Goal,Mid-Range,Left Side(L),8-16 ft.,12.0,-126.0,20.0,1,0,20260102,LAL,MEM,Luka Dončić,2026,LAL,Missed,12.75774274705365,Luka Dončić
Shot Chart Detail,22500485,126,1629029,Luka Dončić,1610612747,Los Angeles Lakers,1,2,28,Missed Shot,Jump Shot,3PT Field Goal,Above the Break 3,Right Side Center(RC),24+ ft.,31.0,113.0,299.0,1,0,20260102,LAL,MEM,Luka Dončić,2026,LAL,Missed,31.964042297556794,Luka Dončić
Shot Chart Detail,22500485,283,1629029,Luka Dončić,1610612747,Los Angeles Lakers,2,6,4,Missed Shot,Pullup Jump shot,3PT Field Goal,Above the Break 3,Center(C),24+ ft.,29.0,-32.0,294.0,1,0,20260102,LAL,MEM,Luka Dončić,2026,LAL,Missed,29.57363690857112,Luka Dončić
Shot Chart Detail,22500485,326,1629029,Luka Dončić,1610612747,Los Angeles Lakers,2,2,23,Missed Shot,Fadeaway Jump Shot,2PT Field Goal,In The Paint (Non-RA),Center(C),Less Than 8 ft.,7.0,6.0,78.0,1,0,20260102,LAL,MEM,Luka Dončić,2026,LAL,Missed,7.823042886243178,Luka Dončić
Shot Chart Detail,22500485,347,1629029,Luka Dončić,1610612747,Los Angeles Lakers,2,1,7,Missed Shot,Step Back Jump shot,3PT Field Goal,Above the Break 3,Right Side Center(RC),24+ ft.,26.0,138.0,230.0,1,0,20260102,LAL,MEM,Luka Dončić,2026,LAL,Missed,26.82237871628838,Luka Dončić
Shot Chart Detail,22500485,385,1629029,Luka Dončić,1610612747,Los Angeles Lakers,3,10,22,Made Shot,Pullup Jump shot,2PT Field Goal,In The Paint (Non-RA),Center(C),8-16 ft.,11.0,10.0,117.0,1,1,20260102,LAL,MEM,Luka Dončić,2026,LAL,Made,11.742657280190034,Luka Dončić
Shot Chart Detail,22500485,404,1629029,Luka Dončić,1610612747,Los Angeles Lakers,3,8,54,Missed Shot,Fadeaway Jump Shot,2PT Field Goal,In The Paint (Non-RA),Center(C),8-16 ft.,8.0,-22.0,83.0,1,0,20260102,LAL,MEM,Luka Dončić,2026,LAL,Missed,8.586617494683223,Luka Dončić
Shot Chart Detail,22500485,451,1629029,Luka Dončić,1610612747,Los Angeles Lakers,3,6,14,Missed Shot,Step Back Jump shot,3PT Field Goal,Above the Break 3,Left Side Center(LC),24+ ft.,26.0,-218.0,158.0,1,0,20260102,LAL,MEM,Luka Dončić,2026,LAL,Missed,26.923595599399427,Luka Dončić
Shot Chart Detail,22500485,476,1629029,Luka Dončić,1610612747,Los Angeles Lakers,3,5,1,Made Shot,Driving Layup Shot,2PT Field Goal,Restricted Area,Center(C),Less Than 8 ft.,1.0,0.0,11.0,1,1,20260102,LAL,MEM,Luka Dončić,2026,LAL,Made,1.1,Luka Dončić
Shot Chart Detail,22500485,491,1629029,Luka Dončić,1610612747,Los Angeles Lakers,3,4,10,Made Shot,Step Back Jump shot,3PT Field Goal,Above the Break 3,Left Side Center(LC),24+ ft.,28.0,-109.0,264.0,1,1,20260102,LAL,MEM,Luka Dončić,2026,LAL,Made,28.5616876252087,Luka Dončić
Shot Chart Detail,22500485,509,1629029,Luka Dončić,1610612747,Los Angeles Lakers,3,2,36,Made Shot,Cutting Layup Shot,2PT Field Goal,Restricted Area,Center(C),Less Than 8 ft.,0.0,-6.0,2.0,1,1,20260102,LAL,MEM,Luka Dončić,2026,LAL,Made,0.6324555320336759,Luka Dončić
Shot Chart Detail,22500485,617,1629029,Luka Dončić,1610612747,Los Angeles Lakers,4,7,34,Missed Shot,Step Back Jump shot,3PT Field Goal,Above the Break 3,Left Side Center(LC),24+ ft.,24.0,-229.0,91.0,1,0,20260102,LAL,MEM,Luka Dončić,2026,LAL,Missed,24.641834347304588,Luka Dončić
Shot Chart Detail,22500485,620,1629029,Luka Dončić,1610612747,Los Angeles Lakers,4,6,53,Made Shot,Driving Floating Jump Shot,2PT Field Goal,In The Paint (Non-RA),Center(C),Less Than 8 ft.,5.0,16.0,48.0,1,1,20260102,LAL,MEM,Luka Dončić,2026,LAL,Made,5.059644256269407,Luka Dončić
Shot Chart Detail,22500485,637,1629029,Luka Dončić,1610612747,Los Angeles Lakers,4,5,50,Missed Shot,Fadeaway Jump Shot,2PT Field Goal,In The Paint (Non-RA),Left Side(L),8-16 ft.,10.0,-56.0,86.0,1,0,20260102,LAL,MEM,Luka Dončić,2026,LAL,Missed,10.262553288533999,Luka Dončić
Shot Chart Detail,22500485,658,1629029,Luka Dončić,1610612747,Los Angeles Lakers,4,4,46,Made Shot,Fadeaway Jump Shot,2PT Field Goal,In The Paint (Non-RA),Left Side(L),8-16 ft.,8.0,-62.0,63.0,1,1,20260102,LAL,MEM,Luka Dončić,2026,LAL,Made,8.83911760301898,Luka Dončić
Shot Chart Detail,22500501,62,1629029,Luka Dončić,1610612747,Los Angeles Lakers,1,6,48,Made Shot,Fadeaway Jump Shot,2PT Field Goal,In The Paint (Non-RA),Center(C),8-16 ft.,15.0,-64.0,138.0,1,1,20260104,LAL,MEM,Luka Dončić,2026,LAL,Made,15.211837495845135,Luka Dončić
Shot Chart Detail,22500501,78,1629029,Luka Dončić,1610612747,Los Angeles Lakers,1,6,20,Made Shot,Step Back Jump shot,2PT Field Goal,Mid-Range,Center(C),16-24 ft.,18.0,29.0,184.0,1,1,20260104,LAL,MEM,Luka Dončić,2026,LAL,Made,18.627130750601392,Luka Dončić
Shot Chart Detail,22500501,83,1629029,Luka Dončić,1610612747,Los Angeles Lakers,1,5,49,Missed Shot,Pullup Jump shot,3PT Field Goal,Above the Break 3,Right Side Center(RC),24+ ft.,26.0,159.0,206.0,1,0,20260104,LAL,MEM,Luka Dončić,2026,LAL,Missed,26.02249027283899,Luka Dončić
Shot Chart Detail,22500501,97,1629029,Luka Dončić,1610612747,Los Angeles Lakers,1,4,38,Made Shot,Driving Floating Jump Shot,2PT Field Goal,Restricted Area,Center(C),Less Than 8 ft.,3.0,13.0,35.0,1,1,20260104,LAL,MEM,Luka Dončić,2026,LAL,Made,3.733630940518894,Luka Dončić
Shot Chart Detail,22500501,123,1629029,Luka Dončić,1610612747,Los Angeles Lakers,1,2,49,Made Shot,Step Back Jump shot,3PT Field Goal,Above the Break 3,Left Side Center(LC),24+ ft.,26.0,-168.0,208.0,1,1,20260104,LAL,MEM,Luka Dončić,2026,LAL,Made,26.737239947309444,Luka Dončić
Shot Chart Detail,22500501,149,1629029,Luka Dončić,1610612747,Los Angeles Lakers,1,1,14,Missed Shot,Jump Shot,3PT Field Goal,Above the Break 3,Right Side Center(RC),24+ ft.,27.0,197.0,189.0,1,0,20260104,LAL,MEM,Luka Dončić,2026,LAL,Missed,27.300183149568795,Luka Dončić
Shot Chart Detail,22500501,163,1629029,Luka Dončić,1610612747,Los Angeles Lakers,1,0,15,Missed Shot,Step Back Jump shot,3PT Field Goal,Above the Break 3,Left Side Center(LC),24+ ft.,27.0,-129.0,242.0,1,0,20260104,LAL,MEM,Luka Dončić,2026,LAL,Missed,27.423530042647684,Luka Dončić
Shot Chart Detail,22500501,314,1629029,Luka Dončić,1610612747,Los Angeles Lakers,2,3,3,Missed Shot,Pullup Jump shot,3PT Field Goal,Above the Break 3,Right Side Center(RC),24+ ft.,27.0,126.0,241.0,1,0,20260104,LAL,MEM,Luka Dončić,2026,LAL,Missed,27.195036311797782,Luka Dončić
Shot Chart Detail,22500501,316,1629029,Luka Dončić,1610612747,Los Angeles Lakers,2,2,59,Made Shot,Driving Floating Jump Shot,2PT Field Goal,In The Paint (Non-RA),Center(C),Less Than 8 ft.,7.0,0.0,72.0,1,1,20260104,LAL,MEM,Luka Dončić,2026,LAL,Made,7.2,Luka Dončić
Shot Chart Detail,22500501,326,1629029,Luka Dončić,1610612747,Los Angeles Lakers,2,2,35,Missed Shot,Pullup Jump shot,2PT Field Goal,In The Paint (Non-RA),Center(C),8-16 ft.,12.0,10.0,126.0,1,0,20260104,LAL,MEM,Luka Dončić,2026,LAL,Missed,12.63962024745997,Luka Dončić
Shot Chart Detail,22500501,422,1629029,Luka Dončić,1610612747,Los Angeles Lakers,3,7,38,Made Shot,Driving Floating Jump Shot,2PT Field Goal,In The Paint (Non-RA),Center(C),Less Than 8 ft.,7.0,10.0,76.0,1,1,20260104,LAL,MEM,Luka Dončić,2026,LAL,Made,7.66550715869472,Luka Dončić
Shot Chart Detail,22500501,428,1629029,Luka Dončić,1610612747,Los Angeles Lakers,3,6,58,Missed Shot,Step Back Jump shot,3PT Field Goal,Above the Break 3,Left Side Center(LC),24+ ft.,26.0,-126.0,233.0,1,0,20260104,LAL,MEM,Luka Dončić,2026,LAL,Missed,26.488676826145923,Luka Dončić
Shot Chart Detail,22500501,440,1629029,Luka Dončić,1610612747,Los Angeles Lakers,3,6,35,Missed Shot,Fadeaway Jump Shot,2PT Field Goal,Mid-Range,Center(C),8-16 ft.,15.0,-15.0,154.0,1,0,20260104,LAL,MEM,Luka Dončić,2026,LAL,Missed,15.472879499304582,Luka Dončić
Shot Chart Detail,22500501,472,1629029,Luka Dončić,1610612747,Los Angeles Lakers,3,4,4,Missed Shot,Turnaround Jump Shot,2PT Field Goal,Mid-Range,Center(C),8-16 ft.,14.0,-20.0,148.0,1,0,20260104,LAL,MEM,Luka Dončić,2026,LAL,Missed,14.934523762075576,Luka Dončić
Shot Chart Detail,22500501,517,1629029,Luka Dončić,1610612747,Los Angeles Lakers,3,1,47,Made Shot,Jump Shot,3PT Field Goal,Above the Break 3,Left Side Center(LC),24+ ft.,31.0,-145.0,281.0,1,1,20260104,LAL,MEM,Luka Dončić,2026,LAL,Made,31.620562929840453,Luka Dončić
Shot Chart Detail,22500501,533,1629029,Luka Dončić,1610612747,Los Angeles Lakers,3,0,8,Missed Shot,Driving Finger Roll Layup Shot,2PT Field Goal,In The Paint (Non-RA),Center(C),Less Than 8 ft.,4.0,23.0,37.0,1,0,20260104,LAL,MEM,Luka Dončić,2026,LAL,Missed,4.356604182158393,Luka Dončić
Shot Chart Detail,22500501,653,1629029,Luka Dončić,1610612747,Los Angeles Lakers,4,5,12,Made Shot,Pullup Jump shot,2PT Field Goal,Mid-Range,Center(C),8-16 ft.,14.0,-7.0,141.0,1,1,20260104,LAL,MEM,Luka Dončić,2026,LAL,Made,14.117365193264641,Luka Dončić
Shot Chart Detail,22500501,672,1629029,Luka Dončić,1610612747,Los Angeles Lakers,4,4,23,Missed Shot,Jump Shot,3PT Field Goal,Above the Break 3,Center(C),24+ ft.,32.0,-66.0,319.0,1,0,20260104,LAL,MEM,Luka Dončić,2026,LAL,Missed,32.575604368913865,Luka Dončić
Shot Chart Detail,22500501,689,1629029,Luka Dončić,1610612747,Los Angeles Lakers,4,2,35,Made Shot,Jump Shot,3PT Field Goal,Above the Break 3,Center(C),24+ ft.,33.0,-98.0,317.0,1,1,20260104,LAL,MEM,Luka Dončić,2026,LAL,Made,33.180265218952066,Luka Dončić
Shot Chart Detail,22500501,693,1629029,Luka Dončić,1610612747,Los Angeles Lakers,4,2,8,Made Shot,Pullup Jump shot,3PT Field Goal,Above the Break 3,Right Side Center(RC),24+ ft.,25.0,127.0,223.0,1,1,20260104,LAL,MEM,Luka Dončić,2026,LAL,Made,25.662813563598206,Luka Dončić
Shot Chart Detail,22500514,26,1629029,Luka Dončić,1610612747,Los Angeles Lakers,1,9,27,Missed Shot,Driving Layup Shot,2PT Field Goal,In The Paint (Non-RA),Center(C),Less Than 8 ft.,4.0,27.0,32.0,1,0,20260106,NOP,LAL,Luka Dončić,2026,NOP,Missed,4.186884283091664,Luka Dončić
Shot Chart Detail,22500514,30,1629029,Luka Dončić,1610612747,Los Angeles Lakers,1,9,6,Missed Shot,Jump Shot,3PT Field Goal,Above the Break 3,Right Side Center(RC),24+ ft.,25.0,184.0,174.0,1,0,20260106,NOP,LAL,Luka Dončić,2026,NOP,Missed,25.324296633865274,Luka Dončić
Shot Chart Detail,22500514,35,1629029,Luka Dončić,1610612747,Los Angeles Lakers,1,8,49,Made Shot,Fadeaway Jump Shot,2PT Field Goal,Mid-Range,Left Side(L),8-16 ft.,14.0,-130.0,55.0,1,1,20260106,NOP,LAL,Luka Dončić,2026,NOP,Made,14.115594213493106,Luka Dončić
Shot Chart Detail,22500514,42,1629029,Luka Dončić,1610612747,Los Angeles Lakers,1,7,59,Missed Shot,Jump Shot,3PT Field Goal,Above the Break 3,Left Side Center(LC),24+ ft.,27.0,-102.0,250.0,1,0,20260106,NOP,LAL,Luka Dončić,2026,NOP,Missed,27.00074073057997,Luka Dončić
Shot Chart Detail,22500514,72,1629029,Luka Dončić,1610612747,Los Angeles Lakers,1,5,33,Made Shot,Pullup Jump shot,2PT Field Goal,In The Paint (Non-RA),Center(C),8-16 ft.,15.0,71.0,137.0,1,1,20260106,NOP,LAL,Luka Dončić,2026,NOP,Made,15.430489298787643,Luka Dončić
Shot Chart Detail,22500514,94,1629029,Luka Dončić,1610612747,Los Angeles Lakers,1,4,14,Missed Shot,Step Back Jump shot,3PT Field Goal,Above the Break 3,Right Side Center(RC),24+ ft.,25.0,97.0,232.0,1,0,20260106,NOP,LAL,Luka Dončić,2026,NOP,Missed,25.146172671005026,Luka Dončić
Shot Chart Detail,22500514,98,1629029,Luka Dončić,1610612747,Los Angeles Lakers,1,3,50,Made Shot,Pullup Jump shot,2PT Field Goal,In The Paint (Non-RA),Right Side(R),8-16 ft.,12.0,70.0,98.0,1,1,20260106,NOP,LAL,Luka Dončić,2026,NOP,Made,12.043255373859678,Luka Dončić
Shot Chart Detail,22500514,111,1629029,Luka Dončić,1610612747,Los Angeles Lakers,1,3,7,Made Shot,Driving Layup Shot,2PT Field Goal,Restricted Area,Center(C),Less Than 8 ft.,2.0,9.0,21.0,1,1,20260106,NOP,LAL,Luka Dončić,2026,NOP,Made,2.2847319317591728,Luka Dončić
Shot Chart Detail,22500514,130,1629029,Luka Dončić,1610612747,Los Angeles Lakers,1,1,39,Made Shot,Running Layup Shot,2PT Field Goal,Restricted Area,Center(C),Less Than 8 ft.,3.0,22.0,27.0,1,1,20260106,NOP,LAL,Luka Dončić,2026,NOP,Made,3.4828149534535995,Luka Dončić
Shot Chart Detail,22500514,135,1629029,Luka Dončić,1610612747,Los Angeles Lakers,1,1,9,Missed Shot,Jump Shot,3PT Field Goal,Above the Break 3,Right Side Center(RC),24+ ft.,29.0,174.0,234.0,1,0,20260106,NOP,LAL,Luka Dončić,2026,NOP,Missed,29.16024691253488,Luka Dončić
Shot Chart Detail,22500514,220,1629029,Luka Dončić,1610612747,Los Angeles Lakers,2,7,41,Made Shot,Driving Finger Roll Layup Shot,2PT Field Goal,In The Paint (Non-RA),Center(C),8-16 ft.,9.0,-12.0,92.0,1,1,20260106,NOP,LAL,Luka Dončić,2026,NOP,Made,9.277930803794561,Luka Dončić
Shot Chart Detail,22500514,233,1629029,Luka Dončić,1610612747,Los Angeles Lakers,2,6,37,Made Shot,Fadeaway Jump Shot,2PT Field Goal,Mid-Range,Left Side Center(LC),16-24 ft.,18.0,-97.0,153.0,1,1,20260106,NOP,LAL,Luka Dončić,2026,NOP,Made,18.11573901335521,Luka Dončić
Shot Chart Detail,22500514,242,1629029,Luka Dončić,1610612747,Los Angeles Lakers,2,5,53,Missed Shot,Step Back Jump shot,3PT Field Goal,Above the Break 3,Left Side Center(LC),24+ ft.,25.0,-206.0,151.0,1,0,20260106,NOP,LAL,Luka Dončić,2026,NOP,Missed,25.541534801182173,Luka Dončić
Shot Chart Detail,22500514,322,1629029,Luka Dončić,1610612747,Los Angeles Lakers,2,1,13,Missed Shot,Pullup Jump shot,2PT Field Goal,Mid-Range,Center(C),8-16 ft.,15.0,29.0,155.0,1,0,20260106,NOP,LAL,Luka Dončić,2026,NOP,Missed,15.768956845650887,Luka Dončić
Shot Chart Detail,22500514,332,1629029,Luka Dončić,1610612747,Los Angeles Lakers,2,0,46,Missed Shot,Jump Shot,3PT Field Goal,Above the Break 3,Center(C),24+ ft.,25.0,26.0,258.0,1,0,20260106,NOP,LAL,Luka Dončić,2026,NOP,Missed,25.93067681338071,Luka Dončić
Shot Chart Detail,22500514,366,1629029,Luka Dončić,1610612747,Los Angeles Lakers,3,10,6,Missed Shot,Fadeaway Jump Shot,2PT Field Goal,In The Paint (Non-RA),Left Side(L),8-16 ft.,9.0,-75.0,64.0,1,0,20260106,NOP,LAL,Luka Dončić,2026,NOP,Missed,9.859513172565874,Luka Dončić
Shot Chart Detail,22500514,376,1629029,Luka Dončić,1610612747,Los Angeles Lakers,3,9,22,Made Shot,Running Pull-Up Jump Shot,3PT Field Goal,Above the Break 3,Right Side Center(RC),24+ ft.,26.0,145.0,221.0,1,1,20260106,NOP,LAL,Luka Dončić,2026,NOP,Made,26.43217736017977,Luka Dončić
Shot Chart Detail,22500514,433,1629029,Luka Dončić,1610612747,Los Angeles Lakers,3,4,24,Made Shot,Driving Floating Jump Shot,2PT Field Goal,In The Paint (Non-RA),Center(C),8-16 ft.,13.0,-53.0,122.0,1,1,20260106,NOP,LAL,Luka Dončić,2026,NOP,Made,13.301503674397116,Luka Dončić
Shot Chart Detail,22500514,463,1629029,Luka Dončić,1610612747,Los Angeles Lakers,3,1,58,Missed Shot,Pullup Jump shot,2PT Field Goal,In The Paint (Non-RA),Center(C),Less Than 8 ft.,4.0,-36.0,25.0,1,0,20260106,NOP,LAL,Luka Dončić,2026,NOP,Missed,4.382921400162226,Luka Dončić
Shot Chart Detail,22500514,636,1629029,Luka Dončić,1610612747,Los Angeles Lakers,4,3,39,Made Shot,Jump Shot,3PT Field Goal,Right Corner 3,Right Side(R),24+ ft.,22.0,229.0,-9.0,1,1,20260106,NOP,LAL,Luka Dončić,2026,NOP,Made,22.917678765529462,Luka Dončić
Shot Chart Detail,22500514,643,1629029,Luka Dončić,1610612747,Los Angeles Lakers,4,2,0,Made Shot,Pullup Jump shot,3PT Field Goal,Above the Break 3,Right Side Center(RC),24+ ft.,31.0,212.0,232.0,1,1,20260106,NOP,LAL,Luka Dončić,2026,NOP,Made,31.427376600664587,Luka Dončić
Shot Chart Detail,22500514,658,1629029,Luka Dončić,1610612747,Los Angeles Lakers,4,0,53,Missed Shot,Step Back Jump shot,3PT Field Goal,Above the Break 3,Left Side Center(LC),24+ ft.,26.0,-191.0,184.0,1,0,20260106,NOP,LAL,Luka Dončić,2026,NOP,Missed,26.52112365643658,Luka Dončić
Shot Chart Detail,22500523,15,1629029,Luka Dončić,1610612747,Los Angeles Lakers,1,11,5,Missed Shot,Driving Floating Jump Shot,2PT Field Goal,Mid-Range,Left Side(L),8-16 ft.,13.0,-116.0,66.0,1,0,20260107,SAS,LAL,Luka Dončić,2026,SAS,Missed,13.346160496562296,Luka Dončić
Shot Chart Detail,22500523,21,1629029,Luka Dončić,1610612747,Los Angeles Lakers,1,10,29,Made Shot,Driving Floating Jump Shot,2PT Field Goal,In The Paint (Non-RA),Right Side(R),8-16 ft.,14.0,75.0,129.0,1,1,20260107,SAS,LAL,Luka Dončić,2026,SAS,Made,14.921796138535067,Luka Dončić
Shot Chart Detail,22500523,51,1629029,Luka Dončić,1610612747,Los Angeles Lakers,1,8,29,Missed Shot,Driving Floating Jump Shot,2PT Field Goal,Mid-Range,Right Side(R),8-16 ft.,11.0,112.0,15.0,1,0,20260107,SAS,LAL,Luka Dončić,2026,SAS,Missed,11.3,Luka Dončić
Shot Chart Detail,22500523,59,1629029,Luka Dončić,1610612747,Los Angeles Lakers,1,8,5,Made Shot,Turnaround Fadeaway shot,2PT Field Goal,Mid-Range,Center(C),8-16 ft.,15.0,54.0,142.0,1,1,20260107,SAS,LAL,Luka Dončić,2026,SAS,Made,15.192103211866353,Luka Dončić
Shot Chart Detail,22500523,106,1629029,Luka Dončić,1610612747,Los Angeles Lakers,1,4,23,Missed Shot,Driving Layup Shot,2PT Field Goal,Restricted Area,Center(C),Less Than 8 ft.,1.0,16.0,11.0,1,0,20260107,SAS,LAL,Luka Dončić,2026,SAS,Missed,1.94164878389476,Luka Dončić
Shot Chart Detail,22500523,127,1629029,Luka Dončić,1610612747,Los Angeles Lakers,1,3,28,Missed Shot,Step Back Jump shot,3PT Field Goal,Above the Break 3,Left Side Center(LC),24+ ft.,26.0,-105.0,240.0,1,0,20260107,SAS,LAL,Luka Dončić,2026,SAS,Missed,26.196373794859472,Luka Dončić
Shot Chart Detail,22500523,133,1629029,Luka Dončić,1610612747,Los Angeles Lakers,1,2,57,Made Shot,Step Back Jump shot,3PT Field Goal,Above the Break 3,Left Side Center(LC),24+ ft.,25.0,-119.0,222.0,1,1,20260107,SAS,LAL,Luka Dončić,2026,SAS,Made,25.188290930509755,Luka Dončić
Shot Chart Detail,22500523,147,1629029,Luka Dončić,1610612747,Los Angeles Lakers,1,1,48,Made Shot,Driving Floating Bank Jump Shot,2PT Field Goal,In The Paint (Non-RA),Right Side(R),8-16 ft.,8.0,71.0,50.0,1,1,20260107,SAS,LAL,Luka Dončić,2026,SAS,Made,8.683893136145793,Luka Dončić
Shot Chart Detail,22500523,225,1629029,Luka Dončić,1610612747,Los Angeles Lakers,2,8,35,Missed Shot,Step Back Jump shot,3PT Field Goal,Above the Break 3,Right Side Center(RC),24+ ft.,26.0,103.0,240.0,1,0,20260107,SAS,LAL,Luka Dončić,2026,SAS,Missed,26.116852796613916,Luka Dončić
Shot Chart Detail,22500523,238,1629029,Luka Dončić,1610612747,Los Angeles Lakers,2,7,56,Missed Shot,Jump Shot,3PT Field Goal,Above the Break 3,Center(C),24+ ft.,25.0,1.0,257.0,1,0,20260107,SAS,LAL,Luka Dončić,2026,SAS,Missed,25.700194551792794,Luka Dončić
Shot Chart Detail,22500523,256,1629029,Luka Dončić,1610612747,Los Angeles Lakers,2,6,2,Made Shot,Driving Floating Jump Shot,2PT Field Goal,Mid-Range,Right Side(R),8-16 ft.,12.0,99.0,78.0,1,1,20260107,SAS,LAL,Luka Dončić,2026,SAS,Made,12.603570922560003,Luka Dončić
Shot Chart Detail,22500523,275,1629029,Luka Dončić,1610612747,Los Angeles Lakers,2,5,29,Made Shot,Driving Finger Roll Layup Shot,2PT Field Goal,Restricted Area,Center(C),Less Than 8 ft.,1.0,9.0,16.0,1,1,20260107,SAS,LAL,Luka Dončić,2026,SAS,Made,1.835755975068582,Luka Dončić
Shot Chart Detail,22500523,334,1629029,Luka Dončić,1610612747,Los Angeles Lakers,2,1,20,Missed Shot,Jump Shot,3PT Field Goal,Above the Break 3,Left Side Center(LC),24+ ft.,27.0,-136.0,235.0,1,0,20260107,SAS,LAL,Luka Dončić,2026,SAS,Missed,27.151611370229944,Luka Dončić
Shot Chart Detail,22500523,342,1629029,Luka Dončić,1610612747,Los Angeles Lakers,2,0,33,Made Shot,Driving Finger Roll Layup Shot,2PT Field Goal,Restricted Area,Center(C),Less Than 8 ft.,1.0,18.0,3.0,1,1,20260107,SAS,LAL,Luka Dončić,2026,SAS,Made,1.8248287590894658,Luka Dončić
Shot Chart Detail,22500523,394,1629029,Luka Dončić,1610612747,Los Angeles Lakers,3,9,25,Made Shot,Running Pull-Up Jump Shot,3PT Field Goal,Above the Break 3,Left Side Center(LC),24+ ft.,27.0,-87.0,265.0,1,1,20260107,SAS,LAL,Luka Dončić,2026,SAS,Made,27.89157578911597,Luka Dončić
Shot Chart Detail,22500523,426,1629029,Luka Dončić,1610612747,Los Angeles Lakers,3,7,31,Missed Shot,Step Back Jump shot,3PT Field Goal,Left Corner 3,Left Side(L),24+ ft.,23.0,-232.0,-4.0,1,0,20260107,SAS,LAL,Luka Dončić,2026,SAS,Missed,23.203448019637083,Luka Dončić
Shot Chart Detail,22500523,443,1629029,Luka Dončić,1610612747,Los Angeles Lakers,3,6,36,Made Shot,Driving Floating Jump Shot,2PT Field Goal,In The Paint (Non-RA),Right Side(R),8-16 ft.,9.0,61.0,71.0,1,1,20260107,SAS,LAL,Luka Dončić,2026,SAS,Made,9.36055553906925,Luka Dončić
Shot Chart Detail,22500523,467,1629029,Luka Dončić,1610612747,Los Angeles Lakers,3,4,37,Missed Shot,Step Back Jump shot,3PT Field Goal,Above the Break 3,Right Side Center(RC),24+ ft.,26.0,115.0,239.0,1,0,20260107,SAS,LAL,Luka Dončić,2026,SAS,Missed,26.522820362849803,Luka Dončić
Shot Chart Detail,22500523,493,1629029,Luka Dončić,1610612747,Los Angeles Lakers,3,3,0,Made Shot,Driving Floating Bank Jump Shot,2PT Field Goal,Mid-Range,Left Side(L),8-16 ft.,9.0,-87.0,37.0,1,1,20260107,SAS,LAL,Luka Dončić,2026,SAS,Made,9.454099639838793,Luka Dončić
Shot Chart Detail,22500523,503,1629029,Luka Dončić,1610612747,Los Angeles Lakers,3,2,7,Missed Shot,Floating Jump shot,2PT Field Goal,Mid-Range,Right Side(R),8-16 ft.,8.0,86.0,-13.0,1,0,20260107,SAS,LAL,Luka Dončić,2026,SAS,Missed,8.697700845625814,Luka Dončić
Shot Chart Detail,22500523,513,1629029,Luka Dončić,1610612747,Los Angeles Lakers,3,1,46,Made Shot,Driving Floating Jump Shot,2PT Field Goal,In The Paint (Non-RA),Center(C),8-16 ft.,14.0,-58.0,132.0,1,1,20260107,SAS,LAL,Luka Dončić,2026,SAS,Made,14.418044250174848,Luka Dončić
Shot Chart Detail,22500523,605,1629029,Luka Dončić,1610612747,Los Angeles Lakers,4,7,24,Missed Shot,Step Back Jump shot,2PT Field Goal,Mid-Range,Left Side Center(LC),16-24 ft.,20.0,-97.0,176.0,1,0,20260107,SAS,LAL,Luka Dončić,2026,SAS,Missed,20.09601950635996,Luka Dončić
Shot Chart Detail,22500523,622,1629029,Luka Dončić,1610612747,Los Angeles Lakers,4,6,24,Made Shot,Fadeaway Jump Shot,2PT Field Goal,Mid-Range,Left Side(L),8-16 ft.,12.0,-121.0,46.0,1,1,20260107,SAS,LAL,Luka Dončić,2026,SAS,Made,12.94488315899375,Luka Dončić
Shot Chart Detail,22500523,634,1629029,Luka Dončić,1610612747,Los Angeles Lakers,4,4,57,Made Shot,Driving Floating Jump Shot,2PT Field Goal,In The Paint (Non-RA),Center(C),8-16 ft.,14.0,-66.0,131.0,1,1,20260107,SAS,LAL,Luka Dončić,2026,SAS,Made,14.668674105044394,Luka Dončić
Shot Chart Detail,22500523,662,1629029,Luka Dončić,1610612747,Los Angeles Lakers,4,3,20,Missed Shot,Pullup Jump shot,3PT Field Goal,Above the Break 3,Left Side Center(LC),24+ ft.,28.0,-157.0,236.0,1,0,20260107,SAS,LAL,Luka Dončić,2026,SAS,Missed,28.345193596093146,Luka Dončić
Shot Chart Detail,22500523,672,1629029,Luka Dončić,1610612747,Los Angeles Lakers,4,2,14,Missed Shot,Driving Floating Bank Jump Shot,2PT Field Goal,Mid-Range,Left Side(L),8-16 ft.,11.0,-96.0,71.0,1,0,20260107,SAS,LAL,Luka Dončić,2026,SAS,Missed,11.94026800369238,Luka Dončić
Shot Chart Detail,22500541,8,1629029,Luka Dončić,1610612747,Los Angeles Lakers,1,11,38,Made Shot,Jump Shot,3PT Field Goal,Left Corner 3,Left Side(L),24+ ft.,23.0,-232.0,40.0,1,1,20260109,LAL,MIL,Luka Dončić,2026,LAL,Made,23.54230235129946,Luka Dončić
Shot Chart Detail,22500541,17,1629029,Luka Dončić,1610612747,Los Angeles Lakers,1,10,35,Made Shot,Jump Shot,3PT Field Goal,Above the Break 3,Left Side Center(LC),24+ ft.,26.0,-172.0,205.0,1,1,20260109,LAL,MIL,Luka Dončić,2026,LAL,Made,26.75985799663369,Luka Dončić
Shot Chart Detail,22500541,25,1629029,Luka Dončić,1610612747,Los Angeles Lakers,1,9,34,Missed Shot,Pullup Jump shot,3PT Field Goal,Above the Break 3,Center(C),24+ ft.,30.0,-59.0,300.0,1,0,20260109,LAL,MIL,Luka Dončić,2026,LAL,Missed,30.574662712775755,Luka Dončić
Shot Chart Detail,22500541,53,1629029,Luka Dončić,1610612747,Los Angeles Lakers,1,7,18,Missed Shot,Driving Floating Jump Shot,2PT Field Goal,In The Paint (Non-RA),Center(C),Less Than 8 ft.,7.0,39.0,62.0,1,0,20260109,LAL,MIL,Luka Dončić,2026,LAL,Missed,7.324616030891995,Luka Dončić
Shot Chart Detail,22500541,56,1629029,Luka Dončić,1610612747,Los Angeles Lakers,1,7,15,Missed Shot,Fadeaway Jump Shot,2PT Field Goal,Mid-Range,Right Side(R),8-16 ft.,12.0,121.0,12.0,1,0,20260109,LAL,MIL,Luka Dončić,2026,LAL,Missed,12.159358535712318,Luka Dončić
Shot Chart Detail,22500541,82,1629029,Luka Dončić,1610612747,Los Angeles Lakers,1,5,25,Missed Shot,Driving Floating Jump Shot,2PT Field Goal,In The Paint (Non-RA),Center(C),Less Than 8 ft.,6.0,17.0,63.0,1,0,20260109,LAL,MIL,Luka Dončić,2026,LAL,Missed,6.525335240430181,Luka Dončić
Shot Chart Detail,22500541,86,1629029,Luka Dončić,1610612747,Los Angeles Lakers,1,5,8,Missed Shot,Running Pull-Up Jump Shot,3PT Field Goal,Above the Break 3,Center(C),24+ ft.,26.0,-11.0,268.0,1,0,20260109,LAL,MIL,Luka Dončić,2026,LAL,Missed,26.82256512714621,Luka Dončić
Shot Chart Detail,22500541,91,1629029,Luka Dončić,1610612747,Los Angeles Lakers,1,4,39,Missed Shot,Driving Floating Jump Shot,2PT Field Goal,In The Paint (Non-RA),Center(C),Less Than 8 ft.,7.0,36.0,71.0,1,0,20260109,LAL,MIL,Luka Dončić,2026,LAL,Missed,7.960527620704548,Luka Dončić
Shot Chart Detail,22500541,112,1629029,Luka Dončić,1610612747,Los Angeles Lakers,1,3,1,Missed Shot,Driving Floating Bank Jump Shot,2PT Field Goal,In The Paint (Non-RA),Center(C),Less Than 8 ft.,5.0,56.0,21.0,1,0,20260109,LAL,MIL,Luka Dončić,2026,LAL,Missed,5.980802621722272,Luka Dončić
Shot Chart Detail,22500541,241,1629029,Luka Dončić,1610612747,Los Angeles Lakers,2,5,11,Made Shot,Driving Finger Roll Layup Shot,2PT Field Goal,In The Paint (Non-RA),Center(C),Less Than 8 ft.,6.0,-16.0,66.0,1,1,20260109,LAL,MIL,Luka Dončić,2026,LAL,Made,6.791170738539859,Luka Dončić
Shot Chart Detail,22500541,260,1629029,Luka Dončić,1610612747,Los Angeles Lakers,2,3,8,Missed Shot,Fadeaway Jump Shot,2PT Field Goal,Mid-Range,Left Side(L),8-16 ft.,9.0,-87.0,37.0,1,0,20260109,LAL,MIL,Luka Dončić,2026,LAL,Missed,9.454099639838793,Luka Dončić
Shot Chart Detail,22500541,276,1629029,Luka Dončić,1610612747,Los Angeles Lakers,2,2,8,Missed Shot,Driving Floating Jump Shot,2PT Field Goal,Mid-Range,Right Side(R),8-16 ft.,11.0,91.0,66.0,1,0,20260109,LAL,MIL,Luka Dončić,2026,LAL,Missed,11.24144118874444,Luka Dončić
Shot Chart Detail,22500541,338,1629029,Luka Dončić,1610612747,Los Angeles Lakers,3,9,33,Missed Shot,Driving Layup Shot,2PT Field Goal,In The Paint (Non-RA),Center(C),Less Than 8 ft.,6.0,55.0,36.0,1,0,20260109,LAL,MIL,Luka Dončić,2026,LAL,Missed,6.573431371817918,Luka Dončić
Shot Chart Detail,22500541,369,1629029,Luka Dončić,1610612747,Los Angeles Lakers,3,7,8,Made Shot,Driving Floating Jump Shot,2PT Field Goal,In The Paint (Non-RA),Right Side(R),8-16 ft.,8.0,65.0,55.0,1,1,20260109,LAL,MIL,Luka Dončić,2026,LAL,Made,8.514693182963201,Luka Dončić
Shot Chart Detail,22500541,407,1629029,Luka Dončić,1610612747,Los Angeles Lakers,3,4,42,Missed Shot,Driving Floating Jump Shot,2PT Field Goal,In The Paint (Non-RA),Center(C),Less Than 8 ft.,6.0,67.0,8.0,1,0,20260109,LAL,MIL,Luka Dončić,2026,LAL,Missed,6.747592163134935,Luka Dončić
Shot Chart Detail,22500541,412,1629029,Luka Dončić,1610612747,Los Angeles Lakers,3,4,31,Made Shot,Step Back Jump shot,3PT Field Goal,Right Corner 3,Right Side(R),24+ ft.,23.0,229.0,22.0,1,1,20260109,LAL,MIL,Luka Dončić,2026,LAL,Made,23.005434140654682,Luka Dončić
Shot Chart Detail,22500541,415,1629029,Luka Dončić,1610612747,Los Angeles Lakers,3,3,58,Made Shot,Driving Floating Jump Shot,2PT Field Goal,In The Paint (Non-RA),Center(C),8-16 ft.,9.0,-20.0,91.0,1,1,20260109,LAL,MIL,Luka Dončić,2026,LAL,Made,9.317188417113822,Luka Dončić
Shot Chart Detail,22500541,433,1629029,Luka Dončić,1610612747,Los Angeles Lakers,3,2,52,Missed Shot,Running Pull-Up Jump Shot,2PT Field Goal,Mid-Range,Right Side(R),8-16 ft.,14.0,123.0,79.0,1,0,20260109,LAL,MIL,Luka Dončić,2026,LAL,Missed,14.618481453283716,Luka Dončić
Shot Chart Detail,22500541,452,1629029,Luka Dončić,1610612747,Los Angeles Lakers,3,0,36,Missed Shot,Layup Shot,2PT Field Goal,Restricted Area,Center(C),Less Than 8 ft.,2.0,-10.0,28.0,1,0,20260109,LAL,MIL,Luka Dončić,2026,LAL,Missed,2.973213749463701,Luka Dončić
Shot Chart Detail,22500541,454,1629029,Luka Dončić,1610612747,Los Angeles Lakers,3,0,34,Missed Shot,Tip Layup Shot,2PT Field Goal,Restricted Area,Center(C),Less Than 8 ft.,0.0,0.0,0.0,1,0,20260109,LAL,MIL,Luka Dončić,2026,LAL,Missed,0.0,Luka Dončić
Shot Chart Detail,22500541,458,1629029,Luka Dončić,1610612747,Los Angeles Lakers,3,0,18,Made Shot,Jump Shot,3PT Field Goal,Above the Break 3,Center(C),24+ ft.,29.0,-62.0,291.0,1,1,20260109,LAL,MIL,Luka Dončić,2026,LAL,Made,29.753151093623682,Luka Dončić
Shot Chart Detail,22500541,555,1629029,Luka Dončić,1610612747,Los Angeles Lakers,4,5,9,Made Shot,Fadeaway Jump Shot,2PT Field Goal,In The Paint (Non-RA),Center(C),Less Than 8 ft.,7.0,69.0,37.0,1,1,20260109,LAL,MIL,Luka Dončić,2026,LAL,Made,7.829431652425353,Luka Dončić
Shot Chart Detail,22500541,558,1629029,Luka Dončić,1610612747,Los Angeles Lakers,4,4,31,Missed Shot,Pullup Jump shot,2PT Field Goal,In The Paint (Non-RA),Center(C),8-16 ft.,11.0,5.0,110.0,1,0,20260109,LAL,MIL,Luka Dončić,2026,LAL,Missed,11.011357772772621,Luka Dončić
Shot Chart Detail,22500541,580,1629029,Luka Dončić,1610612747,Los Angeles Lakers,4,3,6,Missed Shot,Fadeaway Jump Shot,2PT Field Goal,Mid-Range,Left Side Center(LC),16-24 ft.,17.0,-140.0,111.0,1,0,20260109,LAL,MIL,Luka Dončić,2026,LAL,Missed,17.866449003649272,Luka Dončić
Shot Chart Detail,22500541,595,1629029,Luka Dončić,1610612747,Los Angeles Lakers,4,1,48,Missed Shot,Driving Floating Jump Shot,2PT Field Goal,In The Paint (Non-RA),Center(C),8-16 ft.,8.0,39.0,80.0,1,0,20260109,LAL,MIL,Luka Dončić,2026,LAL,Missed,8.9,Luka Dončić
Shot Chart Detail,22500562,29,1629029,Luka Dončić,1610612747,Los Angeles Lakers,1,9,51,Made Shot,Running Layup Shot,2PT Field Goal,Restricted Area,Center(C),Less Than 8 ft.,3.0,26.0,20.0,1,1,20260112,SAC,LAL,Luka Dončić,2026,SAC,Made,3.2802438933713454,Luka Dončić
Shot Chart Detail,22500562,55,1629029,Luka Dončić,1610612747,Los Angeles Lakers,1,7,36,Missed Shot,Jump Shot,3PT Field Goal,Above the Break 3,Left Side Center(LC),24+ ft.,26.0,-154.0,210.0,1,0,20260112,SAC,LAL,Luka Dončić,2026,SAC,Missed,26.041505332833584,Luka Dončić
Shot Chart Detail,22500562,58,1629029,Luka Dončić,1610612747,Los Angeles Lakers,1,7,25,Made Shot,Driving Floating Jump Shot,2PT Field Goal,In The Paint (Non-RA),Center(C),8-16 ft.,12.0,-11.0,125.0,1,1,20260112,SAC,LAL,Luka Dončić,2026,SAC,Made,12.54830665866913,Luka Dončić
Shot Chart Detail,22500562,61,1629029,Luka Dončić,1610612747,Los Angeles Lakers,1,6,51,Made Shot,Turnaround Fadeaway shot,2PT Field Goal,Mid-Range,Right Side Center(RC),16-24 ft.,17.0,119.0,122.0,1,1,20260112,SAC,LAL,Luka Dončić,2026,SAC,Made,17.042593699317017,Luka Dončić
Shot Chart Detail,22500562,63,1629029,Luka Dončić,1610612747,Los Angeles Lakers,1,6,24,Missed Shot,Jump Shot,3PT Field Goal,Above the Break 3,Left Side Center(LC),24+ ft.,25.0,-224.0,112.0,1,0,20260112,SAC,LAL,Luka Dončić,2026,SAC,Missed,25.043961347997644,Luka Dončić
Shot Chart Detail,22500562,67,1629029,Luka Dončić,1610612747,Los Angeles Lakers,1,6,7,Made Shot,Driving Floating Bank Jump Shot,2PT Field Goal,In The Paint (Non-RA),Center(C),Less Than 8 ft.,5.0,-36.0,46.0,1,1,20260112,SAC,LAL,Luka Dončić,2026,SAC,Made,5.841232746604094,Luka Dončić
Shot Chart Detail,22500562,81,1629029,Luka Dončić,1610612747,Los Angeles Lakers,1,4,29,Made Shot,Step Back Jump shot,3PT Field Goal,Above the Break 3,Left Side Center(LC),24+ ft.,26.0,-158.0,215.0,1,1,20260112,SAC,LAL,Luka Dončić,2026,SAC,Made,26.68126683649035,Luka Dončić
Shot Chart Detail,22500562,218,1629029,Luka Dončić,1610612747,Los Angeles Lakers,2,7,49,Made Shot,Turnaround Jump Shot,2PT Field Goal,Mid-Range,Right Side(R),8-16 ft.,15.0,138.0,59.0,1,1,20260112,SAC,LAL,Luka Dončić,2026,SAC,Made,15.008331019803634,Luka Dončić
Shot Chart Detail,22500562,234,1629029,Luka Dončić,1610612747,Los Angeles Lakers,2,6,40,Missed Shot,Driving Floating Jump Shot,2PT Field Goal,In The Paint (Non-RA),Right Side(R),8-16 ft.,8.0,80.0,17.0,1,0,20260112,SAC,LAL,Luka Dončić,2026,SAC,Missed,8.178630692236935,Luka Dončić
Shot Chart Detail,22500562,239,1629029,Luka Dončić,1610612747,Los Angeles Lakers,2,6,11,Made Shot,Step Back Jump shot,2PT Field Goal,Mid-Range,Right Side Center(RC),16-24 ft.,19.0,64.0,183.0,1,1,20260112,SAC,LAL,Luka Dončić,2026,SAC,Made,19.386851214160593,Luka Dončić
Shot Chart Detail,22500562,245,1629029,Luka Dončić,1610612747,Los Angeles Lakers,2,5,30,Made Shot,Driving Layup Shot,2PT Field Goal,Restricted Area,Center(C),Less Than 8 ft.,3.0,17.0,28.0,1,1,20260112,SAC,LAL,Luka Dončić,2026,SAC,Made,3.27566787083184,Luka Dončić
Shot Chart Detail,22500562,262,1629029,Luka Dončić,1610612747,Los Angeles Lakers,2,4,19,Missed Shot,Running Pull-Up Jump Shot,3PT Field Goal,Above the Break 3,Right Side Center(RC),24+ ft.,28.0,114.0,256.0,1,0,20260112,SAC,LAL,Luka Dončić,2026,SAC,Missed,28.02356151526783,Luka Dončić
Shot Chart Detail,22500562,285,1629029,Luka Dončić,1610612747,Los Angeles Lakers,2,2,22,Made Shot,Putback Layup Shot,2PT Field Goal,In The Paint (Non-RA),Center(C),8-16 ft.,8.0,32.0,79.0,1,1,20260112,SAC,LAL,Luka Dončić,2026,SAC,Made,8.523496934944014,Luka Dončić
Shot Chart Detail,22500562,310,1629029,Luka Dončić,1610612747,Los Angeles Lakers,2,0,0,Made Shot,Driving Floating Jump Shot,3PT Field Goal,Above the Break 3,Center(C),24+ ft.,26.0,-53.0,260.0,1,1,20260112,SAC,LAL,Luka Dončić,2026,SAC,Made,26.534694269955327,Luka Dončić
Shot Chart Detail,22500562,333,1629029,Luka Dončić,1610612747,Los Angeles Lakers,3,10,44,Missed Shot,Step Back Jump shot,3PT Field Goal,Above the Break 3,Left Side Center(LC),24+ ft.,24.0,-159.0,188.0,1,0,20260112,SAC,LAL,Luka Dončić,2026,SAC,Missed,24.62214450449026,Luka Dončić
Shot Chart Detail,22500562,359,1629029,Luka Dončić,1610612747,Los Angeles Lakers,3,7,45,Made Shot,Driving Floating Jump Shot,2PT Field Goal,Mid-Range,Right Side Center(RC),16-24 ft.,17.0,129.0,113.0,1,1,20260112,SAC,LAL,Luka Dončić,2026,SAC,Made,17.14934401077779,Luka Dončić
Shot Chart Detail,22500562,369,1629029,Luka Dončić,1610612747,Los Angeles Lakers,3,6,43,Made Shot,Driving Floating Jump Shot,2PT Field Goal,In The Paint (Non-RA),Right Side(R),8-16 ft.,13.0,69.0,116.0,1,1,20260112,SAC,LAL,Luka Dončić,2026,SAC,Made,13.497036711811967,Luka Dončić
Shot Chart Detail,22500562,383,1629029,Luka Dončić,1610612747,Los Angeles Lakers,3,5,15,Made Shot,Putback Layup Shot,2PT Field Goal,Restricted Area,Center(C),Less Than 8 ft.,2.0,-11.0,21.0,1,1,20260112,SAC,LAL,Luka Dončić,2026,SAC,Made,2.3706539182259396,Luka Dončić
Shot Chart Detail,22500562,434,1629029,Luka Dončić,1610612747,Los Angeles Lakers,3,1,53,Made Shot,Turnaround Fadeaway shot,2PT Field Goal,In The Paint (Non-RA),Center(C),8-16 ft.,11.0,-4.0,114.0,1,1,20260112,SAC,LAL,Luka Dončić,2026,SAC,Made,11.40701538527936,Luka Dončić
Shot Chart Detail,22500562,437,1629029,Luka Dončić,1610612747,Los Angeles Lakers,3,1,25,Made Shot,Driving Layup Shot,2PT Field Goal,In The Paint (Non-RA),Center(C),Less Than 8 ft.,5.0,47.0,22.0,1,1,20260112,SAC,LAL,Luka Dončić,2026,SAC,Made,5.189412298131648,Luka Dončić
Shot Chart Detail,22500562,445,1629029,Luka Dončić,1610612747,Los Angeles Lakers,3,1,0,Missed Shot,Step Back Jump shot,3PT Field Goal,Above the Break 3,Center(C),24+ ft.,26.0,-33.0,258.0,1,0,20260112,SAC,LAL,Luka Dončić,2026,SAC,Missed,26.010190310722447,Luka Dončić
Shot Chart Detail,22500562,528,1629029,Luka Dončić,1610612747,Los Angeles Lakers,4,6,1,Missed Shot,Step Back Jump shot,3PT Field Goal,Above the Break 3,Left Side Center(LC),24+ ft.,26.0,-180.0,189.0,1,0,20260112,SAC,LAL,Luka Dončić,2026,SAC,Missed,26.1,Luka Dončić
Shot Chart Detail,22500562,555,1629029,Luka Dončić,1610612747,Los Angeles Lakers,4,4,45,Missed Shot,Driving Floating Jump Shot,2PT Field Goal,In The Paint (Non-RA),Right Side(R),8-16 ft.,8.0,80.0,30.0,1,0,20260112,SAC,LAL,Luka Dončić,2026,SAC,Missed,8.54400374531753,Luka Dončić
Shot Chart Detail,22500562,568,1629029,Luka Dončić,1610612747,Los Angeles Lakers,4,3,9,Made Shot,Turnaround Fadeaway shot,2PT Field Goal,In The Paint (Non-RA),Center(C),8-16 ft.,9.0,22.0,94.0,1,1,20260112,SAC,LAL,Luka Dončić,2026,SAC,Made,9.654014708917737,Luka Dončić
Shot Chart Detail,22500562,580,1629029,Luka Dončić,1610612747,Los Angeles Lakers,4,2,14,Missed Shot,Jump Shot,3PT Field Goal,Above the Break 3,Center(C),24+ ft.,29.0,-13.0,299.0,1,0,20260112,SAC,LAL,Luka Dončić,2026,SAC,Missed,29.92824752637548,Luka Dončić
Shot Chart Detail,22500569,7,1629029,Luka Dončić,1610612747,Los Angeles Lakers,1,11,40,Missed Shot,Turnaround Fadeaway shot,2PT Field Goal,Mid-Range,Center(C),16-24 ft.,17.0,-28.0,172.0,1,0,20260113,LAL,ATL,Luka Dončić,2026,LAL,Missed,17.426416728633573,Luka Dončić
Shot Chart Detail,22500569,35,1629029,Luka Dončić,1610612747,Los Angeles Lakers,1,9,24,Missed Shot,Driving Floating Jump Shot,2PT Field Goal,In The Paint (Non-RA),Center(C),Less Than 8 ft.,6.0,44.0,52.0,1,0,20260113,LAL,ATL,Luka Dončić,2026,LAL,Missed,6.811754546370561,Luka Dončić
Shot Chart Detail,22500569,53,1629029,Luka Dončić,1610612747,Los Angeles Lakers,1,8,1,Missed Shot,Step Back Jump shot,2PT Field Goal,Mid-Range,Right Side Center(RC),16-24 ft.,16.0,86.0,138.0,1,0,20260113,LAL,ATL,Luka Dončić,2026,LAL,Missed,16.260381299342278,Luka Dončić
Shot Chart Detail,22500569,68,1629029,Luka Dončić,1610612747,Los Angeles Lakers,1,6,56,Made Shot,Running Jump Shot,3PT Field Goal,Above the Break 3,Left Side Center(LC),24+ ft.,26.0,-207.0,158.0,1,1,20260113,LAL,ATL,Luka Dončić,2026,LAL,Made,26.040929322894755,Luka Dončić
Shot Chart Detail,22500569,72,1629029,Luka Dončić,1610612747,Los Angeles Lakers,1,6,35,Missed Shot,Jump Shot,3PT Field Goal,Above the Break 3,Right Side Center(RC),24+ ft.,32.0,112.0,304.0,1,0,20260113,LAL,ATL,Luka Dončić,2026,LAL,Missed,32.39753077010654,Luka Dončić
Shot Chart Detail,22500569,123,1629029,Luka Dončić,1610612747,Los Angeles Lakers,1,3,34,Made Shot,Step Back Jump shot,3PT Field Goal,Above the Break 3,Center(C),24+ ft.,27.0,-1.0,279.0,1,1,20260113,LAL,ATL,Luka Dončić,2026,LAL,Made,27.90017921089397,Luka Dončić
Shot Chart Detail,22500569,264,1629029,Luka Dončić,1610612747,Los Angeles Lakers,2,6,10,Made Shot,Jump Shot,3PT Field Goal,Above the Break 3,Center(C),24+ ft.,27.0,16.0,277.0,1,1,20260113,LAL,ATL,Luka Dončić,2026,LAL,Made,27.746170906991836,Luka Dončić
Shot Chart Detail,22500569,267,1629029,Luka Dončić,1610612747,Los Angeles Lakers,2,5,43,Made Shot,Jump Shot,3PT Field Goal,Above the Break 3,Right Side Center(RC),24+ ft.,30.0,176.0,255.0,1,1,20260113,LAL,ATL,Luka Dončić,2026,LAL,Made,30.984028143545185,Luka Dončić
Shot Chart Detail,22500569,279,1629029,Luka Dončić,1610612747,Los Angeles Lakers,2,5,20,Made Shot,Running Pull-Up Jump Shot,3PT Field Goal,Above the Break 3,Center(C),24+ ft.,28.0,-21.0,285.0,1,1,20260113,LAL,ATL,Luka Dončić,2026,LAL,Made,28.577263689863663,Luka Dončić
Shot Chart Detail,22500569,346,1629029,Luka Dončić,1610612747,Los Angeles Lakers,2,1,1,Missed Shot,Tip Layup Shot,2PT Field Goal,Restricted Area,Center(C),Less Than 8 ft.,2.0,25.0,10.0,1,0,20260113,LAL,ATL,Luka Dončić,2026,LAL,Missed,2.692582403567252,Luka Dončić
Shot Chart Detail,22500569,387,1629029,Luka Dončić,1610612747,Los Angeles Lakers,3,9,10,Missed Shot,Step Back Jump shot,3PT Field Goal,Above the Break 3,Left Side Center(LC),24+ ft.,25.0,-199.0,158.0,1,0,20260113,LAL,ATL,Luka Dončić,2026,LAL,Missed,25.409643838511393,Luka Dončić
Shot Chart Detail,22500569,414,1629029,Luka Dončić,1610612747,Los Angeles Lakers,3,7,2,Made Shot,Turnaround Jump Shot,2PT Field Goal,In The Paint (Non-RA),Left Side(L),8-16 ft.,9.0,-55.0,78.0,1,1,20260113,LAL,ATL,Luka Dončić,2026,LAL,Made,9.544108130150246,Luka Dončić
Shot Chart Detail,22500569,423,1629029,Luka Dončić,1610612747,Los Angeles Lakers,3,6,21,Missed Shot,Pullup Jump shot,3PT Field Goal,Above the Break 3,Left Side Center(LC),24+ ft.,28.0,-192.0,217.0,1,0,20260113,LAL,ATL,Luka Dončić,2026,LAL,Missed,28.974644087546615,Luka Dončić
Shot Chart Detail,22500569,580,1629029,Luka Dončić,1610612747,Los Angeles Lakers,4,7,39,Made Shot,Driving Floating Jump Shot,2PT Field Goal,In The Paint (Non-RA),Center(C),Less Than 8 ft.,7.0,-2.0,75.0,1,1,20260113,LAL,ATL,Luka Dončić,2026,LAL,Made,7.502666192761078,Luka Dončić
Shot Chart Detail,22500569,594,1629029,Luka Dončić,1610612747,Los Angeles Lakers,4,7,0,Missed Shot,Jump Shot,3PT Field Goal,Above the Break 3,Left Side Center(LC),24+ ft.,30.0,-105.0,283.0,1,0,20260113,LAL,ATL,Luka Dončić,2026,LAL,Missed,30.185095659944494,Luka Dončić
Shot Chart Detail,22500569,602,1629029,Luka Dončić,1610612747,Los Angeles Lakers,4,6,31,Missed Shot,Running Layup Shot,2PT Field Goal,Restricted Area,Center(C),Less Than 8 ft.,1.0,-1.0,17.0,1,0,20260113,LAL,ATL,Luka Dončić,2026,LAL,Missed,1.7029386365926402,Luka Dončić
Shot Chart Detail,22500586,7,1629029,Luka Dončić,1610612747,Los Angeles Lakers,1,11,44,Missed Shot,Driving Floating Jump Shot,2PT Field Goal,In The Paint (Non-RA),Center(C),8-16 ft.,13.0,10.0,130.0,1,0,20260115,LAL,CHA,Luka Dončić,2026,LAL,Missed,13.038404810405297,Luka Dončić
Shot Chart Detail,22500586,24,1629029,Luka Dončić,1610612747,Los Angeles Lakers,1,9,46,Made Shot,Pullup Jump shot,3PT Field Goal,Above the Break 3,Left Side Center(LC),24+ ft.,28.0,-136.0,256.0,1,1,20260115,LAL,CHA,Luka Dončić,2026,LAL,Made,28.9882734911895,Luka Dončić
Shot Chart Detail,22500586,27,1629029,Luka Dončić,1610612747,Los Angeles Lakers,1,9,28,Made Shot,Pullup Jump shot,2PT Field Goal,Mid-Range,Left Side Center(LC),16-24 ft.,16.0,-75.0,146.0,1,1,20260115,LAL,CHA,Luka Dončić,2026,LAL,Made,16.41371377842321,Luka Dončić
Shot Chart Detail,22500586,33,1629029,Luka Dončić,1610612747,Los Angeles Lakers,1,9,7,Missed Shot,Pullup Jump shot,2PT Field Goal,In The Paint (Non-RA),Center(C),Less Than 8 ft.,5.0,49.0,17.0,1,0,20260115,LAL,CHA,Luka Dončić,2026,LAL,Missed,5.186520991955976,Luka Dončić
Shot Chart Detail,22500586,40,1629029,Luka Dončić,1610612747,Los Angeles Lakers,1,8,26,Missed Shot,Driving Floating Jump Shot,2PT Field Goal,In The Paint (Non-RA),Center(C),Less Than 8 ft.,7.0,0.0,74.0,1,0,20260115,LAL,CHA,Luka Dončić,2026,LAL,Missed,7.4,Luka Dončić
Shot Chart Detail,22500586,57,1629029,Luka Dončić,1610612747,Los Angeles Lakers,1,7,3,Missed Shot,Driving Floating Jump Shot,2PT Field Goal,In The Paint (Non-RA),Center(C),Less Than 8 ft.,6.0,55.0,27.0,1,0,20260115,LAL,CHA,Luka Dončić,2026,LAL,Missed,6.126989472816156,Luka Dončić
Shot Chart Detail,22500586,71,1629029,Luka Dončić,1610612747,Los Angeles Lakers,1,5,50,Made Shot,Driving Finger Roll Layup Shot,2PT Field Goal,Restricted Area,Center(C),Less Than 8 ft.,2.0,9.0,26.0,1,1,20260115,LAL,CHA,Luka Dončić,2026,LAL,Made,2.7513632984395207,Luka Dončić
Shot Chart Detail,22500586,96,1629029,Luka Dončić,1610612747,Los Angeles Lakers,1,3,42,Made Shot,Driving Floating Jump Shot,2PT Field Goal,In The Paint (Non-RA),Center(C),Less Than 8 ft.,7.0,18.0,69.0,1,1,20260115,LAL,CHA,Luka Dončić,2026,LAL,Made,7.130918594402827,Luka Dončić
Shot Chart Detail,22500586,112,1629029,Luka Dončić,1610612747,Los Angeles Lakers,1,3,14,Made Shot,Driving Layup Shot,2PT Field Goal,Restricted Area,Center(C),Less Than 8 ft.,2.0,12.0,27.0,1,1,20260115,LAL,CHA,Luka Dončić,2026,LAL,Made,2.9546573405388314,Luka Dončić
Shot Chart Detail,22500586,122,1629029,Luka Dončić,1610612747,Los Angeles Lakers,1,2,9,Made Shot,Step Back Jump shot,3PT Field Goal,Above the Break 3,Left Side Center(LC),24+ ft.,26.0,-164.0,209.0,1,1,20260115,LAL,CHA,Luka Dončić,2026,LAL,Made,26.566332076521213,Luka Dončić
Shot Chart Detail,22500586,134,1629029,Luka Dončić,1610612747,Los Angeles Lakers,1,1,11,Missed Shot,Running Pull-Up Jump Shot,3PT Field Goal,Above the Break 3,Left Side Center(LC),24+ ft.,27.0,-112.0,247.0,1,0,20260115,LAL,CHA,Luka Dončić,2026,LAL,Missed,27.12065633424088,Luka Dončić
Shot Chart Detail,22500586,157,1629029,Luka Dončić,1610612747,Los Angeles Lakers,1,0,3,Made Shot,Pullup Jump shot,3PT Field Goal,Above the Break 3,Left Side Center(LC),24+ ft.,32.0,-162.0,283.0,1,1,20260115,LAL,CHA,Luka Dončić,2026,LAL,Made,32.608741159388536,Luka Dončić
Shot Chart Detail,22500586,260,1629029,Luka Dončić,1610612747,Los Angeles Lakers,2,5,4,Missed Shot,Step Back Jump shot,3PT Field Goal,Above the Break 3,Center(C),24+ ft.,27.0,-74.0,268.0,1,0,20260115,LAL,CHA,Luka Dončić,2026,LAL,Missed,27.80287754891569,Luka Dončić
Shot Chart Detail,22500586,341,1629029,Luka Dončić,1610612747,Los Angeles Lakers,3,10,58,Made Shot,Turnaround Jump Shot,2PT Field Goal,In The Paint (Non-RA),Center(C),Less Than 8 ft.,4.0,-9.0,46.0,1,1,20260115,LAL,CHA,Luka Dončić,2026,LAL,Made,4.687216658103186,Luka Dončić
Shot Chart Detail,22500586,344,1629029,Luka Dončić,1610612747,Los Angeles Lakers,3,10,32,Missed Shot,Pullup Jump shot,2PT Field Goal,Mid-Range,Right Side Center(RC),16-24 ft.,16.0,91.0,136.0,1,0,20260115,LAL,CHA,Luka Dončić,2026,LAL,Missed,16.36367929287298,Luka Dončić
Shot Chart Detail,22500586,354,1629029,Luka Dončić,1610612747,Los Angeles Lakers,3,10,1,Missed Shot,Step Back Jump shot,3PT Field Goal,Above the Break 3,Left Side Center(LC),24+ ft.,28.0,-112.0,260.0,1,0,20260115,LAL,CHA,Luka Dončić,2026,LAL,Missed,28.309715646752796,Luka Dončić
Shot Chart Detail,22500586,356,1629029,Luka Dončić,1610612747,Los Angeles Lakers,3,9,50,Made Shot,Turnaround Hook Shot,2PT Field Goal,In The Paint (Non-RA),Center(C),Less Than 8 ft.,4.0,2.0,41.0,1,1,20260115,LAL,CHA,Luka Dončić,2026,LAL,Made,4.104875150354759,Luka Dončić
Shot Chart Detail,22500586,378,1629029,Luka Dončić,1610612747,Los Angeles Lakers,3,7,53,Made Shot,Turnaround Jump Shot,2PT Field Goal,In The Paint (Non-RA),Center(C),Less Than 8 ft.,6.0,12.0,59.0,1,1,20260115,LAL,CHA,Luka Dončić,2026,LAL,Made,6.020797289396148,Luka Dončić
Shot Chart Detail,22500586,380,1629029,Luka Dončić,1610612747,Los Angeles Lakers,3,7,29,Made Shot,Jump Shot,3PT Field Goal,Above the Break 3,Center(C),24+ ft.,27.0,-17.0,272.0,1,1,20260115,LAL,CHA,Luka Dončić,2026,LAL,Made,27.253073221198377,Luka Dončić
Shot Chart Detail,22500586,400,1629029,Luka Dončić,1610612747,Los Angeles Lakers,3,6,18,Made Shot,Pullup Jump shot,2PT Field Goal,Mid-Range,Left Side(L),8-16 ft.,15.0,-126.0,87.0,1,1,20260115,LAL,CHA,Luka Dončić,2026,LAL,Made,15.311760186209813,Luka Dončić
Shot Chart Detail,22500586,437,1629029,Luka Dončić,1610612747,Los Angeles Lakers,3,4,0,Made Shot,Pullup Jump shot,3PT Field Goal,Above the Break 3,Center(C),24+ ft.,25.0,21.0,255.0,1,1,20260115,LAL,CHA,Luka Dončić,2026,LAL,Made,25.586324472264476,Luka Dončić
Shot Chart Detail,22500586,577,1629029,Luka Dončić,1610612747,Los Angeles Lakers,4,7,7,Missed Shot,Pullup Jump shot,2PT Field Goal,In The Paint (Non-RA),Center(C),8-16 ft.,12.0,43.0,119.0,1,0,20260115,LAL,CHA,Luka Dončić,2026,LAL,Missed,12.653062870309308,Luka Dončić
Shot Chart Detail,22500586,585,1629029,Luka Dončić,1610612747,Los Angeles Lakers,4,6,37,Made Shot,Step Back Jump shot,3PT Field Goal,Above the Break 3,Right Side Center(RC),24+ ft.,26.0,113.0,235.0,1,1,20260115,LAL,CHA,Luka Dončić,2026,LAL,Made,26.075659147948688,Luka Dončić
Shot Chart Detail,22500586,596,1629029,Luka Dončić,1610612747,Los Angeles Lakers,4,5,45,Missed Shot,Step Back Jump shot,3PT Field Goal,Above the Break 3,Right Side Center(RC),24+ ft.,30.0,145.0,264.0,1,0,20260115,LAL,CHA,Luka Dončić,2026,LAL,Missed,30.11992695874278,Luka Dončić
Shot Chart Detail,22500586,606,1629029,Luka Dončić,1610612747,Los Angeles Lakers,4,5,12,Made Shot,Driving Floating Jump Shot,2PT Field Goal,Mid-Range,Left Side Center(LC),16-24 ft.,16.0,-83.0,137.0,1,1,20260115,LAL,CHA,Luka Dončić,2026,LAL,Made,16.018114745499858,Luka Dončić
Shot Chart Detail,22500586,628,1629029,Luka Dončić,1610612747,Los Angeles Lakers,4,3,45,Missed Shot,Jump Shot,3PT Field Goal,Above the Break 3,Left Side Center(LC),24+ ft.,26.0,-118.0,241.0,1,0,20260115,LAL,CHA,Luka Dončić,2026,LAL,Missed,26.8337474088134,Luka Dončić
Shot Chart Detail,22500607,7,1629029,Luka Dončić,1610612747,Los Angeles Lakers,1,11,42,Missed Shot,Step Back Jump shot,3PT Field Goal,Above the Break 3,Right Side Center(RC),24+ ft.,27.0,102.0,251.0,1,0,20260118,LAL,TOR,Luka Dončić,2026,LAL,Missed,27.093357119412133,Luka Dončić
Shot Chart Detail,22500607,23,1629029,Luka Dončić,1610612747,Los Angeles Lakers,1,10,8,Missed Shot,Step Back Jump shot,3PT Field Goal,Above the Break 3,Left Side Center(LC),24+ ft.,28.0,-175.0,221.0,1,0,20260118,LAL,TOR,Luka Dončić,2026,LAL,Missed,28.189714436297503,Luka Dončić
Shot Chart Detail,22500607,31,1629029,Luka Dončić,1610612747,Los Angeles Lakers,1,9,28,Missed Shot,Driving Floating Jump Shot,2PT Field Goal,In The Paint (Non-RA),Center(C),8-16 ft.,11.0,-50.0,107.0,1,0,20260118,LAL,TOR,Luka Dončić,2026,LAL,Missed,11.810588469674151,Luka Dončić
Shot Chart Detail,22500607,55,1629029,Luka Dončić,1610612747,Los Angeles Lakers,1,8,12,Missed Shot,Driving Finger Roll Layup Shot,2PT Field Goal,Restricted Area,Center(C),Less Than 8 ft.,3.0,5.0,37.0,1,0,20260118,LAL,TOR,Luka Dončić,2026,LAL,Missed,3.733630940518894,Luka Dončić
Shot Chart Detail,22500607,63,1629029,Luka Dončić,1610612747,Los Angeles Lakers,1,7,38,Missed Shot,Driving Layup Shot,2PT Field Goal,Restricted Area,Center(C),Less Than 8 ft.,3.0,12.0,34.0,1,0,20260118,LAL,TOR,Luka Dončić,2026,LAL,Missed,3.605551275463989,Luka Dončić
Shot Chart Detail,22500607,120,1629029,Luka Dončić,1610612747,Los Angeles Lakers,1,3,35,Made Shot,Step Back Jump shot,3PT Field Goal,Above the Break 3,Right Side Center(RC),24+ ft.,26.0,142.0,221.0,1,1,20260118,LAL,TOR,Luka Dončić,2026,LAL,Made,26.268802789621,Luka Dončić
Shot Chart Detail,22500607,130,1629029,Luka Dončić,1610612747,Los Angeles Lakers,1,2,35,Made Shot,Step Back Jump shot,3PT Field Goal,Above the Break 3,Center(C),24+ ft.,27.0,-46.0,274.0,1,1,20260118,LAL,TOR,Luka Dončić,2026,LAL,Made,27.783448310100027,Luka Dončić
Shot Chart Detail,22500607,133,1629029,Luka Dončić,1610612747,Los Angeles Lakers,1,2,20,Made Shot,Running Layup Shot,2PT Field Goal,Restricted Area,Center(C),Less Than 8 ft.,2.0,-10.0,18.0,1,1,20260118,LAL,TOR,Luka Dončić,2026,LAL,Made,2.0591260281974,Luka Dončić
Shot Chart Detail,22500607,251,1629029,Luka Dončić,1610612747,Los Angeles Lakers,2,5,53,Missed Shot,Running Pull-Up Jump Shot,2PT Field Goal,Restricted Area,Center(C),Less Than 8 ft.,2.0,-9.0,26.0,1,0,20260118,LAL,TOR,Luka Dončić,2026,LAL,Missed,2.7513632984395207,Luka Dončić
Shot Chart Detail,22500607,273,1629029,Luka Dončić,1610612747,Los Angeles Lakers,2,4,36,Missed Shot,Pullup Jump shot,3PT Field Goal,Above the Break 3,Left Side Center(LC),24+ ft.,29.0,-167.0,241.0,1,0,20260118,LAL,TOR,Luka Dončić,2026,LAL,Missed,29.320641193534634,Luka Dončić
Shot Chart Detail,22500607,287,1629029,Luka Dončić,1610612747,Los Angeles Lakers,2,3,31,Missed Shot,Pullup Jump shot,2PT Field Goal,In The Paint (Non-RA),Center(C),Less Than 8 ft.,7.0,34.0,67.0,1,0,20260118,LAL,TOR,Luka Dončić,2026,LAL,Missed,7.513321502504735,Luka Dončić
Shot Chart Detail,22500607,307,1629029,Luka Dončić,1610612747,Los Angeles Lakers,2,2,4,Made Shot,Step Back Jump shot,3PT Field Goal,Above the Break 3,Left Side Center(LC),24+ ft.,26.0,-134.0,232.0,1,1,20260118,LAL,TOR,Luka Dončić,2026,LAL,Made,26.79178978717174,Luka Dončić
Shot Chart Detail,22500607,324,1629029,Luka Dončić,1610612747,Los Angeles Lakers,2,0,27,Missed Shot,Pullup Jump shot,3PT Field Goal,Above the Break 3,Right Side Center(RC),24+ ft.,26.0,184.0,197.0,1,0,20260118,LAL,TOR,Luka Dončić,2026,LAL,Missed,26.956446353330772,Luka Dončić
Shot Chart Detail,22500607,330,1629029,Luka Dončić,1610612747,Los Angeles Lakers,2,0,2,Made Shot,Pullup Jump shot,3PT Field Goal,Above the Break 3,Center(C),24+ ft.,27.0,-12.0,270.0,1,1,20260118,LAL,TOR,Luka Dončić,2026,LAL,Made,27.026653510932498,Luka Dončić
Shot Chart Detail,22500607,353,1629029,Luka Dončić,1610612747,Los Angeles Lakers,3,10,7,Made Shot,Driving Floating Jump Shot,2PT Field Goal,In The Paint (Non-RA),Center(C),8-16 ft.,9.0,36.0,88.0,1,1,20260118,LAL,TOR,Luka Dončić,2026,LAL,Made,9.50789145920377,Luka Dončić
Shot Chart Detail,22500607,363,1629029,Luka Dončić,1610612747,Los Angeles Lakers,3,8,38,Made Shot,Jump Shot,3PT Field Goal,Above the Break 3,Right Side Center(RC),24+ ft.,28.0,141.0,250.0,1,1,20260118,LAL,TOR,Luka Dončić,2026,LAL,Made,28.702090516197597,Luka Dončić
Shot Chart Detail,22500607,366,1629029,Luka Dončić,1610612747,Los Angeles Lakers,3,8,7,Missed Shot,Pullup Jump shot,3PT Field Goal,Above the Break 3,Center(C),24+ ft.,28.0,-39.0,283.0,1,0,20260118,LAL,TOR,Luka Dončić,2026,LAL,Missed,28.5674640106538,Luka Dončić
Shot Chart Detail,22500607,378,1629029,Luka Dončić,1610612747,Los Angeles Lakers,3,7,22,Made Shot,Driving Floating Jump Shot,2PT Field Goal,In The Paint (Non-RA),Center(C),8-16 ft.,11.0,-20.0,114.0,1,1,20260118,LAL,TOR,Luka Dončić,2026,LAL,Made,11.574109036984229,Luka Dončić
Shot Chart Detail,22500607,411,1629029,Luka Dončić,1610612747,Los Angeles Lakers,3,5,21,Missed Shot,Pullup Jump shot,2PT Field Goal,Mid-Range,Left Side(L),8-16 ft.,14.0,-83.0,113.0,1,0,20260118,LAL,TOR,Luka Dončić,2026,LAL,Missed,14.02069898400219,Luka Dončić
Shot Chart Detail,22500607,451,1629029,Luka Dončić,1610612747,Los Angeles Lakers,3,3,25,Missed Shot,Jump Shot,3PT Field Goal,Above the Break 3,Center(C),24+ ft.,26.0,0.0,263.0,1,0,20260118,LAL,TOR,Luka Dončić,2026,LAL,Missed,26.3,Luka Dončić
Shot Chart Detail,22500607,455,1629029,Luka Dončić,1610612747,Los Angeles Lakers,3,3,17,Missed Shot,Fadeaway Jump Shot,2PT Field Goal,Mid-Range,Left Side(L),8-16 ft.,10.0,-108.0,1.0,1,0,20260118,LAL,TOR,Luka Dončić,2026,LAL,Missed,10.800462953040485,Luka Dončić
Shot Chart Detail,22500607,598,1629029,Luka Dončić,1610612747,Los Angeles Lakers,4,5,38,Missed Shot,Jump Shot,3PT Field Goal,Above the Break 3,Left Side Center(LC),24+ ft.,27.0,-150.0,231.0,1,0,20260118,LAL,TOR,Luka Dončić,2026,LAL,Missed,27.542875666858027,Luka Dončić
Shot Chart Detail,22500607,618,1629029,Luka Dončić,1610612747,Los Angeles Lakers,4,3,36,Missed Shot,Driving Floating Jump Shot,2PT Field Goal,In The Paint (Non-RA),Center(C),Less Than 8 ft.,6.0,-11.0,60.0,1,0,20260118,LAL,TOR,Luka Dončić,2026,LAL,Missed,6.1,Luka Dončić
Shot Chart Detail,22500617,9,1629029,Luka Dončić,1610612747,Los Angeles Lakers,1,11,21,Made Shot,Driving Floating Jump Shot,2PT Field Goal,Mid-Range,Left Side(L),8-16 ft.,11.0,-93.0,74.0,1,1,20260120,DEN,LAL,Luka Dončić,2026,DEN,Made,11.884864324004713,Luka Dončić
Shot Chart Detail,22500617,19,1629029,Luka Dončić,1610612747,Los Angeles Lakers,1,9,46,Made Shot,Driving Floating Jump Shot,2PT Field Goal,Mid-Range,Right Side(R),8-16 ft.,9.0,96.0,0.0,1,1,20260120,DEN,LAL,Luka Dončić,2026,DEN,Made,9.6,Luka Dončić
Shot Chart Detail,22500617,22,1629029,Luka Dončić,1610612747,Los Angeles Lakers,1,9,15,Made Shot,Jump Shot,3PT Field Goal,Above the Break 3,Right Side Center(RC),24+ ft.,25.0,218.0,135.0,1,1,20260120,DEN,LAL,Luka Dončić,2026,DEN,Made,25.64156781478075,Luka Dončić
Shot Chart Detail,22500617,48,1629029,Luka Dončić,1610612747,Los Angeles Lakers,1,7,24,Made Shot,Driving Layup Shot,2PT Field Goal,In The Paint (Non-RA),Center(C),Less Than 8 ft.,4.0,37.0,29.0,1,1,20260120,DEN,LAL,Luka Dončić,2026,DEN,Made,4.701063709417264,Luka Dončić
Shot Chart Detail,22500617,55,1629029,Luka Dončić,1610612747,Los Angeles Lakers,1,6,40,Made Shot,Jump Shot,3PT Field Goal,Above the Break 3,Right Side Center(RC),24+ ft.,28.0,200.0,197.0,1,1,20260120,DEN,LAL,Luka Dončić,2026,DEN,Made,28.07294070809113,Luka Dončić
Shot Chart Detail,22500617,70,1629029,Luka Dončić,1610612747,Los Angeles Lakers,1,5,33,Made Shot,Driving Floating Jump Shot,2PT Field Goal,In The Paint (Non-RA),Center(C),8-16 ft.,12.0,51.0,110.0,1,1,20260120,DEN,LAL,Luka Dončić,2026,DEN,Made,12.124768039018313,Luka Dončić
Shot Chart Detail,22500617,254,1629029,Luka Dončić,1610612747,Los Angeles Lakers,2,5,24,Missed Shot,Step Back Jump shot,3PT Field Goal,Above the Break 3,Center(C),24+ ft.,26.0,-56.0,258.0,1,0,20260120,DEN,LAL,Luka Dončić,2026,DEN,Missed,26.40075756488817,Luka Dončić
Shot Chart Detail,22500617,262,1629029,Luka Dončić,1610612747,Los Angeles Lakers,2,4,26,Missed Shot,Step Back Jump shot,3PT Field Goal,Above the Break 3,Right Side Center(RC),24+ ft.,25.0,174.0,190.0,1,0,20260120,DEN,LAL,Luka Dončić,2026,DEN,Missed,25.763540129415446,Luka Dončić
Shot Chart Detail,22500617,267,1629029,Luka Dončić,1610612747,Los Angeles Lakers,2,3,48,Missed Shot,Driving Floating Jump Shot,2PT Field Goal,In The Paint (Non-RA),Center(C),8-16 ft.,11.0,47.0,100.0,1,0,20260120,DEN,LAL,Luka Dončić,2026,DEN,Missed,11.04943437466371,Luka Dončić
Shot Chart Detail,22500617,301,1629029,Luka Dončić,1610612747,Los Angeles Lakers,2,2,6,Made Shot,Pullup Jump shot,2PT Field Goal,In The Paint (Non-RA),Center(C),8-16 ft.,11.0,-5.0,111.0,1,1,20260120,DEN,LAL,Luka Dončić,2026,DEN,Made,11.11125555461668,Luka Dončić
Shot Chart Detail,22500617,303,1629029,Luka Dončić,1610612747,Los Angeles Lakers,2,1,25,Missed Shot,Driving Floating Jump Shot,2PT Field Goal,In The Paint (Non-RA),Center(C),Less Than 8 ft.,6.0,-28.0,63.0,1,0,20260120,DEN,LAL,Luka Dončić,2026,DEN,Missed,6.894200461257273,Luka Dončić
Shot Chart Detail,22500617,313,1629029,Luka Dončić,1610612747,Los Angeles Lakers,2,1,3,Missed Shot,Driving Floating Jump Shot,2PT Field Goal,In The Paint (Non-RA),Center(C),Less Than 8 ft.,6.0,-55.0,31.0,1,0,20260120,DEN,LAL,Luka Dončić,2026,DEN,Missed,6.313477647065839,Luka Dončić
Shot Chart Detail,22500617,319,1629029,Luka Dončić,1610612747,Los Angeles Lakers,2,0,52,Made Shot,Running Layup Shot,2PT Field Goal,Restricted Area,Center(C),Less Than 8 ft.,1.0,-9.0,13.0,1,1,20260120,DEN,LAL,Luka Dončić,2026,DEN,Made,1.5811388300841895,Luka Dončić
Shot Chart Detail,22500617,330,1629029,Luka Dončić,1610612747,Los Angeles Lakers,2,0,31,Missed Shot,Pullup Jump shot,3PT Field Goal,Above the Break 3,Center(C),24+ ft.,26.0,-6.0,262.0,1,0,20260120,DEN,LAL,Luka Dončić,2026,DEN,Missed,26.206869328479506,Luka Dončić
Shot Chart Detail,22500617,389,1629029,Luka Dončić,1610612747,Los Angeles Lakers,3,7,18,Made Shot,Driving Floating Jump Shot,2PT Field Goal,In The Paint (Non-RA),Center(C),8-16 ft.,11.0,-6.0,110.0,1,1,20260120,DEN,LAL,Luka Dončić,2026,DEN,Made,11.01635148313633,Luka Dončić
Shot Chart Detail,22500617,395,1629029,Luka Dončić,1610612747,Los Angeles Lakers,3,6,49,Made Shot,Running Jump Shot,3PT Field Goal,Above the Break 3,Left Side Center(LC),24+ ft.,27.0,-146.0,231.0,1,1,20260120,DEN,LAL,Luka Dončić,2026,DEN,Made,27.327092783536266,Luka Dončić
Shot Chart Detail,22500617,416,1629029,Luka Dončić,1610612747,Los Angeles Lakers,3,5,1,Made Shot,Fadeaway Jump Shot,2PT Field Goal,Mid-Range,Left Side(L),8-16 ft.,12.0,-109.0,67.0,1,1,20260120,DEN,LAL,Luka Dončić,2026,DEN,Made,12.794530081249565,Luka Dončić
Shot Chart Detail,22500617,420,1629029,Luka Dončić,1610612747,Los Angeles Lakers,3,4,26,Missed Shot,Jump Shot,3PT Field Goal,Above the Break 3,Left Side Center(LC),24+ ft.,30.0,-94.0,289.0,1,0,20260120,DEN,LAL,Luka Dončić,2026,DEN,Missed,30.390294503344318,Luka Dončić
Shot Chart Detail,22500617,429,1629029,Luka Dončić,1610612747,Los Angeles Lakers,3,3,44,Made Shot,Pullup Jump shot,2PT Field Goal,In The Paint (Non-RA),Center(C),Less Than 8 ft.,6.0,-15.0,62.0,1,1,20260120,DEN,LAL,Luka Dončić,2026,DEN,Made,6.378871373526825,Luka Dončić
Shot Chart Detail,22500617,516,1629029,Luka Dončić,1610612747,Los Angeles Lakers,4,9,2,Missed Shot,Jump Shot,3PT Field Goal,Left Corner 3,Left Side(L),24+ ft.,22.0,-225.0,-4.0,1,0,20260120,DEN,LAL,Luka Dončić,2026,DEN,Missed,22.503555274667157,Luka Dončić
Shot Chart Detail,22500617,588,1629029,Luka Dončić,1610612747,Los Angeles Lakers,4,4,13,Missed Shot,Pullup Jump shot,3PT Field Goal,Above the Break 3,Left Side Center(LC),24+ ft.,25.0,-224.0,116.0,1,0,20260120,DEN,LAL,Luka Dončić,2026,DEN,Missed,25.225384040684098,Luka Dončić
Shot Chart Detail,22500633,11,1629029,Luka Dončić,1610612747,Los Angeles Lakers,1,11,10,Missed Shot,Pullup Jump shot,3PT Field Goal,Above the Break 3,Right Side Center(RC),24+ ft.,26.0,145.0,225.0,1,0,20260122,LAC,LAL,Luka Dončić,2026,LAC,Missed,26.767517628648346,Luka Dončić
Shot Chart Detail,22500633,29,1629029,Luka Dončić,1610612747,Los Angeles Lakers,1,9,30,Made Shot,Driving Floating Jump Shot,2PT Field Goal,Mid-Range,Right Side(R),8-16 ft.,8.0,89.0,-2.0,1,1,20260122,LAC,LAL,Luka Dončić,2026,LAC,Made,8.902246907382429,Luka Dončić
Shot Chart Detail,22500633,31,1629029,Luka Dončić,1610612747,Los Angeles Lakers,1,8,59,Missed Shot,Jump Shot,3PT Field Goal,Above the Break 3,Right Side Center(RC),24+ ft.,26.0,162.0,214.0,1,0,20260122,LAC,LAL,Luka Dončić,2026,LAC,Missed,26.840268254993283,Luka Dončić
Shot Chart Detail,22500633,34,1629029,Luka Dončić,1610612747,Los Angeles Lakers,1,8,36,Made Shot,Driving Floating Jump Shot,2PT Field Goal,In The Paint (Non-RA),Center(C),8-16 ft.,14.0,-61.0,129.0,1,1,20260122,LAC,LAL,Luka Dončić,2026,LAC,Made,14.26954799564443,Luka Dončić
Shot Chart Detail,22500633,41,1629029,Luka Dončić,1610612747,Los Angeles Lakers,1,7,30,Missed Shot,Driving Floating Jump Shot,2PT Field Goal,In The Paint (Non-RA),Right Side(R),8-16 ft.,8.0,60.0,56.0,1,0,20260122,LAC,LAL,Luka Dončić,2026,LAC,Missed,8.207313811473277,Luka Dončić
Shot Chart Detail,22500633,49,1629029,Luka Dončić,1610612747,Los Angeles Lakers,1,7,1,Made Shot,Driving Floating Bank Jump Shot,2PT Field Goal,In The Paint (Non-RA),Center(C),Less Than 8 ft.,7.0,-70.0,10.0,1,1,20260122,LAC,LAL,Luka Dončić,2026,LAC,Made,7.0710678118654755,Luka Dončić
Shot Chart Detail,22500633,88,1629029,Luka Dončić,1610612747,Los Angeles Lakers,1,4,33,Made Shot,Driving Floating Jump Shot,2PT Field Goal,In The Paint (Non-RA),Center(C),8-16 ft.,10.0,-6.0,100.0,1,1,20260122,LAC,LAL,Luka Dončić,2026,LAC,Made,10.017983829094556,Luka Dončić
Shot Chart Detail,22500633,91,1629029,Luka Dončić,1610612747,Los Angeles Lakers,1,4,5,Missed Shot,Driving Layup Shot,2PT Field Goal,Restricted Area,Center(C),Less Than 8 ft.,2.0,10.0,19.0,1,0,20260122,LAC,LAL,Luka Dončić,2026,LAC,Missed,2.1470910553583886,Luka Dončić
Shot Chart Detail,22500633,110,1629029,Luka Dončić,1610612747,Los Angeles Lakers,1,2,55,Made Shot,Pullup Jump shot,3PT Field Goal,Above the Break 3,Right Side Center(RC),24+ ft.,25.0,188.0,177.0,1,1,20260122,LAC,LAL,Luka Dončić,2026,LAC,Made,25.821115390315732,Luka Dončić
Shot Chart Detail,22500633,117,1629029,Luka Dončić,1610612747,Los Angeles Lakers,1,2,3,Made Shot,Turnaround Fadeaway Bank Jump Shot,2PT Field Goal,In The Paint (Non-RA),Center(C),Less Than 8 ft.,5.0,-44.0,34.0,1,1,20260122,LAC,LAL,Luka Dončić,2026,LAC,Made,5.5605755097831375,Luka Dončić
Shot Chart Detail,22500633,128,1629029,Luka Dončić,1610612747,Los Angeles Lakers,1,0,33,Missed Shot,Pullup Jump shot,2PT Field Goal,Mid-Range,Center(C),16-24 ft.,20.0,-47.0,200.0,1,0,20260122,LAC,LAL,Luka Dončić,2026,LAC,Missed,20.544829033116823,Luka Dončić
Shot Chart Detail,22500633,221,1629029,Luka Dončić,1610612747,Los Angeles Lakers,2,5,48,Made Shot,Fadeaway Jump Shot,2PT Field Goal,Mid-Range,Center(C),16-24 ft.,16.0,-49.0,156.0,1,1,20260122,LAC,LAL,Luka Dončić,2026,LAC,Made,16.35145253486674,Luka Dončić
Shot Chart Detail,22500633,287,1629029,Luka Dončić,1610612747,Los Angeles Lakers,2,1,33,Missed Shot,Step Back Jump shot,3PT Field Goal,Above the Break 3,Left Side Center(LC),24+ ft.,25.0,-179.0,182.0,1,0,20260122,LAC,LAL,Luka Dončić,2026,LAC,Missed,25.52743622066266,Luka Dončić
Shot Chart Detail,22500633,290,1629029,Luka Dončić,1610612747,Los Angeles Lakers,2,0,55,Missed Shot,Step Back Jump shot,3PT Field Goal,Above the Break 3,Center(C),24+ ft.,26.0,18.0,264.0,1,0,20260122,LAC,LAL,Luka Dončić,2026,LAC,Missed,26.461292485439934,Luka Dončić
Shot Chart Detail,22500633,319,1629029,Luka Dončić,1610612747,Los Angeles Lakers,3,11,17,Missed Shot,Step Back Jump shot,3PT Field Goal,Above the Break 3,Left Side Center(LC),24+ ft.,28.0,-131.0,248.0,1,0,20260122,LAC,LAL,Luka Dončić,2026,LAC,Missed,28.047281508196118,Luka Dončić
Shot Chart Detail,22500633,386,1629029,Luka Dončić,1610612747,Los Angeles Lakers,3,6,15,Missed Shot,Running Layup Shot,2PT Field Goal,In The Paint (Non-RA),Center(C),Less Than 8 ft.,4.0,13.0,48.0,1,0,20260122,LAC,LAL,Luka Dončić,2026,LAC,Missed,4.972926703662543,Luka Dončić
Shot Chart Detail,22500633,390,1629029,Luka Dončić,1610612747,Los Angeles Lakers,3,5,42,Missed Shot,Step Back Jump shot,3PT Field Goal,Above the Break 3,Left Side Center(LC),24+ ft.,27.0,-176.0,215.0,1,0,20260122,LAC,LAL,Luka Dončić,2026,LAC,Missed,27.78506793225455,Luka Dončić
Shot Chart Detail,22500633,399,1629029,Luka Dončić,1610612747,Los Angeles Lakers,3,5,3,Missed Shot,Driving Floating Jump Shot,2PT Field Goal,Mid-Range,Left Side Center(LC),16-24 ft.,20.0,-124.0,159.0,1,0,20260122,LAC,LAL,Luka Dončić,2026,LAC,Missed,20.16358103115615,Luka Dončić
Shot Chart Detail,22500633,408,1629029,Luka Dončić,1610612747,Los Angeles Lakers,3,4,31,Missed Shot,Driving Layup Shot,2PT Field Goal,Restricted Area,Center(C),Less Than 8 ft.,3.0,15.0,36.0,1,0,20260122,LAC,LAL,Luka Dončić,2026,LAC,Missed,3.9,Luka Dončić
Shot Chart Detail,22500633,426,1629029,Luka Dončić,1610612747,Los Angeles Lakers,3,3,55,Made Shot,Fadeaway Jump Shot,2PT Field Goal,Mid-Range,Center(C),16-24 ft.,16.0,-2.0,162.0,1,1,20260122,LAC,LAL,Luka Dončić,2026,LAC,Made,16.201234520862908,Luka Dončić
Shot Chart Detail,22500633,450,1629029,Luka Dončić,1610612747,Los Angeles Lakers,3,1,35,Made Shot,Step Back Jump shot,3PT Field Goal,Above the Break 3,Left Side Center(LC),24+ ft.,26.0,-158.0,211.0,1,1,20260122,LAC,LAL,Luka Dončić,2026,LAC,Made,26.360007587252323,Luka Dončić
Shot Chart Detail,22500633,456,1629029,Luka Dončić,1610612747,Los Angeles Lakers,3,1,5,Missed Shot,Running Pull-Up Jump Shot,3PT Field Goal,Above the Break 3,Left Side Center(LC),24+ ft.,29.0,-116.0,275.0,1,0,20260122,LAC,LAL,Luka Dončić,2026,LAC,Missed,29.846440323763904,Luka Dončić
Shot Chart Detail,22500633,469,1629029,Luka Dončić,1610612747,Los Angeles Lakers,3,0,1,Missed Shot,Jump Shot,3PT Field Goal,Above the Break 3,Center(C),24+ ft.,39.0,-2.0,393.0,1,0,20260122,LAC,LAL,Luka Dončić,2026,LAC,Missed,39.30050890255748,Luka Dončić
Shot Chart Detail,22500633,554,1629029,Luka Dončić,1610612747,Los Angeles Lakers,4,5,56,Made Shot,Fadeaway Jump Shot,3PT Field Goal,Above the Break 3,Left Side Center(LC),24+ ft.,27.0,-145.0,230.0,1,1,20260122,LAC,LAL,Luka Dončić,2026,LAC,Made,27.189152248645048,Luka Dončić
Shot Chart Detail,22500633,567,1629029,Luka Dončić,1610612747,Los Angeles Lakers,4,4,9,Missed Shot,Step Back Jump shot,3PT Field Goal,Above the Break 3,Left Side Center(LC),24+ ft.,28.0,-230.0,169.0,1,0,20260122,LAC,LAL,Luka Dončić,2026,LAC,Missed,28.541373477812876,Luka Dončić
Shot Chart Detail,22500633,642,1629029,Luka Dončić,1610612747,Los Angeles Lakers,4,0,38,Made Shot,Driving Layup Shot,2PT Field Goal,Restricted Area,Center(C),Less Than 8 ft.,3.0,9.0,37.0,1,1,20260122,LAC,LAL,Luka Dončić,2026,LAC,Made,3.8078865529319543,Luka Dončić
Shot Chart Detail,22500633,649,1629029,Luka Dončić,1610612747,Los Angeles Lakers,4,0,23,Missed Shot,Step Back Jump shot,3PT Field Goal,Above the Break 3,Center(C),24+ ft.,26.0,-44.0,263.0,1,0,20260122,LAC,LAL,Luka Dončić,2026,LAC,Missed,26.665520808714763,Luka Dončić
Shot Chart Detail,22500648,49,1629029,Luka Dončić,1610612747,Los Angeles Lakers,1,8,1,Missed Shot,Jump Shot,3PT Field Goal,Above the Break 3,Center(C),24+ ft.,25.0,-23.0,258.0,1,0,20260124,DAL,LAL,Luka Dončić,2026,DAL,Missed,25.902316498722655,Luka Dončić
Shot Chart Detail,22500648,93,1629029,Luka Dončić,1610612747,Los Angeles Lakers,1,5,30,Made Shot,Step Back Jump shot,3PT Field Goal,Above the Break 3,Center(C),24+ ft.,27.0,-11.0,277.0,1,1,20260124,DAL,LAL,Luka Dončić,2026,DAL,Made,27.721832551258224,Luka Dončić
Shot Chart Detail,22500648,108,1629029,Luka Dončić,1610612747,Los Angeles Lakers,1,4,7,Made Shot,Step Back Jump shot,3PT Field Goal,Above the Break 3,Left Side Center(LC),24+ ft.,25.0,-167.0,189.0,1,1,20260124,DAL,LAL,Luka Dončić,2026,DAL,Made,25.221022976873876,Luka Dončić
Shot Chart Detail,22500648,260,1629029,Luka Dončić,1610612747,Los Angeles Lakers,2,6,52,Made Shot,Driving Floating Jump Shot,2PT Field Goal,In The Paint (Non-RA),Center(C),Less Than 8 ft.,6.0,-37.0,52.0,1,1,20260124,DAL,LAL,Luka Dončić,2026,DAL,Made,6.382005954243541,Luka Dončić
Shot Chart Detail,22500648,295,1629029,Luka Dončić,1610612747,Los Angeles Lakers,2,3,50,Missed Shot,Driving Floating Bank Jump Shot,2PT Field Goal,In The Paint (Non-RA),Center(C),8-16 ft.,11.0,33.0,113.0,1,0,20260124,DAL,LAL,Luka Dončić,2026,DAL,Missed,11.772000679578642,Luka Dončić
Shot Chart Detail,22500648,303,1629029,Luka Dončić,1610612747,Los Angeles Lakers,2,3,5,Missed Shot,Step Back Jump shot,3PT Field Goal,Above the Break 3,Right Side Center(RC),24+ ft.,25.0,87.0,237.0,1,0,20260124,DAL,LAL,Luka Dončić,2026,DAL,Missed,25.246385879963096,Luka Dončić
Shot Chart Detail,22500648,351,1629029,Luka Dončić,1610612747,Los Angeles Lakers,2,0,31,Missed Shot,Jump Shot,3PT Field Goal,Above the Break 3,Left Side Center(LC),24+ ft.,28.0,-157.0,234.0,1,0,20260124,DAL,LAL,Luka Dončić,2026,DAL,Missed,28.178892810044896,Luka Dončić
Shot Chart Detail,22500648,375,1629029,Luka Dončić,1610612747,Los Angeles Lakers,3,10,58,Made Shot,Driving Finger Roll Layup Shot,2PT Field Goal,Restricted Area,Center(C),Less Than 8 ft.,2.0,28.0,10.0,1,1,20260124,DAL,LAL,Luka Dončić,2026,DAL,Made,2.973213749463701,Luka Dončić
Shot Chart Detail,22500648,378,1629029,Luka Dončić,1610612747,Los Angeles Lakers,3,10,27,Missed Shot,Pullup Jump shot,3PT Field Goal,Above the Break 3,Center(C),24+ ft.,26.0,50.0,258.0,1,0,20260124,DAL,LAL,Luka Dončić,2026,DAL,Missed,26.28003044138267,Luka Dončić
Shot Chart Detail,22500648,434,1629029,Luka Dončić,1610612747,Los Angeles Lakers,3,5,28,Made Shot,Driving Layup Shot,2PT Field Goal,Restricted Area,Center(C),Less Than 8 ft.,2.0,27.0,12.0,1,1,20260124,DAL,LAL,Luka Dončić,2026,DAL,Made,2.9546573405388314,Luka Dončić
Shot Chart Detail,22500648,445,1629029,Luka Dončić,1610612747,Los Angeles Lakers,3,5,5,Made Shot,Jump Shot,3PT Field Goal,Above the Break 3,Left Side Center(LC),24+ ft.,26.0,-211.0,159.0,1,1,20260124,DAL,LAL,Luka Dončić,2026,DAL,Made,26.420068130116544,Luka Dončić
Shot Chart Detail,22500648,599,1629029,Luka Dončić,1610612747,Los Angeles Lakers,4,8,30,Missed Shot,Fadeaway Jump Shot,2PT Field Goal,Mid-Range,Right Side(R),8-16 ft.,15.0,114.0,107.0,1,0,20260124,DAL,LAL,Luka Dončić,2026,DAL,Missed,15.6348968656656,Luka Dončić
Shot Chart Detail,22500648,674,1629029,Luka Dončić,1610612747,Los Angeles Lakers,4,3,17,Made Shot,Driving Layup Shot,2PT Field Goal,Restricted Area,Center(C),Less Than 8 ft.,1.0,9.0,13.0,1,1,20260124,DAL,LAL,Luka Dončić,2026,DAL,Made,1.5811388300841895,Luka Dončić
Shot Chart Detail,22500648,719,1629029,Luka Dončić,1610612747,Los Angeles Lakers,4,0,50,Made Shot,Driving Finger Roll Layup Shot,2PT Field Goal,Restricted Area,Center(C),Less Than 8 ft.,3.0,28.0,25.0,1,1,20260124,DAL,LAL,Luka Dončić,2026,DAL,Made,3.753664875824692,Luka Dončić
Shot Chart Detail,22500648,723,1629029,Luka Dončić,1610612747,Los Angeles Lakers,4,0,23,Missed Shot,Step Back Jump shot,3PT Field Goal,Above the Break 3,Center(C),24+ ft.,27.0,85.0,265.0,1,0,20260124,DAL,LAL,Luka Dončić,2026,DAL,Missed,27.829840100151493,Luka Dončić
Shot Chart Detail,22500661,17,1629029,Luka Dončić,1610612747,Los Angeles Lakers,1,10,32,Made Shot,Driving Layup Shot,2PT Field Goal,Restricted Area,Center(C),Less Than 8 ft.,3.0,38.0,-5.0,1,1,20260126,CHI,LAL,Luka Dončić,2026,CHI,Made,3.83275357934736,Luka Dončić
Shot Chart Detail,22500661,20,1629029,Luka Dončić,1610612747,Los Angeles Lakers,1,10,5,Missed Shot,Turnaround Jump Shot,2PT Field Goal,In The Paint (Non-RA),Center(C),Less Than 8 ft.,6.0,56.0,29.0,1,0,20260126,CHI,LAL,Luka Dončić,2026,CHI,Missed,6.3063460101710245,Luka Dončić
Shot Chart Detail,22500661,29,1629029,Luka Dončić,1610612747,Los Angeles Lakers,1,9,12,Missed Shot,Step Back Jump shot,3PT Field Goal,Left Corner 3,Left Side(L),24+ ft.,24.0,-234.0,60.0,1,0,20260126,CHI,LAL,Luka Dončić,2026,CHI,Missed,24.156986567036874,Luka Dončić
Shot Chart Detail,22500661,48,1629029,Luka Dončić,1610612747,Los Angeles Lakers,1,6,56,Made Shot,Driving Floating Jump Shot,2PT Field Goal,In The Paint (Non-RA),Center(C),8-16 ft.,10.0,34.0,97.0,1,1,20260126,CHI,LAL,Luka Dončić,2026,CHI,Made,10.27861858422619,Luka Dončić
Shot Chart Detail,22500661,78,1629029,Luka Dončić,1610612747,Los Angeles Lakers,1,4,26,Made Shot,Jump Shot,3PT Field Goal,Above the Break 3,Center(C),24+ ft.,26.0,-69.0,259.0,1,1,20260126,CHI,LAL,Luka Dončić,2026,CHI,Made,26.80335799857921,Luka Dončić
Shot Chart Detail,22500661,109,1629029,Luka Dončić,1610612747,Los Angeles Lakers,1,2,48,Missed Shot,Step Back Jump shot,3PT Field Goal,Above the Break 3,Left Side Center(LC),24+ ft.,26.0,-145.0,218.0,1,0,20260126,CHI,LAL,Luka Dončić,2026,CHI,Missed,26.181863951980194,Luka Dončić
Shot Chart Detail,22500661,111,1629029,Luka Dončić,1610612747,Los Angeles Lakers,1,2,40,Made Shot,Jump Shot,3PT Field Goal,Left Corner 3,Left Side(L),24+ ft.,23.0,-232.0,-8.0,1,1,20260126,CHI,LAL,Luka Dončić,2026,CHI,Made,23.213789005675054,Luka Dončić
Shot Chart Detail,22500661,145,1629029,Luka Dončić,1610612747,Los Angeles Lakers,1,0,22,Made Shot,Driving Floating Jump Shot,2PT Field Goal,Restricted Area,Center(C),Less Than 8 ft.,2.0,6.0,23.0,1,1,20260126,CHI,LAL,Luka Dončić,2026,CHI,Made,2.3769728648009427,Luka Dončić
Shot Chart Detail,22500661,254,1629029,Luka Dončić,1610612747,Los Angeles Lakers,2,4,16,Made Shot,Pullup Jump shot,2PT Field Goal,In The Paint (Non-RA),Center(C),Less Than 8 ft.,6.0,-1.0,62.0,1,1,20260126,CHI,LAL,Luka Dončić,2026,CHI,Made,6.2008063991709985,Luka Dončić
Shot Chart Detail,22500661,281,1629029,Luka Dončić,1610612747,Los Angeles Lakers,2,1,41,Missed Shot,Step Back Jump shot,3PT Field Goal,Above the Break 3,Left Side Center(LC),24+ ft.,28.0,-194.0,209.0,1,0,20260126,CHI,LAL,Luka Dončić,2026,CHI,Missed,28.51613578309656,Luka Dončić
Shot Chart Detail,22500661,315,1629029,Luka Dončić,1610612747,Los Angeles Lakers,3,11,4,Made Shot,Step Back Jump shot,3PT Field Goal,Above the Break 3,Right Side Center(RC),24+ ft.,27.0,138.0,234.0,1,1,20260126,CHI,LAL,Luka Dončić,2026,CHI,Made,27.16615541441225,Luka Dončić
Shot Chart Detail,22500661,317,1629029,Luka Dončić,1610612747,Los Angeles Lakers,3,10,31,Made Shot,Driving Finger Roll Layup Shot,2PT Field Goal,Restricted Area,Center(C),Less Than 8 ft.,1.0,-17.0,4.0,1,1,20260126,CHI,LAL,Luka Dončić,2026,CHI,Made,1.7464249196572978,Luka Dončić
Shot Chart Detail,22500661,334,1629029,Luka Dončić,1610612747,Los Angeles Lakers,3,9,7,Made Shot,Step Back Jump shot,3PT Field Goal,Above the Break 3,Center(C),24+ ft.,24.0,-76.0,236.0,1,1,20260126,CHI,LAL,Luka Dončić,2026,CHI,Made,24.793547547698775,Luka Dončić
Shot Chart Detail,22500661,344,1629029,Luka Dončić,1610612747,Los Angeles Lakers,3,8,2,Made Shot,Step Back Jump shot,3PT Field Goal,Above the Break 3,Right Side Center(RC),24+ ft.,25.0,130.0,218.0,1,1,20260126,CHI,LAL,Luka Dončić,2026,CHI,Made,25.381883302859936,Luka Dončić
Shot Chart Detail,22500661,351,1629029,Luka Dončić,1610612747,Los Angeles Lakers,3,6,48,Missed Shot,Pullup Jump shot,2PT Field Goal,In The Paint (Non-RA),Center(C),8-16 ft.,8.0,9.0,87.0,1,0,20260126,CHI,LAL,Luka Dončić,2026,CHI,Missed,8.746427842267952,Luka Dončić
Shot Chart Detail,22500661,406,1629029,Luka Dončić,1610612747,Los Angeles Lakers,3,3,33,Made Shot,Driving Layup Shot,2PT Field Goal,Restricted Area,Center(C),Less Than 8 ft.,0.0,-1.0,3.0,1,1,20260126,CHI,LAL,Luka Dončić,2026,CHI,Made,0.31622776601683794,Luka Dončić
Shot Chart Detail,22500661,423,1629029,Luka Dončić,1610612747,Los Angeles Lakers,3,2,44,Missed Shot,Step Back Jump shot,3PT Field Goal,Above the Break 3,Left Side Center(LC),24+ ft.,25.0,-184.0,179.0,1,0,20260126,CHI,LAL,Luka Dončić,2026,CHI,Missed,25.67041098229633,Luka Dončić
Shot Chart Detail,22500661,437,1629029,Luka Dončić,1610612747,Los Angeles Lakers,3,0,55,Made Shot,Step Back Jump shot,3PT Field Goal,Above the Break 3,Right Side Center(RC),24+ ft.,25.0,205.0,146.0,1,1,20260126,CHI,LAL,Luka Dončić,2026,CHI,Made,25.167637950352038,Luka Dončić
Shot Chart Detail,22500661,440,1629029,Luka Dončić,1610612747,Los Angeles Lakers,3,0,33,Missed Shot,Running Pull-Up Jump Shot,3PT Field Goal,Above the Break 3,Center(C),24+ ft.,33.0,-72.0,331.0,1,0,20260126,CHI,LAL,Luka Dončić,2026,CHI,Missed,33.8740313514645,Luka Dončić
Shot Chart Detail,22500661,550,1629029,Luka Dončić,1610612747,Los Angeles Lakers,4,6,35,Made Shot,Fadeaway Jump Shot,2PT Field Goal,In The Paint (Non-RA),Center(C),8-16 ft.,14.0,-52.0,130.0,1,1,20260126,CHI,LAL,Luka Dončić,2026,CHI,Made,14.00142849854971,Luka Dončić
Shot Chart Detail,22500661,565,1629029,Luka Dončić,1610612747,Los Angeles Lakers,4,5,11,Missed Shot,Jump Shot,2PT Field Goal,Mid-Range,Left Side Center(LC),16-24 ft.,20.0,-161.0,128.0,1,0,20260126,CHI,LAL,Luka Dončić,2026,CHI,Missed,20.56817930688081,Luka Dončić
Shot Chart Detail,22500661,578,1629029,Luka Dončić,1610612747,Los Angeles Lakers,4,4,18,Missed Shot,Step Back Jump shot,2PT Field Goal,Mid-Range,Center(C),16-24 ft.,20.0,-33.0,207.0,1,0,20260126,CHI,LAL,Luka Dončić,2026,CHI,Missed,20.961393083476107,Luka Dončić
Shot Chart Detail,22500661,589,1629029,Luka Dončić,1610612747,Los Angeles Lakers,4,3,42,Made Shot,Jump Shot,3PT Field Goal,Above the Break 3,Left Side Center(LC),24+ ft.,26.0,-188.0,180.0,1,1,20260126,CHI,LAL,Luka Dončić,2026,CHI,Made,26.027677575995902,Luka Dončić
Shot Chart Detail,22500661,595,1629029,Luka Dončić,1610612747,Los Angeles Lakers,4,3,6,Made Shot,Jump Shot,3PT Field Goal,Above the Break 3,Left Side Center(LC),24+ ft.,24.0,-196.0,153.0,1,1,20260126,CHI,LAL,Luka Dončić,2026,CHI,Made,24.86463351831271,Luka Dončić
Shot Chart Detail,22500661,621,1629029,Luka Dončić,1610612747,Los Angeles Lakers,4,1,17,Missed Shot,Jump Shot,3PT Field Goal,Above the Break 3,Center(C),24+ ft.,33.0,-53.0,326.0,1,0,20260126,CHI,LAL,Luka Dončić,2026,CHI,Missed,33.028018408617854,Luka Dončić
Shot Chart Detail,22500671,12,1629029,Luka Dončić,1610612747,Los Angeles Lakers,1,11,9,Missed Shot,Step Back Jump shot,3PT Field Goal,Above the Break 3,Right Side Center(RC),24+ ft.,28.0,203.0,193.0,1,0,20260128,CLE,LAL,Luka Dončić,2026,CLE,Missed,28.010355228022366,Luka Dončić
Shot Chart Detail,22500671,18,1629029,Luka Dončić,1610612747,Los Angeles Lakers,1,10,35,Missed Shot,Driving Floating Jump Shot,2PT Field Goal,Mid-Range,Left Side(L),8-16 ft.,8.0,-89.0,-7.0,1,0,20260128,CLE,LAL,Luka Dončić,2026,CLE,Missed,8.927485648266257,Luka Dončić
Shot Chart Detail,22500671,25,1629029,Luka Dončić,1610612747,Los Angeles Lakers,1,9,26,Missed Shot,Floating Jump shot,2PT Field Goal,Mid-Range,Right Side(R),8-16 ft.,10.0,98.0,27.0,1,0,20260128,CLE,LAL,Luka Dončić,2026,CLE,Missed,10.165136496870073,Luka Dončić
Shot Chart Detail,22500671,44,1629029,Luka Dončić,1610612747,Los Angeles Lakers,1,7,58,Missed Shot,Step Back Jump shot,3PT Field Goal,Left Corner 3,Left Side(L),24+ ft.,24.0,-234.0,82.0,1,0,20260128,CLE,LAL,Luka Dončić,2026,CLE,Missed,24.795160818191924,Luka Dončić
Shot Chart Detail,22500671,187,1629029,Luka Dončić,1610612747,Los Angeles Lakers,2,10,27,Made Shot,Fadeaway Jump Shot,2PT Field Goal,In The Paint (Non-RA),Left Side(L),8-16 ft.,12.0,-67.0,106.0,1,1,20260128,CLE,LAL,Luka Dončić,2026,CLE,Made,12.539936203984452,Luka Dončić
Shot Chart Detail,22500671,192,1629029,Luka Dončić,1610612747,Los Angeles Lakers,2,9,51,Missed Shot,Step Back Jump shot,3PT Field Goal,Above the Break 3,Left Side Center(LC),24+ ft.,25.0,-201.0,150.0,1,0,20260128,CLE,LAL,Luka Dončić,2026,CLE,Missed,25.080071770232237,Luka Dončić
Shot Chart Detail,22500671,217,1629029,Luka Dončić,1610612747,Los Angeles Lakers,2,8,3,Made Shot,Step Back Jump shot,3PT Field Goal,Above the Break 3,Left Side Center(LC),24+ ft.,25.0,-162.0,200.0,1,1,20260128,CLE,LAL,Luka Dončić,2026,CLE,Made,25.73790978304182,Luka Dončić
Shot Chart Detail,22500671,254,1629029,Luka Dončić,1610612747,Los Angeles Lakers,2,6,30,Made Shot,Driving Finger Roll Layup Shot,2PT Field Goal,Restricted Area,Center(C),Less Than 8 ft.,0.0,-7.0,6.0,1,1,20260128,CLE,LAL,Luka Dončić,2026,CLE,Made,0.9219544457292888,Luka Dončić
Shot Chart Detail,22500671,267,1629029,Luka Dončić,1610612747,Los Angeles Lakers,2,4,38,Made Shot,Step Back Jump shot,2PT Field Goal,Mid-Range,Right Side Center(RC),16-24 ft.,16.0,96.0,129.0,1,1,20260128,CLE,LAL,Luka Dončić,2026,CLE,Made,16.080111939908875,Luka Dončić
Shot Chart Detail,22500671,331,1629029,Luka Dončić,1610612747,Los Angeles Lakers,2,1,29,Missed Shot,Step Back Jump shot,3PT Field Goal,Above the Break 3,Left Side Center(LC),24+ ft.,25.0,-196.0,166.0,1,0,20260128,CLE,LAL,Luka Dončić,2026,CLE,Missed,25.68501508662201,Luka Dončić
Shot Chart Detail,22500671,345,1629029,Luka Dončić,1610612747,Los Angeles Lakers,2,0,38,Made Shot,Cutting Layup Shot,2PT Field Goal,Restricted Area,Center(C),Less Than 8 ft.,1.0,-12.0,9.0,1,1,20260128,CLE,LAL,Luka Dončić,2026,CLE,Made,1.5,Luka Dončić
Shot Chart Detail,22500671,349,1629029,Luka Dončić,1610612747,Los Angeles Lakers,2,0,2,Made Shot,Pullup Jump shot,2PT Field Goal,In The Paint (Non-RA),Center(C),Less Than 8 ft.,7.0,76.0,17.0,1,1,20260128,CLE,LAL,Luka Dončić,2026,CLE,Made,7.787810988975015,Luka Dončić
Shot Chart Detail,22500671,369,1629029,Luka Dončić,1610612747,Los Angeles Lakers,3,10,57,Missed Shot,Step Back Jump shot,2PT Field Goal,Mid-Range,Left Side Center(LC),16-24 ft.,17.0,-114.0,127.0,1,0,20260128,CLE,LAL,Luka Dončić,2026,CLE,Missed,17.066048165876012,Luka Dončić
Shot Chart Detail,22500671,379,1629029,Luka Dončić,1610612747,Los Angeles Lakers,3,9,47,Made Shot,Fadeaway Jump Shot,2PT Field Goal,In The Paint (Non-RA),Center(C),8-16 ft.,10.0,-21.0,100.0,1,1,20260128,CLE,LAL,Luka Dončić,2026,CLE,Made,10.218121158021175,Luka Dončić
Shot Chart Detail,22500671,381,1629029,Luka Dončić,1610612747,Los Angeles Lakers,3,9,16,Made Shot,Turnaround Bank shot,2PT Field Goal,In The Paint (Non-RA),Center(C),Less Than 8 ft.,7.0,64.0,31.0,1,1,20260128,CLE,LAL,Luka Dončić,2026,CLE,Made,7.111258679024411,Luka Dončić
Shot Chart Detail,22500671,389,1629029,Luka Dončić,1610612747,Los Angeles Lakers,3,8,29,Made Shot,Fadeaway Jump Shot,2PT Field Goal,Mid-Range,Right Side(R),8-16 ft.,11.0,116.0,11.0,1,1,20260128,CLE,LAL,Luka Dončić,2026,CLE,Made,11.652038448271615,Luka Dončić
Shot Chart Detail,22500671,434,1629029,Luka Dončić,1610612747,Los Angeles Lakers,3,5,20,Made Shot,Step Back Jump shot,3PT Field Goal,Above the Break 3,Left Side Center(LC),24+ ft.,26.0,-188.0,180.0,1,1,20260128,CLE,LAL,Luka Dončić,2026,CLE,Made,26.027677575995902,Luka Dončić
Shot Chart Detail,22500671,465,1629029,Luka Dončić,1610612747,Los Angeles Lakers,3,2,57,Missed Shot,Step Back Jump shot,3PT Field Goal,Above the Break 3,Left Side Center(LC),24+ ft.,27.0,-224.0,160.0,1,0,20260128,CLE,LAL,Luka Dončić,2026,CLE,Missed,27.527440854536405,Luka Dončić
Shot Chart Detail,22500671,476,1629029,Luka Dončić,1610612747,Los Angeles Lakers,3,1,19,Made Shot,Step Back Jump shot,3PT Field Goal,Above the Break 3,Left Side Center(LC),24+ ft.,26.0,-205.0,173.0,1,1,20260128,CLE,LAL,Luka Dončić,2026,CLE,Made,26.824242766572183,Luka Dončić
Shot Chart Detail,22500671,482,1629029,Luka Dončić,1610612747,Los Angeles Lakers,3,0,27,Made Shot,Driving Layup Shot,2PT Field Goal,Restricted Area,Center(C),Less Than 8 ft.,2.0,22.0,18.0,1,1,20260128,CLE,LAL,Luka Dončić,2026,CLE,Made,2.842534080710379,Luka Dončić
Shot Chart Detail,22500688,14,1629029,Luka Dončić,1610612747,Los Angeles Lakers,1,10,55,Made Shot,Pullup Jump shot,2PT Field Goal,In The Paint (Non-RA),Center(C),8-16 ft.,9.0,-2.0,95.0,1,1,20260130,WAS,LAL,Luka Dončić,2026,WAS,Made,9.502105029939418,Luka Dončić
Shot Chart Detail,22500688,27,1629029,Luka Dončić,1610612747,Los Angeles Lakers,1,9,37,Made Shot,Pullup Jump shot,2PT Field Goal,Mid-Range,Left Side Center(LC),16-24 ft.,18.0,-71.0,173.0,1,1,20260130,WAS,LAL,Luka Dončić,2026,WAS,Made,18.700267377767624,Luka Dončić
Shot Chart Detail,22500688,45,1629029,Luka Dončić,1610612747,Los Angeles Lakers,1,7,52,Made Shot,Jump Shot,3PT Field Goal,Above the Break 3,Left Side Center(LC),24+ ft.,26.0,-170.0,205.0,1,1,20260130,WAS,LAL,Luka Dončić,2026,WAS,Made,26.631747971171553,Luka Dončić
Shot Chart Detail,22500688,49,1629029,Luka Dončić,1610612747,Los Angeles Lakers,1,7,29,Made Shot,Step Back Jump shot,3PT Field Goal,Above the Break 3,Right Side Center(RC),24+ ft.,26.0,174.0,204.0,1,1,20260130,WAS,LAL,Luka Dončić,2026,WAS,Made,26.812683565805195,Luka Dončić
Shot Chart Detail,22500688,75,1629029,Luka Dončić,1610612747,Los Angeles Lakers,1,6,11,Missed Shot,Jump Shot,3PT Field Goal,Above the Break 3,Right Side Center(RC),24+ ft.,34.0,192.0,288.0,1,0,20260130,WAS,LAL,Luka Dončić,2026,WAS,Missed,34.6132922444543,Luka Dončić
Shot Chart Detail,22500688,113,1629029,Luka Dončić,1610612747,Los Angeles Lakers,1,3,52,Made Shot,Step Back Jump shot,3PT Field Goal,Above the Break 3,Center(C),24+ ft.,26.0,-45.0,262.0,1,1,20260130,WAS,LAL,Luka Dončić,2026,WAS,Made,26.58364158650955,Luka Dončić
Shot Chart Detail,22500688,119,1629029,Luka Dončić,1610612747,Los Angeles Lakers,1,2,49,Made Shot,Driving Floating Bank Jump Shot,2PT Field Goal,In The Paint (Non-RA),Right Side(R),8-16 ft.,8.0,77.0,29.0,1,1,20260130,WAS,LAL,Luka Dončić,2026,WAS,Made,8.228000972289685,Luka Dončić
Shot Chart Detail,22500688,126,1629029,Luka Dončić,1610612747,Los Angeles Lakers,1,2,45,Missed Shot,Jump Shot,3PT Field Goal,Above the Break 3,Left Side Center(LC),24+ ft.,26.0,-98.0,247.0,1,0,20260130,WAS,LAL,Luka Dončić,2026,WAS,Missed,26.573106705840775,Luka Dončić
Shot Chart Detail,22500688,139,1629029,Luka Dončić,1610612747,Los Angeles Lakers,1,1,17,Missed Shot,Running Jump Shot,3PT Field Goal,Left Corner 3,Left Side(L),24+ ft.,22.0,-228.0,-16.0,1,0,20260130,WAS,LAL,Luka Dončić,2026,WAS,Missed,22.856071403458646,Luka Dončić
Shot Chart Detail,22500688,251,1629029,Luka Dončić,1610612747,Los Angeles Lakers,2,6,10,Made Shot,Turnaround Fadeaway shot,2PT Field Goal,In The Paint (Non-RA),Center(C),8-16 ft.,13.0,32.0,129.0,1,1,20260130,WAS,LAL,Luka Dončić,2026,WAS,Made,13.290974381135493,Luka Dončić
Shot Chart Detail,22500688,296,1629029,Luka Dončić,1610612747,Los Angeles Lakers,2,2,59,Made Shot,Jump Shot,3PT Field Goal,Above the Break 3,Center(C),24+ ft.,25.0,-64.0,251.0,1,1,20260130,WAS,LAL,Luka Dončić,2026,WAS,Made,25.903088618927278,Luka Dončić
Shot Chart Detail,22500688,299,1629029,Luka Dončić,1610612747,Los Angeles Lakers,2,2,28,Missed Shot,Pullup Jump shot,2PT Field Goal,Mid-Range,Right Side Center(RC),16-24 ft.,17.0,87.0,152.0,1,0,20260130,WAS,LAL,Luka Dončić,2026,WAS,Missed,17.513708916160503,Luka Dončić
Shot Chart Detail,22500688,325,1629029,Luka Dončić,1610612747,Los Angeles Lakers,2,1,12,Made Shot,Pullup Jump shot,3PT Field Goal,Above the Break 3,Left Side Center(LC),24+ ft.,24.0,-212.0,130.0,1,1,20260130,WAS,LAL,Luka Dončić,2026,WAS,Made,24.86845391253747,Luka Dončić
Shot Chart Detail,22500688,365,1629029,Luka Dončić,1610612747,Los Angeles Lakers,3,10,25,Missed Shot,Jump Shot,3PT Field Goal,Above the Break 3,Left Side Center(LC),24+ ft.,28.0,-123.0,254.0,1,0,20260130,WAS,LAL,Luka Dončić,2026,WAS,Missed,28.221445746098833,Luka Dončić
Shot Chart Detail,22500688,375,1629029,Luka Dončić,1610612747,Los Angeles Lakers,3,9,41,Made Shot,Step Back Jump shot,2PT Field Goal,Mid-Range,Left Side(L),16-24 ft.,18.0,-185.0,-3.0,1,1,20260130,WAS,LAL,Luka Dončić,2026,WAS,Made,18.5024322725419,Luka Dončić
Shot Chart Detail,22500688,381,1629029,Luka Dončić,1610612747,Los Angeles Lakers,3,9,8,Made Shot,Fadeaway Jump Shot,2PT Field Goal,Mid-Range,Left Side(L),8-16 ft.,14.0,-142.0,16.0,1,1,20260130,WAS,LAL,Luka Dončić,2026,WAS,Made,14.289856542317,Luka Dončić
Shot Chart Detail,22500688,398,1629029,Luka Dončić,1610612747,Los Angeles Lakers,3,8,13,Made Shot,Running Layup Shot,2PT Field Goal,Restricted Area,Center(C),Less Than 8 ft.,3.0,-37.0,-1.0,1,1,20260130,WAS,LAL,Luka Dončić,2026,WAS,Made,3.7013511046643495,Luka Dončić
Shot Chart Detail,22500688,416,1629029,Luka Dončić,1610612747,Los Angeles Lakers,3,7,19,Made Shot,Running Jump Shot,3PT Field Goal,Above the Break 3,Right Side Center(RC),24+ ft.,25.0,181.0,184.0,1,1,20260130,WAS,LAL,Luka Dončić,2026,WAS,Made,25.810269274069963,Luka Dončić
Shot Chart Detail,22500688,434,1629029,Luka Dončić,1610612747,Los Angeles Lakers,3,5,59,Missed Shot,Step Back Jump shot,3PT Field Goal,Above the Break 3,Left Side Center(LC),24+ ft.,26.0,-92.0,252.0,1,0,20260130,WAS,LAL,Luka Dončić,2026,WAS,Missed,26.826852219371546,Luka Dončić
Shot Chart Detail,22500688,510,1629029,Luka Dončić,1610612747,Los Angeles Lakers,3,1,8,Missed Shot,Pullup Jump shot,3PT Field Goal,Above the Break 3,Right Side Center(RC),24+ ft.,28.0,199.0,201.0,1,0,20260130,WAS,LAL,Luka Dončić,2026,WAS,Missed,28.284624798642813,Luka Dončić
Shot Chart Detail,22500688,523,1629029,Luka Dončić,1610612747,Los Angeles Lakers,3,0,0,Missed Shot,Pullup Jump shot,3PT Field Goal,Above the Break 3,Center(C),24+ ft.,26.0,51.0,260.0,1,0,20260130,WAS,LAL,Luka Dončić,2026,WAS,Missed,26.495471311150517,Luka Dončić
Shot Chart Detail,22500708,9,1629029,Luka Dončić,1610612747,Los Angeles Lakers,1,11,31,Made Shot,Running Layup Shot,2PT Field Goal,Restricted Area,Center(C),Less Than 8 ft.,0.0,-2.0,9.0,1,1,20260201,NYK,LAL,Luka Dončić,2026,NYK,Made,0.9219544457292888,Luka Dončić
Shot Chart Detail,22500708,13,1629029,Luka Dončić,1610612747,Los Angeles Lakers,1,11,3,Missed Shot,Pullup Jump shot,3PT Field Goal,Above the Break 3,Right Side Center(RC),24+ ft.,27.0,88.0,261.0,1,0,20260201,NYK,LAL,Luka Dončić,2026,NYK,Missed,27.54360179787676,Luka Dončić
Shot Chart Detail,22500708,32,1629029,Luka Dončić,1610612747,Los Angeles Lakers,1,8,54,Missed Shot,Driving Floating Jump Shot,2PT Field Goal,In The Paint (Non-RA),Center(C),8-16 ft.,14.0,72.0,127.0,1,0,20260201,NYK,LAL,Luka Dončić,2026,NYK,Missed,14.598972566588376,Luka Dončić
Shot Chart Detail,22500708,54,1629029,Luka Dončić,1610612747,Los Angeles Lakers,1,7,6,Missed Shot,Jump Shot,3PT Field Goal,Above the Break 3,Left Side Center(LC),24+ ft.,24.0,-120.0,216.0,1,0,20260201,NYK,LAL,Luka Dončić,2026,NYK,Missed,24.709512338368803,Luka Dončić
Shot Chart Detail,22500708,81,1629029,Luka Dončić,1610612747,Los Angeles Lakers,1,5,30,Missed Shot,Driving Floating Jump Shot,2PT Field Goal,In The Paint (Non-RA),Center(C),Less Than 8 ft.,4.0,-43.0,19.0,1,0,20260201,NYK,LAL,Luka Dončić,2026,NYK,Missed,4.701063709417264,Luka Dončić
Shot Chart Detail,22500708,89,1629029,Luka Dončić,1610612747,Los Angeles Lakers,1,4,59,Made Shot,Step Back Jump shot,3PT Field Goal,Above the Break 3,Left Side Center(LC),24+ ft.,24.0,-134.0,206.0,1,1,20260201,NYK,LAL,Luka Dončić,2026,NYK,Made,24.57478382407463,Luka Dončić
Shot Chart Detail,22500708,111,1629029,Luka Dončić,1610612747,Los Angeles Lakers,1,3,48,Made Shot,Step Back Jump shot,3PT Field Goal,Above the Break 3,Center(C),24+ ft.,25.0,-71.0,242.0,1,1,20260201,NYK,LAL,Luka Dončić,2026,NYK,Made,25.220031720836513,Luka Dončić
Shot Chart Detail,22500708,217,1629029,Luka Dončić,1610612747,Los Angeles Lakers,2,8,33,Made Shot,Step Back Jump shot,3PT Field Goal,Above the Break 3,Left Side Center(LC),24+ ft.,25.0,-183.0,176.0,1,1,20260201,NYK,LAL,Luka Dončić,2026,NYK,Made,25.3899586451022,Luka Dončić
Shot Chart Detail,22500708,243,1629029,Luka Dončić,1610612747,Los Angeles Lakers,2,6,28,Missed Shot,Step Back Jump shot,3PT Field Goal,Above the Break 3,Left Side Center(LC),24+ ft.,25.0,-181.0,174.0,1,0,20260201,NYK,LAL,Luka Dončić,2026,NYK,Missed,25.107170290576356,Luka Dončić
Shot Chart Detail,22500708,263,1629029,Luka Dončić,1610612747,Los Angeles Lakers,2,5,2,Missed Shot,Running Pull-Up Jump Shot,3PT Field Goal,Above the Break 3,Right Side Center(RC),24+ ft.,27.0,127.0,240.0,1,0,20260201,NYK,LAL,Luka Dončić,2026,NYK,Missed,27.153084539329967,Luka Dončić
Shot Chart Detail,22500708,281,1629029,Luka Dončić,1610612747,Los Angeles Lakers,2,3,56,Made Shot,Driving Layup Shot,2PT Field Goal,Restricted Area,Center(C),Less Than 8 ft.,1.0,6.0,15.0,1,1,20260201,NYK,LAL,Luka Dončić,2026,NYK,Made,1.6155494421403511,Luka Dončić
Shot Chart Detail,22500708,306,1629029,Luka Dončić,1610612747,Los Angeles Lakers,2,2,28,Missed Shot,Step Back Jump shot,3PT Field Goal,Above the Break 3,Right Side Center(RC),24+ ft.,26.0,141.0,221.0,1,0,20260201,NYK,LAL,Luka Dončić,2026,NYK,Missed,26.214881269996244,Luka Dončić
Shot Chart Detail,22500708,317,1629029,Luka Dončić,1610612747,Los Angeles Lakers,2,1,31,Made Shot,Driving Floating Bank Jump Shot,2PT Field Goal,In The Paint (Non-RA),Center(C),Less Than 8 ft.,6.0,-51.0,40.0,1,1,20260201,NYK,LAL,Luka Dončić,2026,NYK,Made,6.481512169239521,Luka Dončić
Shot Chart Detail,22500708,326,1629029,Luka Dončić,1610612747,Los Angeles Lakers,2,0,31,Missed Shot,Jump Shot,3PT Field Goal,Above the Break 3,Left Side Center(LC),24+ ft.,29.0,-124.0,268.0,1,0,20260201,NYK,LAL,Luka Dončić,2026,NYK,Missed,29.5296461204668,Luka Dončić
Shot Chart Detail,22500708,345,1629029,Luka Dončić,1610612747,Los Angeles Lakers,3,11,44,Missed Shot,Jump Shot,3PT Field Goal,Above the Break 3,Center(C),24+ ft.,25.0,38.0,251.0,1,0,20260201,NYK,LAL,Luka Dončić,2026,NYK,Missed,25.386019774671254,Luka Dončić
Shot Chart Detail,22500708,360,1629029,Luka Dončić,1610612747,Los Angeles Lakers,3,10,38,Made Shot,Fadeaway Jump Shot,2PT Field Goal,Mid-Range,Right Side(R),8-16 ft.,12.0,121.0,43.0,1,1,20260201,NYK,LAL,Luka Dončić,2026,NYK,Made,12.841339493993607,Luka Dončić
Shot Chart Detail,22500708,395,1629029,Luka Dončić,1610612747,Los Angeles Lakers,3,7,8,Made Shot,Driving Floating Jump Shot,2PT Field Goal,In The Paint (Non-RA),Center(C),8-16 ft.,11.0,-28.0,115.0,1,1,20260201,NYK,LAL,Luka Dončić,2026,NYK,Made,11.835962149314266,Luka Dončić
Shot Chart Detail,22500708,427,1629029,Luka Dončić,1610612747,Los Angeles Lakers,3,4,45,Missed Shot,Driving Finger Roll Layup Shot,2PT Field Goal,Restricted Area,Center(C),Less Than 8 ft.,2.0,21.0,8.0,1,0,20260201,NYK,LAL,Luka Dončić,2026,NYK,Missed,2.247220505424423,Luka Dončić
Shot Chart Detail,22500708,437,1629029,Luka Dončić,1610612747,Los Angeles Lakers,3,3,45,Made Shot,Step Back Jump shot,3PT Field Goal,Above the Break 3,Left Side Center(LC),24+ ft.,25.0,-123.0,227.0,1,1,20260201,NYK,LAL,Luka Dončić,2026,NYK,Made,25.818210627384694,Luka Dončić
Shot Chart Detail,22500708,528,1629029,Luka Dončić,1610612747,Los Angeles Lakers,4,7,40,Missed Shot,Driving Floating Jump Shot,2PT Field Goal,In The Paint (Non-RA),Center(C),Less Than 8 ft.,5.0,51.0,8.0,1,0,20260201,NYK,LAL,Luka Dončić,2026,NYK,Missed,5.162363799656123,Luka Dončić
Shot Chart Detail,22500708,549,1629029,Luka Dončić,1610612747,Los Angeles Lakers,4,6,28,Missed Shot,Jump Shot,3PT Field Goal,Above the Break 3,Right Side Center(RC),24+ ft.,27.0,200.0,184.0,1,0,20260201,NYK,LAL,Luka Dončić,2026,NYK,Missed,27.176460402340847,Luka Dončić
Shot Chart Detail,22500708,569,1629029,Luka Dončić,1610612747,Los Angeles Lakers,4,4,48,Made Shot,Step Back Jump shot,3PT Field Goal,Above the Break 3,Left Side Center(LC),24+ ft.,24.0,-229.0,92.0,1,1,20260201,NYK,LAL,Luka Dončić,2026,NYK,Made,24.678938388836745,Luka Dončić
Shot Chart Detail,22500708,594,1629029,Luka Dončić,1610612747,Los Angeles Lakers,4,3,19,Missed Shot,Pullup Jump shot,3PT Field Goal,Above the Break 3,Left Side Center(LC),24+ ft.,28.0,-223.0,176.0,1,0,20260201,NYK,LAL,Luka Dončić,2026,NYK,Missed,28.408625450732387,Luka Dončić
Shot Chart Detail,22500719,9,1629029,Luka Dončić,1610612747,Los Angeles Lakers,1,11,15,Made Shot,Fadeaway Jump Shot,2PT Field Goal,In The Paint (Non-RA),Center(C),8-16 ft.,10.0,-40.0,94.0,1,1,20260203,BKN,LAL,Luka Dončić,2026,BKN,Made,10.215674231297708,Luka Dončić
Shot Chart Detail,22500719,42,1629029,Luka Dončić,1610612747,Los Angeles Lakers,1,8,50,Made Shot,Running Pull-Up Jump Shot,3PT Field Goal,Above the Break 3,Right Side Center(RC),24+ ft.,26.0,98.0,248.0,1,1,20260203,BKN,LAL,Luka Dončić,2026,BKN,Made,26.666083326952986,Luka Dončić
Shot Chart Detail,22500719,56,1629029,Luka Dončić,1610612747,Los Angeles Lakers,1,7,4,Missed Shot,Pullup Jump shot,3PT Field Goal,Above the Break 3,Right Side Center(RC),24+ ft.,24.0,76.0,231.0,1,0,20260203,BKN,LAL,Luka Dončić,2026,BKN,Missed,24.318100254748522,Luka Dončić
Shot Chart Detail,22500719,94,1629029,Luka Dončić,1610612747,Los Angeles Lakers,1,5,23,Made Shot,Running Pull-Up Jump Shot,3PT Field Goal,Above the Break 3,Center(C),24+ ft.,24.0,-29.0,243.0,1,1,20260203,BKN,LAL,Luka Dončić,2026,BKN,Made,24.472433471152804,Luka Dončić
Shot Chart Detail,22500719,136,1629029,Luka Dončić,1610612747,Los Angeles Lakers,1,2,50,Made Shot,Step Back Jump shot,3PT Field Goal,Above the Break 3,Center(C),24+ ft.,24.0,61.0,241.0,1,1,20260203,BKN,LAL,Luka Dončić,2026,BKN,Made,24.860008045050993,Luka Dončić
Shot Chart Detail,22500719,265,1629029,Luka Dončić,1610612747,Los Angeles Lakers,2,7,5,Missed Shot,Running Pull-Up Jump Shot,3PT Field Goal,Above the Break 3,Right Side Center(RC),24+ ft.,24.0,88.0,230.0,1,0,20260203,BKN,LAL,Luka Dončić,2026,BKN,Missed,24.626002517664126,Luka Dončić
Shot Chart Detail,22500719,289,1629029,Luka Dončić,1610612747,Los Angeles Lakers,2,5,45,Missed Shot,Pullup Jump shot,3PT Field Goal,Above the Break 3,Right Side Center(RC),24+ ft.,35.0,109.0,335.0,1,0,20260203,BKN,LAL,Luka Dončić,2026,BKN,Missed,35.22868149675772,Luka Dončić
Shot Chart Detail,22500719,342,1629029,Luka Dončić,1610612747,Los Angeles Lakers,2,3,14,Missed Shot,Step Back Jump shot,3PT Field Goal,Above the Break 3,Right Side Center(RC),24+ ft.,26.0,147.0,224.0,1,0,20260203,BKN,LAL,Luka Dončić,2026,BKN,Missed,26.79272289260649,Luka Dončić
Shot Chart Detail,22500719,355,1629029,Luka Dončić,1610612747,Los Angeles Lakers,2,2,10,Missed Shot,Driving Floating Jump Shot,2PT Field Goal,In The Paint (Non-RA),Center(C),Less Than 8 ft.,5.0,-2.0,52.0,1,0,20260203,BKN,LAL,Luka Dončić,2026,BKN,Missed,5.203844732503075,Luka Dončić
Shot Chart Detail,22500719,359,1629029,Luka Dončić,1610612747,Los Angeles Lakers,2,1,35,Missed Shot,Jump Shot,3PT Field Goal,Left Corner 3,Left Side(L),24+ ft.,23.0,-235.0,0.0,1,0,20260203,BKN,LAL,Luka Dončić,2026,BKN,Missed,23.5,Luka Dončić
Shot Chart Detail,22500719,410,1629029,Luka Dončić,1610612747,Los Angeles Lakers,3,9,40,Missed Shot,Jump Shot,3PT Field Goal,Above the Break 3,Right Side Center(RC),24+ ft.,26.0,92.0,249.0,1,0,20260203,BKN,LAL,Luka Dončić,2026,BKN,Missed,26.5452443951831,Luka Dončić
Shot Chart Detail,22500719,428,1629029,Luka Dončić,1610612747,Los Angeles Lakers,3,8,8,Made Shot,Step Back Jump shot,3PT Field Goal,Above the Break 3,Left Side Center(LC),24+ ft.,26.0,-138.0,225.0,1,1,20260203,BKN,LAL,Luka Dončić,2026,BKN,Made,26.39488586828896,Luka Dončić
Shot Chart Detail,22500719,443,1629029,Luka Dončić,1610612747,Los Angeles Lakers,3,7,2,Made Shot,Fadeaway Jump Shot,2PT Field Goal,In The Paint (Non-RA),Center(C),8-16 ft.,13.0,59.0,116.0,1,1,20260203,BKN,LAL,Luka Dončić,2026,BKN,Made,13.014222988715076,Luka Dončić
Shot Chart Detail,22500719,446,1629029,Luka Dončić,1610612747,Los Angeles Lakers,3,6,34,Missed Shot,Turnaround Jump Shot,2PT Field Goal,Mid-Range,Left Side(L),8-16 ft.,13.0,-103.0,81.0,1,0,20260203,BKN,LAL,Luka Dončić,2026,BKN,Missed,13.103434664239753,Luka Dončić
Shot Chart Detail,22500719,469,1629029,Luka Dončić,1610612747,Los Angeles Lakers,3,5,12,Missed Shot,Driving Floating Jump Shot,2PT Field Goal,In The Paint (Non-RA),Center(C),8-16 ft.,12.0,-26.0,125.0,1,0,20260203,BKN,LAL,Luka Dončić,2026,BKN,Missed,12.767536959022284,Luka Dončić
Shot Chart Detail,22500719,489,1629029,Luka Dončić,1610612747,Los Angeles Lakers,3,4,6,Made Shot,Driving Finger Roll Layup Shot,2PT Field Goal,Restricted Area,Center(C),Less Than 8 ft.,1.0,17.0,1.0,1,1,20260203,BKN,LAL,Luka Dončić,2026,BKN,Made,1.7029386365926402,Luka Dončić
Shot Chart Detail,22500719,498,1629029,Luka Dončić,1610612747,Los Angeles Lakers,3,2,26,Made Shot,Driving Layup Shot,2PT Field Goal,Restricted Area,Center(C),Less Than 8 ft.,2.0,16.0,21.0,1,1,20260203,BKN,LAL,Luka Dončić,2026,BKN,Made,2.640075756488817,Luka Dončić
Shot Chart Detail,22500719,501,1629029,Luka Dončić,1610612747,Los Angeles Lakers,3,1,59,Missed Shot,Step Back Jump shot,3PT Field Goal,Above the Break 3,Right Side Center(RC),24+ ft.,25.0,194.0,167.0,1,0,20260203,BKN,LAL,Luka Dončić,2026,BKN,Missed,25.59785147234041,Luka Dončić
Shot Chart Detail,22500740,8,1629029,Luka Dončić,1610612747,Los Angeles Lakers,1,11,25,Made Shot,Pullup Jump shot,2PT Field Goal,In The Paint (Non-RA),Center(C),8-16 ft.,10.0,-42.0,92.0,1,1,20260205,LAL,PHI,Luka Dončić,2026,LAL,Made,10.113357503816426,Luka Dončić
Shot Chart Detail,22500740,44,1629029,Luka Dončić,1610612747,Los Angeles Lakers,1,8,31,Missed Shot,Jump Shot,3PT Field Goal,Above the Break 3,Left Side Center(LC),24+ ft.,28.0,-134.0,257.0,1,0,20260205,LAL,PHI,Luka Dončić,2026,LAL,Missed,28.9836160614924,Luka Dončić
Shot Chart Detail,22500740,93,1629029,Luka Dončić,1610612747,Los Angeles Lakers,1,4,18,Missed Shot,Step Back Jump shot,3PT Field Goal,Above the Break 3,Left Side Center(LC),24+ ft.,26.0,-210.0,156.0,1,0,20260205,LAL,PHI,Luka Dončić,2026,LAL,Missed,26.16027522790997,Luka Dončić
Shot Chart Detail,22500740,97,1629029,Luka Dončić,1610612747,Los Angeles Lakers,1,3,52,Made Shot,Driving Layup Shot,2PT Field Goal,Restricted Area,Center(C),Less Than 8 ft.,2.0,11.0,17.0,1,1,20260205,LAL,PHI,Luka Dončić,2026,LAL,Made,2.024845673131659,Luka Dončić
Shot Chart Detail,22500740,100,1629029,Luka Dončić,1610612747,Los Angeles Lakers,1,3,25,Missed Shot,Step Back Jump shot,3PT Field Goal,Above the Break 3,Center(C),24+ ft.,26.0,-76.0,258.0,1,0,20260205,LAL,PHI,Luka Dončić,2026,LAL,Missed,26.896096371034965,Luka Dončić
Shot Chart Detail,22500740,105,1629029,Luka Dončić,1610612747,Los Angeles Lakers,1,2,56,Made Shot,Running Dunk Shot,2PT Field Goal,Restricted Area,Center(C),Less Than 8 ft.,1.0,-5.0,19.0,1,1,20260205,LAL,PHI,Luka Dončić,2026,LAL,Made,1.96468827043885,Luka Dončić
Shot Chart Detail,22500740,205,1629029,Luka Dončić,1610612747,Los Angeles Lakers,2,7,53,Missed Shot,Floating Jump shot,2PT Field Goal,In The Paint (Non-RA),Center(C),8-16 ft.,12.0,-48.0,114.0,1,0,20260205,LAL,PHI,Luka Dončić,2026,LAL,Missed,12.36931687685298,Luka Dončić
Shot Chart Detail,22500740,228,1629029,Luka Dončić,1610612747,Los Angeles Lakers,2,6,36,Missed Shot,Step Back Jump shot,2PT Field Goal,Mid-Range,Center(C),8-16 ft.,15.0,32.0,156.0,1,0,20260205,LAL,PHI,Luka Dončić,2026,LAL,Missed,15.924823389915506,Luka Dončić
Shot Chart Detail,22500740,239,1629029,Luka Dončić,1610612747,Los Angeles Lakers,2,5,59,Missed Shot,Driving Floating Jump Shot,2PT Field Goal,Mid-Range,Center(C),16-24 ft.,16.0,-4.0,163.0,1,0,20260205,LAL,PHI,Luka Dončić,2026,LAL,Missed,16.304907236779975,Luka Dončić
Shot Chart Detail,22500740,248,1629029,Luka Dončić,1610612747,Los Angeles Lakers,2,5,16,Missed Shot,Jump Shot,3PT Field Goal,Above the Break 3,Center(C),24+ ft.,30.0,92.0,289.0,1,0,20260205,LAL,PHI,Luka Dončić,2026,LAL,Missed,30.329028998634293,Luka Dončić
Shot Chart Detail,22500809,7,1629029,Luka Dončić,1610612747,Los Angeles Lakers,1,11,43,Missed Shot,Driving Layup Shot,2PT Field Goal,Restricted Area,Center(C),Less Than 8 ft.,1.0,4.0,15.0,1,0,20260220,LAL,LAC,Luka Dončić,2026,LAL,Missed,1.5524174696260025,Luka Dončić
Shot Chart Detail,22500809,14,1629029,Luka Dončić,1610612747,Los Angeles Lakers,1,10,49,Missed Shot,Step Back Jump shot,3PT Field Goal,Above the Break 3,Left Side Center(LC),24+ ft.,27.0,-148.0,226.0,1,0,20260220,LAL,LAC,Luka Dončić,2026,LAL,Missed,27.01481075262235,Luka Dončić
Shot Chart Detail,22500809,33,1629029,Luka Dončić,1610612747,Los Angeles Lakers,1,8,35,Made Shot,Pullup Jump shot,2PT Field Goal,In The Paint (Non-RA),Center(C),8-16 ft.,9.0,16.0,95.0,1,1,20260220,LAL,LAC,Luka Dončić,2026,LAL,Made,9.633794683301073,Luka Dončić
Shot Chart Detail,22500809,63,1629029,Luka Dončić,1610612747,Los Angeles Lakers,1,5,30,Made Shot,Step Back Jump shot,3PT Field Goal,Above the Break 3,Left Side Center(LC),24+ ft.,25.0,-161.0,200.0,1,1,20260220,LAL,LAC,Luka Dončić,2026,LAL,Made,25.67508519946915,Luka Dončić
Shot Chart Detail,22500809,77,1629029,Luka Dončić,1610612747,Los Angeles Lakers,1,3,40,Made Shot,Step Back Jump shot,3PT Field Goal,Above the Break 3,Center(C),24+ ft.,26.0,-17.0,269.0,1,1,20260220,LAL,LAC,Luka Dončić,2026,LAL,Made,26.953663943887108,Luka Dončić
Shot Chart Detail,22500809,116,1629029,Luka Dončić,1610612747,Los Angeles Lakers,1,1,1,Made Shot,Running Pull-Up Jump Shot,3PT Field Goal,Above the Break 3,Left Side Center(LC),24+ ft.,25.0,-188.0,179.0,1,1,20260220,LAL,LAC,Luka Dončić,2026,LAL,Made,25.95862091868518,Luka Dončić
Shot Chart Detail,22500809,119,1629029,Luka Dončić,1610612747,Los Angeles Lakers,1,0,38,Made Shot,Running Pull-Up Jump Shot,3PT Field Goal,Above the Break 3,Center(C),24+ ft.,28.0,-87.0,268.0,1,1,20260220,LAL,LAC,Luka Dončić,2026,LAL,Made,28.17676347631147,Luka Dončić
Shot Chart Detail,22500809,128,1629029,Luka Dončić,1610612747,Los Angeles Lakers,1,0,15,Made Shot,Cutting Layup Shot,2PT Field Goal,Restricted Area,Center(C),Less Than 8 ft.,1.0,-5.0,18.0,1,1,20260220,LAL,LAC,Luka Dončić,2026,LAL,Made,1.8681541692269406,Luka Dončić
Shot Chart Detail,22500809,235,1629029,Luka Dončić,1610612747,Los Angeles Lakers,2,5,20,Made Shot,Jump Shot,3PT Field Goal,Above the Break 3,Center(C),24+ ft.,25.0,-1.0,251.0,1,1,20260220,LAL,LAC,Luka Dončić,2026,LAL,Made,25.10019920239678,Luka Dončić
Shot Chart Detail,22500809,242,1629029,Luka Dončić,1610612747,Los Angeles Lakers,2,4,49,Missed Shot,Driving Layup Shot,2PT Field Goal,Restricted Area,Center(C),Less Than 8 ft.,2.0,10.0,21.0,1,0,20260220,LAL,LAC,Luka Dončić,2026,LAL,Missed,2.3259406699226015,Luka Dončić
Shot Chart Detail,22500809,260,1629029,Luka Dončić,1610612747,Los Angeles Lakers,2,3,37,Missed Shot,Step Back Jump shot,3PT Field Goal,Above the Break 3,Left Side Center(LC),24+ ft.,25.0,-147.0,204.0,1,0,20260220,LAL,LAC,Luka Dončić,2026,LAL,Missed,25.144581921360317,Luka Dončić
Shot Chart Detail,22500809,304,1629029,Luka Dončić,1610612747,Los Angeles Lakers,2,0,53,Missed Shot,Step Back Jump shot,3PT Field Goal,Above the Break 3,Left Side Center(LC),24+ ft.,28.0,-188.0,215.0,1,0,20260220,LAL,LAC,Luka Dončić,2026,LAL,Missed,28.56028711340276,Luka Dončić
Shot Chart Detail,22500809,321,1629029,Luka Dončić,1610612747,Los Angeles Lakers,2,0,2,Missed Shot,Pullup Jump shot,3PT Field Goal,Above the Break 3,Left Side Center(LC),24+ ft.,27.0,-188.0,202.0,1,0,20260220,LAL,LAC,Luka Dončić,2026,LAL,Missed,27.59492707002503,Luka Dončić
Shot Chart Detail,22500809,338,1629029,Luka Dončić,1610612747,Los Angeles Lakers,3,10,41,Missed Shot,Driving Floating Jump Shot,2PT Field Goal,In The Paint (Non-RA),Right Side(R),8-16 ft.,11.0,77.0,88.0,1,0,20260220,LAL,LAC,Luka Dončić,2026,LAL,Missed,11.693160394008114,Luka Dončić
Shot Chart Detail,22500809,357,1629029,Luka Dončić,1610612747,Los Angeles Lakers,3,9,23,Missed Shot,Driving Layup Shot,2PT Field Goal,Restricted Area,Center(C),Less Than 8 ft.,1.0,-17.0,6.0,1,0,20260220,LAL,LAC,Luka Dončić,2026,LAL,Missed,1.8027756377319946,Luka Dončić
Shot Chart Detail,22500809,422,1629029,Luka Dončić,1610612747,Los Angeles Lakers,3,4,47,Missed Shot,Step Back Jump shot,3PT Field Goal,Above the Break 3,Left Side Center(LC),24+ ft.,26.0,-189.0,187.0,1,0,20260220,LAL,LAC,Luka Dončić,2026,LAL,Missed,26.587591090582087,Luka Dončić
Shot Chart Detail,22500809,438,1629029,Luka Dončić,1610612747,Los Angeles Lakers,3,3,42,Made Shot,Step Back Jump shot,3PT Field Goal,Above the Break 3,Center(C),24+ ft.,26.0,-43.0,262.0,1,1,20260220,LAL,LAC,Luka Dončić,2026,LAL,Made,26.550517885721177,Luka Dončić
Shot Chart Detail,22500809,452,1629029,Luka Dončić,1610612747,Los Angeles Lakers,3,2,11,Missed Shot,Driving Layup Shot,2PT Field Goal,Restricted Area,Center(C),Less Than 8 ft.,2.0,21.0,21.0,1,0,20260220,LAL,LAC,Luka Dončić,2026,LAL,Missed,2.9698484809834995,Luka Dončić
Shot Chart Detail,22500809,456,1629029,Luka Dončić,1610612747,Los Angeles Lakers,3,1,59,Missed Shot,Running Jump Shot,3PT Field Goal,Right Corner 3,Right Side(R),24+ ft.,23.0,232.0,38.0,1,0,20260220,LAL,LAC,Luka Dončić,2026,LAL,Missed,23.50914715594762,Luka Dončić
Shot Chart Detail,22500809,545,1629029,Luka Dončić,1610612747,Los Angeles Lakers,4,8,32,Missed Shot,Fadeaway Jump Shot,2PT Field Goal,In The Paint (Non-RA),Center(C),8-16 ft.,13.0,-67.0,119.0,1,0,20260220,LAL,LAC,Luka Dončić,2026,LAL,Missed,13.656500283747665,Luka Dončić
Shot Chart Detail,22500809,560,1629029,Luka Dončić,1610612747,Los Angeles Lakers,4,7,16,Missed Shot,Driving Layup Shot,2PT Field Goal,In The Paint (Non-RA),Center(C),Less Than 8 ft.,4.0,31.0,37.0,1,0,20260220,LAL,LAC,Luka Dončić,2026,LAL,Missed,4.8270073544588685,Luka Dončić
Shot Chart Detail,22500809,592,1629029,Luka Dončić,1610612747,Los Angeles Lakers,4,5,11,Made Shot,Running Jump Shot,3PT Field Goal,Above the Break 3,Right Side Center(RC),24+ ft.,25.0,228.0,116.0,1,1,20260220,LAL,LAC,Luka Dončić,2026,LAL,Made,25.58124312851117,Luka Dončić
Shot Chart Detail,22500809,613,1629029,Luka Dončić,1610612747,Los Angeles Lakers,4,3,32,Made Shot,Pullup Jump shot,3PT Field Goal,Above the Break 3,Center(C),24+ ft.,25.0,10.0,250.0,1,1,20260220,LAL,LAC,Luka Dončić,2026,LAL,Made,25.019992006393608,Luka Dončić
Shot Chart Detail,22500809,631,1629029,Luka Dončić,1610612747,Los Angeles Lakers,4,1,56,Missed Shot,Driving Floating Jump Shot,2PT Field Goal,In The Paint (Non-RA),Center(C),Less Than 8 ft.,6.0,56.0,24.0,1,0,20260220,LAL,LAC,Luka Dončić,2026,LAL,Missed,6.092618484691127,Luka Dončić
Shot Chart Detail,22500809,641,1629029,Luka Dončić,1610612747,Los Angeles Lakers,4,1,30,Made Shot,Pullup Jump shot,2PT Field Goal,Restricted Area,Center(C),Less Than 8 ft.,3.0,-7.0,30.0,1,1,20260220,LAL,LAC,Luka Dončić,2026,LAL,Made,3.0805843601498726,Luka Dončić
Shot Chart Detail,22500823,7,1629029,Luka Dončić,1610612747,Los Angeles Lakers,1,11,45,Missed Shot,Step Back Jump shot,2PT Field Goal,Mid-Range,Left Side Center(LC),16-24 ft.,17.0,-109.0,137.0,1,0,20260222,LAL,BOS,Luka Dončić,2026,LAL,Missed,17.507141400011598,Luka Dončić
Shot Chart Detail,22500823,34,1629029,Luka Dončić,1610612747,Los Angeles Lakers,1,8,56,Made Shot,Fadeaway Jump Shot,2PT Field Goal,Mid-Range,Left Side(L),8-16 ft.,12.0,-123.0,-13.0,1,1,20260222,LAL,BOS,Luka Dončić,2026,LAL,Made,12.368508398347798,Luka Dončić
Shot Chart Detail,22500823,40,1629029,Luka Dončić,1610612747,Los Angeles Lakers,1,8,10,Made Shot,Step Back Jump shot,3PT Field Goal,Above the Break 3,Right Side Center(RC),24+ ft.,26.0,105.0,243.0,1,1,20260222,LAL,BOS,Luka Dončić,2026,LAL,Made,26.471494102146938,Luka Dončić
Shot Chart Detail,22500823,61,1629029,Luka Dončić,1610612747,Los Angeles Lakers,1,6,38,Missed Shot,Pullup Jump shot,2PT Field Goal,Mid-Range,Left Side(L),8-16 ft.,15.0,-98.0,126.0,1,0,20260222,LAL,BOS,Luka Dončić,2026,LAL,Missed,15.962455951387932,Luka Dončić
Shot Chart Detail,22500823,97,1629029,Luka Dončić,1610612747,Los Angeles Lakers,1,4,12,Made Shot,Step Back Jump shot,3PT Field Goal,Above the Break 3,Left Side Center(LC),24+ ft.,25.0,-94.0,239.0,1,1,20260222,LAL,BOS,Luka Dončić,2026,LAL,Made,25.68209493012593,Luka Dončić
Shot Chart Detail,22500823,109,1629029,Luka Dončić,1610612747,Los Angeles Lakers,1,3,15,Missed Shot,Turnaround Jump Shot,2PT Field Goal,In The Paint (Non-RA),Center(C),8-16 ft.,9.0,-36.0,88.0,1,0,20260222,LAL,BOS,Luka Dončić,2026,LAL,Missed,9.50789145920377,Luka Dončić
Shot Chart Detail,22500823,112,1629029,Luka Dončić,1610612747,Los Angeles Lakers,1,2,31,Missed Shot,Fadeaway Jump Shot,2PT Field Goal,Mid-Range,Left Side(L),8-16 ft.,9.0,-91.0,19.0,1,0,20260222,LAL,BOS,Luka Dončić,2026,LAL,Missed,9.29623579735368,Luka Dončić
Shot Chart Detail,22500823,120,1629029,Luka Dončić,1610612747,Los Angeles Lakers,1,1,57,Missed Shot,Turnaround Fadeaway shot,2PT Field Goal,Mid-Range,Right Side(R),8-16 ft.,13.0,120.0,51.0,1,0,20260222,LAL,BOS,Luka Dončić,2026,LAL,Missed,13.03878828726044,Luka Dončić
Shot Chart Detail,22500823,239,1629029,Luka Dončić,1610612747,Los Angeles Lakers,2,6,37,Made Shot,Driving Floating Jump Shot,2PT Field Goal,Restricted Area,Center(C),Less Than 8 ft.,2.0,11.0,26.0,1,1,20260222,LAL,BOS,Luka Dončić,2026,LAL,Made,2.8231188426986207,Luka Dončić
Shot Chart Detail,22500823,242,1629029,Luka Dončić,1610612747,Los Angeles Lakers,2,6,6,Missed Shot,Jump Shot,3PT Field Goal,Above the Break 3,Right Side Center(RC),24+ ft.,28.0,121.0,257.0,1,0,20260222,LAL,BOS,Luka Dončić,2026,LAL,Missed,28.40598528479517,Luka Dončić
Shot Chart Detail,22500823,268,1629029,Luka Dončić,1610612747,Los Angeles Lakers,2,4,55,Made Shot,Jump Shot,3PT Field Goal,Above the Break 3,Center(C),24+ ft.,26.0,-61.0,258.0,1,1,20260222,LAL,BOS,Luka Dončić,2026,LAL,Made,26.511318337645907,Luka Dončić
Shot Chart Detail,22500823,272,1629029,Luka Dončić,1610612747,Los Angeles Lakers,2,4,35,Missed Shot,Pullup Jump shot,3PT Field Goal,Above the Break 3,Left Side Center(LC),24+ ft.,26.0,-173.0,205.0,1,0,20260222,LAL,BOS,Luka Dončić,2026,LAL,Missed,26.824242766572183,Luka Dončić
Shot Chart Detail,22500823,290,1629029,Luka Dončić,1610612747,Los Angeles Lakers,2,3,13,Made Shot,Driving Finger Roll Layup Shot,2PT Field Goal,Restricted Area,Center(C),Less Than 8 ft.,3.0,15.0,37.0,1,1,20260222,LAL,BOS,Luka Dončić,2026,LAL,Made,3.9924929555354263,Luka Dončić
Shot Chart Detail,22500823,329,1629029,Luka Dončić,1610612747,Los Angeles Lakers,2,0,46,Missed Shot,Driving Floating Jump Shot,2PT Field Goal,In The Paint (Non-RA),Center(C),8-16 ft.,8.0,-29.0,85.0,1,0,20260222,LAL,BOS,Luka Dončić,2026,LAL,Missed,8.981091247727083,Luka Dončić
Shot Chart Detail,22500823,378,1629029,Luka Dončić,1610612747,Los Angeles Lakers,3,8,35,Made Shot,Pullup Jump shot,3PT Field Goal,Above the Break 3,Right Side Center(RC),24+ ft.,26.0,162.0,209.0,1,1,20260222,LAL,BOS,Luka Dončić,2026,LAL,Made,26.443335644354704,Luka Dončić
Shot Chart Detail,22500823,404,1629029,Luka Dončić,1610612747,Los Angeles Lakers,3,6,59,Missed Shot,Turnaround Fadeaway shot,2PT Field Goal,Mid-Range,Left Side(L),8-16 ft.,13.0,-121.0,60.0,1,0,20260222,LAL,BOS,Luka Dončić,2026,LAL,Missed,13.505924625881784,Luka Dončić
Shot Chart Detail,22500823,417,1629029,Luka Dončić,1610612747,Los Angeles Lakers,3,5,59,Made Shot,Driving Floating Jump Shot,2PT Field Goal,Restricted Area,Center(C),Less Than 8 ft.,3.0,5.0,37.0,1,1,20260222,LAL,BOS,Luka Dončić,2026,LAL,Made,3.733630940518894,Luka Dončić
Shot Chart Detail,22500823,435,1629029,Luka Dončić,1610612747,Los Angeles Lakers,3,4,13,Missed Shot,Pullup Jump shot,2PT Field Goal,In The Paint (Non-RA),Center(C),8-16 ft.,10.0,47.0,93.0,1,0,20260222,LAL,BOS,Luka Dončić,2026,LAL,Missed,10.420172743289815,Luka Dončić
Shot Chart Detail,22500823,458,1629029,Luka Dončić,1610612747,Los Angeles Lakers,3,3,21,Missed Shot,Driving Floating Bank Jump Shot,2PT Field Goal,In The Paint (Non-RA),Center(C),Less Than 8 ft.,5.0,-40.0,42.0,1,0,20260222,LAL,BOS,Luka Dončić,2026,LAL,Missed,5.8,Luka Dončić
Shot Chart Detail,22500823,473,1629029,Luka Dončić,1610612747,Los Angeles Lakers,3,2,5,Missed Shot,Pullup Jump shot,3PT Field Goal,Above the Break 3,Right Side Center(RC),24+ ft.,26.0,134.0,223.0,1,0,20260222,LAL,BOS,Luka Dončić,2026,LAL,Missed,26.016341018675167,Luka Dončić
Shot Chart Detail,22500823,588,1629029,Luka Dončić,1610612747,Los Angeles Lakers,4,6,3,Missed Shot,Driving Floating Jump Shot,2PT Field Goal,In The Paint (Non-RA),Center(C),8-16 ft.,8.0,6.0,80.0,1,0,20260222,LAL,BOS,Luka Dončić,2026,LAL,Missed,8.022468448052631,Luka Dončić
Shot Chart Detail,22500823,593,1629029,Luka Dončić,1610612747,Los Angeles Lakers,4,5,38,Made Shot,Driving Layup Shot,2PT Field Goal,Restricted Area,Center(C),Less Than 8 ft.,3.0,-18.0,29.0,1,1,20260222,LAL,BOS,Luka Dončić,2026,LAL,Made,3.413209633175202,Luka Dončić
Shot Chart Detail,22501204,21,1629029,Luka Dončić,1610612747,Los Angeles Lakers,1,10,13,Made Shot,Pullup Jump shot,2PT Field Goal,In The Paint (Non-RA),Center(C),8-16 ft.,12.0,11.0,129.0,1,1,20251210,LAL,SAS,Luka Dončić,2025,LAL,Made,12.946814279968644,Luka Dončić
Shot Chart Detail,22501204,28,1629029,Luka Dončić,1610612747,Los Angeles Lakers,1,9,22,Made Shot,Driving Floating Jump Shot,2PT Field Goal,In The Paint (Non-RA),Center(C),8-16 ft.,11.0,-23.0,110.0,1,1,20251210,LAL,SAS,Luka Dončić,2025,LAL,Made,11.237882362794156,Luka Dončić
Shot Chart Detail,22501204,55,1629029,Luka Dončić,1610612747,Los Angeles Lakers,1,6,58,Missed Shot,Step Back Jump shot,3PT Field Goal,Above the Break 3,Right Side Center(RC),24+ ft.,27.0,96.0,262.0,1,0,20251210,LAL,SAS,Luka Dončić,2025,LAL,Missed,27.903404810166087,Luka Dončić
Shot Chart Detail,22501204,71,1629029,Luka Dončić,1610612747,Los Angeles Lakers,1,6,3,Missed Shot,Fadeaway Jump Shot,2PT Field Goal,In The Paint (Non-RA),Center(C),8-16 ft.,13.0,12.0,134.0,1,0,20251210,LAL,SAS,Luka Dončić,2025,LAL,Missed,13.453624047073712,Luka Dončić
Shot Chart Detail,22501204,97,1629029,Luka Dončić,1610612747,Los Angeles Lakers,1,4,51,Made Shot,Running Jump Shot,3PT Field Goal,Above the Break 3,Right Side Center(RC),24+ ft.,27.0,186.0,198.0,1,1,20251210,LAL,SAS,Luka Dončić,2025,LAL,Made,27.16615541441225,Luka Dončić
Shot Chart Detail,22501204,109,1629029,Luka Dončić,1610612747,Los Angeles Lakers,1,4,23,Missed Shot,Step Back Jump shot,3PT Field Goal,Above the Break 3,Left Side Center(LC),24+ ft.,26.0,-117.0,239.0,1,0,20251210,LAL,SAS,Luka Dončić,2025,LAL,Missed,26.610148440021902,Luka Dončić
Shot Chart Detail,22501204,113,1629029,Luka Dončić,1610612747,Los Angeles Lakers,1,3,56,Made Shot,Step Back Jump shot,3PT Field Goal,Above the Break 3,Left Side Center(LC),24+ ft.,28.0,-97.0,264.0,1,1,20251210,LAL,SAS,Luka Dončić,2025,LAL,Made,28.12561110447202,Luka Dončić
Shot Chart Detail,22501204,118,1629029,Luka Dončić,1610612747,Los Angeles Lakers,1,3,18,Missed Shot,Alley Oop Layup shot,2PT Field Goal,In The Paint (Non-RA),Center(C),Less Than 8 ft.,4.0,-2.0,47.0,1,0,20251210,LAL,SAS,Luka Dončić,2025,LAL,Missed,4.70425339453563,Luka Dončić
Shot Chart Detail,22501204,135,1629029,Luka Dončić,1610612747,Los Angeles Lakers,1,2,2,Missed Shot,Turnaround Fadeaway shot,2PT Field Goal,In The Paint (Non-RA),Center(C),Less Than 8 ft.,7.0,44.0,62.0,1,0,20251210,LAL,SAS,Luka Dončić,2025,LAL,Missed,7.602631123499284,Luka Dončić
Shot Chart Detail,22501204,149,1629029,Luka Dončić,1610612747,Los Angeles Lakers,1,0,54,Missed Shot,Step Back Jump shot,3PT Field Goal,Above the Break 3,Right Side Center(RC),24+ ft.,26.0,201.0,180.0,1,0,20251210,LAL,SAS,Luka Dončić,2025,LAL,Missed,26.981660438156876,Luka Dončić
Shot Chart Detail,22501204,236,1629029,Luka Dončić,1610612747,Los Angeles Lakers,2,7,52,Missed Shot,Pullup Jump shot,2PT Field Goal,Mid-Range,Center(C),8-16 ft.,15.0,67.0,141.0,1,0,20251210,LAL,SAS,Luka Dončić,2025,LAL,Missed,15.61089363233252,Luka Dončić
Shot Chart Detail,22501204,246,1629029,Luka Dončić,1610612747,Los Angeles Lakers,2,7,5,Made Shot,Driving Floating Jump Shot,2PT Field Goal,Restricted Area,Center(C),Less Than 8 ft.,3.0,21.0,25.0,1,1,20251210,LAL,SAS,Luka Dončić,2025,LAL,Made,3.264965543462902,Luka Dončić
Shot Chart Detail,22501204,268,1629029,Luka Dončić,1610612747,Los Angeles Lakers,2,5,32,Made Shot,Step Back Jump shot,3PT Field Goal,Above the Break 3,Right Side Center(RC),24+ ft.,27.0,186.0,203.0,1,1,20251210,LAL,SAS,Luka Dončić,2025,LAL,Made,27.53270782178898,Luka Dončić
Shot Chart Detail,22501204,278,1629029,Luka Dončić,1610612747,Los Angeles Lakers,2,4,55,Made Shot,Driving Layup Shot,2PT Field Goal,Restricted Area,Center(C),Less Than 8 ft.,2.0,-16.0,16.0,1,1,20251210,LAL,SAS,Luka Dončić,2025,LAL,Made,2.262741699796952,Luka Dončić
Shot Chart Detail,22501204,282,1629029,Luka Dončić,1610612747,Los Angeles Lakers,2,4,33,Missed Shot,Fadeaway Jump Shot,2PT Field Goal,In The Paint (Non-RA),Center(C),8-16 ft.,9.0,-25.0,92.0,1,0,20251210,LAL,SAS,Luka Dončić,2025,LAL,Missed,9.533624704172071,Luka Dončić
Shot Chart Detail,22501204,319,1629029,Luka Dončić,1610612747,Los Angeles Lakers,2,2,16,Missed Shot,Pullup Jump shot,3PT Field Goal,Above the Break 3,Right Side Center(RC),24+ ft.,26.0,162.0,205.0,1,0,20251210,LAL,SAS,Luka Dončić,2025,LAL,Missed,26.1283371074395,Luka Dončić
Shot Chart Detail,22501204,328,1629029,Luka Dončić,1610612747,Los Angeles Lakers,2,1,51,Made Shot,Driving Layup Shot,2PT Field Goal,Restricted Area,Center(C),Less Than 8 ft.,2.0,22.0,16.0,1,1,20251210,LAL,SAS,Luka Dončić,2025,LAL,Made,2.720294101747089,Luka Dončić
Shot Chart Detail,22501204,369,1629029,Luka Dončić,1610612747,Los Angeles Lakers,3,11,22,Missed Shot,Pullup Jump shot,2PT Field Goal,Mid-Range,Right Side Center(RC),16-24 ft.,16.0,82.0,146.0,1,0,20251210,LAL,SAS,Luka Dončić,2025,LAL,Missed,16.745148551147583,Luka Dončić
Shot Chart Detail,22501204,463,1629029,Luka Dončić,1610612747,Los Angeles Lakers,3,4,47,Missed Shot,Turnaround Fadeaway shot,2PT Field Goal,Mid-Range,Left Side(L),8-16 ft.,15.0,-146.0,48.0,1,0,20251210,LAL,SAS,Luka Dončić,2025,LAL,Missed,15.368799562750501,Luka Dončić
Shot Chart Detail,22501204,474,1629029,Luka Dončić,1610612747,Los Angeles Lakers,3,3,58,Made Shot,Driving Floating Jump Shot,2PT Field Goal,In The Paint (Non-RA),Center(C),Less Than 8 ft.,6.0,20.0,67.0,1,1,20251210,LAL,SAS,Luka Dončić,2025,LAL,Made,6.992138442565336,Luka Dončić
Shot Chart Detail,22501204,518,1629029,Luka Dončić,1610612747,Los Angeles Lakers,3,1,13,Made Shot,Turnaround Jump Shot,2PT Field Goal,In The Paint (Non-RA),Center(C),8-16 ft.,11.0,10.0,119.0,1,1,20251210,LAL,SAS,Luka Dončić,2025,LAL,Made,11.941942890501528,Luka Dončić
Shot Chart Detail,22501204,620,1629029,Luka Dončić,1610612747,Los Angeles Lakers,4,6,49,Made Shot,Driving Layup Shot,2PT Field Goal,Restricted Area,Center(C),Less Than 8 ft.,3.0,10.0,34.0,1,1,20251210,LAL,SAS,Luka Dončić,2025,LAL,Made,3.54400902933387,Luka Dončić
Shot Chart Detail,22501204,630,1629029,Luka Dončić,1610612747,Los Angeles Lakers,4,5,49,Missed Shot,Driving Floating Jump Shot,2PT Field Goal,In The Paint (Non-RA),Center(C),8-16 ft.,11.0,36.0,111.0,1,0,20251210,LAL,SAS,Luka Dončić,2025,LAL,Missed,11.669190203266036,Luka Dončić
Shot Chart Detail,22501204,676,1629029,Luka Dončić,1610612747,Los Angeles Lakers,4,1,24,Missed Shot,Jump Shot,3PT Field Goal,Above the Break 3,Left Side Center(LC),24+ ft.,27.0,-145.0,232.0,1,0,20251210,LAL,SAS,Luka Dončić,2025,LAL,Missed,27.35854528296415,Luka Dončić
Shot Chart Detail,22501228,32,1629029,Luka Dončić,1610612747,Los Angeles Lakers,1,9,22,Missed Shot,Step Back Jump shot,3PT Field Goal,Above the Break 3,Left Side Center(LC),24+ ft.,26.0,-103.0,243.0,1,0,20251214,PHX,LAL,Luka Dončić,2025,PHX,Missed,26.3928020490436,Luka Dončić
Shot Chart Detail,22501228,36,1629029,Luka Dončić,1610612747,Los Angeles Lakers,1,8,53,Made Shot,Pullup Jump shot,2PT Field Goal,Mid-Range,Left Side(L),8-16 ft.,10.0,-100.0,-18.0,1,1,20251214,PHX,LAL,Luka Dončić,2025,PHX,Made,10.160708636704431,Luka Dončić
Shot Chart Detail,22501228,52,1629029,Luka Dončić,1610612747,Los Angeles Lakers,1,8,4,Missed Shot,Step Back Jump shot,3PT Field Goal,Above the Break 3,Left Side Center(LC),24+ ft.,24.0,-169.0,182.0,1,0,20251214,PHX,LAL,Luka Dončić,2025,PHX,Missed,24.83646512690564,Luka Dončić
Shot Chart Detail,22501228,54,1629029,Luka Dončić,1610612747,Los Angeles Lakers,1,7,49,Missed Shot,Turnaround Fadeaway shot,2PT Field Goal,Mid-Range,Left Side(L),8-16 ft.,10.0,-103.0,-12.0,1,0,20251214,PHX,LAL,Luka Dončić,2025,PHX,Missed,10.369667304209909,Luka Dončić
Shot Chart Detail,22501228,101,1629029,Luka Dončić,1610612747,Los Angeles Lakers,1,4,57,Missed Shot,Step Back Jump shot,3PT Field Goal,Above the Break 3,Right Side Center(RC),24+ ft.,27.0,129.0,248.0,1,0,20251214,PHX,LAL,Luka Dončić,2025,PHX,Missed,27.954427198567316,Luka Dončić
Shot Chart Detail,22501228,131,1629029,Luka Dončić,1610612747,Los Angeles Lakers,1,3,0,Made Shot,Step Back Jump shot,3PT Field Goal,Above the Break 3,Left Side Center(LC),24+ ft.,24.0,-105.0,222.0,1,1,20251214,PHX,LAL,Luka Dončić,2025,PHX,Made,24.557890788909376,Luka Dončić
Shot Chart Detail,22501228,137,1629029,Luka Dončić,1610612747,Los Angeles Lakers,1,2,1,Missed Shot,Step Back Jump shot,3PT Field Goal,Above the Break 3,Left Side Center(LC),24+ ft.,25.0,-131.0,221.0,1,0,20251214,PHX,LAL,Luka Dončić,2025,PHX,Missed,25.690854403853525,Luka Dončić
Shot Chart Detail,22501228,213,1629029,Luka Dončić,1610612747,Los Angeles Lakers,2,8,31,Made Shot,Fadeaway Jump Shot,2PT Field Goal,Mid-Range,Left Side(L),16-24 ft.,17.0,-179.0,-18.0,1,1,20251214,PHX,LAL,Luka Dončić,2025,PHX,Made,17.990275150758535,Luka Dončić
Shot Chart Detail,22501228,254,1629029,Luka Dončić,1610612747,Los Angeles Lakers,2,5,48,Made Shot,Step Back Jump shot,2PT Field Goal,Mid-Range,Left Side Center(LC),16-24 ft.,19.0,-87.0,176.0,1,1,20251214,PHX,LAL,Luka Dončić,2025,PHX,Made,19.632880583347927,Luka Dončić
Shot Chart Detail,22501228,284,1629029,Luka Dončić,1610612747,Los Angeles Lakers,2,4,2,Missed Shot,Step Back Jump shot,2PT Field Goal,Mid-Range,Left Side(L),8-16 ft.,11.0,-115.0,-8.0,1,0,20251214,PHX,LAL,Luka Dončić,2025,PHX,Missed,11.527792503337315,Luka Dončić
Shot Chart Detail,22501228,330,1629029,Luka Dončić,1610612747,Los Angeles Lakers,2,2,7,Made Shot,Driving Floating Jump Shot,2PT Field Goal,Restricted Area,Center(C),Less Than 8 ft.,0.0,-1.0,4.0,1,1,20251214,PHX,LAL,Luka Dončić,2025,PHX,Made,0.41231056256176607,Luka Dončić
Shot Chart Detail,22501228,350,1629029,Luka Dončić,1610612747,Los Angeles Lakers,2,0,16,Missed Shot,Step Back Jump shot,3PT Field Goal,Above the Break 3,Right Side Center(RC),24+ ft.,29.0,113.0,268.0,1,0,20251214,PHX,LAL,Luka Dončić,2025,PHX,Missed,29.084875794818174,Luka Dončić
Shot Chart Detail,22501228,405,1629029,Luka Dončić,1610612747,Los Angeles Lakers,3,11,9,Made Shot,Driving Floating Jump Shot,2PT Field Goal,In The Paint (Non-RA),Center(C),Less Than 8 ft.,4.0,37.0,25.0,1,1,20251214,PHX,LAL,Luka Dončić,2025,PHX,Made,4.465422712353222,Luka Dončić
Shot Chart Detail,22501228,440,1629029,Luka Dončić,1610612747,Los Angeles Lakers,3,8,57,Missed Shot,Step Back Jump shot,3PT Field Goal,Above the Break 3,Center(C),24+ ft.,30.0,-16.0,301.0,1,0,20251214,PHX,LAL,Luka Dončić,2025,PHX,Missed,30.142494919963077,Luka Dončić
Shot Chart Detail,22501228,446,1629029,Luka Dončić,1610612747,Los Angeles Lakers,3,8,28,Missed Shot,Driving Floating Bank Jump Shot,2PT Field Goal,Mid-Range,Left Side(L),8-16 ft.,8.0,-83.0,-1.0,1,0,20251214,PHX,LAL,Luka Dončić,2025,PHX,Missed,8.300602387778854,Luka Dončić
Shot Chart Detail,22501228,450,1629029,Luka Dončić,1610612747,Los Angeles Lakers,3,8,5,Missed Shot,Jump Shot,3PT Field Goal,Above the Break 3,Left Side Center(LC),24+ ft.,27.0,-181.0,201.0,1,0,20251214,PHX,LAL,Luka Dončić,2025,PHX,Missed,27.04847500322338,Luka Dončić
Shot Chart Detail,22501228,454,1629029,Luka Dončić,1610612747,Los Angeles Lakers,3,7,57,Missed Shot,Floating Jump shot,2PT Field Goal,Mid-Range,Left Side(L),8-16 ft.,9.0,-92.0,29.0,1,0,20251214,PHX,LAL,Luka Dončić,2025,PHX,Missed,9.646242791885346,Luka Dončić
Shot Chart Detail,22501228,475,1629029,Luka Dončić,1610612747,Los Angeles Lakers,3,6,10,Missed Shot,Driving Floating Jump Shot,2PT Field Goal,In The Paint (Non-RA),Center(C),8-16 ft.,9.0,-18.0,96.0,1,0,20251214,PHX,LAL,Luka Dončić,2025,PHX,Missed,9.767292357659823,Luka Dončić
Shot Chart Detail,22501228,506,1629029,Luka Dončić,1610612747,Los Angeles Lakers,3,4,55,Missed Shot,Jump Shot,3PT Field Goal,Above the Break 3,Center(C),24+ ft.,28.0,74.0,280.0,1,0,20251214,PHX,LAL,Luka Dončić,2025,PHX,Missed,28.961353559528256,Luka Dončić
Shot Chart Detail,22501228,524,1629029,Luka Dončić,1610612747,Los Angeles Lakers,3,3,33,Missed Shot,Step Back Jump shot,3PT Field Goal,Above the Break 3,Left Side Center(LC),24+ ft.,27.0,-228.0,159.0,1,0,20251214,PHX,LAL,Luka Dončić,2025,PHX,Missed,27.796582523756406,Luka Dončić
Shot Chart Detail,22501228,530,1629029,Luka Dončić,1610612747,Los Angeles Lakers,3,3,19,Missed Shot,Driving Floating Jump Shot,2PT Field Goal,Mid-Range,Left Side(L),8-16 ft.,12.0,-118.0,-38.0,1,0,20251214,PHX,LAL,Luka Dončić,2025,PHX,Missed,12.396773773849388,Luka Dončić
Shot Chart Detail,22501228,562,1629029,Luka Dončić,1610612747,Los Angeles Lakers,3,1,49,Missed Shot,Step Back Jump shot,3PT Field Goal,Above the Break 3,Left Side Center(LC),24+ ft.,28.0,-164.0,237.0,1,0,20251214,PHX,LAL,Luka Dončić,2025,PHX,Missed,28.820999288713086,Luka Dončić
Shot Chart Detail,22501228,730,1629029,Luka Dončić,1610612747,Los Angeles Lakers,4,4,27,Made Shot,Pullup Jump shot,3PT Field Goal,Above the Break 3,Left Side Center(LC),24+ ft.,26.0,-210.0,165.0,1,1,20251214,PHX,LAL,Luka Dončić,2025,PHX,Made,26.70674072214728,Luka Dončić
Shot Chart Detail,22501228,741,1629029,Luka Dončić,1610612747,Los Angeles Lakers,4,4,0,Missed Shot,Jump Shot,3PT Field Goal,Above the Break 3,Left Side Center(LC),24+ ft.,28.0,-88.0,268.0,1,0,20251214,PHX,LAL,Luka Dončić,2025,PHX,Missed,28.207800339622374,Luka Dončić
Shot Chart Detail,22501228,767,1629029,Luka Dončić,1610612747,Los Angeles Lakers,4,1,7,Missed Shot,Step Back Jump shot,3PT Field Goal,Above the Break 3,Left Side Center(LC),24+ ft.,31.0,-169.0,262.0,1,0,20251214,PHX,LAL,Luka Dončić,2025,PHX,Missed,31.177716401301744,Luka Dončić
Shot Chart Detail,22500002,44,201939,Stephen Curry,1610612744,Golden State Warriors,1,8,13,Made Shot,Jump Shot,3PT Field Goal,Above the Break 3,Center(C),24+ ft.,26.0,48.0,262.0,1,1,20251021,LAL,GSW,Stephen Curry,2025,LAL,Made,26.636065775560773,Stephen Curry
Shot Chart Detail,22500002,48,201939,Stephen Curry,1610612744,Golden State Warriors,1,7,45,Missed Shot,Jump Shot,3PT Field Goal,Above the Break 3,Right Side Center(RC),24+ ft.,25.0,114.0,230.0,1,0,20251021,LAL,GSW,Stephen Curry,2025,LAL,Missed,25.670216204777084,Stephen Curry
Shot Chart Detail,22500002,113,201939,Stephen Curry,1610612744,Golden State Warriors,1,3,57,Missed Shot,Step Back Jump shot,3PT Field Goal,Above the Break 3,Left Side Center(LC),24+ ft.,27.0,-136.0,234.0,1,0,20251021,LAL,GSW,Stephen Curry,2025,LAL,Missed,27.065106687393644,Stephen Curry
Shot Chart Detail,22500002,274,201939,Stephen Curry,1610612744,Golden State Warriors,2,6,24,Missed Shot,Driving Reverse Layup Shot,2PT Field Goal,Restricted Area,Center(C),Less Than 8 ft.,3.0,-29.0,16.0,1,0,20251021,LAL,GSW,Stephen Curry,2025,LAL,Missed,3.3120990323358392,Stephen Curry
Shot Chart Detail,22500002,301,201939,Stephen Curry,1610612744,Golden State Warriors,2,4,59,Made Shot,Running Jump Shot,3PT Field Goal,Above the Break 3,Right Side Center(RC),24+ ft.,27.0,141.0,240.0,1,1,20251021,LAL,GSW,Stephen Curry,2025,LAL,Made,27.83540910423269,Stephen Curry
Shot Chart Detail,22500002,314,201939,Stephen Curry,1610612744,Golden State Warriors,2,4,3,Made Shot,Cutting Layup Shot,2PT Field Goal,Restricted Area,Center(C),Less Than 8 ft.,3.0,16.0,35.0,1,1,20251021,LAL,GSW,Stephen Curry,2025,LAL,Made,3.8483762809787714,Stephen Curry
Shot Chart Detail,22500002,321,201939,Stephen Curry,1610612744,Golden State Warriors,2,2,59,Made Shot,Driving Floating Bank Jump Shot,2PT Field Goal,In The Paint (Non-RA),Center(C),Less Than 8 ft.,4.0,25.0,34.0,1,1,20251021,LAL,GSW,Stephen Curry,2025,LAL,Made,4.220189569201838,Stephen Curry
Shot Chart Detail,22500002,342,201939,Stephen Curry,1610612744,Golden State Warriors,2,2,13,Missed Shot,Pullup Jump shot,3PT Field Goal,Above the Break 3,Right Side Center(RC),24+ ft.,28.0,181.0,219.0,1,0,20251021,LAL,GSW,Stephen Curry,2025,LAL,Missed,28.41161734220704,Stephen Curry
Shot Chart Detail,22500002,367,201939,Stephen Curry,1610612744,Golden State Warriors,2,0,46,Missed Shot,Driving Layup Shot,2PT Field Goal,Restricted Area,Center(C),Less Than 8 ft.,2.0,2.0,29.0,1,0,20251021,LAL,GSW,Stephen Curry,2025,LAL,Missed,2.906888370749727,Stephen Curry
Shot Chart Detail,22500002,374,201939,Stephen Curry,1610612744,Golden State Warriors,2,0,2,Missed Shot,Step Back Jump shot,3PT Field Goal,Above the Break 3,Left Side Center(LC),24+ ft.,27.0,-112.0,253.0,1,0,20251021,LAL,GSW,Stephen Curry,2025,LAL,Missed,27.668212808202846,Stephen Curry
Shot Chart Detail,22500002,439,201939,Stephen Curry,1610612744,Golden State Warriors,3,7,17,Made Shot,Cutting Layup Shot,2PT Field Goal,Restricted Area,Center(C),Less Than 8 ft.,2.0,2.0,28.0,1,1,20251021,LAL,GSW,Stephen Curry,2025,LAL,Made,2.80713376952364,Stephen Curry
Shot Chart Detail,22500002,631,201939,Stephen Curry,1610612744,Golden State Warriors,4,4,9,Missed Shot,Step Back Jump shot,3PT Field Goal,Above the Break 3,Right Side Center(RC),24+ ft.,26.0,162.0,214.0,1,0,20251021,LAL,GSW,Stephen Curry,2025,LAL,Missed,26.840268254993283,Stephen Curry
Shot Chart Detail,22500002,649,201939,Stephen Curry,1610612744,Golden State Warriors,4,2,57,Missed Shot,Step Back Jump shot,3PT Field Goal,Above the Break 3,Left Side Center(LC),24+ ft.,26.0,-201.0,169.0,1,0,20251021,LAL,GSW,Stephen Curry,2025,LAL,Missed,26.260616900598507,Stephen Curry
Shot Chart Detail,22500002,675,201939,Stephen Curry,1610612744,Golden State Warriors,4,0,51,Made Shot,Jump Shot,3PT Field Goal,Above the Break 3,Right Side Center(RC),24+ ft.,35.0,196.0,298.0,1,1,20251021,LAL,GSW,Stephen Curry,2025,LAL,Made,35.66791275081849,Stephen Curry
Shot Chart Detail,22500006,7,201939,Stephen Curry,1610612744,Golden State Warriors,1,11,46,Made Shot,Jump Shot,3PT Field Goal,Above the Break 3,Right Side Center(RC),24+ ft.,25.0,174.0,190.0,1,1,20251023,GSW,DEN,Stephen Curry,2025,GSW,Made,25.763540129415446,Stephen Curry
Shot Chart Detail,22500006,34,201939,Stephen Curry,1610612744,Golden State Warriors,1,8,57,Missed Shot,Pullup Jump shot,3PT Field Goal,Above the Break 3,Left Side Center(LC),24+ ft.,25.0,-179.0,181.0,1,0,20251023,GSW,DEN,Stephen Curry,2025,GSW,Missed,25.45623695678527,Stephen Curry
Shot Chart Detail,22500006,38,201939,Stephen Curry,1610612744,Golden State Warriors,1,8,24,Missed Shot,Jump Shot,3PT Field Goal,Left Corner 3,Left Side(L),24+ ft.,24.0,-240.0,11.0,1,0,20251023,GSW,DEN,Stephen Curry,2025,GSW,Missed,24.025195108468942,Stephen Curry
Shot Chart Detail,22500006,269,201939,Stephen Curry,1610612744,Golden State Warriors,2,3,36,Missed Shot,Pullup Jump shot,3PT Field Goal,Above the Break 3,Center(C),24+ ft.,25.0,-49.0,253.0,1,0,20251023,GSW,DEN,Stephen Curry,2025,GSW,Missed,25.770137756713684,Stephen Curry
Shot Chart Detail,22500006,273,201939,Stephen Curry,1610612744,Golden State Warriors,2,3,12,Made Shot,Driving Finger Roll Layup Shot,2PT Field Goal,Restricted Area,Center(C),Less Than 8 ft.,2.0,25.0,13.0,1,1,20251023,GSW,DEN,Stephen Curry,2025,GSW,Made,2.817800560721074,Stephen Curry
Shot Chart Detail,22500006,285,201939,Stephen Curry,1610612744,Golden State Warriors,2,2,12,Made Shot,Driving Finger Roll Layup Shot,2PT Field Goal,Restricted Area,Center(C),Less Than 8 ft.,2.0,27.0,13.0,1,1,20251023,GSW,DEN,Stephen Curry,2025,GSW,Made,2.9966648127543394,Stephen Curry
Shot Chart Detail,22500006,288,201939,Stephen Curry,1610612744,Golden State Warriors,2,1,52,Missed Shot,Jump Shot,3PT Field Goal,Above the Break 3,Right Side Center(RC),24+ ft.,27.0,138.0,243.0,1,0,20251023,GSW,DEN,Stephen Curry,2025,GSW,Missed,27.945124798433092,Stephen Curry
Shot Chart Detail,22500006,312,201939,Stephen Curry,1610612744,Golden State Warriors,2,0,40,Missed Shot,Jump Shot,2PT Field Goal,Mid-Range,Left Side Center(LC),16-24 ft.,17.0,-115.0,133.0,1,0,20251023,GSW,DEN,Stephen Curry,2025,GSW,Missed,17.582377541163197,Stephen Curry
Shot Chart Detail,22500006,351,201939,Stephen Curry,1610612744,Golden State Warriors,3,10,43,Made Shot,Jump Shot,3PT Field Goal,Above the Break 3,Left Side Center(LC),24+ ft.,28.0,-140.0,250.0,1,1,20251023,GSW,DEN,Stephen Curry,2025,GSW,Made,28.653097563788805,Stephen Curry
Shot Chart Detail,22500006,361,201939,Stephen Curry,1610612744,Golden State Warriors,3,9,33,Made Shot,Jump Shot,3PT Field Goal,Above the Break 3,Left Side Center(LC),24+ ft.,25.0,-158.0,206.0,1,1,20251023,GSW,DEN,Stephen Curry,2025,GSW,Made,25.961509971494337,Stephen Curry
Shot Chart Detail,22500006,364,201939,Stephen Curry,1610612744,Golden State Warriors,3,9,0,Missed Shot,Driving Finger Roll Layup Shot,2PT Field Goal,In The Paint (Non-RA),Center(C),8-16 ft.,12.0,50.0,115.0,1,0,20251023,GSW,DEN,Stephen Curry,2025,GSW,Missed,12.539936203984452,Stephen Curry
Shot Chart Detail,22500006,375,201939,Stephen Curry,1610612744,Golden State Warriors,3,7,47,Missed Shot,Driving Layup Shot,2PT Field Goal,Mid-Range,Right Side(R),8-16 ft.,11.0,97.0,64.0,1,0,20251023,GSW,DEN,Stephen Curry,2025,GSW,Missed,11.621101496846157,Stephen Curry
Shot Chart Detail,22500006,380,201939,Stephen Curry,1610612744,Golden State Warriors,3,7,32,Made Shot,Cutting Layup Shot,2PT Field Goal,In The Paint (Non-RA),Center(C),Less Than 8 ft.,5.0,58.0,3.0,1,1,20251023,GSW,DEN,Stephen Curry,2025,GSW,Made,5.807753438292641,Stephen Curry
Shot Chart Detail,22500006,402,201939,Stephen Curry,1610612744,Golden State Warriors,3,5,47,Made Shot,Jump Shot,2PT Field Goal,Mid-Range,Left Side(L),8-16 ft.,15.0,-126.0,96.0,1,1,20251023,GSW,DEN,Stephen Curry,2025,GSW,Made,15.840454538932903,Stephen Curry
Shot Chart Detail,22500006,408,201939,Stephen Curry,1610612744,Golden State Warriors,3,5,9,Made Shot,Cutting Layup Shot,2PT Field Goal,In The Paint (Non-RA),Center(C),8-16 ft.,11.0,22.0,108.0,1,1,20251023,GSW,DEN,Stephen Curry,2025,GSW,Made,11.021796586763884,Stephen Curry
Shot Chart Detail,22500006,417,201939,Stephen Curry,1610612744,Golden State Warriors,3,4,49,Missed Shot,Step Back Jump shot,3PT Field Goal,Above the Break 3,Left Side Center(LC),24+ ft.,26.0,-86.0,247.0,1,0,20251023,GSW,DEN,Stephen Curry,2025,GSW,Missed,26.154349542666893,Stephen Curry
Shot Chart Detail,22500006,578,201939,Stephen Curry,1610612744,Golden State Warriors,4,6,5,Made Shot,Driving Layup Shot,2PT Field Goal,In The Paint (Non-RA),Center(C),Less Than 8 ft.,7.0,56.0,43.0,1,1,20251023,GSW,DEN,Stephen Curry,2025,GSW,Made,7.060453243241541,Stephen Curry
Shot Chart Detail,22500006,599,201939,Stephen Curry,1610612744,Golden State Warriors,4,4,57,Made Shot,Driving Reverse Layup Shot,2PT Field Goal,Restricted Area,Center(C),Less Than 8 ft.,1.0,12.0,14.0,1,1,20251023,GSW,DEN,Stephen Curry,2025,GSW,Made,1.8439088914585775,Stephen Curry
Shot Chart Detail,22500006,607,201939,Stephen Curry,1610612744,Golden State Warriors,4,4,2,Missed Shot,Jump Shot,3PT Field Goal,Above the Break 3,Center(C),24+ ft.,26.0,-48.0,262.0,1,0,20251023,GSW,DEN,Stephen Curry,2025,GSW,Missed,26.636065775560773,Stephen Curry
Shot Chart Detail,22500006,642,201939,Stephen Curry,1610612744,Golden State Warriors,4,1,24,Made Shot,Pullup Jump shot,3PT Field Goal,Above the Break 3,Center(C),24+ ft.,26.0,-21.0,263.0,1,1,20251023,GSW,DEN,Stephen Curry,2025,GSW,Made,26.383707093583343,Stephen Curry
Shot Chart Detail,22500006,645,201939,Stephen Curry,1610612744,Golden State Warriors,4,0,43,Missed Shot,Driving Reverse Layup Shot,2PT Field Goal,Restricted Area,Center(C),Less Than 8 ft.,2.0,-20.0,10.0,1,0,20251023,GSW,DEN,Stephen Curry,2025,GSW,Missed,2.23606797749979,Stephen Curry
Shot Chart Detail,22500006,654,201939,Stephen Curry,1610612744,Golden State Warriors,4,0,21,Made Shot,Pullup Jump shot,3PT Field Goal,Above the Break 3,Center(C),24+ ft.,34.0,100.0,327.0,1,1,20251023,GSW,DEN,Stephen Curry,2025,GSW,Made,34.194882658082044,Stephen Curry
Shot Chart Detail,22500006,681,201939,Stephen Curry,1610612744,Golden State Warriors,5,4,4,Made Shot,Jump Shot,3PT Field Goal,Above the Break 3,Center(C),24+ ft.,28.0,-83.0,271.0,1,1,20251023,GSW,DEN,Stephen Curry,2025,GSW,Made,28.342547521350298,Stephen Curry
Shot Chart Detail,22500006,688,201939,Stephen Curry,1610612744,Golden State Warriors,5,3,28,Missed Shot,Driving Floating Jump Shot,2PT Field Goal,Mid-Range,Right Side(R),8-16 ft.,11.0,81.0,82.0,1,0,20251023,GSW,DEN,Stephen Curry,2025,GSW,Missed,11.526057435220423,Stephen Curry
Shot Chart Detail,22500006,714,201939,Stephen Curry,1610612744,Golden State Warriors,5,0,23,Made Shot,Running Layup Shot,2PT Field Goal,Restricted Area,Center(C),Less Than 8 ft.,1.0,9.0,10.0,1,1,20251023,GSW,DEN,Stephen Curry,2025,GSW,Made,1.345362404707371,Stephen Curry
Shot Chart Detail,22500011,27,201939,Stephen Curry,1610612744,Golden State Warriors,1,10,14,Missed Shot,Pullup Jump shot,2PT Field Goal,Mid-Range,Center(C),16-24 ft.,20.0,58.0,193.0,1,0,20251225,GSW,DAL,Stephen Curry,2025,GSW,Missed,20.152667317256046,Stephen Curry
Shot Chart Detail,22500011,60,201939,Stephen Curry,1610612744,Golden State Warriors,1,8,1,Missed Shot,Jump Shot,3PT Field Goal,Above the Break 3,Right Side Center(RC),24+ ft.,26.0,188.0,181.0,1,0,20251225,GSW,DAL,Stephen Curry,2025,GSW,Missed,26.096934685897498,Stephen Curry
Shot Chart Detail,22500011,231,201939,Stephen Curry,1610612744,Golden State Warriors,2,9,46,Missed Shot,Jump Shot,3PT Field Goal,Above the Break 3,Right Side Center(RC),24+ ft.,25.0,154.0,199.0,1,0,20251225,GSW,DAL,Stephen Curry,2025,GSW,Missed,25.162869470710213,Stephen Curry
Shot Chart Detail,22500011,235,201939,Stephen Curry,1610612744,Golden State Warriors,2,9,24,Missed Shot,Driving Finger Roll Layup Shot,2PT Field Goal,Restricted Area,Center(C),Less Than 8 ft.,3.0,-31.0,12.0,1,0,20251225,GSW,DAL,Stephen Curry,2025,GSW,Missed,3.324154027718932,Stephen Curry
Shot Chart Detail,22500011,260,201939,Stephen Curry,1610612744,Golden State Warriors,2,7,55,Missed Shot,Jump Shot,3PT Field Goal,Above the Break 3,Left Side Center(LC),24+ ft.,30.0,-189.0,236.0,1,0,20251225,GSW,DAL,Stephen Curry,2025,GSW,Missed,30.23524433504714,Stephen Curry
Shot Chart Detail,22500011,263,201939,Stephen Curry,1610612744,Golden State Warriors,2,7,27,Made Shot,Jump Shot,3PT Field Goal,Above the Break 3,Left Side Center(LC),24+ ft.,32.0,-153.0,290.0,1,1,20251225,GSW,DAL,Stephen Curry,2025,GSW,Made,32.788565079917724,Stephen Curry
Shot Chart Detail,22500011,362,201939,Stephen Curry,1610612744,Golden State Warriors,2,0,5,Made Shot,Driving Finger Roll Layup Shot,2PT Field Goal,Mid-Range,Left Side(L),8-16 ft.,9.0,-87.0,40.0,1,1,20251225,GSW,DAL,Stephen Curry,2025,GSW,Made,9.575489543621256,Stephen Curry
Shot Chart Detail,22500011,375,201939,Stephen Curry,1610612744,Golden State Warriors,3,11,29,Made Shot,Cutting Layup Shot,2PT Field Goal,In The Paint (Non-RA),Center(C),Less Than 8 ft.,4.0,45.0,11.0,1,1,20251225,GSW,DAL,Stephen Curry,2025,GSW,Made,4.632493928760188,Stephen Curry
Shot Chart Detail,22500011,380,201939,Stephen Curry,1610612744,Golden State Warriors,3,10,55,Made Shot,Cutting Finger Roll Layup Shot,2PT Field Goal,Restricted Area,Center(C),Less Than 8 ft.,3.0,5.0,32.0,1,1,20251225,GSW,DAL,Stephen Curry,2025,GSW,Made,3.2388269481403293,Stephen Curry
Shot Chart Detail,22500011,386,201939,Stephen Curry,1610612744,Golden State Warriors,3,10,20,Missed Shot,Jump Shot,3PT Field Goal,Above the Break 3,Center(C),24+ ft.,26.0,25.0,260.0,1,0,20251225,GSW,DAL,Stephen Curry,2025,GSW,Missed,26.11991577321795,Stephen Curry
Shot Chart Detail,22500011,422,201939,Stephen Curry,1610612744,Golden State Warriors,3,7,23,Missed Shot,Pullup Jump shot,3PT Field Goal,Above the Break 3,Center(C),24+ ft.,28.0,-71.0,281.0,1,0,20251225,GSW,DAL,Stephen Curry,2025,GSW,Missed,28.983098523104807,Stephen Curry
Shot Chart Detail,22500011,445,201939,Stephen Curry,1610612744,Golden State Warriors,3,4,51,Made Shot,Driving Hook Shot,2PT Field Goal,In The Paint (Non-RA),Center(C),Less Than 8 ft.,5.0,42.0,32.0,1,1,20251225,GSW,DAL,Stephen Curry,2025,GSW,Made,5.280151512977634,Stephen Curry
Shot Chart Detail,22500011,543,201939,Stephen Curry,1610612744,Golden State Warriors,4,11,35,Missed Shot,Turnaround Jump Shot,3PT Field Goal,Above the Break 3,Right Side Center(RC),24+ ft.,27.0,192.0,198.0,1,0,20251225,GSW,DAL,Stephen Curry,2025,GSW,Missed,27.580427842946886,Stephen Curry
Shot Chart Detail,22500011,572,201939,Stephen Curry,1610612744,Golden State Warriors,4,9,14,Missed Shot,Jump Shot,3PT Field Goal,Above the Break 3,Left Side Center(LC),24+ ft.,26.0,-146.0,224.0,1,0,20251225,GSW,DAL,Stephen Curry,2025,GSW,Missed,26.737987957211736,Stephen Curry
Shot Chart Detail,22500011,660,201939,Stephen Curry,1610612744,Golden State Warriors,4,4,44,Missed Shot,Step Back Jump shot,3PT Field Goal,Above the Break 3,Left Side Center(LC),24+ ft.,28.0,-180.0,218.0,1,0,20251225,GSW,DAL,Stephen Curry,2025,GSW,Missed,28.27083302628347,Stephen Curry
Shot Chart Detail,22500011,677,201939,Stephen Curry,1610612744,Golden State Warriors,4,3,45,Made Shot,Pullup Jump shot,3PT Field Goal,Above the Break 3,Left Side Center(LC),24+ ft.,26.0,-189.0,182.0,1,1,20251225,GSW,DAL,Stephen Curry,2025,GSW,Made,26.238330739587838,Stephen Curry
Shot Chart Detail,22500011,681,201939,Stephen Curry,1610612744,Golden State Warriors,4,3,15,Missed Shot,Finger Roll Layup Shot,2PT Field Goal,In The Paint (Non-RA),Center(C),Less Than 8 ft.,4.0,47.0,14.0,1,0,20251225,GSW,DAL,Stephen Curry,2025,GSW,Missed,4.904079934095692,Stephen Curry
Shot Chart Detail,22500011,698,201939,Stephen Curry,1610612744,Golden State Warriors,4,1,31,Missed Shot,Driving Reverse Layup Shot,2PT Field Goal,In The Paint (Non-RA),Center(C),Less Than 8 ft.,4.0,43.0,8.0,1,0,20251225,GSW,DAL,Stephen Curry,2025,GSW,Missed,4.3737855457258075,Stephen Curry
Shot Chart Detail,22500047,17,201939,Stephen Curry,1610612744,Golden State Warriors,1,10,26,Missed Shot,Jump Shot,3PT Field Goal,Above the Break 3,Center(C),24+ ft.,26.0,-76.0,249.0,1,0,20251114,SAS,GSW,Stephen Curry,2025,SAS,Missed,26.03401620956705,Stephen Curry
Shot Chart Detail,22500047,24,201939,Stephen Curry,1610612744,Golden State Warriors,1,9,57,Made Shot,Step Back Jump shot,3PT Field Goal,Above the Break 3,Center(C),24+ ft.,25.0,23.0,258.0,1,1,20251114,SAS,GSW,Stephen Curry,2025,SAS,Made,25.902316498722655,Stephen Curry
Shot Chart Detail,22500047,106,201939,Stephen Curry,1610612744,Golden State Warriors,1,4,33,Made Shot,Step Back Jump shot,2PT Field Goal,Mid-Range,Left Side(L),8-16 ft.,14.0,-140.0,1.0,1,1,20251114,SAS,GSW,Stephen Curry,2025,SAS,Made,14.000357138301865,Stephen Curry
Shot Chart Detail,22500047,109,201939,Stephen Curry,1610612744,Golden State Warriors,1,4,5,Made Shot,Pullup Jump shot,3PT Field Goal,Above the Break 3,Center(C),24+ ft.,26.0,64.0,253.0,1,1,20251114,SAS,GSW,Stephen Curry,2025,SAS,Made,26.096934685897498,Stephen Curry
Shot Chart Detail,22500047,270,201939,Stephen Curry,1610612744,Golden State Warriors,2,6,27,Made Shot,Pullup Jump shot,3PT Field Goal,Above the Break 3,Left Side Center(LC),24+ ft.,28.0,-105.0,263.0,1,1,20251114,SAS,GSW,Stephen Curry,2025,SAS,Made,28.318545160371496,Stephen Curry
Shot Chart Detail,22500047,288,201939,Stephen Curry,1610612744,Golden State Warriors,2,5,18,Missed Shot,Pullup Jump shot,3PT Field Goal,Above the Break 3,Center(C),24+ ft.,26.0,49.0,265.0,1,0,20251114,SAS,GSW,Stephen Curry,2025,SAS,Missed,26.949211491247752,Stephen Curry
Shot Chart Detail,22500047,326,201939,Stephen Curry,1610612744,Golden State Warriors,2,2,25,Made Shot,Step Back Jump shot,3PT Field Goal,Above the Break 3,Left Side Center(LC),24+ ft.,26.0,-145.0,217.0,1,1,20251114,SAS,GSW,Stephen Curry,2025,SAS,Made,26.09865896938002,Stephen Curry
Shot Chart Detail,22500047,336,201939,Stephen Curry,1610612744,Golden State Warriors,2,1,5,Missed Shot,Jump Shot,3PT Field Goal,Above the Break 3,Center(C),24+ ft.,28.0,67.0,281.0,1,0,20251114,SAS,GSW,Stephen Curry,2025,SAS,Missed,28.887713651308577,Stephen Curry
Shot Chart Detail,22500047,342,201939,Stephen Curry,1610612744,Golden State Warriors,2,0,9,Made Shot,Driving Finger Roll Layup Shot,2PT Field Goal,Restricted Area,Center(C),Less Than 8 ft.,2.0,27.0,10.0,1,1,20251114,SAS,GSW,Stephen Curry,2025,SAS,Made,2.8792360097775935,Stephen Curry
Shot Chart Detail,22500047,401,201939,Stephen Curry,1610612744,Golden State Warriors,3,7,28,Missed Shot,Pullup Jump shot,3PT Field Goal,Above the Break 3,Left Side Center(LC),24+ ft.,26.0,-127.0,229.0,1,0,20251114,SAS,GSW,Stephen Curry,2025,SAS,Missed,26.18587405453559,Stephen Curry
Shot Chart Detail,22500047,422,201939,Stephen Curry,1610612744,Golden State Warriors,3,6,26,Made Shot,Pullup Jump shot,3PT Field Goal,Above the Break 3,Center(C),24+ ft.,24.0,-33.0,243.0,1,1,20251114,SAS,GSW,Stephen Curry,2025,SAS,Made,24.52305038122297,Stephen Curry
Shot Chart Detail,22500047,432,201939,Stephen Curry,1610612744,Golden State Warriors,3,5,40,Missed Shot,Pullup Jump shot,3PT Field Goal,Above the Break 3,Left Side Center(LC),24+ ft.,25.0,-83.0,239.0,1,0,20251114,SAS,GSW,Stephen Curry,2025,SAS,Missed,25.300197627686625,Stephen Curry
Shot Chart Detail,22500047,455,201939,Stephen Curry,1610612744,Golden State Warriors,3,4,3,Made Shot,Driving Layup Shot,2PT Field Goal,Restricted Area,Center(C),Less Than 8 ft.,0.0,4.0,6.0,1,1,20251114,SAS,GSW,Stephen Curry,2025,SAS,Made,0.7211102550927978,Stephen Curry
Shot Chart Detail,22500047,458,201939,Stephen Curry,1610612744,Golden State Warriors,3,3,36,Made Shot,Driving Floating Bank Jump Shot,2PT Field Goal,Mid-Range,Center(C),8-16 ft.,15.0,12.0,159.0,1,1,20251114,SAS,GSW,Stephen Curry,2025,SAS,Made,15.945218719101973,Stephen Curry
Shot Chart Detail,22500047,477,201939,Stephen Curry,1610612744,Golden State Warriors,3,2,58,Made Shot,Step Back Jump shot,3PT Field Goal,Above the Break 3,Right Side Center(RC),24+ ft.,27.0,169.0,222.0,1,1,20251114,SAS,GSW,Stephen Curry,2025,SAS,Made,27.900716836669268,Stephen Curry
Shot Chart Detail,22500047,480,201939,Stephen Curry,1610612744,Golden State Warriors,3,2,34,Missed Shot,Driving Floating Bank Jump Shot,2PT Field Goal,Mid-Range,Right Side(R),8-16 ft.,15.0,123.0,98.0,1,0,20251114,SAS,GSW,Stephen Curry,2025,SAS,Missed,15.726728839781018,Stephen Curry
Shot Chart Detail,22500047,485,201939,Stephen Curry,1610612744,Golden State Warriors,3,2,7,Made Shot,Jump Shot,3PT Field Goal,Above the Break 3,Left Side Center(LC),24+ ft.,25.0,-83.0,241.0,1,1,20251114,SAS,GSW,Stephen Curry,2025,SAS,Made,25.48921340488953,Stephen Curry
Shot Chart Detail,22500047,488,201939,Stephen Curry,1610612744,Golden State Warriors,3,1,21,Missed Shot,Jump Shot,3PT Field Goal,Above the Break 3,Right Side Center(RC),24+ ft.,29.0,200.0,215.0,1,0,20251114,SAS,GSW,Stephen Curry,2025,SAS,Missed,29.364093720052047,Stephen Curry
Shot Chart Detail,22500047,490,201939,Stephen Curry,1610612744,Golden State Warriors,3,1,15,Missed Shot,Jump Shot,3PT Field Goal,Above the Break 3,Right Side Center(RC),24+ ft.,31.0,180.0,262.0,1,0,20251114,SAS,GSW,Stephen Curry,2025,SAS,Missed,31.78741889490243,Stephen Curry
Shot Chart Detail,22500047,494,201939,Stephen Curry,1610612744,Golden State Warriors,3,0,44,Made Shot,Pullup Jump shot,3PT Field Goal,Above the Break 3,Right Side Center(RC),24+ ft.,28.0,145.0,246.0,1,1,20251114,SAS,GSW,Stephen Curry,2025,SAS,Made,28.555384781158175,Stephen Curry
Shot Chart Detail,22500047,610,201939,Stephen Curry,1610612744,Golden State Warriors,4,6,42,Made Shot,Pullup Jump shot,3PT Field Goal,Above the Break 3,Left Side Center(LC),24+ ft.,29.0,-157.0,245.0,1,1,20251114,SAS,GSW,Stephen Curry,2025,SAS,Made,29.09879722600231,Stephen Curry
Shot Chart Detail,22500047,613,201939,Stephen Curry,1610612744,Golden State Warriors,4,6,0,Made Shot,Step Back Jump shot,2PT Field Goal,Mid-Range,Left Side(L),8-16 ft.,15.0,-148.0,56.0,1,1,20251114,SAS,GSW,Stephen Curry,2025,SAS,Made,15.824032355881986,Stephen Curry
Shot Chart Detail,22500047,623,201939,Stephen Curry,1610612744,Golden State Warriors,4,5,27,Made Shot,Driving Finger Roll Layup Shot,2PT Field Goal,Restricted Area,Center(C),Less Than 8 ft.,0.0,1.0,6.0,1,1,20251114,SAS,GSW,Stephen Curry,2025,SAS,Made,0.6082762530298219,Stephen Curry
Shot Chart Detail,22500047,651,201939,Stephen Curry,1610612744,Golden State Warriors,4,2,37,Missed Shot,Driving Finger Roll Layup Shot,2PT Field Goal,Restricted Area,Center(C),Less Than 8 ft.,0.0,5.0,5.0,1,0,20251114,SAS,GSW,Stephen Curry,2025,SAS,Missed,0.7071067811865476,Stephen Curry
Shot Chart Detail,22500047,666,201939,Stephen Curry,1610612744,Golden State Warriors,4,2,11,Made Shot,Cutting Finger Roll Layup Shot,2PT Field Goal,Restricted Area,Center(C),Less Than 8 ft.,1.0,2.0,11.0,1,1,20251114,SAS,GSW,Stephen Curry,2025,SAS,Made,1.118033988749895,Stephen Curry
Shot Chart Detail,22500047,675,201939,Stephen Curry,1610612744,Golden State Warriors,4,1,27,Missed Shot,Pullup Jump shot,3PT Field Goal,Above the Break 3,Center(C),24+ ft.,24.0,17.0,247.0,1,0,20251114,SAS,GSW,Stephen Curry,2025,SAS,Missed,24.758432906789558,Stephen Curry
Shot Chart Detail,22500056,19,201939,Stephen Curry,1610612744,Golden State Warriors,1,10,20,Missed Shot,Jump Shot,3PT Field Goal,Above the Break 3,Right Side Center(RC),24+ ft.,26.0,195.0,179.0,1,0,20251121,GSW,POR,Stephen Curry,2025,GSW,Missed,26.469982999616754,Stephen Curry
Shot Chart Detail,22500056,84,201939,Stephen Curry,1610612744,Golden State Warriors,1,6,23,Missed Shot,Jump Shot,3PT Field Goal,Above the Break 3,Left Side Center(LC),24+ ft.,26.0,-205.0,163.0,1,0,20251121,GSW,POR,Stephen Curry,2025,GSW,Missed,26.190456277048707,Stephen Curry
Shot Chart Detail,22500056,104,201939,Stephen Curry,1610612744,Golden State Warriors,1,5,20,Missed Shot,Jump Shot,3PT Field Goal,Above the Break 3,Center(C),24+ ft.,27.0,-12.0,270.0,1,0,20251121,GSW,POR,Stephen Curry,2025,GSW,Missed,27.026653510932498,Stephen Curry
Shot Chart Detail,22500056,112,201939,Stephen Curry,1610612744,Golden State Warriors,1,4,50,Made Shot,Driving Floating Bank Jump Shot,2PT Field Goal,In The Paint (Non-RA),Center(C),Less Than 8 ft.,7.0,36.0,69.0,1,1,20251121,GSW,POR,Stephen Curry,2025,GSW,Made,7.782673062643708,Stephen Curry
Shot Chart Detail,22500056,132,201939,Stephen Curry,1610612744,Golden State Warriors,1,3,29,Made Shot,Jump Shot,3PT Field Goal,Left Corner 3,Left Side(L),24+ ft.,23.0,-233.0,37.0,1,1,20251121,GSW,POR,Stephen Curry,2025,GSW,Made,23.591947778850308,Stephen Curry
Shot Chart Detail,22500056,296,201939,Stephen Curry,1610612744,Golden State Warriors,2,5,9,Made Shot,Cutting Layup Shot,2PT Field Goal,Restricted Area,Center(C),Less Than 8 ft.,3.0,28.0,16.0,1,1,20251121,GSW,POR,Stephen Curry,2025,GSW,Made,3.2249030993194197,Stephen Curry
Shot Chart Detail,22500056,318,201939,Stephen Curry,1610612744,Golden State Warriors,2,4,24,Made Shot,Step Back Jump shot,3PT Field Goal,Above the Break 3,Left Side Center(LC),24+ ft.,26.0,-132.0,230.0,1,1,20251121,GSW,POR,Stephen Curry,2025,GSW,Made,26.518672666632465,Stephen Curry
Shot Chart Detail,22500056,326,201939,Stephen Curry,1610612744,Golden State Warriors,2,3,26,Made Shot,Jump Shot,3PT Field Goal,Above the Break 3,Center(C),24+ ft.,29.0,-5.0,299.0,1,1,20251121,GSW,POR,Stephen Curry,2025,GSW,Made,29.904180309782777,Stephen Curry
Shot Chart Detail,22500056,337,201939,Stephen Curry,1610612744,Golden State Warriors,2,2,39,Made Shot,Pullup Jump shot,3PT Field Goal,Left Corner 3,Left Side(L),24+ ft.,23.0,-233.0,-5.0,1,1,20251121,GSW,POR,Stephen Curry,2025,GSW,Made,23.305364189387817,Stephen Curry
Shot Chart Detail,22500056,348,201939,Stephen Curry,1610612744,Golden State Warriors,2,2,1,Made Shot,Step Back Jump shot,3PT Field Goal,Above the Break 3,Center(C),24+ ft.,28.0,62.0,280.0,1,1,20251121,GSW,POR,Stephen Curry,2025,GSW,Made,28.678214728256712,Stephen Curry
Shot Chart Detail,22500056,362,201939,Stephen Curry,1610612744,Golden State Warriors,2,0,38,Made Shot,Step Back Jump shot,3PT Field Goal,Above the Break 3,Left Side Center(LC),24+ ft.,26.0,-169.0,209.0,1,1,20251121,GSW,POR,Stephen Curry,2025,GSW,Made,26.877871939571406,Stephen Curry
Shot Chart Detail,22500056,380,201939,Stephen Curry,1610612744,Golden State Warriors,3,11,42,Made Shot,Driving Layup Shot,2PT Field Goal,In The Paint (Non-RA),Center(C),Less Than 8 ft.,6.0,58.0,36.0,1,1,20251121,GSW,POR,Stephen Curry,2025,GSW,Made,6.826419266350404,Stephen Curry
Shot Chart Detail,22500056,410,201939,Stephen Curry,1610612744,Golden State Warriors,3,9,6,Made Shot,Driving Layup Shot,2PT Field Goal,Restricted Area,Center(C),Less Than 8 ft.,3.0,34.0,1.0,1,1,20251121,GSW,POR,Stephen Curry,2025,GSW,Made,3.40147027033899,Stephen Curry
Shot Chart Detail,22500056,431,201939,Stephen Curry,1610612744,Golden State Warriors,3,7,25,Missed Shot,Jump Shot,3PT Field Goal,Above the Break 3,Right Side Center(RC),24+ ft.,27.0,146.0,234.0,1,0,20251121,GSW,POR,Stephen Curry,2025,GSW,Missed,27.581152985326774,Stephen Curry
Shot Chart Detail,22500056,453,201939,Stephen Curry,1610612744,Golden State Warriors,3,5,55,Missed Shot,Pullup Jump shot,3PT Field Goal,Above the Break 3,Left Side Center(LC),24+ ft.,24.0,-228.0,98.0,1,0,20251121,GSW,POR,Stephen Curry,2025,GSW,Missed,24.816929705344293,Stephen Curry
Shot Chart Detail,22500056,634,201939,Stephen Curry,1610612744,Golden State Warriors,4,7,11,Made Shot,Jump Shot,3PT Field Goal,Above the Break 3,Right Side Center(RC),24+ ft.,26.0,217.0,156.0,1,1,20251121,GSW,POR,Stephen Curry,2025,GSW,Made,26.725456029785533,Stephen Curry
Shot Chart Detail,22500056,644,201939,Stephen Curry,1610612744,Golden State Warriors,4,6,1,Made Shot,Driving Layup Shot,2PT Field Goal,Mid-Range,Right Side(R),8-16 ft.,9.0,88.0,32.0,1,1,20251121,GSW,POR,Stephen Curry,2025,GSW,Made,9.3637599285757,Stephen Curry
Shot Chart Detail,22500056,682,201939,Stephen Curry,1610612744,Golden State Warriors,4,3,27,Missed Shot,Pullup Jump shot,3PT Field Goal,Above the Break 3,Right Side Center(RC),24+ ft.,29.0,195.0,219.0,1,0,20251121,GSW,POR,Stephen Curry,2025,GSW,Missed,29.323369519889763,Stephen Curry
Shot Chart Detail,22500056,701,201939,Stephen Curry,1610612744,Golden State Warriors,4,2,0,Made Shot,Step Back Jump shot,3PT Field Goal,Left Corner 3,Left Side(L),24+ ft.,23.0,-233.0,43.0,1,1,20251121,GSW,POR,Stephen Curry,2025,GSW,Made,23.693459012984995,Stephen Curry
Shot Chart Detail,22500056,707,201939,Stephen Curry,1610612744,Golden State Warriors,4,1,17,Missed Shot,Driving Finger Roll Layup Shot,2PT Field Goal,In The Paint (Non-RA),Right Side(R),8-16 ft.,9.0,80.0,53.0,1,0,20251121,GSW,POR,Stephen Curry,2025,GSW,Missed,9.596353474106714,Stephen Curry
Shot Chart Detail,22500056,726,201939,Stephen Curry,1610612744,Golden State Warriors,4,0,22,Made Shot,Step Back Jump shot,3PT Field Goal,Above the Break 3,Center(C),24+ ft.,26.0,-61.0,262.0,1,1,20251121,GSW,POR,Stephen Curry,2025,GSW,Made,26.90074348414928,Stephen Curry
Shot Chart Detail,22500056,740,201939,Stephen Curry,1610612744,Golden State Warriors,4,0,8,Missed Shot,Pullup Jump shot,3PT Field Goal,Above the Break 3,Center(C),24+ ft.,25.0,-56.0,247.0,1,0,20251121,GSW,POR,Stephen Curry,2025,GSW,Missed,25.326863208853954,Stephen Curry
Shot Chart Detail,22500056,742,201939,Stephen Curry,1610612744,Golden State Warriors,4,0,2,Missed Shot,Jump Shot,3PT Field Goal,Above the Break 3,Left Side Center(LC),24+ ft.,28.0,-152.0,246.0,1,0,20251121,GSW,POR,Stephen Curry,2025,GSW,Missed,28.91712295509358,Stephen Curry
Shot Chart Detail,22500066,53,201939,Stephen Curry,1610612744,Golden State Warriors,1,6,16,Made Shot,Running Finger Roll Layup Shot,2PT Field Goal,Restricted Area,Center(C),Less Than 8 ft.,3.0,-5.0,37.0,1,1,20251126,GSW,HOU,Stephen Curry,2025,GSW,Made,3.733630940518894,Stephen Curry
Shot Chart Detail,22500066,78,201939,Stephen Curry,1610612744,Golden State Warriors,1,5,3,Missed Shot,Jump Shot,3PT Field Goal,Above the Break 3,Left Side Center(LC),24+ ft.,26.0,-181.0,198.0,1,0,20251126,GSW,HOU,Stephen Curry,2025,GSW,Missed,26.826293072282645,Stephen Curry
Shot Chart Detail,22500066,216,201939,Stephen Curry,1610612744,Golden State Warriors,2,7,29,Made Shot,Pullup Jump shot,3PT Field Goal,Above the Break 3,Center(C),24+ ft.,27.0,37.0,271.0,1,1,20251126,GSW,HOU,Stephen Curry,2025,GSW,Made,27.35141678231678,Stephen Curry
Shot Chart Detail,22500066,242,201939,Stephen Curry,1610612744,Golden State Warriors,2,6,18,Missed Shot,Step Back Jump shot,3PT Field Goal,Above the Break 3,Center(C),24+ ft.,26.0,53.0,260.0,1,0,20251126,GSW,HOU,Stephen Curry,2025,GSW,Missed,26.534694269955327,Stephen Curry
Shot Chart Detail,22500066,245,201939,Stephen Curry,1610612744,Golden State Warriors,2,6,13,Missed Shot,Floating Jump shot,2PT Field Goal,Mid-Range,Right Side(R),8-16 ft.,13.0,115.0,68.0,1,0,20251126,GSW,HOU,Stephen Curry,2025,GSW,Missed,13.360014970051491,Stephen Curry
Shot Chart Detail,22500066,265,201939,Stephen Curry,1610612744,Golden State Warriors,2,3,43,Missed Shot,Turnaround Fadeaway shot,2PT Field Goal,In The Paint (Non-RA),Right Side(R),8-16 ft.,8.0,44.0,71.0,1,0,20251126,GSW,HOU,Stephen Curry,2025,GSW,Missed,8.352843827104634,Stephen Curry
Shot Chart Detail,22500066,304,201939,Stephen Curry,1610612744,Golden State Warriors,2,1,0,Made Shot,Jump Shot,3PT Field Goal,Above the Break 3,Center(C),24+ ft.,26.0,28.0,268.0,1,1,20251126,GSW,HOU,Stephen Curry,2025,GSW,Made,26.945871668958866,Stephen Curry
Shot Chart Detail,22500066,337,201939,Stephen Curry,1610612744,Golden State Warriors,3,11,38,Missed Shot,Pullup Jump shot,3PT Field Goal,Above the Break 3,Left Side Center(LC),24+ ft.,26.0,-180.0,196.0,1,0,20251126,GSW,HOU,Stephen Curry,2025,GSW,Missed,26.611275805567836,Stephen Curry
Shot Chart Detail,22500066,368,201939,Stephen Curry,1610612744,Golden State Warriors,3,8,45,Made Shot,Jump Shot,2PT Field Goal,Mid-Range,Left Side(L),8-16 ft.,15.0,-159.0,15.0,1,1,20251126,GSW,HOU,Stephen Curry,2025,GSW,Made,15.970597985047396,Stephen Curry
Shot Chart Detail,22500066,590,201939,Stephen Curry,1610612744,Golden State Warriors,4,6,27,Missed Shot,Jump Shot,3PT Field Goal,Above the Break 3,Center(C),24+ ft.,27.0,62.0,270.0,1,0,20251126,GSW,HOU,Stephen Curry,2025,GSW,Missed,27.702707448911923,Stephen Curry
Shot Chart Detail,22500066,592,201939,Stephen Curry,1610612744,Golden State Warriors,4,6,24,Missed Shot,Jump Shot,3PT Field Goal,Right Corner 3,Right Side(R),24+ ft.,23.0,228.0,37.0,1,0,20251126,GSW,HOU,Stephen Curry,2025,GSW,Missed,23.098268333362135,Stephen Curry
Shot Chart Detail,22500066,603,201939,Stephen Curry,1610612744,Golden State Warriors,4,5,38,Missed Shot,Running Pull-Up Jump Shot,3PT Field Goal,Above the Break 3,Left Side Center(LC),24+ ft.,26.0,-189.0,184.0,1,0,20251126,GSW,HOU,Stephen Curry,2025,GSW,Missed,26.377452492611944,Stephen Curry
Shot Chart Detail,22500066,653,201939,Stephen Curry,1610612744,Golden State Warriors,4,2,13,Missed Shot,Jump Shot,3PT Field Goal,Above the Break 3,Center(C),24+ ft.,28.0,-42.0,278.0,1,0,20251126,GSW,HOU,Stephen Curry,2025,GSW,Missed,28.115476165272394,Stephen Curry
Shot Chart Detail,22500097,20,201939,Stephen Curry,1610612744,Golden State Warriors,1,10,24,Made Shot,Cutting Layup Shot,2PT Field Goal,Restricted Area,Center(C),Less Than 8 ft.,0.0,7.0,2.0,1,1,20251024,POR,GSW,Stephen Curry,2025,POR,Made,0.7280109889280518,Stephen Curry
Shot Chart Detail,22500097,27,201939,Stephen Curry,1610612744,Golden State Warriors,1,9,27,Made Shot,Pullup Jump shot,3PT Field Goal,Above the Break 3,Center(C),24+ ft.,25.0,39.0,256.0,1,1,20251024,POR,GSW,Stephen Curry,2025,POR,Made,25.8953663808798,Stephen Curry
Shot Chart Detail,22500097,61,201939,Stephen Curry,1610612744,Golden State Warriors,1,6,56,Missed Shot,Running Pull-Up Jump Shot,3PT Field Goal,Above the Break 3,Center(C),24+ ft.,32.0,-96.0,307.0,1,0,20251024,POR,GSW,Stephen Curry,2025,POR,Missed,32.16597581296112,Stephen Curry
Shot Chart Detail,22500097,87,201939,Stephen Curry,1610612744,Golden State Warriors,1,5,50,Missed Shot,Step Back Jump shot,2PT Field Goal,Mid-Range,Right Side Center(RC),16-24 ft.,20.0,99.0,181.0,1,0,20251024,POR,GSW,Stephen Curry,2025,POR,Missed,20.630559856678637,Stephen Curry
Shot Chart Detail,22500097,98,201939,Stephen Curry,1610612744,Golden State Warriors,1,5,22,Made Shot,Jump Shot,3PT Field Goal,Above the Break 3,Right Side Center(RC),24+ ft.,25.0,129.0,220.0,1,1,20251024,POR,GSW,Stephen Curry,2025,POR,Made,25.503137061938084,Stephen Curry
Shot Chart Detail,22500097,109,201939,Stephen Curry,1610612744,Golden State Warriors,1,4,56,Made Shot,Pullup Jump shot,3PT Field Goal,Above the Break 3,Center(C),24+ ft.,28.0,5.0,289.0,1,1,20251024,POR,GSW,Stephen Curry,2025,POR,Made,28.904324935898433,Stephen Curry
Shot Chart Detail,22500097,112,201939,Stephen Curry,1610612744,Golden State Warriors,1,4,32,Made Shot,Running Jump Shot,3PT Field Goal,Left Corner 3,Left Side(L),24+ ft.,23.0,-235.0,-5.0,1,1,20251024,POR,GSW,Stephen Curry,2025,POR,Made,23.505318547086315,Stephen Curry
Shot Chart Detail,22500097,116,201939,Stephen Curry,1610612744,Golden State Warriors,1,4,9,Made Shot,Driving Floating Bank Jump Shot,2PT Field Goal,In The Paint (Non-RA),Center(C),Less Than 8 ft.,6.0,56.0,29.0,1,1,20251024,POR,GSW,Stephen Curry,2025,POR,Made,6.3063460101710245,Stephen Curry
Shot Chart Detail,22500097,119,201939,Stephen Curry,1610612744,Golden State Warriors,1,3,48,Missed Shot,Pullup Jump shot,3PT Field Goal,Above the Break 3,Left Side Center(LC),24+ ft.,28.0,-92.0,268.0,1,0,20251024,POR,GSW,Stephen Curry,2025,POR,Missed,28.335137197479742,Stephen Curry
Shot Chart Detail,22500097,257,201939,Stephen Curry,1610612744,Golden State Warriors,2,6,47,Made Shot,Driving Floating Jump Shot,2PT Field Goal,Mid-Range,Right Side(R),8-16 ft.,13.0,118.0,62.0,1,1,20251024,POR,GSW,Stephen Curry,2025,POR,Made,13.329666162361306,Stephen Curry
Shot Chart Detail,22500097,277,201939,Stephen Curry,1610612744,Golden State Warriors,2,5,35,Missed Shot,Pullup Jump shot,3PT Field Goal,Above the Break 3,Right Side Center(RC),24+ ft.,26.0,126.0,237.0,1,0,20251024,POR,GSW,Stephen Curry,2025,POR,Missed,26.841199675126298,Stephen Curry
Shot Chart Detail,22500097,314,201939,Stephen Curry,1610612744,Golden State Warriors,2,3,40,Made Shot,Jump Shot,3PT Field Goal,Above the Break 3,Left Side Center(LC),24+ ft.,26.0,-151.0,217.0,1,1,20251024,POR,GSW,Stephen Curry,2025,POR,Made,26.436716891475008,Stephen Curry
Shot Chart Detail,22500097,317,201939,Stephen Curry,1610612744,Golden State Warriors,2,3,23,Missed Shot,Step Back Jump shot,3PT Field Goal,Above the Break 3,Left Side Center(LC),24+ ft.,26.0,-165.0,207.0,1,0,20251024,POR,GSW,Stephen Curry,2025,POR,Missed,26.471494102146938,Stephen Curry
Shot Chart Detail,22500097,339,201939,Stephen Curry,1610612744,Golden State Warriors,2,1,32,Made Shot,Cutting Layup Shot,2PT Field Goal,Restricted Area,Center(C),Less Than 8 ft.,1.0,11.0,1.0,1,1,20251024,POR,GSW,Stephen Curry,2025,POR,Made,1.104536101718726,Stephen Curry
Shot Chart Detail,22500097,391,201939,Stephen Curry,1610612744,Golden State Warriors,3,11,3,Made Shot,Running Jump Shot,3PT Field Goal,Above the Break 3,Right Side Center(RC),24+ ft.,26.0,170.0,201.0,1,1,20251024,POR,GSW,Stephen Curry,2025,POR,Made,26.32508309578528,Stephen Curry
Shot Chart Detail,22500097,403,201939,Stephen Curry,1610612744,Golden State Warriors,3,10,27,Missed Shot,Jump Shot,3PT Field Goal,Above the Break 3,Right Side Center(RC),24+ ft.,27.0,131.0,243.0,1,0,20251024,POR,GSW,Stephen Curry,2025,POR,Missed,27.606158733152284,Stephen Curry
Shot Chart Detail,22500097,430,201939,Stephen Curry,1610612744,Golden State Warriors,3,8,46,Missed Shot,Pullup Jump shot,3PT Field Goal,Above the Break 3,Left Side Center(LC),24+ ft.,25.0,-136.0,220.0,1,0,20251024,POR,GSW,Stephen Curry,2025,POR,Missed,25.86426105652354,Stephen Curry
Shot Chart Detail,22500097,447,201939,Stephen Curry,1610612744,Golden State Warriors,3,7,50,Made Shot,Jump Shot,3PT Field Goal,Above the Break 3,Left Side Center(LC),24+ ft.,25.0,-227.0,111.0,1,1,20251024,POR,GSW,Stephen Curry,2025,POR,Made,25.268557536986556,Stephen Curry
Shot Chart Detail,22500097,462,201939,Stephen Curry,1610612744,Golden State Warriors,3,7,4,Missed Shot,Driving Floating Bank Jump Shot,2PT Field Goal,Mid-Range,Right Side(R),8-16 ft.,14.0,82.0,121.0,1,0,20251024,POR,GSW,Stephen Curry,2025,POR,Missed,14.616771189288007,Stephen Curry
Shot Chart Detail,22500097,466,201939,Stephen Curry,1610612744,Golden State Warriors,3,6,38,Made Shot,Driving Layup Shot,2PT Field Goal,Restricted Area,Center(C),Less Than 8 ft.,1.0,11.0,5.0,1,1,20251024,POR,GSW,Stephen Curry,2025,POR,Made,1.2083045973594573,Stephen Curry
Shot Chart Detail,22500097,629,201939,Stephen Curry,1610612744,Golden State Warriors,4,10,57,Missed Shot,Driving Dunk Shot,2PT Field Goal,Restricted Area,Center(C),Less Than 8 ft.,0.0,-7.0,-4.0,1,0,20251024,POR,GSW,Stephen Curry,2025,POR,Missed,0.8062257748298549,Stephen Curry
Shot Chart Detail,22500097,611,201939,Stephen Curry,1610612744,Golden State Warriors,4,10,16,Missed Shot,Jump Shot,3PT Field Goal,Left Corner 3,Left Side(L),24+ ft.,22.0,-224.0,-4.0,1,0,20251024,POR,GSW,Stephen Curry,2025,POR,Missed,22.403571143904713,Stephen Curry
Shot Chart Detail,22500121,15,201939,Stephen Curry,1610612744,Golden State Warriors,1,10,52,Made Shot,Driving Layup Shot,2PT Field Goal,Restricted Area,Center(C),Less Than 8 ft.,1.0,17.0,-10.0,1,1,20251027,GSW,MEM,Stephen Curry,2025,GSW,Made,1.972308292331602,Stephen Curry
Shot Chart Detail,22500121,56,201939,Stephen Curry,1610612744,Golden State Warriors,1,7,19,Made Shot,Jump Shot,3PT Field Goal,Above the Break 3,Center(C),24+ ft.,29.0,-51.0,289.0,1,1,20251027,GSW,MEM,Stephen Curry,2025,GSW,Made,29.346550052774518,Stephen Curry
Shot Chart Detail,22500121,64,201939,Stephen Curry,1610612744,Golden State Warriors,1,6,33,Made Shot,Running Pull-Up Jump Shot,3PT Field Goal,Above the Break 3,Right Side Center(RC),24+ ft.,26.0,145.0,225.0,1,1,20251027,GSW,MEM,Stephen Curry,2025,GSW,Made,26.767517628648346,Stephen Curry
Shot Chart Detail,22500121,112,201939,Stephen Curry,1610612744,Golden State Warriors,1,4,4,Missed Shot,Finger Roll Layup Shot,2PT Field Goal,In The Paint (Non-RA),Center(C),Less Than 8 ft.,5.0,6.0,54.0,1,0,20251027,GSW,MEM,Stephen Curry,2025,GSW,Missed,5.4332310828824495,Stephen Curry
Shot Chart Detail,22500121,271,201939,Stephen Curry,1610612744,Golden State Warriors,2,6,47,Missed Shot,Pullup Jump shot,3PT Field Goal,Above the Break 3,Right Side Center(RC),24+ ft.,25.0,124.0,218.0,1,0,20251027,GSW,MEM,Stephen Curry,2025,GSW,Missed,25.079872407968903,Stephen Curry
Shot Chart Detail,22500121,276,201939,Stephen Curry,1610612744,Golden State Warriors,2,6,16,Made Shot,Jump Shot,3PT Field Goal,Above the Break 3,Center(C),24+ ft.,26.0,-71.0,252.0,1,1,20251027,GSW,MEM,Stephen Curry,2025,GSW,Made,26.181100053282712,Stephen Curry
Shot Chart Detail,22500121,309,201939,Stephen Curry,1610612744,Golden State Warriors,2,4,37,Missed Shot,Running Jump Shot,3PT Field Goal,Above the Break 3,Right Side Center(RC),24+ ft.,28.0,151.0,241.0,1,0,20251027,GSW,MEM,Stephen Curry,2025,GSW,Missed,28.439760899135564,Stephen Curry
Shot Chart Detail,22500121,322,201939,Stephen Curry,1610612744,Golden State Warriors,2,4,2,Missed Shot,Step Back Jump shot,3PT Field Goal,Above the Break 3,Center(C),24+ ft.,27.0,34.0,277.0,1,0,20251027,GSW,MEM,Stephen Curry,2025,GSW,Missed,27.90788419067271,Stephen Curry
Shot Chart Detail,22500121,454,201939,Stephen Curry,1610612744,Golden State Warriors,3,8,1,Missed Shot,Jump Shot,3PT Field Goal,Above the Break 3,Right Side Center(RC),24+ ft.,26.0,229.0,141.0,1,0,20251027,GSW,MEM,Stephen Curry,2025,GSW,Missed,26.892749952357047,Stephen Curry
Shot Chart Detail,22500121,513,201939,Stephen Curry,1610612744,Golden State Warriors,3,4,9,Made Shot,Step Back Jump shot,3PT Field Goal,Above the Break 3,Left Side Center(LC),24+ ft.,26.0,-156.0,213.0,1,1,20251027,GSW,MEM,Stephen Curry,2025,GSW,Made,26.40170449043016,Stephen Curry
Shot Chart Detail,22500121,694,201939,Stephen Curry,1610612744,Golden State Warriors,4,5,21,Missed Shot,Step Back Jump shot,3PT Field Goal,Above the Break 3,Right Side Center(RC),24+ ft.,26.0,186.0,190.0,1,0,20251027,GSW,MEM,Stephen Curry,2025,GSW,Missed,26.588719412562916,Stephen Curry
Shot Chart Detail,22500127,23,201939,Stephen Curry,1610612744,Golden State Warriors,1,9,48,Missed Shot,Jump Shot,3PT Field Goal,Above the Break 3,Right Side Center(RC),24+ ft.,26.0,199.0,180.0,1,0,20251028,GSW,LAC,Stephen Curry,2025,GSW,Missed,26.833002068348595,Stephen Curry
Shot Chart Detail,22500127,39,201939,Stephen Curry,1610612744,Golden State Warriors,1,8,29,Made Shot,Pullup Jump shot,3PT Field Goal,Above the Break 3,Center(C),24+ ft.,27.0,82.0,267.0,1,1,20251028,GSW,LAC,Stephen Curry,2025,GSW,Made,27.930807363912702,Stephen Curry
Shot Chart Detail,22500127,48,201939,Stephen Curry,1610612744,Golden State Warriors,1,7,38,Made Shot,Cutting Layup Shot,2PT Field Goal,In The Paint (Non-RA),Center(C),Less Than 8 ft.,6.0,31.0,52.0,1,1,20251028,GSW,LAC,Stephen Curry,2025,GSW,Made,6.053924347066124,Stephen Curry
Shot Chart Detail,22500127,59,201939,Stephen Curry,1610612744,Golden State Warriors,1,6,54,Missed Shot,Pullup Jump shot,3PT Field Goal,Above the Break 3,Center(C),24+ ft.,27.0,25.0,272.0,1,0,20251028,GSW,LAC,Stephen Curry,2025,GSW,Missed,27.31464808486465,Stephen Curry
Shot Chart Detail,22500127,90,201939,Stephen Curry,1610612744,Golden State Warriors,1,4,40,Made Shot,Driving Reverse Layup Shot,2PT Field Goal,Restricted Area,Center(C),Less Than 8 ft.,1.0,-12.0,5.0,1,1,20251028,GSW,LAC,Stephen Curry,2025,GSW,Made,1.3,Stephen Curry
Shot Chart Detail,22500127,100,201939,Stephen Curry,1610612744,Golden State Warriors,1,3,48,Missed Shot,Turnaround Fadeaway Bank Jump Shot,2PT Field Goal,In The Paint (Non-RA),Center(C),Less Than 8 ft.,6.0,39.0,53.0,1,0,20251028,GSW,LAC,Stephen Curry,2025,GSW,Missed,6.580273550544841,Stephen Curry
Shot Chart Detail,22500127,281,201939,Stephen Curry,1610612744,Golden State Warriors,2,4,5,Missed Shot,Jump Shot,3PT Field Goal,Above the Break 3,Left Side Center(LC),24+ ft.,30.0,-195.0,231.0,1,0,20251028,GSW,LAC,Stephen Curry,2025,GSW,Missed,30.23011743278547,Stephen Curry
Shot Chart Detail,22500127,303,201939,Stephen Curry,1610612744,Golden State Warriors,2,1,57,Missed Shot,Pullup Jump shot,2PT Field Goal,Mid-Range,Center(C),8-16 ft.,14.0,-31.0,145.0,1,0,20251028,GSW,LAC,Stephen Curry,2025,GSW,Missed,14.82767682410161,Stephen Curry
Shot Chart Detail,22500127,320,201939,Stephen Curry,1610612744,Golden State Warriors,2,0,36,Missed Shot,Pullup Jump shot,3PT Field Goal,Above the Break 3,Left Side Center(LC),24+ ft.,29.0,-156.0,250.0,1,0,20251028,GSW,LAC,Stephen Curry,2025,GSW,Missed,29.46794869005985,Stephen Curry
Shot Chart Detail,22500127,349,201939,Stephen Curry,1610612744,Golden State Warriors,3,10,0,Made Shot,Running Layup Shot,2PT Field Goal,Restricted Area,Center(C),Less Than 8 ft.,2.0,15.0,17.0,1,1,20251028,GSW,LAC,Stephen Curry,2025,GSW,Made,2.2671568097509267,Stephen Curry
Shot Chart Detail,22500127,351,201939,Stephen Curry,1610612744,Golden State Warriors,3,9,27,Made Shot,Driving Floating Jump Shot,2PT Field Goal,In The Paint (Non-RA),Right Side(R),8-16 ft.,9.0,51.0,81.0,1,1,20251028,GSW,LAC,Stephen Curry,2025,GSW,Made,9.571833680126291,Stephen Curry
Shot Chart Detail,22500127,391,201939,Stephen Curry,1610612744,Golden State Warriors,3,5,37,Missed Shot,Step Back Jump shot,3PT Field Goal,Above the Break 3,Right Side Center(RC),24+ ft.,26.0,150.0,220.0,1,0,20251028,GSW,LAC,Stephen Curry,2025,GSW,Missed,26.627053911388696,Stephen Curry
Shot Chart Detail,22500127,422,201939,Stephen Curry,1610612744,Golden State Warriors,3,3,29,Made Shot,Running Layup Shot,2PT Field Goal,In The Paint (Non-RA),Center(C),Less Than 8 ft.,7.0,16.0,70.0,1,1,20251028,GSW,LAC,Stephen Curry,2025,GSW,Made,7.180529228406496,Stephen Curry
Shot Chart Detail,22500127,455,201939,Stephen Curry,1610612744,Golden State Warriors,3,0,0,Missed Shot,Pullup Jump shot,3PT Field Goal,Above the Break 3,Left Side Center(LC),24+ ft.,35.0,-206.0,287.0,1,0,20251028,GSW,LAC,Stephen Curry,2025,GSW,Missed,35.327751131369794,Stephen Curry
Shot Chart Detail,22500127,541,201939,Stephen Curry,1610612744,Golden State Warriors,4,5,32,Made Shot,Step Back Jump shot,3PT Field Goal,Above the Break 3,Right Side Center(RC),24+ ft.,28.0,108.0,259.0,1,1,20251028,GSW,LAC,Stephen Curry,2025,GSW,Made,28.06153951585693,Stephen Curry
Shot Chart Detail,22500139,22,201939,Stephen Curry,1610612744,Golden State Warriors,1,10,28,Missed Shot,Jump Shot,3PT Field Goal,Right Corner 3,Right Side(R),24+ ft.,22.0,225.0,10.0,1,0,20251030,MIL,GSW,Stephen Curry,2025,MIL,Missed,22.522211259110414,Stephen Curry
Shot Chart Detail,22500139,56,201939,Stephen Curry,1610612744,Golden State Warriors,1,7,34,Missed Shot,Jump Shot,3PT Field Goal,Above the Break 3,Left Side Center(LC),24+ ft.,27.0,-110.0,255.0,1,0,20251030,MIL,GSW,Stephen Curry,2025,MIL,Missed,27.771388153997634,Stephen Curry
Shot Chart Detail,22500139,227,201939,Stephen Curry,1610612744,Golden State Warriors,2,7,36,Missed Shot,Pullup Jump shot,2PT Field Goal,In The Paint (Non-RA),Center(C),8-16 ft.,14.0,62.0,132.0,1,0,20251030,MIL,GSW,Stephen Curry,2025,MIL,Missed,14.583552379307312,Stephen Curry
Shot Chart Detail,22500139,239,201939,Stephen Curry,1610612744,Golden State Warriors,2,6,41,Made Shot,Step Back Jump shot,3PT Field Goal,Above the Break 3,Left Side Center(LC),24+ ft.,25.0,-157.0,204.0,1,1,20251030,MIL,GSW,Stephen Curry,2025,MIL,Made,25.741989045137906,Stephen Curry
Shot Chart Detail,22500139,297,201939,Stephen Curry,1610612744,Golden State Warriors,2,3,38,Missed Shot,Step Back Jump shot,3PT Field Goal,Above the Break 3,Right Side Center(RC),24+ ft.,25.0,96.0,233.0,1,0,20251030,MIL,GSW,Stephen Curry,2025,MIL,Missed,25.200198411917317,Stephen Curry
Shot Chart Detail,22500139,319,201939,Stephen Curry,1610612744,Golden State Warriors,2,2,34,Made Shot,Jump Shot,3PT Field Goal,Above the Break 3,Right Side Center(RC),24+ ft.,27.0,190.0,198.0,1,1,20251030,MIL,GSW,Stephen Curry,2025,MIL,Made,27.44157429886267,Stephen Curry
Shot Chart Detail,22500139,333,201939,Stephen Curry,1610612744,Golden State Warriors,2,1,18,Missed Shot,Driving Floating Jump Shot,2PT Field Goal,In The Paint (Non-RA),Center(C),Less Than 8 ft.,7.0,7.0,78.0,1,0,20251030,MIL,GSW,Stephen Curry,2025,MIL,Missed,7.831347265956222,Stephen Curry
Shot Chart Detail,22500139,358,201939,Stephen Curry,1610612744,Golden State Warriors,3,11,45,Missed Shot,Jump Shot,3PT Field Goal,Above the Break 3,Right Side Center(RC),24+ ft.,28.0,164.0,231.0,1,0,20251030,MIL,GSW,Stephen Curry,2025,MIL,Missed,28.329666429381057,Stephen Curry
Shot Chart Detail,22500139,391,201939,Stephen Curry,1610612744,Golden State Warriors,3,8,36,Made Shot,Driving Finger Roll Layup Shot,2PT Field Goal,Restricted Area,Center(C),Less Than 8 ft.,1.0,-9.0,6.0,1,1,20251030,MIL,GSW,Stephen Curry,2025,MIL,Made,1.0816653826391969,Stephen Curry
Shot Chart Detail,22500139,394,201939,Stephen Curry,1610612744,Golden State Warriors,3,8,9,Made Shot,Driving Floating Bank Jump Shot,2PT Field Goal,In The Paint (Non-RA),Center(C),Less Than 8 ft.,4.0,-16.0,37.0,1,1,20251030,MIL,GSW,Stephen Curry,2025,MIL,Made,4.031128874149275,Stephen Curry
Shot Chart Detail,22500139,407,201939,Stephen Curry,1610612744,Golden State Warriors,3,6,56,Made Shot,Jump Shot,3PT Field Goal,Above the Break 3,Right Side Center(RC),24+ ft.,26.0,199.0,168.0,1,1,20251030,MIL,GSW,Stephen Curry,2025,MIL,Made,26.043233286210835,Stephen Curry
Shot Chart Detail,22500139,416,201939,Stephen Curry,1610612744,Golden State Warriors,3,6,30,Made Shot,Pullup Jump shot,2PT Field Goal,Mid-Range,Right Side(R),8-16 ft.,11.0,99.0,65.0,1,1,20251030,MIL,GSW,Stephen Curry,2025,MIL,Made,11.843141475132347,Stephen Curry
Shot Chart Detail,22500139,426,201939,Stephen Curry,1610612744,Golden State Warriors,3,6,7,Missed Shot,Running Pull-Up Jump Shot,3PT Field Goal,Above the Break 3,Center(C),24+ ft.,32.0,-5.0,326.0,1,0,20251030,MIL,GSW,Stephen Curry,2025,MIL,Missed,32.60383413035957,Stephen Curry
Shot Chart Detail,22500139,457,201939,Stephen Curry,1610612744,Golden State Warriors,3,4,11,Missed Shot,Driving Reverse Layup Shot,2PT Field Goal,Restricted Area,Center(C),Less Than 8 ft.,0.0,0.0,1.0,1,0,20251030,MIL,GSW,Stephen Curry,2025,MIL,Missed,0.1,Stephen Curry
Shot Chart Detail,22500139,535,201939,Stephen Curry,1610612744,Golden State Warriors,4,10,23,Missed Shot,Driving Finger Roll Layup Shot,2PT Field Goal,Restricted Area,Center(C),Less Than 8 ft.,1.0,11.0,1.0,1,0,20251030,MIL,GSW,Stephen Curry,2025,MIL,Missed,1.104536101718726,Stephen Curry
Shot Chart Detail,22500139,631,201939,Stephen Curry,1610612744,Golden State Warriors,4,4,52,Made Shot,Driving Finger Roll Layup Shot,2PT Field Goal,Restricted Area,Center(C),Less Than 8 ft.,1.0,5.0,15.0,1,1,20251030,MIL,GSW,Stephen Curry,2025,MIL,Made,1.5811388300841895,Stephen Curry
Shot Chart Detail,22500139,646,201939,Stephen Curry,1610612744,Golden State Warriors,4,4,3,Made Shot,Jump Shot,3PT Field Goal,Above the Break 3,Right Side Center(RC),24+ ft.,26.0,230.0,125.0,1,1,20251030,MIL,GSW,Stephen Curry,2025,MIL,Made,26.177280225416848,Stephen Curry
Shot Chart Detail,22500139,649,201939,Stephen Curry,1610612744,Golden State Warriors,4,3,46,Missed Shot,Driving Layup Shot,2PT Field Goal,In The Paint (Non-RA),Center(C),Less Than 8 ft.,7.0,32.0,63.0,1,0,20251030,MIL,GSW,Stephen Curry,2025,MIL,Missed,7.066116330771806,Stephen Curry
Shot Chart Detail,22500139,683,201939,Stephen Curry,1610612744,Golden State Warriors,4,0,48,Missed Shot,Pullup Jump shot,3PT Field Goal,Above the Break 3,Left Side Center(LC),24+ ft.,29.0,-135.0,267.0,1,0,20251030,MIL,GSW,Stephen Curry,2025,MIL,Missed,29.91889035375477,Stephen Curry
Shot Chart Detail,22500144,10,201939,Stephen Curry,1610612744,Golden State Warriors,1,11,23,Missed Shot,Driving Layup Shot,2PT Field Goal,In The Paint (Non-RA),Center(C),Less Than 8 ft.,6.0,-39.0,58.0,1,0,20251101,IND,GSW,Stephen Curry,2025,IND,Missed,6.98927750200262,Stephen Curry
Shot Chart Detail,22500144,26,201939,Stephen Curry,1610612744,Golden State Warriors,1,10,1,Missed Shot,Cutting Layup Shot,2PT Field Goal,Restricted Area,Center(C),Less Than 8 ft.,2.0,-22.0,16.0,1,0,20251101,IND,GSW,Stephen Curry,2025,IND,Missed,2.720294101747089,Stephen Curry
Shot Chart Detail,22500144,30,201939,Stephen Curry,1610612744,Golden State Warriors,1,9,26,Missed Shot,Jump Shot,3PT Field Goal,Above the Break 3,Center(C),24+ ft.,28.0,75.0,278.0,1,0,20251101,IND,GSW,Stephen Curry,2025,IND,Missed,28.79392296996017,Stephen Curry
Shot Chart Detail,22500144,62,201939,Stephen Curry,1610612744,Golden State Warriors,1,7,29,Made Shot,Pullup Jump shot,3PT Field Goal,Above the Break 3,Right Side Center(RC),24+ ft.,25.0,97.0,236.0,1,1,20251101,IND,GSW,Stephen Curry,2025,IND,Made,25.515681452785067,Stephen Curry
Shot Chart Detail,22500144,65,201939,Stephen Curry,1610612744,Golden State Warriors,1,6,56,Missed Shot,Jump Shot,3PT Field Goal,Above the Break 3,Left Side Center(LC),24+ ft.,25.0,-212.0,139.0,1,0,20251101,IND,GSW,Stephen Curry,2025,IND,Missed,25.350542400508907,Stephen Curry
Shot Chart Detail,22500144,69,201939,Stephen Curry,1610612744,Golden State Warriors,1,6,24,Made Shot,Driving Finger Roll Layup Shot,2PT Field Goal,In The Paint (Non-RA),Center(C),Less Than 8 ft.,4.0,-29.0,31.0,1,1,20251101,IND,GSW,Stephen Curry,2025,IND,Made,4.244997055358224,Stephen Curry
Shot Chart Detail,22500144,86,201939,Stephen Curry,1610612744,Golden State Warriors,1,5,33,Made Shot,Step Back Jump shot,3PT Field Goal,Above the Break 3,Right Side Center(RC),24+ ft.,24.0,191.0,157.0,1,1,20251101,IND,GSW,Stephen Curry,2025,IND,Made,24.7244817943673,Stephen Curry
Shot Chart Detail,22500144,105,201939,Stephen Curry,1610612744,Golden State Warriors,1,4,3,Missed Shot,Step Back Jump shot,3PT Field Goal,Left Corner 3,Left Side(L),24+ ft.,23.0,-229.0,57.0,1,0,20251101,IND,GSW,Stephen Curry,2025,IND,Missed,23.59872877932199,Stephen Curry
Shot Chart Detail,22500144,244,201939,Stephen Curry,1610612744,Golden State Warriors,2,6,21,Made Shot,Pullup Jump shot,3PT Field Goal,Above the Break 3,Center(C),24+ ft.,27.0,7.0,270.0,1,1,20251101,IND,GSW,Stephen Curry,2025,IND,Made,27.009072549793338,Stephen Curry
Shot Chart Detail,22500144,260,201939,Stephen Curry,1610612744,Golden State Warriors,2,5,23,Made Shot,Pullup Jump shot,2PT Field Goal,Mid-Range,Right Side Center(RC),16-24 ft.,19.0,91.0,178.0,1,1,20251101,IND,GSW,Stephen Curry,2025,IND,Made,19.991248085099638,Stephen Curry
Shot Chart Detail,22500144,299,201939,Stephen Curry,1610612744,Golden State Warriors,2,2,11,Missed Shot,Jump Shot,3PT Field Goal,Above the Break 3,Right Side Center(RC),24+ ft.,28.0,121.0,259.0,1,0,20251101,IND,GSW,Stephen Curry,2025,IND,Missed,28.587060009731676,Stephen Curry
Shot Chart Detail,22500144,318,201939,Stephen Curry,1610612744,Golden State Warriors,2,0,54,Missed Shot,Jump Shot,3PT Field Goal,Above the Break 3,Left Side Center(LC),24+ ft.,26.0,-194.0,186.0,1,0,20251101,IND,GSW,Stephen Curry,2025,IND,Missed,26.876011608867863,Stephen Curry
Shot Chart Detail,22500144,324,201939,Stephen Curry,1610612744,Golden State Warriors,2,0,22,Made Shot,Cutting Layup Shot,2PT Field Goal,Restricted Area,Center(C),Less Than 8 ft.,3.0,32.0,22.0,1,1,20251101,IND,GSW,Stephen Curry,2025,IND,Made,3.88329756778952,Stephen Curry
Shot Chart Detail,22500144,355,201939,Stephen Curry,1610612744,Golden State Warriors,3,9,49,Missed Shot,Jump Shot,3PT Field Goal,Above the Break 3,Center(C),24+ ft.,26.0,-77.0,251.0,1,0,20251101,IND,GSW,Stephen Curry,2025,IND,Missed,26.254523419784256,Stephen Curry
Shot Chart Detail,22500144,367,201939,Stephen Curry,1610612744,Golden State Warriors,3,8,43,Missed Shot,Jump Shot,3PT Field Goal,Above the Break 3,Left Side Center(LC),24+ ft.,27.0,-217.0,169.0,1,0,20251101,IND,GSW,Stephen Curry,2025,IND,Missed,27.504545078950134,Stephen Curry
Shot Chart Detail,22500144,371,201939,Stephen Curry,1610612744,Golden State Warriors,3,8,35,Missed Shot,Jump Shot,3PT Field Goal,Above the Break 3,Center(C),24+ ft.,27.0,70.0,268.0,1,0,20251101,IND,GSW,Stephen Curry,2025,IND,Missed,27.699097458220546,Stephen Curry
Shot Chart Detail,22500144,603,201939,Stephen Curry,1610612744,Golden State Warriors,4,6,5,Made Shot,Jump Shot,3PT Field Goal,Above the Break 3,Center(C),24+ ft.,27.0,-83.0,261.0,1,1,20251101,IND,GSW,Stephen Curry,2025,IND,Made,27.38795355626265,Stephen Curry
Shot Chart Detail,22500144,641,201939,Stephen Curry,1610612744,Golden State Warriors,4,4,11,Missed Shot,Step Back Jump shot,3PT Field Goal,Above the Break 3,Left Side Center(LC),24+ ft.,25.0,-159.0,197.0,1,0,20251101,IND,GSW,Stephen Curry,2025,IND,Missed,25.316002844051035,Stephen Curry
Shot Chart Detail,22500144,643,201939,Stephen Curry,1610612744,Golden State Warriors,4,4,6,Missed Shot,Jump Shot,3PT Field Goal,Above the Break 3,Right Side Center(RC),24+ ft.,27.0,219.0,158.0,1,0,20251101,IND,GSW,Stephen Curry,2025,IND,Missed,27.004629232781554,Stephen Curry
Shot Chart Detail,22500144,664,201939,Stephen Curry,1610612744,Golden State Warriors,4,2,34,Made Shot,Driving Floating Bank Jump Shot,2PT Field Goal,In The Paint (Non-RA),Center(C),Less Than 8 ft.,5.0,-50.0,31.0,1,1,20251101,IND,GSW,Stephen Curry,2025,IND,Made,5.883026432033091,Stephen Curry
Shot Chart Detail,22500144,667,201939,Stephen Curry,1610612744,Golden State Warriors,4,2,8,Missed Shot,Step Back Jump shot,3PT Field Goal,Above the Break 3,Left Side Center(LC),24+ ft.,26.0,-82.0,247.0,1,0,20251101,IND,GSW,Stephen Curry,2025,IND,Missed,26.025564355072113,Stephen Curry
Shot Chart Detail,22500144,677,201939,Stephen Curry,1610612744,Golden State Warriors,4,1,29,Missed Shot,Driving Floating Jump Shot,2PT Field Goal,Mid-Range,Left Side(L),8-16 ft.,14.0,-141.0,43.0,1,0,20251101,IND,GSW,Stephen Curry,2025,IND,Missed,14.741099009232656,Stephen Curry
Shot Chart Detail,22500144,701,201939,Stephen Curry,1610612744,Golden State Warriors,4,0,3,Missed Shot,Jump Shot,3PT Field Goal,Left Corner 3,Left Side(L),24+ ft.,23.0,-232.0,-20.0,1,0,20251101,IND,GSW,Stephen Curry,2025,IND,Missed,23.286047324524613,Stephen Curry
Shot Chart Detail,22500169,56,201939,Stephen Curry,1610612744,Golden State Warriors,1,8,7,Made Shot,Running Pull-Up Jump Shot,3PT Field Goal,Above the Break 3,Center(C),24+ ft.,28.0,59.0,278.0,1,1,20251104,GSW,PHX,Stephen Curry,2025,GSW,Made,28.41918366174511,Stephen Curry
Shot Chart Detail,22500169,65,201939,Stephen Curry,1610612744,Golden State Warriors,1,6,29,Missed Shot,Driving Floating Jump Shot,2PT Field Goal,In The Paint (Non-RA),Right Side(R),8-16 ft.,8.0,78.0,31.0,1,0,20251104,GSW,PHX,Stephen Curry,2025,GSW,Missed,8.393449827097317,Stephen Curry
Shot Chart Detail,22500169,75,201939,Stephen Curry,1610612744,Golden State Warriors,1,5,52,Made Shot,Jump Shot,3PT Field Goal,Right Corner 3,Right Side(R),24+ ft.,22.0,227.0,-8.0,1,1,20251104,GSW,PHX,Stephen Curry,2025,GSW,Made,22.714092541856036,Stephen Curry
Shot Chart Detail,22500169,91,201939,Stephen Curry,1610612744,Golden State Warriors,1,5,18,Missed Shot,Driving Floating Bank Jump Shot,2PT Field Goal,Mid-Range,Left Side(L),8-16 ft.,10.0,-87.0,59.0,1,0,20251104,GSW,PHX,Stephen Curry,2025,GSW,Missed,10.511898020814318,Stephen Curry
Shot Chart Detail,22500169,102,201939,Stephen Curry,1610612744,Golden State Warriors,1,4,18,Missed Shot,Driving Reverse Layup Shot,2PT Field Goal,Restricted Area,Center(C),Less Than 8 ft.,2.0,20.0,10.0,1,0,20251104,GSW,PHX,Stephen Curry,2025,GSW,Missed,2.23606797749979,Stephen Curry
Shot Chart Detail,22500169,266,201939,Stephen Curry,1610612744,Golden State Warriors,2,5,30,Missed Shot,Jump Shot,3PT Field Goal,Above the Break 3,Left Side Center(LC),24+ ft.,28.0,-141.0,242.0,1,0,20251104,GSW,PHX,Stephen Curry,2025,GSW,Missed,28.00803456153252,Stephen Curry
Shot Chart Detail,22500169,277,201939,Stephen Curry,1610612744,Golden State Warriors,2,4,39,Missed Shot,Cutting Layup Shot,2PT Field Goal,Restricted Area,Center(C),Less Than 8 ft.,2.0,28.0,7.0,1,0,20251104,GSW,PHX,Stephen Curry,2025,GSW,Missed,2.8861739379323623,Stephen Curry
Shot Chart Detail,22500169,294,201939,Stephen Curry,1610612744,Golden State Warriors,2,3,12,Missed Shot,Step Back Jump shot,3PT Field Goal,Above the Break 3,Center(C),24+ ft.,26.0,-54.0,263.0,1,0,20251104,GSW,PHX,Stephen Curry,2025,GSW,Missed,26.848649872945195,Stephen Curry
Shot Chart Detail,22500169,313,201939,Stephen Curry,1610612744,Golden State Warriors,2,1,51,Missed Shot,Step Back Jump shot,2PT Field Goal,Mid-Range,Right Side Center(RC),16-24 ft.,18.0,131.0,125.0,1,0,20251104,GSW,PHX,Stephen Curry,2025,GSW,Missed,18.106904760339354,Stephen Curry
Shot Chart Detail,22500169,318,201939,Stephen Curry,1610612744,Golden State Warriors,2,1,13,Made Shot,Jump Shot,3PT Field Goal,Above the Break 3,Center(C),24+ ft.,29.0,61.0,288.0,1,1,20251104,GSW,PHX,Stephen Curry,2025,GSW,Made,29.438919817140032,Stephen Curry
Shot Chart Detail,22500169,328,201939,Stephen Curry,1610612744,Golden State Warriors,2,0,38,Made Shot,Pullup Jump shot,3PT Field Goal,Above the Break 3,Left Side Center(LC),24+ ft.,27.0,-169.0,212.0,1,1,20251104,GSW,PHX,Stephen Curry,2025,GSW,Made,27.11180554666177,Stephen Curry
Shot Chart Detail,22500169,347,201939,Stephen Curry,1610612744,Golden State Warriors,3,11,45,Made Shot,Cutting Finger Roll Layup Shot,2PT Field Goal,In The Paint (Non-RA),Center(C),Less Than 8 ft.,4.0,0.0,41.0,1,1,20251104,GSW,PHX,Stephen Curry,2025,GSW,Made,4.1,Stephen Curry
Shot Chart Detail,22500169,351,201939,Stephen Curry,1610612744,Golden State Warriors,3,11,34,Made Shot,Running Jump Shot,3PT Field Goal,Above the Break 3,Right Side Center(RC),24+ ft.,28.0,165.0,229.0,1,1,20251104,GSW,PHX,Stephen Curry,2025,GSW,Made,28.225166075685014,Stephen Curry
Shot Chart Detail,22500169,362,201939,Stephen Curry,1610612744,Golden State Warriors,3,10,47,Missed Shot,Jump Shot,3PT Field Goal,Above the Break 3,Center(C),24+ ft.,28.0,17.0,282.0,1,0,20251104,GSW,PHX,Stephen Curry,2025,GSW,Missed,28.251194665004874,Stephen Curry
Shot Chart Detail,22500169,372,201939,Stephen Curry,1610612744,Golden State Warriors,3,10,0,Missed Shot,Step Back Jump shot,3PT Field Goal,Above the Break 3,Right Side Center(RC),24+ ft.,25.0,222.0,134.0,1,0,20251104,GSW,PHX,Stephen Curry,2025,GSW,Missed,25.93067681338071,Stephen Curry
Shot Chart Detail,22500169,399,201939,Stephen Curry,1610612744,Golden State Warriors,3,7,52,Made Shot,Driving Layup Shot,2PT Field Goal,Restricted Area,Center(C),Less Than 8 ft.,3.0,33.0,17.0,1,1,20251104,GSW,PHX,Stephen Curry,2025,GSW,Made,3.712142238654117,Stephen Curry
Shot Chart Detail,22500169,414,201939,Stephen Curry,1610612744,Golden State Warriors,3,6,49,Made Shot,Driving Floating Bank Jump Shot,2PT Field Goal,In The Paint (Non-RA),Right Side(R),8-16 ft.,10.0,56.0,84.0,1,1,20251104,GSW,PHX,Stephen Curry,2025,GSW,Made,10.09554357129917,Stephen Curry
Shot Chart Detail,22500169,426,201939,Stephen Curry,1610612744,Golden State Warriors,3,6,5,Missed Shot,Jump Shot,3PT Field Goal,Above the Break 3,Left Side Center(LC),24+ ft.,27.0,-199.0,184.0,1,0,20251104,GSW,PHX,Stephen Curry,2025,GSW,Missed,27.102951868754076,Stephen Curry
Shot Chart Detail,22500169,466,201939,Stephen Curry,1610612744,Golden State Warriors,3,3,13,Missed Shot,Pullup Jump shot,2PT Field Goal,Mid-Range,Right Side Center(RC),16-24 ft.,18.0,59.0,174.0,1,0,20251104,GSW,PHX,Stephen Curry,2025,GSW,Missed,18.373078130786904,Stephen Curry
Shot Chart Detail,22500169,539,201939,Stephen Curry,1610612744,Golden State Warriors,4,10,17,Made Shot,Driving Finger Roll Layup Shot,2PT Field Goal,In The Paint (Non-RA),Center(C),Less Than 8 ft.,5.0,5.0,50.0,1,1,20251104,GSW,PHX,Stephen Curry,2025,GSW,Made,5.024937810560445,Stephen Curry
Shot Chart Detail,22500169,568,201939,Stephen Curry,1610612744,Golden State Warriors,4,8,25,Missed Shot,Driving Layup Shot,2PT Field Goal,In The Paint (Non-RA),Center(C),Less Than 8 ft.,5.0,-50.0,31.0,1,0,20251104,GSW,PHX,Stephen Curry,2025,GSW,Missed,5.883026432033091,Stephen Curry
Shot Chart Detail,22500169,585,201939,Stephen Curry,1610612744,Golden State Warriors,4,7,41,Missed Shot,Jump Shot,3PT Field Goal,Above the Break 3,Right Side Center(RC),24+ ft.,26.0,161.0,216.0,1,0,20251104,GSW,PHX,Stephen Curry,2025,GSW,Missed,26.940118782217716,Stephen Curry
Shot Chart Detail,22500169,597,201939,Stephen Curry,1610612744,Golden State Warriors,4,6,29,Missed Shot,Step Back Jump shot,3PT Field Goal,Above the Break 3,Left Side Center(LC),24+ ft.,26.0,-94.0,247.0,1,0,20251104,GSW,PHX,Stephen Curry,2025,GSW,Missed,26.42820463065927,Stephen Curry
Shot Chart Detail,22500210,9,201939,Stephen Curry,1610612744,Golden State Warriors,1,11,29,Made Shot,Cutting Layup Shot,2PT Field Goal,Restricted Area,Center(C),Less Than 8 ft.,2.0,-11.0,21.0,1,1,20251111,OKC,GSW,Stephen Curry,2025,OKC,Made,2.3706539182259396,Stephen Curry
Shot Chart Detail,22500210,32,201939,Stephen Curry,1610612744,Golden State Warriors,1,8,54,Made Shot,Jump Shot,3PT Field Goal,Above the Break 3,Center(C),24+ ft.,24.0,-5.0,248.0,1,1,20251111,OKC,GSW,Stephen Curry,2025,OKC,Made,24.805039810490126,Stephen Curry
Shot Chart Detail,22500210,39,201939,Stephen Curry,1610612744,Golden State Warriors,1,7,54,Made Shot,Cutting Layup Shot,2PT Field Goal,Restricted Area,Center(C),Less Than 8 ft.,3.0,31.0,6.0,1,1,20251111,OKC,GSW,Stephen Curry,2025,OKC,Made,3.157530680769389,Stephen Curry
Shot Chart Detail,22500210,59,201939,Stephen Curry,1610612744,Golden State Warriors,1,6,28,Missed Shot,Running Jump Shot,3PT Field Goal,Above the Break 3,Center(C),24+ ft.,24.0,20.0,242.0,1,0,20251111,OKC,GSW,Stephen Curry,2025,OKC,Missed,24.282503989498284,Stephen Curry
Shot Chart Detail,22500210,63,201939,Stephen Curry,1610612744,Golden State Warriors,1,6,11,Missed Shot,Driving Reverse Layup Shot,2PT Field Goal,Restricted Area,Center(C),Less Than 8 ft.,3.0,-34.0,16.0,1,0,20251111,OKC,GSW,Stephen Curry,2025,OKC,Missed,3.757658845611187,Stephen Curry
Shot Chart Detail,22500210,256,201939,Stephen Curry,1610612744,Golden State Warriors,2,6,41,Missed Shot,Step Back Jump shot,3PT Field Goal,Above the Break 3,Center(C),24+ ft.,28.0,6.0,283.0,1,0,20251111,OKC,GSW,Stephen Curry,2025,OKC,Missed,28.30635970943632,Stephen Curry
Shot Chart Detail,22500210,260,201939,Stephen Curry,1610612744,Golden State Warriors,2,6,31,Missed Shot,Jump Shot,3PT Field Goal,Above the Break 3,Left Side Center(LC),24+ ft.,23.0,-197.0,136.0,1,0,20251111,OKC,GSW,Stephen Curry,2025,OKC,Missed,23.938462774372127,Stephen Curry
Shot Chart Detail,22500210,307,201939,Stephen Curry,1610612744,Golden State Warriors,2,3,11,Missed Shot,Driving Reverse Layup Shot,2PT Field Goal,Restricted Area,Center(C),Less Than 8 ft.,2.0,20.0,22.0,1,0,20251111,OKC,GSW,Stephen Curry,2025,OKC,Missed,2.973213749463701,Stephen Curry
Shot Chart Detail,22500210,315,201939,Stephen Curry,1610612744,Golden State Warriors,2,2,38,Missed Shot,Step Back Jump shot,2PT Field Goal,Mid-Range,Left Side Center(LC),16-24 ft.,21.0,-168.0,140.0,1,0,20251111,OKC,GSW,Stephen Curry,2025,OKC,Missed,21.86869909253863,Stephen Curry
Shot Chart Detail,22500210,328,201939,Stephen Curry,1610612744,Golden State Warriors,2,1,46,Missed Shot,Running Jump Shot,2PT Field Goal,Mid-Range,Left Side Center(LC),16-24 ft.,22.0,-168.0,154.0,1,0,20251111,OKC,GSW,Stephen Curry,2025,OKC,Missed,22.79034883453959,Stephen Curry
Shot Chart Detail,22500210,402,201939,Stephen Curry,1610612744,Golden State Warriors,3,9,50,Made Shot,Driving Layup Shot,2PT Field Goal,Restricted Area,Center(C),Less Than 8 ft.,1.0,-12.0,8.0,1,1,20251111,OKC,GSW,Stephen Curry,2025,OKC,Made,1.4422205101855956,Stephen Curry
Shot Chart Detail,22500210,438,201939,Stephen Curry,1610612744,Golden State Warriors,3,6,59,Missed Shot,Running Jump Shot,3PT Field Goal,Above the Break 3,Left Side Center(LC),24+ ft.,26.0,-98.0,246.0,1,0,20251111,OKC,GSW,Stephen Curry,2025,OKC,Missed,26.48018126826174,Stephen Curry
Shot Chart Detail,22500210,446,201939,Stephen Curry,1610612744,Golden State Warriors,3,6,42,Missed Shot,Finger Roll Layup Shot,2PT Field Goal,Restricted Area,Center(C),Less Than 8 ft.,2.0,12.0,21.0,1,0,20251111,OKC,GSW,Stephen Curry,2025,OKC,Missed,2.4186773244895647,Stephen Curry
Shot Chart Detail,22500220,21,201939,Stephen Curry,1610612744,Golden State Warriors,1,10,25,Missed Shot,Jump Shot,2PT Field Goal,Mid-Range,Center(C),8-16 ft.,15.0,-59.0,144.0,1,0,20251112,SAS,GSW,Stephen Curry,2025,SAS,Missed,15.56181223379848,Stephen Curry
Shot Chart Detail,22500220,39,201939,Stephen Curry,1610612744,Golden State Warriors,1,8,31,Made Shot,Driving Finger Roll Layup Shot,2PT Field Goal,Restricted Area,Center(C),Less Than 8 ft.,2.0,-18.0,10.0,1,1,20251112,SAS,GSW,Stephen Curry,2025,SAS,Made,2.0591260281974,Stephen Curry
Shot Chart Detail,22500220,42,201939,Stephen Curry,1610612744,Golden State Warriors,1,8,10,Made Shot,Pullup Jump shot,3PT Field Goal,Left Corner 3,Left Side(L),24+ ft.,23.0,-232.0,29.0,1,1,20251112,SAS,GSW,Stephen Curry,2025,SAS,Made,23.380547470065796,Stephen Curry
Shot Chart Detail,22500220,84,201939,Stephen Curry,1610612744,Golden State Warriors,1,5,45,Missed Shot,Jump Shot,3PT Field Goal,Above the Break 3,Center(C),24+ ft.,26.0,-51.0,257.0,1,0,20251112,SAS,GSW,Stephen Curry,2025,SAS,Missed,26.201145013147805,Stephen Curry
Shot Chart Detail,22500220,111,201939,Stephen Curry,1610612744,Golden State Warriors,1,3,20,Missed Shot,Running Pull-Up Jump Shot,3PT Field Goal,Above the Break 3,Right Side Center(RC),24+ ft.,26.0,146.0,223.0,1,0,20251112,SAS,GSW,Stephen Curry,2025,SAS,Missed,26.654267950930482,Stephen Curry
Shot Chart Detail,22500220,234,201939,Stephen Curry,1610612744,Golden State Warriors,2,6,44,Made Shot,Driving Finger Roll Layup Shot,2PT Field Goal,Restricted Area,Center(C),Less Than 8 ft.,1.0,1.0,16.0,1,1,20251112,SAS,GSW,Stephen Curry,2025,SAS,Made,1.6031219541881399,Stephen Curry
Shot Chart Detail,22500220,240,201939,Stephen Curry,1610612744,Golden State Warriors,2,6,21,Missed Shot,Pullup Jump shot,3PT Field Goal,Above the Break 3,Right Side Center(RC),24+ ft.,26.0,152.0,215.0,1,0,20251112,SAS,GSW,Stephen Curry,2025,SAS,Missed,26.33040068058213,Stephen Curry
Shot Chart Detail,22500220,247,201939,Stephen Curry,1610612744,Golden State Warriors,2,5,31,Made Shot,Driving Layup Shot,2PT Field Goal,Restricted Area,Center(C),Less Than 8 ft.,0.0,7.0,-3.0,1,1,20251112,SAS,GSW,Stephen Curry,2025,SAS,Made,0.7615773105863909,Stephen Curry
Shot Chart Detail,22500220,262,201939,Stephen Curry,1610612744,Golden State Warriors,2,4,42,Missed Shot,Jump Shot,3PT Field Goal,Above the Break 3,Right Side Center(RC),24+ ft.,25.0,97.0,233.0,1,0,20251112,SAS,GSW,Stephen Curry,2025,SAS,Missed,25.238462710711996,Stephen Curry
Shot Chart Detail,22500220,295,201939,Stephen Curry,1610612744,Golden State Warriors,2,2,42,Made Shot,Hook Shot,2PT Field Goal,In The Paint (Non-RA),Center(C),Less Than 8 ft.,6.0,48.0,37.0,1,1,20251112,SAS,GSW,Stephen Curry,2025,SAS,Made,6.060528029800704,Stephen Curry
Shot Chart Detail,22500220,299,201939,Stephen Curry,1610612744,Golden State Warriors,2,2,26,Made Shot,Running Pull-Up Jump Shot,2PT Field Goal,Mid-Range,Right Side Center(RC),16-24 ft.,17.0,134.0,115.0,1,1,20251112,SAS,GSW,Stephen Curry,2025,SAS,Made,17.658142597679973,Stephen Curry
Shot Chart Detail,22500220,319,201939,Stephen Curry,1610612744,Golden State Warriors,2,0,23,Missed Shot,Pullup Jump shot,3PT Field Goal,Right Corner 3,Right Side(R),24+ ft.,24.0,237.0,75.0,1,0,20251112,SAS,GSW,Stephen Curry,2025,SAS,Missed,24.858398983039915,Stephen Curry
Shot Chart Detail,22500220,357,201939,Stephen Curry,1610612744,Golden State Warriors,3,10,12,Missed Shot,Jump Shot,3PT Field Goal,Above the Break 3,Left Side Center(LC),24+ ft.,24.0,-103.0,220.0,1,0,20251112,SAS,GSW,Stephen Curry,2025,SAS,Missed,24.29176815301842,Stephen Curry
Shot Chart Detail,22500220,361,201939,Stephen Curry,1610612744,Golden State Warriors,3,9,49,Made Shot,Jump Shot,3PT Field Goal,Right Corner 3,Right Side(R),24+ ft.,22.0,227.0,20.0,1,1,20251112,SAS,GSW,Stephen Curry,2025,SAS,Made,22.78793540450736,Stephen Curry
Shot Chart Detail,22500220,367,201939,Stephen Curry,1610612744,Golden State Warriors,3,9,25,Made Shot,Pullup Jump shot,3PT Field Goal,Above the Break 3,Left Side Center(LC),24+ ft.,25.0,-130.0,215.0,1,1,20251112,SAS,GSW,Stephen Curry,2025,SAS,Made,25.124689052802225,Stephen Curry
Shot Chart Detail,22500220,380,201939,Stephen Curry,1610612744,Golden State Warriors,3,8,27,Missed Shot,Step Back Jump shot,3PT Field Goal,Above the Break 3,Right Side Center(RC),24+ ft.,27.0,104.0,251.0,1,0,20251112,SAS,GSW,Stephen Curry,2025,SAS,Missed,27.16928412748485,Stephen Curry
Shot Chart Detail,22500220,452,201939,Stephen Curry,1610612744,Golden State Warriors,3,5,6,Made Shot,Step Back Jump shot,3PT Field Goal,Above the Break 3,Right Side Center(RC),24+ ft.,25.0,138.0,218.0,1,1,20251112,SAS,GSW,Stephen Curry,2025,SAS,Made,25.800775182152954,Stephen Curry
Shot Chart Detail,22500220,465,201939,Stephen Curry,1610612744,Golden State Warriors,3,4,27,Made Shot,Pullup Jump shot,2PT Field Goal,Mid-Range,Right Side(R),8-16 ft.,12.0,96.0,74.0,1,1,20251112,SAS,GSW,Stephen Curry,2025,SAS,Made,12.121056059601408,Stephen Curry
Shot Chart Detail,22500220,478,201939,Stephen Curry,1610612744,Golden State Warriors,3,3,15,Made Shot,Jump Shot,2PT Field Goal,Mid-Range,Left Side(L),16-24 ft.,19.0,-174.0,95.0,1,1,20251112,SAS,GSW,Stephen Curry,2025,SAS,Made,19.82447981663075,Stephen Curry
Shot Chart Detail,22500220,596,201939,Stephen Curry,1610612744,Golden State Warriors,4,6,54,Made Shot,Driving Layup Shot,2PT Field Goal,Restricted Area,Center(C),Less Than 8 ft.,1.0,12.0,3.0,1,1,20251112,SAS,GSW,Stephen Curry,2025,SAS,Made,1.236931687685298,Stephen Curry
Shot Chart Detail,22500220,609,201939,Stephen Curry,1610612744,Golden State Warriors,4,6,11,Missed Shot,Pullup Jump shot,3PT Field Goal,Above the Break 3,Right Side Center(RC),24+ ft.,25.0,80.0,242.0,1,0,20251112,SAS,GSW,Stephen Curry,2025,SAS,Missed,25.48803640926464,Stephen Curry
Shot Chart Detail,22500220,637,201939,Stephen Curry,1610612744,Golden State Warriors,4,4,38,Missed Shot,Step Back Jump shot,3PT Field Goal,Above the Break 3,Left Side Center(LC),24+ ft.,24.0,-151.0,194.0,1,0,20251112,SAS,GSW,Stephen Curry,2025,SAS,Missed,24.583937845674765,Stephen Curry
Shot Chart Detail,22500220,639,201939,Stephen Curry,1610612744,Golden State Warriors,4,4,33,Made Shot,Jump Shot,3PT Field Goal,Left Corner 3,Left Side(L),24+ ft.,22.0,-224.0,50.0,1,1,20251112,SAS,GSW,Stephen Curry,2025,SAS,Made,22.95125268912353,Stephen Curry
Shot Chart Detail,22500220,668,201939,Stephen Curry,1610612744,Golden State Warriors,4,1,59,Missed Shot,Jump Shot,3PT Field Goal,Above the Break 3,Center(C),24+ ft.,25.0,56.0,251.0,1,0,20251112,SAS,GSW,Stephen Curry,2025,SAS,Missed,25.71711492372346,Stephen Curry
Shot Chart Detail,22500220,677,201939,Stephen Curry,1610612744,Golden State Warriors,4,1,5,Missed Shot,Pullup Jump shot,3PT Field Goal,Above the Break 3,Left Side Center(LC),24+ ft.,25.0,-180.0,180.0,1,0,20251112,SAS,GSW,Stephen Curry,2025,SAS,Missed,25.45584412271571,Stephen Curry
Shot Chart Detail,22500237,37,201939,Stephen Curry,1610612744,Golden State Warriors,1,9,32,Missed Shot,Jump Shot,3PT Field Goal,Above the Break 3,Left Side Center(LC),24+ ft.,25.0,-211.0,146.0,1,0,20251116,NOP,GSW,Stephen Curry,2025,NOP,Missed,25.6587217140683,Stephen Curry
Shot Chart Detail,22500237,257,201939,Stephen Curry,1610612744,Golden State Warriors,2,7,54,Missed Shot,Floating Jump shot,2PT Field Goal,In The Paint (Non-RA),Center(C),8-16 ft.,9.0,48.0,84.0,1,0,20251116,NOP,GSW,Stephen Curry,2025,NOP,Missed,9.674709297958259,Stephen Curry
Shot Chart Detail,22500237,266,201939,Stephen Curry,1610612744,Golden State Warriors,2,7,0,Missed Shot,Pullup Jump shot,3PT Field Goal,Above the Break 3,Left Side Center(LC),24+ ft.,26.0,-178.0,196.0,1,0,20251116,NOP,GSW,Stephen Curry,2025,NOP,Missed,26.476404589747453,Stephen Curry
Shot Chart Detail,22500237,293,201939,Stephen Curry,1610612744,Golden State Warriors,2,5,22,Missed Shot,Driving Finger Roll Layup Shot,2PT Field Goal,In The Paint (Non-RA),Center(C),Less Than 8 ft.,5.0,10.0,58.0,1,0,20251116,NOP,GSW,Stephen Curry,2025,NOP,Missed,5.885575587824865,Stephen Curry
Shot Chart Detail,22500237,306,201939,Stephen Curry,1610612744,Golden State Warriors,2,4,46,Missed Shot,Driving Layup Shot,2PT Field Goal,Restricted Area,Center(C),Less Than 8 ft.,3.0,6.0,31.0,1,0,20251116,NOP,GSW,Stephen Curry,2025,NOP,Missed,3.157530680769389,Stephen Curry
Shot Chart Detail,22500237,324,201939,Stephen Curry,1610612744,Golden State Warriors,2,3,36,Missed Shot,Jump Shot,3PT Field Goal,Above the Break 3,Center(C),24+ ft.,27.0,-5.0,273.0,1,0,20251116,NOP,GSW,Stephen Curry,2025,NOP,Missed,27.3045783706689,Stephen Curry
Shot Chart Detail,22500237,464,201939,Stephen Curry,1610612744,Golden State Warriors,3,6,13,Made Shot,Running Layup Shot,2PT Field Goal,Restricted Area,Center(C),Less Than 8 ft.,1.0,-5.0,16.0,1,1,20251116,NOP,GSW,Stephen Curry,2025,NOP,Made,1.6763054614240211,Stephen Curry
Shot Chart Detail,22500237,481,201939,Stephen Curry,1610612744,Golden State Warriors,3,5,26,Missed Shot,Jump Shot,3PT Field Goal,Above the Break 3,Right Side Center(RC),24+ ft.,25.0,202.0,155.0,1,0,20251116,NOP,GSW,Stephen Curry,2025,NOP,Missed,25.461539623518448,Stephen Curry
Shot Chart Detail,22500237,498,201939,Stephen Curry,1610612744,Golden State Warriors,3,4,15,Missed Shot,Layup Shot,2PT Field Goal,Restricted Area,Center(C),Less Than 8 ft.,2.0,23.0,13.0,1,0,20251116,NOP,GSW,Stephen Curry,2025,NOP,Missed,2.6419689627245813,Stephen Curry
Shot Chart Detail,22500237,517,201939,Stephen Curry,1610612744,Golden State Warriors,3,3,37,Made Shot,Jump Shot,3PT Field Goal,Above the Break 3,Right Side Center(RC),24+ ft.,26.0,151.0,213.0,1,1,20251116,NOP,GSW,Stephen Curry,2025,NOP,Made,26.109385285755007,Stephen Curry
Shot Chart Detail,22500237,522,201939,Stephen Curry,1610612744,Golden State Warriors,3,3,2,Missed Shot,Pullup Jump shot,3PT Field Goal,Above the Break 3,Right Side Center(RC),24+ ft.,29.0,157.0,250.0,1,0,20251116,NOP,GSW,Stephen Curry,2025,NOP,Missed,29.521009467834936,Stephen Curry
Shot Chart Detail,22500249,26,201939,Stephen Curry,1610612744,Golden State Warriors,1,9,31,Made Shot,Step Back Jump shot,3PT Field Goal,Above the Break 3,Left Side Center(LC),24+ ft.,24.0,-191.0,161.0,1,1,20251118,ORL,GSW,Stephen Curry,2025,ORL,Made,24.980392310770462,Stephen Curry
Shot Chart Detail,22500249,35,201939,Stephen Curry,1610612744,Golden State Warriors,1,8,49,Made Shot,Driving Layup Shot,2PT Field Goal,In The Paint (Non-RA),Center(C),Less Than 8 ft.,4.0,28.0,30.0,1,1,20251118,ORL,GSW,Stephen Curry,2025,ORL,Made,4.1036569057366385,Stephen Curry
Shot Chart Detail,22500249,55,201939,Stephen Curry,1610612744,Golden State Warriors,1,7,1,Missed Shot,Step Back Jump shot,2PT Field Goal,Mid-Range,Left Side(L),16-24 ft.,18.0,-180.0,-34.0,1,0,20251118,ORL,GSW,Stephen Curry,2025,ORL,Missed,18.318296864064628,Stephen Curry
Shot Chart Detail,22500249,159,201939,Stephen Curry,1610612744,Golden State Warriors,1,0,2,Made Shot,Pullup Jump shot,3PT Field Goal,Above the Break 3,Center(C),24+ ft.,33.0,0.0,336.0,1,1,20251118,ORL,GSW,Stephen Curry,2025,ORL,Made,33.6,Stephen Curry
Shot Chart Detail,22500249,251,201939,Stephen Curry,1610612744,Golden State Warriors,2,6,44,Made Shot,Driving Layup Shot,2PT Field Goal,Restricted Area,Center(C),Less Than 8 ft.,1.0,11.0,16.0,1,1,20251118,ORL,GSW,Stephen Curry,2025,ORL,Made,1.94164878389476,Stephen Curry
Shot Chart Detail,22500249,254,201939,Stephen Curry,1610612744,Golden State Warriors,2,6,9,Missed Shot,Jump Shot,3PT Field Goal,Above the Break 3,Right Side Center(RC),24+ ft.,28.0,145.0,245.0,1,0,20251118,ORL,GSW,Stephen Curry,2025,ORL,Missed,28.46928169097352,Stephen Curry
Shot Chart Detail,22500249,288,201939,Stephen Curry,1610612744,Golden State Warriors,2,3,48,Made Shot,Jump Shot,3PT Field Goal,Above the Break 3,Right Side Center(RC),24+ ft.,25.0,205.0,146.0,1,1,20251118,ORL,GSW,Stephen Curry,2025,ORL,Made,25.167637950352038,Stephen Curry
Shot Chart Detail,22500249,305,201939,Stephen Curry,1610612744,Golden State Warriors,2,2,57,Made Shot,Jump Shot,3PT Field Goal,Left Corner 3,Left Side(L),24+ ft.,23.0,-233.0,-17.0,1,1,20251118,ORL,GSW,Stephen Curry,2025,ORL,Made,23.36193485137736,Stephen Curry
Shot Chart Detail,22500249,319,201939,Stephen Curry,1610612744,Golden State Warriors,2,2,6,Made Shot,Jump Shot,3PT Field Goal,Above the Break 3,Right Side Center(RC),24+ ft.,25.0,107.0,235.0,1,1,20251118,ORL,GSW,Stephen Curry,2025,ORL,Made,25.821309029559284,Stephen Curry
Shot Chart Detail,22500249,329,201939,Stephen Curry,1610612744,Golden State Warriors,2,1,14,Missed Shot,Jump Shot,3PT Field Goal,Above the Break 3,Right Side Center(RC),24+ ft.,25.0,161.0,199.0,1,0,20251118,ORL,GSW,Stephen Curry,2025,ORL,Missed,25.59726547895302,Stephen Curry
Shot Chart Detail,22500249,372,201939,Stephen Curry,1610612744,Golden State Warriors,3,11,0,Missed Shot,Jump Shot,3PT Field Goal,Above the Break 3,Right Side Center(RC),24+ ft.,26.0,211.0,152.0,1,0,20251118,ORL,GSW,Stephen Curry,2025,ORL,Missed,26.004807247891687,Stephen Curry
Shot Chart Detail,22500249,381,201939,Stephen Curry,1610612744,Golden State Warriors,3,10,21,Missed Shot,Driving Layup Shot,2PT Field Goal,Restricted Area,Center(C),Less Than 8 ft.,3.0,11.0,33.0,1,0,20251118,ORL,GSW,Stephen Curry,2025,ORL,Missed,3.4785054261852175,Stephen Curry
Shot Chart Detail,22500249,404,201939,Stephen Curry,1610612744,Golden State Warriors,3,8,11,Made Shot,Running Jump Shot,3PT Field Goal,Above the Break 3,Right Side Center(RC),24+ ft.,25.0,174.0,191.0,1,1,20251118,ORL,GSW,Stephen Curry,2025,ORL,Made,25.83737602776257,Stephen Curry
Shot Chart Detail,22500249,416,201939,Stephen Curry,1610612744,Golden State Warriors,3,7,8,Missed Shot,Jump Shot,3PT Field Goal,Above the Break 3,Left Side Center(LC),24+ ft.,26.0,-188.0,188.0,1,0,20251118,ORL,GSW,Stephen Curry,2025,ORL,Missed,26.587214972614184,Stephen Curry
Shot Chart Detail,22500249,418,201939,Stephen Curry,1610612744,Golden State Warriors,3,6,56,Made Shot,Step Back Jump shot,2PT Field Goal,Mid-Range,Left Side Center(LC),16-24 ft.,20.0,-114.0,176.0,1,1,20251118,ORL,GSW,Stephen Curry,2025,ORL,Made,20.969501663129716,Stephen Curry
Shot Chart Detail,22500249,437,201939,Stephen Curry,1610612744,Golden State Warriors,3,6,12,Missed Shot,Jump Shot,3PT Field Goal,Above the Break 3,Center(C),24+ ft.,27.0,39.0,269.0,1,0,20251118,ORL,GSW,Stephen Curry,2025,ORL,Missed,27.181243532995317,Stephen Curry
Shot Chart Detail,22500249,439,201939,Stephen Curry,1610612744,Golden State Warriors,3,6,4,Missed Shot,Pullup Jump shot,3PT Field Goal,Right Corner 3,Right Side(R),24+ ft.,23.0,224.0,60.0,1,0,20251118,ORL,GSW,Stephen Curry,2025,ORL,Missed,23.18965286501719,Stephen Curry
Shot Chart Detail,22500249,447,201939,Stephen Curry,1610612744,Golden State Warriors,3,5,26,Missed Shot,Running Pull-Up Jump Shot,3PT Field Goal,Above the Break 3,Right Side Center(RC),24+ ft.,28.0,135.0,249.0,1,0,20251118,ORL,GSW,Stephen Curry,2025,ORL,Missed,28.32419460461321,Stephen Curry
Shot Chart Detail,22500249,468,201939,Stephen Curry,1610612744,Golden State Warriors,3,3,39,Made Shot,Running Finger Roll Layup Shot,2PT Field Goal,Restricted Area,Center(C),Less Than 8 ft.,1.0,10.0,15.0,1,1,20251118,ORL,GSW,Stephen Curry,2025,ORL,Made,1.8027756377319946,Stephen Curry
Shot Chart Detail,22500249,594,201939,Stephen Curry,1610612744,Golden State Warriors,4,6,30,Missed Shot,Driving Floating Jump Shot,2PT Field Goal,Mid-Range,Left Side(L),8-16 ft.,13.0,-118.0,63.0,1,0,20251118,ORL,GSW,Stephen Curry,2025,ORL,Missed,13.376471881628579,Stephen Curry
Shot Chart Detail,22500249,611,201939,Stephen Curry,1610612744,Golden State Warriors,4,5,38,Missed Shot,Jump Shot,3PT Field Goal,Above the Break 3,Left Side Center(LC),24+ ft.,29.0,-188.0,223.0,1,0,20251118,ORL,GSW,Stephen Curry,2025,ORL,Missed,29.16727618410742,Stephen Curry
Shot Chart Detail,22500249,637,201939,Stephen Curry,1610612744,Golden State Warriors,4,3,44,Made Shot,Step Back Jump shot,3PT Field Goal,Above the Break 3,Center(C),24+ ft.,27.0,-13.0,273.0,1,1,20251118,ORL,GSW,Stephen Curry,2025,ORL,Made,27.33093485411723,Stephen Curry
Shot Chart Detail,22500249,658,201939,Stephen Curry,1610612744,Golden State Warriors,4,2,43,Made Shot,Running Layup Shot,2PT Field Goal,Restricted Area,Center(C),Less Than 8 ft.,2.0,-5.0,27.0,1,1,20251118,ORL,GSW,Stephen Curry,2025,ORL,Made,2.7459060435491964,Stephen Curry
Shot Chart Detail,22500291,12,201939,Stephen Curry,1610612744,Golden State Warriors,1,11,15,Missed Shot,Jump Shot,3PT Field Goal,Above the Break 3,Left Side Center(LC),24+ ft.,26.0,-172.0,203.0,1,0,20251124,GSW,UTA,Stephen Curry,2025,GSW,Missed,26.60695397823659,Stephen Curry
Shot Chart Detail,22500291,32,201939,Stephen Curry,1610612744,Golden State Warriors,1,8,50,Missed Shot,Step Back Jump shot,3PT Field Goal,Above the Break 3,Center(C),24+ ft.,27.0,36.0,274.0,1,0,20251124,GSW,UTA,Stephen Curry,2025,GSW,Missed,27.63548443577568,Stephen Curry
Shot Chart Detail,22500291,53,201939,Stephen Curry,1610612744,Golden State Warriors,1,7,19,Missed Shot,Jump Shot,3PT Field Goal,Above the Break 3,Center(C),24+ ft.,25.0,12.0,252.0,1,0,20251124,GSW,UTA,Stephen Curry,2025,GSW,Missed,25.228555249954365,Stephen Curry
Shot Chart Detail,22500291,60,201939,Stephen Curry,1610612744,Golden State Warriors,1,6,37,Made Shot,Driving Layup Shot,2PT Field Goal,Restricted Area,Center(C),Less Than 8 ft.,2.0,-22.0,13.0,1,1,20251124,GSW,UTA,Stephen Curry,2025,GSW,Made,2.5553864678361276,Stephen Curry
Shot Chart Detail,22500291,84,201939,Stephen Curry,1610612744,Golden State Warriors,1,5,34,Made Shot,Fadeaway Bank shot,2PT Field Goal,Mid-Range,Left Side(L),8-16 ft.,11.0,-112.0,42.0,1,1,20251124,GSW,UTA,Stephen Curry,2025,GSW,Made,11.961605243444543,Stephen Curry
Shot Chart Detail,22500291,87,201939,Stephen Curry,1610612744,Golden State Warriors,1,5,13,Missed Shot,Running Jump Shot,3PT Field Goal,Above the Break 3,Right Side Center(RC),24+ ft.,28.0,203.0,197.0,1,0,20251124,GSW,UTA,Stephen Curry,2025,GSW,Missed,28.28745304901097,Stephen Curry
Shot Chart Detail,22500291,238,201939,Stephen Curry,1610612744,Golden State Warriors,2,6,49,Missed Shot,Step Back Jump shot,2PT Field Goal,Mid-Range,Right Side(R),8-16 ft.,14.0,146.0,-12.0,1,0,20251124,GSW,UTA,Stephen Curry,2025,GSW,Missed,14.64923206178399,Stephen Curry
Shot Chart Detail,22500291,250,201939,Stephen Curry,1610612744,Golden State Warriors,2,6,35,Made Shot,Step Back Jump shot,3PT Field Goal,Above the Break 3,Right Side Center(RC),24+ ft.,27.0,186.0,201.0,1,1,20251124,GSW,UTA,Stephen Curry,2025,GSW,Made,27.385580147223465,Stephen Curry
Shot Chart Detail,22500291,261,201939,Stephen Curry,1610612744,Golden State Warriors,2,5,39,Missed Shot,Running Pull-Up Jump Shot,3PT Field Goal,Above the Break 3,Right Side Center(RC),24+ ft.,27.0,104.0,255.0,1,0,20251124,GSW,UTA,Stephen Curry,2025,GSW,Missed,27.539244724574424,Stephen Curry
Shot Chart Detail,22500291,275,201939,Stephen Curry,1610612744,Golden State Warriors,2,4,43,Made Shot,Driving Floating Jump Shot,2PT Field Goal,In The Paint (Non-RA),Center(C),Less Than 8 ft.,6.0,4.0,64.0,1,1,20251124,GSW,UTA,Stephen Curry,2025,GSW,Made,6.412487816752559,Stephen Curry
Shot Chart Detail,22500291,278,201939,Stephen Curry,1610612744,Golden State Warriors,2,4,12,Missed Shot,Step Back Jump shot,3PT Field Goal,Above the Break 3,Center(C),24+ ft.,26.0,18.0,269.0,1,0,20251124,GSW,UTA,Stephen Curry,2025,GSW,Missed,26.960155785900053,Stephen Curry
Shot Chart Detail,22500291,299,201939,Stephen Curry,1610612744,Golden State Warriors,2,2,25,Made Shot,Step Back Jump shot,3PT Field Goal,Above the Break 3,Center(C),24+ ft.,25.0,-59.0,250.0,1,1,20251124,GSW,UTA,Stephen Curry,2025,GSW,Made,25.686767021172596,Stephen Curry
Shot Chart Detail,22500291,355,201939,Stephen Curry,1610612744,Golden State Warriors,3,11,17,Made Shot,Jump Shot,3PT Field Goal,Above the Break 3,Right Side Center(RC),24+ ft.,25.0,205.0,144.0,1,1,20251124,GSW,UTA,Stephen Curry,2025,GSW,Made,25.052145616693192,Stephen Curry
Shot Chart Detail,22500291,379,201939,Stephen Curry,1610612744,Golden State Warriors,3,9,9,Made Shot,Pullup Jump shot,3PT Field Goal,Above the Break 3,Right Side Center(RC),24+ ft.,27.0,156.0,221.0,1,1,20251124,GSW,UTA,Stephen Curry,2025,GSW,Made,27.051247660690258,Stephen Curry
Shot Chart Detail,22500291,386,201939,Stephen Curry,1610612744,Golden State Warriors,3,8,22,Missed Shot,Jump Shot,3PT Field Goal,Above the Break 3,Right Side Center(RC),24+ ft.,27.0,134.0,244.0,1,0,20251124,GSW,UTA,Stephen Curry,2025,GSW,Missed,27.837384934652174,Stephen Curry
Shot Chart Detail,22500291,425,201939,Stephen Curry,1610612744,Golden State Warriors,3,6,36,Made Shot,Step Back Jump shot,2PT Field Goal,Mid-Range,Left Side Center(LC),16-24 ft.,19.0,-148.0,122.0,1,1,20251124,GSW,UTA,Stephen Curry,2025,GSW,Made,19.180198122021576,Stephen Curry
Shot Chart Detail,22500291,439,201939,Stephen Curry,1610612744,Golden State Warriors,3,5,8,Made Shot,Driving Layup Shot,2PT Field Goal,In The Paint (Non-RA),Center(C),Less Than 8 ft.,6.0,4.0,62.0,1,1,20251124,GSW,UTA,Stephen Curry,2025,GSW,Made,6.212889826803627,Stephen Curry
Shot Chart Detail,22500291,451,201939,Stephen Curry,1610612744,Golden State Warriors,3,4,55,Missed Shot,Running Pull-Up Jump Shot,3PT Field Goal,Above the Break 3,Left Side Center(LC),24+ ft.,31.0,-110.0,291.0,1,0,20251124,GSW,UTA,Stephen Curry,2025,GSW,Missed,31.109644806715487,Stephen Curry
Shot Chart Detail,22500291,457,201939,Stephen Curry,1610612744,Golden State Warriors,3,4,22,Made Shot,Step Back Jump shot,3PT Field Goal,Above the Break 3,Center(C),24+ ft.,28.0,66.0,279.0,1,1,20251124,GSW,UTA,Stephen Curry,2025,GSW,Made,28.670019183809416,Stephen Curry
Shot Chart Detail,22500291,575,201939,Stephen Curry,1610612744,Golden State Warriors,4,9,8,Made Shot,Cutting Finger Roll Layup Shot,2PT Field Goal,In The Paint (Non-RA),Center(C),Less Than 8 ft.,6.0,44.0,43.0,1,1,20251124,GSW,UTA,Stephen Curry,2025,GSW,Made,6.15223536610881,Stephen Curry
Shot Chart Detail,22500291,592,201939,Stephen Curry,1610612744,Golden State Warriors,4,7,52,Missed Shot,Jump Shot,3PT Field Goal,Left Corner 3,Left Side(L),24+ ft.,24.0,-233.0,62.0,1,0,20251124,GSW,UTA,Stephen Curry,2025,GSW,Missed,24.11078596810979,Stephen Curry
Shot Chart Detail,22500291,615,201939,Stephen Curry,1610612744,Golden State Warriors,4,7,6,Made Shot,Pullup Jump shot,3PT Field Goal,Above the Break 3,Left Side Center(LC),24+ ft.,27.0,-174.0,217.0,1,1,20251124,GSW,UTA,Stephen Curry,2025,GSW,Made,27.814564530116236,Stephen Curry
Shot Chart Detail,22500291,622,201939,Stephen Curry,1610612744,Golden State Warriors,4,6,18,Missed Shot,Jump Shot,3PT Field Goal,Above the Break 3,Right Side Center(RC),24+ ft.,27.0,194.0,196.0,1,0,20251124,GSW,UTA,Stephen Curry,2025,GSW,Missed,27.57752708275345,Stephen Curry
Shot Chart Detail,22500291,657,201939,Stephen Curry,1610612744,Golden State Warriors,4,4,1,Missed Shot,Pullup Jump shot,3PT Field Goal,Above the Break 3,Right Side Center(RC),24+ ft.,26.0,138.0,232.0,1,0,20251124,GSW,UTA,Stephen Curry,2025,GSW,Missed,26.994073423623934,Stephen Curry
Shot Chart Detail,22500378,34,201939,Stephen Curry,1610612744,Golden State Warriors,1,9,49,Made Shot,Driving Reverse Layup Shot,2PT Field Goal,Restricted Area,Center(C),Less Than 8 ft.,1.0,1.0,10.0,1,1,20251218,PHX,GSW,Stephen Curry,2025,PHX,Made,1.004987562112089,Stephen Curry
Shot Chart Detail,22500378,72,201939,Stephen Curry,1610612744,Golden State Warriors,1,6,41,Missed Shot,Jump Shot,3PT Field Goal,Above the Break 3,Left Side Center(LC),24+ ft.,29.0,-176.0,241.0,1,0,20251218,PHX,GSW,Stephen Curry,2025,PHX,Missed,29.84241947295829,Stephen Curry
Shot Chart Detail,22500378,83,201939,Stephen Curry,1610612744,Golden State Warriors,1,6,33,Made Shot,Jump Shot,3PT Field Goal,Above the Break 3,Right Side Center(RC),24+ ft.,27.0,213.0,169.0,1,1,20251218,PHX,GSW,Stephen Curry,2025,PHX,Made,27.19007171744863,Stephen Curry
Shot Chart Detail,22500378,89,201939,Stephen Curry,1610612744,Golden State Warriors,1,6,3,Missed Shot,Jump Shot,2PT Field Goal,Mid-Range,Left Side Center(LC),16-24 ft.,19.0,-110.0,159.0,1,0,20251218,PHX,GSW,Stephen Curry,2025,PHX,Missed,19.334166648707672,Stephen Curry
Shot Chart Detail,22500378,115,201939,Stephen Curry,1610612744,Golden State Warriors,1,4,52,Missed Shot,Running Jump Shot,3PT Field Goal,Above the Break 3,Right Side Center(RC),24+ ft.,29.0,119.0,273.0,1,0,20251218,PHX,GSW,Stephen Curry,2025,PHX,Missed,29.780866340655706,Stephen Curry
Shot Chart Detail,22500378,216,201939,Stephen Curry,1610612744,Golden State Warriors,2,11,18,Missed Shot,Driving Finger Roll Layup Shot,2PT Field Goal,In The Paint (Non-RA),Center(C),Less Than 8 ft.,4.0,7.0,41.0,1,0,20251218,PHX,GSW,Stephen Curry,2025,PHX,Missed,4.159326868617084,Stephen Curry
Shot Chart Detail,22500378,343,201939,Stephen Curry,1610612744,Golden State Warriors,2,1,23,Missed Shot,Jump Shot,3PT Field Goal,Above the Break 3,Right Side Center(RC),24+ ft.,25.0,161.0,194.0,1,0,20251218,PHX,GSW,Stephen Curry,2025,PHX,Missed,25.210513679812237,Stephen Curry
Shot Chart Detail,22500378,435,201939,Stephen Curry,1610612744,Golden State Warriors,3,7,59,Missed Shot,Pullup Jump shot,3PT Field Goal,Above the Break 3,Right Side Center(RC),24+ ft.,29.0,161.0,253.0,1,0,20251218,PHX,GSW,Stephen Curry,2025,PHX,Missed,29.988331063932186,Stephen Curry
Shot Chart Detail,22500378,473,201939,Stephen Curry,1610612744,Golden State Warriors,3,6,3,Missed Shot,Jump Shot,3PT Field Goal,Above the Break 3,Right Side Center(RC),24+ ft.,30.0,159.0,266.0,1,0,20251218,PHX,GSW,Stephen Curry,2025,PHX,Missed,30.989837043779367,Stephen Curry
Shot Chart Detail,22500378,502,201939,Stephen Curry,1610612744,Golden State Warriors,3,4,42,Made Shot,Jump Shot,3PT Field Goal,Above the Break 3,Center(C),24+ ft.,26.0,9.0,261.0,1,1,20251218,PHX,GSW,Stephen Curry,2025,PHX,Made,26.115512631384433,Stephen Curry
Shot Chart Detail,22500378,611,201939,Stephen Curry,1610612744,Golden State Warriors,4,11,7,Missed Shot,Driving Layup Shot,2PT Field Goal,In The Paint (Non-RA),Center(C),Less Than 8 ft.,4.0,26.0,32.0,1,0,20251218,PHX,GSW,Stephen Curry,2025,PHX,Missed,4.123105625617661,Stephen Curry
Shot Chart Detail,22500378,657,201939,Stephen Curry,1610612744,Golden State Warriors,4,8,35,Missed Shot,Step Back Jump shot,3PT Field Goal,Above the Break 3,Left Side Center(LC),24+ ft.,26.0,-142.0,225.0,1,0,20251218,PHX,GSW,Stephen Curry,2025,PHX,Missed,26.60620228442985,Stephen Curry
Shot Chart Detail,22500378,673,201939,Stephen Curry,1610612744,Golden State Warriors,4,7,8,Missed Shot,Jump Shot,3PT Field Goal,Above the Break 3,Right Side Center(RC),24+ ft.,33.0,158.0,292.0,1,0,20251218,PHX,GSW,Stephen Curry,2025,PHX,Missed,33.20060240417333,Stephen Curry
Shot Chart Detail,22500392,14,201939,Stephen Curry,1610612744,Golden State Warriors,1,10,52,Made Shot,Driving Finger Roll Layup Shot,2PT Field Goal,Mid-Range,Right Side(R),8-16 ft.,12.0,89.0,89.0,1,1,20251220,GSW,PHX,Stephen Curry,2025,GSW,Made,12.586500705120546,Stephen Curry
Shot Chart Detail,22500392,30,201939,Stephen Curry,1610612744,Golden State Warriors,1,9,28,Made Shot,Jump Shot,3PT Field Goal,Above the Break 3,Right Side Center(RC),24+ ft.,27.0,96.0,254.0,1,1,20251220,GSW,PHX,Stephen Curry,2025,GSW,Made,27.15363695713707,Stephen Curry
Shot Chart Detail,22500392,202,201939,Stephen Curry,1610612744,Golden State Warriors,2,11,1,Made Shot,Driving Layup Shot,2PT Field Goal,Restricted Area,Center(C),Less Than 8 ft.,3.0,-11.0,28.0,1,1,20251220,GSW,PHX,Stephen Curry,2025,GSW,Made,3.0083217912982647,Stephen Curry
Shot Chart Detail,22500392,206,201939,Stephen Curry,1610612744,Golden State Warriors,2,10,39,Made Shot,Running Jump Shot,3PT Field Goal,Above the Break 3,Left Side Center(LC),24+ ft.,32.0,-206.0,251.0,1,1,20251220,GSW,PHX,Stephen Curry,2025,GSW,Made,32.47106404169718,Stephen Curry
Shot Chart Detail,22500392,232,201939,Stephen Curry,1610612744,Golden State Warriors,2,9,39,Missed Shot,Jump Shot,3PT Field Goal,Above the Break 3,Right Side Center(RC),24+ ft.,28.0,157.0,232.0,1,0,20251220,GSW,PHX,Stephen Curry,2025,GSW,Missed,28.01303268123607,Stephen Curry
Shot Chart Detail,22500392,241,201939,Stephen Curry,1610612744,Golden State Warriors,2,9,0,Missed Shot,Jump Shot,3PT Field Goal,Above the Break 3,Left Side Center(LC),24+ ft.,25.0,-229.0,106.0,1,0,20251220,GSW,PHX,Stephen Curry,2025,GSW,Missed,25.23430205097815,Stephen Curry
Shot Chart Detail,22500392,245,201939,Stephen Curry,1610612744,Golden State Warriors,2,8,48,Missed Shot,Running Pull-Up Jump Shot,3PT Field Goal,Above the Break 3,Right Side Center(RC),24+ ft.,25.0,159.0,201.0,1,0,20251220,GSW,PHX,Stephen Curry,2025,GSW,Missed,25.628499761008253,Stephen Curry
Shot Chart Detail,22500392,412,201939,Stephen Curry,1610612744,Golden State Warriors,3,11,1,Missed Shot,Step Back Jump shot,3PT Field Goal,Above the Break 3,Right Side Center(RC),24+ ft.,25.0,135.0,219.0,1,0,20251220,GSW,PHX,Stephen Curry,2025,GSW,Missed,25.726639889422017,Stephen Curry
Shot Chart Detail,22500392,482,201939,Stephen Curry,1610612744,Golden State Warriors,3,6,17,Missed Shot,Driving Floating Jump Shot,2PT Field Goal,In The Paint (Non-RA),Right Side(R),8-16 ft.,9.0,55.0,75.0,1,0,20251220,GSW,PHX,Stephen Curry,2025,GSW,Missed,9.300537618869138,Stephen Curry
Shot Chart Detail,22500392,484,201939,Stephen Curry,1610612744,Golden State Warriors,3,6,16,Missed Shot,Jump Shot,2PT Field Goal,In The Paint (Non-RA),Right Side(R),8-16 ft.,8.0,53.0,71.0,1,0,20251220,GSW,PHX,Stephen Curry,2025,GSW,Missed,8.860022573334675,Stephen Curry
Shot Chart Detail,22500392,491,201939,Stephen Curry,1610612744,Golden State Warriors,3,6,2,Missed Shot,Pullup Jump shot,3PT Field Goal,Above the Break 3,Center(C),24+ ft.,25.0,-7.0,251.0,1,0,20251220,GSW,PHX,Stephen Curry,2025,GSW,Missed,25.10975905897944,Stephen Curry
Shot Chart Detail,22500392,502,201939,Stephen Curry,1610612744,Golden State Warriors,3,5,13,Missed Shot,Jump Shot,3PT Field Goal,Above the Break 3,Right Side Center(RC),24+ ft.,25.0,201.0,157.0,1,0,20251220,GSW,PHX,Stephen Curry,2025,GSW,Missed,25.504901489713696,Stephen Curry
Shot Chart Detail,22500392,618,201939,Stephen Curry,1610612744,Golden State Warriors,4,11,1,Missed Shot,Fadeaway Jump Shot,2PT Field Goal,In The Paint (Non-RA),Center(C),Less Than 8 ft.,6.0,-65.0,21.0,1,0,20251220,GSW,PHX,Stephen Curry,2025,GSW,Missed,6.830812543175226,Stephen Curry
Shot Chart Detail,22500392,646,201939,Stephen Curry,1610612744,Golden State Warriors,4,8,52,Made Shot,Step Back Jump shot,3PT Field Goal,Above the Break 3,Left Side Center(LC),24+ ft.,26.0,-192.0,176.0,1,1,20251220,GSW,PHX,Stephen Curry,2025,GSW,Made,26.04611295375953,Stephen Curry
Shot Chart Detail,22500392,710,201939,Stephen Curry,1610612744,Golden State Warriors,4,4,36,Made Shot,Pullup Jump shot,2PT Field Goal,Mid-Range,Right Side(R),16-24 ft.,16.0,164.0,-29.0,1,1,20251220,GSW,PHX,Stephen Curry,2025,GSW,Made,16.654428840401582,Stephen Curry
Shot Chart Detail,22500392,727,201939,Stephen Curry,1610612744,Golden State Warriors,4,3,31,Made Shot,Driving Finger Roll Layup Shot,2PT Field Goal,Mid-Range,Right Side(R),8-16 ft.,11.0,108.0,52.0,1,1,20251220,GSW,PHX,Stephen Curry,2025,GSW,Made,11.986659251017358,Stephen Curry
Shot Chart Detail,22500392,740,201939,Stephen Curry,1610612744,Golden State Warriors,4,1,44,Made Shot,Jump Shot,3PT Field Goal,Above the Break 3,Right Side Center(RC),24+ ft.,29.0,205.0,215.0,1,1,20251220,GSW,PHX,Stephen Curry,2025,GSW,Made,29.706901555025894,Stephen Curry
Shot Chart Detail,22500392,764,201939,Stephen Curry,1610612744,Golden State Warriors,4,0,28,Missed Shot,Pullup Jump shot,3PT Field Goal,Above the Break 3,Center(C),24+ ft.,24.0,40.0,245.0,1,0,20251220,GSW,PHX,Stephen Curry,2025,GSW,Missed,24.82438317461282,Stephen Curry
Shot Chart Detail,22500392,797,201939,Stephen Curry,1610612744,Golden State Warriors,4,0,5,Made Shot,Driving Reverse Layup Shot,2PT Field Goal,Restricted Area,Center(C),Less Than 8 ft.,2.0,21.0,5.0,1,1,20251220,GSW,PHX,Stephen Curry,2025,GSW,Made,2.15870331449229,Stephen Curry
Shot Chart Detail,22500407,25,201939,Stephen Curry,1610612744,Golden State Warriors,1,9,12,Missed Shot,Jump Shot,3PT Field Goal,Above the Break 3,Left Side Center(LC),24+ ft.,26.0,-131.0,228.0,1,0,20251222,GSW,ORL,Stephen Curry,2025,GSW,Missed,26.295436866498342,Stephen Curry
Shot Chart Detail,22500407,29,201939,Stephen Curry,1610612744,Golden State Warriors,1,8,45,Missed Shot,Driving Layup Shot,2PT Field Goal,In The Paint (Non-RA),Center(C),Less Than 8 ft.,4.0,43.0,15.0,1,0,20251222,GSW,ORL,Stephen Curry,2025,GSW,Missed,4.5541190146942805,Stephen Curry
Shot Chart Detail,22500407,33,201939,Stephen Curry,1610612744,Golden State Warriors,1,8,19,Missed Shot,Running Jump Shot,3PT Field Goal,Above the Break 3,Left Side Center(LC),24+ ft.,28.0,-178.0,223.0,1,0,20251222,GSW,ORL,Stephen Curry,2025,GSW,Missed,28.532963393240458,Stephen Curry
Shot Chart Detail,22500407,42,201939,Stephen Curry,1610612744,Golden State Warriors,1,7,51,Made Shot,Cutting Layup Shot,2PT Field Goal,Restricted Area,Center(C),Less Than 8 ft.,3.0,-33.0,-1.0,1,1,20251222,GSW,ORL,Stephen Curry,2025,GSW,Made,3.3015148038438356,Stephen Curry
Shot Chart Detail,22500407,63,201939,Stephen Curry,1610612744,Golden State Warriors,1,6,13,Missed Shot,Jump Shot,3PT Field Goal,Above the Break 3,Left Side Center(LC),24+ ft.,29.0,-156.0,253.0,1,0,20251222,GSW,ORL,Stephen Curry,2025,GSW,Missed,29.722886804615733,Stephen Curry
Shot Chart Detail,22500407,178,201939,Stephen Curry,1610612744,Golden State Warriors,2,11,45,Missed Shot,Jump Shot,3PT Field Goal,Above the Break 3,Left Side Center(LC),24+ ft.,25.0,-194.0,173.0,1,0,20251222,GSW,ORL,Stephen Curry,2025,GSW,Missed,25.993268359327192,Stephen Curry
Shot Chart Detail,22500407,180,201939,Stephen Curry,1610612744,Golden State Warriors,2,11,33,Made Shot,Driving Layup Shot,2PT Field Goal,Restricted Area,Center(C),Less Than 8 ft.,2.0,-23.0,1.0,1,1,20251222,GSW,ORL,Stephen Curry,2025,GSW,Made,2.3021728866442674,Stephen Curry
Shot Chart Detail,22500407,183,201939,Stephen Curry,1610612744,Golden State Warriors,2,11,5,Missed Shot,Cutting Layup Shot,2PT Field Goal,In The Paint (Non-RA),Center(C),Less Than 8 ft.,4.0,32.0,28.0,1,0,20251222,GSW,ORL,Stephen Curry,2025,GSW,Missed,4.25205832509386,Stephen Curry
Shot Chart Detail,22500407,194,201939,Stephen Curry,1610612744,Golden State Warriors,2,10,3,Made Shot,Jump Shot,2PT Field Goal,Mid-Range,Left Side(L),16-24 ft.,21.0,-216.0,-9.0,1,1,20251222,GSW,ORL,Stephen Curry,2025,GSW,Made,21.618741869035766,Stephen Curry
Shot Chart Detail,22500407,204,201939,Stephen Curry,1610612744,Golden State Warriors,2,9,17,Missed Shot,Step Back Jump shot,3PT Field Goal,Above the Break 3,Center(C),24+ ft.,26.0,-6.0,269.0,1,0,20251222,GSW,ORL,Stephen Curry,2025,GSW,Missed,26.906690617762713,Stephen Curry
Shot Chart Detail,22500407,224,201939,Stephen Curry,1610612744,Golden State Warriors,2,8,25,Missed Shot,Driving Reverse Layup Shot,2PT Field Goal,Restricted Area,Center(C),Less Than 8 ft.,2.0,13.0,21.0,1,0,20251222,GSW,ORL,Stephen Curry,2025,GSW,Missed,2.4698178070456938,Stephen Curry
Shot Chart Detail,22500407,308,201939,Stephen Curry,1610612744,Golden State Warriors,2,3,54,Missed Shot,Jump Shot,3PT Field Goal,Above the Break 3,Center(C),24+ ft.,25.0,-22.0,251.0,1,0,20251222,GSW,ORL,Stephen Curry,2025,GSW,Missed,25.19622987670973,Stephen Curry
Shot Chart Detail,22500407,334,201939,Stephen Curry,1610612744,Golden State Warriors,2,2,34,Missed Shot,Driving Floating Jump Shot,2PT Field Goal,In The Paint (Non-RA),Center(C),8-16 ft.,11.0,17.0,116.0,1,0,20251222,GSW,ORL,Stephen Curry,2025,GSW,Missed,11.723907198540937,Stephen Curry
Shot Chart Detail,22500407,376,201939,Stephen Curry,1610612744,Golden State Warriors,3,11,36,Made Shot,Driving Finger Roll Layup Shot,2PT Field Goal,In The Paint (Non-RA),Center(C),Less Than 8 ft.,7.0,-10.0,77.0,1,1,20251222,GSW,ORL,Stephen Curry,2025,GSW,Made,7.764663547121666,Stephen Curry
Shot Chart Detail,22500407,409,201939,Stephen Curry,1610612744,Golden State Warriors,3,8,20,Made Shot,Step Back Jump shot,3PT Field Goal,Above the Break 3,Center(C),24+ ft.,28.0,45.0,278.0,1,1,20251222,GSW,ORL,Stephen Curry,2025,GSW,Made,28.161853632174143,Stephen Curry
Shot Chart Detail,22500407,416,201939,Stephen Curry,1610612744,Golden State Warriors,3,7,25,Made Shot,Jump Shot,3PT Field Goal,Above the Break 3,Right Side Center(RC),24+ ft.,30.0,173.0,253.0,1,1,20251222,GSW,ORL,Stephen Curry,2025,GSW,Made,30.64930668057599,Stephen Curry
Shot Chart Detail,22500407,419,201939,Stephen Curry,1610612744,Golden State Warriors,3,6,54,Made Shot,Step Back Jump shot,2PT Field Goal,Mid-Range,Right Side(R),8-16 ft.,15.0,156.0,-7.0,1,1,20251222,GSW,ORL,Stephen Curry,2025,GSW,Made,15.615697230671449,Stephen Curry
Shot Chart Detail,22500407,451,201939,Stephen Curry,1610612744,Golden State Warriors,3,5,6,Made Shot,Jump Shot,3PT Field Goal,Above the Break 3,Right Side Center(RC),24+ ft.,27.0,178.0,215.0,1,1,20251222,GSW,ORL,Stephen Curry,2025,GSW,Made,27.912183719659055,Stephen Curry
Shot Chart Detail,22500407,477,201939,Stephen Curry,1610612744,Golden State Warriors,3,3,48,Made Shot,Driving Layup Shot,2PT Field Goal,In The Paint (Non-RA),Center(C),Less Than 8 ft.,4.0,40.0,14.0,1,1,20251222,GSW,ORL,Stephen Curry,2025,GSW,Made,4.237924020083418,Stephen Curry
Shot Chart Detail,22500407,567,201939,Stephen Curry,1610612744,Golden State Warriors,4,10,44,Missed Shot,Step Back Jump shot,3PT Field Goal,Above the Break 3,Left Side Center(LC),24+ ft.,26.0,-143.0,219.0,1,0,20251222,GSW,ORL,Stephen Curry,2025,GSW,Missed,26.15530538915575,Stephen Curry
Shot Chart Detail,22500407,585,201939,Stephen Curry,1610612744,Golden State Warriors,4,9,17,Missed Shot,Jump Shot,3PT Field Goal,Above the Break 3,Center(C),24+ ft.,27.0,-56.0,269.0,1,0,20251222,GSW,ORL,Stephen Curry,2025,GSW,Missed,27.47671741675122,Stephen Curry
Shot Chart Detail,22500407,597,201939,Stephen Curry,1610612744,Golden State Warriors,4,8,40,Made Shot,Jump Shot,3PT Field Goal,Above the Break 3,Center(C),24+ ft.,29.0,33.0,293.0,1,1,20251222,GSW,ORL,Stephen Curry,2025,GSW,Made,29.48525055006316,Stephen Curry
Shot Chart Detail,22500407,608,201939,Stephen Curry,1610612744,Golden State Warriors,4,8,0,Missed Shot,Pullup Jump shot,3PT Field Goal,Above the Break 3,Right Side Center(RC),24+ ft.,29.0,156.0,251.0,1,0,20251222,GSW,ORL,Stephen Curry,2025,GSW,Missed,29.552834043455125,Stephen Curry
Shot Chart Detail,22500441,10,201939,Stephen Curry,1610612744,Golden State Warriors,1,11,9,Missed Shot,Reverse Layup Shot,2PT Field Goal,Restricted Area,Center(C),Less Than 8 ft.,1.0,13.0,8.0,1,0,20251228,TOR,GSW,Stephen Curry,2025,TOR,Missed,1.5264337522473748,Stephen Curry
Shot Chart Detail,22500441,16,201939,Stephen Curry,1610612744,Golden State Warriors,1,10,50,Made Shot,Floating Jump shot,2PT Field Goal,Mid-Range,Center(C),16-24 ft.,20.0,0.0,202.0,1,1,20251228,TOR,GSW,Stephen Curry,2025,TOR,Made,20.2,Stephen Curry
Shot Chart Detail,22500441,57,201939,Stephen Curry,1610612744,Golden State Warriors,1,7,40,Missed Shot,Turnaround Fadeaway shot,2PT Field Goal,Mid-Range,Center(C),16-24 ft.,17.0,17.0,179.0,1,0,20251228,TOR,GSW,Stephen Curry,2025,TOR,Missed,17.98054504179448,Stephen Curry
Shot Chart Detail,22500441,61,201939,Stephen Curry,1610612744,Golden State Warriors,1,7,9,Made Shot,Jump Shot,3PT Field Goal,Above the Break 3,Left Side Center(LC),24+ ft.,24.0,-180.0,170.0,1,1,20251228,TOR,GSW,Stephen Curry,2025,TOR,Made,24.758836806279895,Stephen Curry
Shot Chart Detail,22500441,181,201939,Stephen Curry,1610612744,Golden State Warriors,2,11,27,Missed Shot,Jump Shot,3PT Field Goal,Above the Break 3,Center(C),24+ ft.,29.0,-48.0,296.0,1,0,20251228,TOR,GSW,Stephen Curry,2025,TOR,Missed,29.986663702386103,Stephen Curry
Shot Chart Detail,22500441,212,201939,Stephen Curry,1610612744,Golden State Warriors,2,9,21,Made Shot,Alley Oop Layup shot,2PT Field Goal,Restricted Area,Center(C),Less Than 8 ft.,0.0,1.0,1.0,1,1,20251228,TOR,GSW,Stephen Curry,2025,TOR,Made,0.1414213562373095,Stephen Curry
Shot Chart Detail,22500441,231,201939,Stephen Curry,1610612744,Golden State Warriors,2,7,54,Made Shot,Jump Shot,3PT Field Goal,Above the Break 3,Left Side Center(LC),24+ ft.,27.0,-127.0,247.0,1,1,20251228,TOR,GSW,Stephen Curry,2025,TOR,Made,27.773728593762847,Stephen Curry
Shot Chart Detail,22500441,345,201939,Stephen Curry,1610612744,Golden State Warriors,2,1,14,Missed Shot,Cutting Layup Shot,2PT Field Goal,Restricted Area,Center(C),Less Than 8 ft.,1.0,18.0,6.0,1,0,20251228,TOR,GSW,Stephen Curry,2025,TOR,Missed,1.8973665961010275,Stephen Curry
Shot Chart Detail,22500441,347,201939,Stephen Curry,1610612744,Golden State Warriors,2,1,11,Missed Shot,Tip Layup Shot,2PT Field Goal,Restricted Area,Center(C),Less Than 8 ft.,0.0,0.0,0.0,1,0,20251228,TOR,GSW,Stephen Curry,2025,TOR,Missed,0.0,Stephen Curry
Shot Chart Detail,22500441,352,201939,Stephen Curry,1610612744,Golden State Warriors,2,0,52,Missed Shot,Floating Jump shot,2PT Field Goal,In The Paint (Non-RA),Center(C),Less Than 8 ft.,7.0,-56.0,53.0,1,0,20251228,TOR,GSW,Stephen Curry,2025,TOR,Missed,7.710382610480494,Stephen Curry
Shot Chart Detail,22500441,386,201939,Stephen Curry,1610612744,Golden State Warriors,3,10,52,Made Shot,Running Pull-Up Jump Shot,3PT Field Goal,Above the Break 3,Left Side Center(LC),24+ ft.,25.0,-80.0,243.0,1,1,20251228,TOR,GSW,Stephen Curry,2025,TOR,Made,25.58300216940928,Stephen Curry
Shot Chart Detail,22500441,434,201939,Stephen Curry,1610612744,Golden State Warriors,3,7,13,Made Shot,Pullup Jump shot,2PT Field Goal,Mid-Range,Left Side(L),8-16 ft.,13.0,-103.0,92.0,1,1,20251228,TOR,GSW,Stephen Curry,2025,TOR,Made,13.810503249338888,Stephen Curry
Shot Chart Detail,22500441,441,201939,Stephen Curry,1610612744,Golden State Warriors,3,6,51,Missed Shot,Pullup Jump shot,2PT Field Goal,Mid-Range,Right Side(R),16-24 ft.,17.0,174.0,6.0,1,0,20251228,TOR,GSW,Stephen Curry,2025,TOR,Missed,17.41034175425629,Stephen Curry
Shot Chart Detail,22500441,448,201939,Stephen Curry,1610612744,Golden State Warriors,3,6,22,Made Shot,Cutting Layup Shot,2PT Field Goal,Restricted Area,Center(C),Less Than 8 ft.,0.0,-1.0,-8.0,1,1,20251228,TOR,GSW,Stephen Curry,2025,TOR,Made,0.8062257748298549,Stephen Curry
Shot Chart Detail,22500441,467,201939,Stephen Curry,1610612744,Golden State Warriors,3,5,30,Missed Shot,Pullup Jump shot,3PT Field Goal,Above the Break 3,Left Side Center(LC),24+ ft.,32.0,-185.0,266.0,1,0,20251228,TOR,GSW,Stephen Curry,2025,TOR,Missed,32.40077159575061,Stephen Curry
Shot Chart Detail,22500441,471,201939,Stephen Curry,1610612744,Golden State Warriors,3,5,5,Made Shot,Reverse Layup Shot,2PT Field Goal,Restricted Area,Center(C),Less Than 8 ft.,1.0,-6.0,9.0,1,1,20251228,TOR,GSW,Stephen Curry,2025,TOR,Made,1.0816653826391969,Stephen Curry
Shot Chart Detail,22500441,487,201939,Stephen Curry,1610612744,Golden State Warriors,3,3,19,Missed Shot,Step Back Jump shot,2PT Field Goal,Mid-Range,Right Side(R),8-16 ft.,14.0,146.0,20.0,1,0,20251228,TOR,GSW,Stephen Curry,2025,TOR,Missed,14.736349615830918,Stephen Curry
Shot Chart Detail,22500441,559,201939,Stephen Curry,1610612744,Golden State Warriors,4,11,44,Made Shot,Driving Floating Jump Shot,2PT Field Goal,Mid-Range,Right Side Center(RC),16-24 ft.,16.0,66.0,148.0,1,1,20251228,TOR,GSW,Stephen Curry,2025,TOR,Made,16.204937519163717,Stephen Curry
Shot Chart Detail,22500441,568,201939,Stephen Curry,1610612744,Golden State Warriors,4,11,24,Missed Shot,Pullup Jump shot,3PT Field Goal,Above the Break 3,Right Side Center(RC),24+ ft.,29.0,92.0,281.0,1,0,20251228,TOR,GSW,Stephen Curry,2025,TOR,Missed,29.567718883945037,Stephen Curry
Shot Chart Detail,22500441,586,201939,Stephen Curry,1610612744,Golden State Warriors,4,10,7,Missed Shot,Cutting Finger Roll Layup Shot,2PT Field Goal,Restricted Area,Center(C),Less Than 8 ft.,2.0,28.0,3.0,1,0,20251228,TOR,GSW,Stephen Curry,2025,TOR,Missed,2.8160255680657444,Stephen Curry
Shot Chart Detail,22500441,599,201939,Stephen Curry,1610612744,Golden State Warriors,4,9,26,Missed Shot,Step Back Jump shot,3PT Field Goal,Above the Break 3,Center(C),24+ ft.,25.0,22.0,257.0,1,0,20251228,TOR,GSW,Stephen Curry,2025,TOR,Missed,25.793991548420728,Stephen Curry
Shot Chart Detail,22500441,601,201939,Stephen Curry,1610612744,Golden State Warriors,4,9,15,Missed Shot,Jump Shot,3PT Field Goal,Above the Break 3,Right Side Center(RC),24+ ft.,29.0,165.0,240.0,1,0,20251228,TOR,GSW,Stephen Curry,2025,TOR,Missed,29.124731758421397,Stephen Curry
Shot Chart Detail,22500441,657,201939,Stephen Curry,1610612744,Golden State Warriors,4,5,51,Made Shot,Step Back Jump shot,2PT Field Goal,Mid-Range,Left Side Center(LC),16-24 ft.,22.0,-180.0,142.0,1,1,20251228,TOR,GSW,Stephen Curry,2025,TOR,Made,22.926840166058646,Stephen Curry
Shot Chart Detail,22500441,687,201939,Stephen Curry,1610612744,Golden State Warriors,4,3,21,Missed Shot,Jump Shot,2PT Field Goal,Mid-Range,Right Side(R),16-24 ft.,16.0,141.0,92.0,1,0,20251228,TOR,GSW,Stephen Curry,2025,TOR,Missed,16.835973390332974,Stephen Curry
Shot Chart Detail,22500441,695,201939,Stephen Curry,1610612744,Golden State Warriors,4,2,27,Made Shot,Driving Finger Roll Layup Shot,2PT Field Goal,Restricted Area,Center(C),Less Than 8 ft.,0.0,-2.0,5.0,1,1,20251228,TOR,GSW,Stephen Curry,2025,TOR,Made,0.5385164807134504,Stephen Curry
Shot Chart Detail,22500441,703,201939,Stephen Curry,1610612744,Golden State Warriors,4,1,43,Made Shot,Jump Shot,3PT Field Goal,Above the Break 3,Left Side Center(LC),24+ ft.,27.0,-120.0,246.0,1,1,20251228,TOR,GSW,Stephen Curry,2025,TOR,Made,27.370787347096904,Stephen Curry
Shot Chart Detail,22500441,720,201939,Stephen Curry,1610612744,Golden State Warriors,4,0,36,Missed Shot,Pullup Jump shot,3PT Field Goal,Above the Break 3,Right Side Center(RC),24+ ft.,28.0,169.0,234.0,1,0,20251228,TOR,GSW,Stephen Curry,2025,TOR,Missed,28.86468430452687,Stephen Curry
Shot Chart Detail,22500441,756,201939,Stephen Curry,1610612744,Golden State Warriors,5,4,4,Missed Shot,Driving Finger Roll Layup Shot,2PT Field Goal,Restricted Area,Center(C),Less Than 8 ft.,1.0,-13.0,8.0,1,0,20251228,TOR,GSW,Stephen Curry,2025,TOR,Missed,1.5264337522473748,Stephen Curry
Shot Chart Detail,22500441,772,201939,Stephen Curry,1610612744,Golden State Warriors,5,3,11,Missed Shot,Driving Finger Roll Layup Shot,2PT Field Goal,Restricted Area,Center(C),Less Than 8 ft.,2.0,10.0,27.0,1,0,20251228,TOR,GSW,Stephen Curry,2025,TOR,Missed,2.8792360097775935,Stephen Curry
Shot Chart Detail,22500441,784,201939,Stephen Curry,1610612744,Golden State Warriors,5,2,20,Missed Shot,Step Back Jump shot,3PT Field Goal,Above the Break 3,Left Side Center(LC),24+ ft.,27.0,-146.0,235.0,1,0,20251228,TOR,GSW,Stephen Curry,2025,TOR,Missed,27.66604416970377,Stephen Curry
Shot Chart Detail,22500449,34,201939,Stephen Curry,1610612744,Golden State Warriors,1,8,43,Missed Shot,Pullup Jump shot,3PT Field Goal,Above the Break 3,Center(C),24+ ft.,30.0,17.0,301.0,1,0,20251229,BKN,GSW,Stephen Curry,2025,BKN,Missed,30.14796842243271,Stephen Curry
Shot Chart Detail,22500449,48,201939,Stephen Curry,1610612744,Golden State Warriors,1,8,18,Missed Shot,Jump Shot,3PT Field Goal,Above the Break 3,Center(C),24+ ft.,28.0,-83.0,275.0,1,0,20251229,BKN,GSW,Stephen Curry,2025,BKN,Missed,28.725250216490718,Stephen Curry
Shot Chart Detail,22500449,63,201939,Stephen Curry,1610612744,Golden State Warriors,1,7,37,Missed Shot,Step Back Jump shot,3PT Field Goal,Above the Break 3,Left Side Center(LC),24+ ft.,25.0,-150.0,205.0,1,0,20251229,BKN,GSW,Stephen Curry,2025,BKN,Missed,25.401771591761076,Stephen Curry
Shot Chart Detail,22500449,136,201939,Stephen Curry,1610612744,Golden State Warriors,1,7,5,Made Shot,Driving Reverse Layup Shot,2PT Field Goal,Restricted Area,Center(C),Less Than 8 ft.,3.0,1.0,33.0,1,1,20251229,BKN,GSW,Stephen Curry,2025,BKN,Made,3.3015148038438356,Stephen Curry
Shot Chart Detail,22500449,216,201939,Stephen Curry,1610612744,Golden State Warriors,2,9,46,Made Shot,Pullup Jump shot,3PT Field Goal,Above the Break 3,Center(C),24+ ft.,28.0,-12.0,280.0,1,1,20251229,BKN,GSW,Stephen Curry,2025,BKN,Made,28.025702488965372,Stephen Curry
Shot Chart Detail,22500449,219,201939,Stephen Curry,1610612744,Golden State Warriors,2,9,21,Missed Shot,Jump Shot,3PT Field Goal,Above the Break 3,Center(C),24+ ft.,28.0,-88.0,273.0,1,0,20251229,BKN,GSW,Stephen Curry,2025,BKN,Missed,28.683270385365752,Stephen Curry
Shot Chart Detail,22500449,237,201939,Stephen Curry,1610612744,Golden State Warriors,2,8,17,Made Shot,Step Back Jump shot,3PT Field Goal,Above the Break 3,Center(C),24+ ft.,26.0,-13.0,264.0,1,1,20251229,BKN,GSW,Stephen Curry,2025,BKN,Made,26.431988196123275,Stephen Curry
Shot Chart Detail,22500449,421,201939,Stephen Curry,1610612744,Golden State Warriors,3,8,6,Missed Shot,Jump Shot,3PT Field Goal,Above the Break 3,Center(C),24+ ft.,26.0,49.0,257.0,1,0,20251229,BKN,GSW,Stephen Curry,2025,BKN,Missed,26.16295090390226,Stephen Curry
Shot Chart Detail,22500449,440,201939,Stephen Curry,1610612744,Golden State Warriors,3,7,4,Made Shot,Step Back Jump shot,3PT Field Goal,Above the Break 3,Left Side Center(LC),24+ ft.,23.0,-136.0,197.0,1,1,20251229,BKN,GSW,Stephen Curry,2025,BKN,Made,23.938462774372127,Stephen Curry
Shot Chart Detail,22500449,451,201939,Stephen Curry,1610612744,Golden State Warriors,3,6,16,Made Shot,Driving Finger Roll Layup Shot,2PT Field Goal,Restricted Area,Center(C),Less Than 8 ft.,2.0,-6.0,29.0,1,1,20251229,BKN,GSW,Stephen Curry,2025,BKN,Made,2.9614185789921694,Stephen Curry
Shot Chart Detail,22500449,466,201939,Stephen Curry,1610612744,Golden State Warriors,3,5,13,Made Shot,Step Back Jump shot,3PT Field Goal,Above the Break 3,Left Side Center(LC),24+ ft.,24.0,-83.0,231.0,1,1,20251229,BKN,GSW,Stephen Curry,2025,BKN,Made,24.545875417267155,Stephen Curry
Shot Chart Detail,22500449,560,201939,Stephen Curry,1610612744,Golden State Warriors,4,10,28,Made Shot,Jump Shot,3PT Field Goal,Above the Break 3,Center(C),24+ ft.,25.0,21.0,255.0,1,1,20251229,BKN,GSW,Stephen Curry,2025,BKN,Made,25.586324472264476,Stephen Curry
Shot Chart Detail,22500449,593,201939,Stephen Curry,1610612744,Golden State Warriors,4,8,56,Missed Shot,Pullup Jump shot,3PT Field Goal,Above the Break 3,Left Side Center(LC),24+ ft.,24.0,-126.0,210.0,1,0,20251229,BKN,GSW,Stephen Curry,2025,BKN,Missed,24.489997958350262,Stephen Curry
Shot Chart Detail,22500449,655,201939,Stephen Curry,1610612744,Golden State Warriors,4,4,8,Missed Shot,Jump Shot,3PT Field Goal,Above the Break 3,Center(C),24+ ft.,26.0,39.0,260.0,1,0,20251229,BKN,GSW,Stephen Curry,2025,BKN,Missed,26.290872941003688,Stephen Curry
Shot Chart Detail,22500449,680,201939,Stephen Curry,1610612744,Golden State Warriors,4,2,13,Made Shot,Driving Floating Jump Shot,2PT Field Goal,Mid-Range,Center(C),16-24 ft.,16.0,33.0,157.0,1,1,20251229,BKN,GSW,Stephen Curry,2025,BKN,Made,16.04306703844374,Stephen Curry
Shot Chart Detail,22500462,24,201939,Stephen Curry,1610612744,Golden State Warriors,1,9,52,Missed Shot,Running Layup Shot,2PT Field Goal,Restricted Area,Center(C),Less Than 8 ft.,3.0,-23.0,26.0,1,0,20251231,CHA,GSW,Stephen Curry,2025,CHA,Missed,3.4713109915419564,Stephen Curry
Shot Chart Detail,22500462,33,201939,Stephen Curry,1610612744,Golden State Warriors,1,9,9,Missed Shot,Running Jump Shot,3PT Field Goal,Above the Break 3,Right Side Center(RC),24+ ft.,26.0,176.0,199.0,1,0,20251231,CHA,GSW,Stephen Curry,2025,CHA,Missed,26.566332076521213,Stephen Curry
Shot Chart Detail,22500462,39,201939,Stephen Curry,1610612744,Golden State Warriors,1,8,49,Made Shot,Jump Shot,3PT Field Goal,Above the Break 3,Right Side Center(RC),24+ ft.,25.0,205.0,146.0,1,1,20251231,CHA,GSW,Stephen Curry,2025,CHA,Made,25.167637950352038,Stephen Curry
Shot Chart Detail,22500462,203,201939,Stephen Curry,1610612744,Golden State Warriors,2,10,40,Made Shot,Pullup Jump shot,3PT Field Goal,Above the Break 3,Center(C),24+ ft.,28.0,-5.0,288.0,1,1,20251231,CHA,GSW,Stephen Curry,2025,CHA,Made,28.80433995077825,Stephen Curry
Shot Chart Detail,22500462,218,201939,Stephen Curry,1610612744,Golden State Warriors,2,9,47,Made Shot,Pullup Jump shot,3PT Field Goal,Above the Break 3,Right Side Center(RC),24+ ft.,26.0,150.0,215.0,1,1,20251231,CHA,GSW,Stephen Curry,2025,CHA,Made,26.215453457836656,Stephen Curry
Shot Chart Detail,22500462,344,201939,Stephen Curry,1610612744,Golden State Warriors,2,1,41,Made Shot,Driving Floating Bank Jump Shot,2PT Field Goal,Mid-Range,Center(C),8-16 ft.,14.0,-39.0,141.0,1,1,20251231,CHA,GSW,Stephen Curry,2025,CHA,Made,14.62942240828393,Stephen Curry
Shot Chart Detail,22500462,349,201939,Stephen Curry,1610612744,Golden State Warriors,2,1,24,Made Shot,Step Back Jump shot,3PT Field Goal,Above the Break 3,Right Side Center(RC),24+ ft.,26.0,151.0,212.0,1,1,20251231,CHA,GSW,Stephen Curry,2025,CHA,Made,26.02786967848118,Stephen Curry
Shot Chart Detail,22500462,353,201939,Stephen Curry,1610612744,Golden State Warriors,2,0,48,Missed Shot,Pullup Jump shot,3PT Field Goal,Above the Break 3,Right Side Center(RC),24+ ft.,25.0,151.0,210.0,1,0,20251231,CHA,GSW,Stephen Curry,2025,CHA,Missed,25.865227623200997,Stephen Curry
Shot Chart Detail,22500462,366,201939,Stephen Curry,1610612744,Golden State Warriors,2,0,6,Missed Shot,Pullup Jump shot,3PT Field Goal,Above the Break 3,Center(C),24+ ft.,26.0,18.0,262.0,1,0,20251231,CHA,GSW,Stephen Curry,2025,CHA,Missed,26.26175927084855,Stephen Curry
Shot Chart Detail,22500462,414,201939,Stephen Curry,1610612744,Golden State Warriors,3,10,13,Made Shot,Step Back Jump shot,3PT Field Goal,Above the Break 3,Left Side Center(LC),24+ ft.,26.0,-151.0,216.0,1,1,20251231,CHA,GSW,Stephen Curry,2025,CHA,Made,26.354695976239224,Stephen Curry
Shot Chart Detail,22500462,434,201939,Stephen Curry,1610612744,Golden State Warriors,3,8,36,Made Shot,Cutting Finger Roll Layup Shot,2PT Field Goal,Restricted Area,Center(C),Less Than 8 ft.,1.0,-15.0,11.0,1,1,20251231,CHA,GSW,Stephen Curry,2025,CHA,Made,1.8601075237738276,Stephen Curry
Shot Chart Detail,22500462,451,201939,Stephen Curry,1610612744,Golden State Warriors,3,7,40,Missed Shot,Driving Layup Shot,2PT Field Goal,Restricted Area,Center(C),Less Than 8 ft.,1.0,18.0,6.0,1,0,20251231,CHA,GSW,Stephen Curry,2025,CHA,Missed,1.8973665961010275,Stephen Curry
Shot Chart Detail,22500462,460,201939,Stephen Curry,1610612744,Golden State Warriors,3,6,46,Missed Shot,Jump Shot,3PT Field Goal,Above the Break 3,Right Side Center(RC),24+ ft.,26.0,170.0,198.0,1,0,20251231,CHA,GSW,Stephen Curry,2025,CHA,Missed,26.096743091811284,Stephen Curry
Shot Chart Detail,22500462,623,201939,Stephen Curry,1610612744,Golden State Warriors,4,8,2,Made Shot,Cutting Layup Shot,2PT Field Goal,Restricted Area,Center(C),Less Than 8 ft.,1.0,-12.0,6.0,1,1,20251231,CHA,GSW,Stephen Curry,2025,CHA,Made,1.3416407864998738,Stephen Curry
Shot Chart Detail,22500462,698,201939,Stephen Curry,1610612744,Golden State Warriors,4,3,26,Made Shot,Jump Bank Shot,2PT Field Goal,Mid-Range,Right Side Center(RC),16-24 ft.,17.0,126.0,119.0,1,1,20251231,CHA,GSW,Stephen Curry,2025,CHA,Made,17.331185764395926,Stephen Curry
Shot Chart Detail,22500462,719,201939,Stephen Curry,1610612744,Golden State Warriors,4,0,55,Missed Shot,Step Back Jump shot,3PT Field Goal,Above the Break 3,Left Side Center(LC),24+ ft.,25.0,-163.0,197.0,1,0,20251231,CHA,GSW,Stephen Curry,2025,CHA,Missed,25.56912200291594,Stephen Curry
Shot Chart Detail,22500492,12,201939,Stephen Curry,1610612744,Golden State Warriors,1,11,7,Missed Shot,Step Back Jump shot,3PT Field Goal,Above the Break 3,Right Side Center(RC),24+ ft.,26.0,174.0,204.0,1,0,20260103,GSW,UTA,Stephen Curry,2026,GSW,Missed,26.812683565805195,Stephen Curry
Shot Chart Detail,22500492,20,201939,Stephen Curry,1610612744,Golden State Warriors,1,10,10,Missed Shot,Driving Floating Jump Shot,2PT Field Goal,In The Paint (Non-RA),Center(C),8-16 ft.,12.0,26.0,124.0,1,0,20260103,GSW,UTA,Stephen Curry,2026,GSW,Missed,12.669648771769484,Stephen Curry
Shot Chart Detail,22500492,64,201939,Stephen Curry,1610612744,Golden State Warriors,1,7,6,Missed Shot,Jump Shot,3PT Field Goal,Above the Break 3,Center(C),24+ ft.,27.0,-48.0,269.0,1,0,20260103,GSW,UTA,Stephen Curry,2026,GSW,Missed,27.32489707208428,Stephen Curry
Shot Chart Detail,22500492,98,201939,Stephen Curry,1610612744,Golden State Warriors,1,5,15,Made Shot,Pullup Jump shot,3PT Field Goal,Above the Break 3,Right Side Center(RC),24+ ft.,26.0,186.0,195.0,1,1,20260103,GSW,UTA,Stephen Curry,2026,GSW,Made,26.94828380435385,Stephen Curry
Shot Chart Detail,22500492,297,201939,Stephen Curry,1610612744,Golden State Warriors,2,2,48,Missed Shot,Jump Shot,3PT Field Goal,Above the Break 3,Right Side Center(RC),24+ ft.,29.0,131.0,266.0,1,0,20260103,GSW,UTA,Stephen Curry,2026,GSW,Missed,29.650801000984778,Stephen Curry
Shot Chart Detail,22500492,342,201939,Stephen Curry,1610612744,Golden State Warriors,2,0,20,Missed Shot,Jump Shot,3PT Field Goal,Above the Break 3,Left Side Center(LC),24+ ft.,25.0,-225.0,115.0,1,0,20260103,GSW,UTA,Stephen Curry,2026,GSW,Missed,25.268557536986556,Stephen Curry
Shot Chart Detail,22500492,351,201939,Stephen Curry,1610612744,Golden State Warriors,2,0,8,Made Shot,Step Back Jump shot,3PT Field Goal,Above the Break 3,Right Side Center(RC),24+ ft.,27.0,107.0,252.0,1,1,20260103,GSW,UTA,Stephen Curry,2026,GSW,Made,27.377545543748074,Stephen Curry
Shot Chart Detail,22500492,377,201939,Stephen Curry,1610612744,Golden State Warriors,3,9,59,Made Shot,Step Back Jump shot,3PT Field Goal,Above the Break 3,Right Side Center(RC),24+ ft.,26.0,110.0,241.0,1,1,20260103,GSW,UTA,Stephen Curry,2026,GSW,Made,26.491696812397652,Stephen Curry
Shot Chart Detail,22500492,405,201939,Stephen Curry,1610612744,Golden State Warriors,3,8,25,Missed Shot,Jump Shot,3PT Field Goal,Above the Break 3,Right Side Center(RC),24+ ft.,25.0,105.0,228.0,1,0,20260103,GSW,UTA,Stephen Curry,2026,GSW,Missed,25.101593574910737,Stephen Curry
Shot Chart Detail,22500492,416,201939,Stephen Curry,1610612744,Golden State Warriors,3,7,1,Made Shot,Pullup Jump shot,3PT Field Goal,Above the Break 3,Right Side Center(RC),24+ ft.,25.0,153.0,202.0,1,1,20260103,GSW,UTA,Stephen Curry,2026,GSW,Made,25.34028413416077,Stephen Curry
Shot Chart Detail,22500492,432,201939,Stephen Curry,1610612744,Golden State Warriors,3,6,25,Made Shot,Jump Shot,3PT Field Goal,Above the Break 3,Left Side Center(LC),24+ ft.,32.0,-178.0,277.0,1,1,20260103,GSW,UTA,Stephen Curry,2026,GSW,Made,32.9261294415241,Stephen Curry
Shot Chart Detail,22500492,465,201939,Stephen Curry,1610612744,Golden State Warriors,3,4,19,Made Shot,Cutting Layup Shot,2PT Field Goal,Restricted Area,Center(C),Less Than 8 ft.,2.0,11.0,27.0,1,1,20260103,GSW,UTA,Stephen Curry,2026,GSW,Made,2.9154759474226504,Stephen Curry
Shot Chart Detail,22500492,481,201939,Stephen Curry,1610612744,Golden State Warriors,3,3,5,Made Shot,Pullup Jump shot,2PT Field Goal,Mid-Range,Left Side(L),8-16 ft.,15.0,-113.0,99.0,1,1,20260103,GSW,UTA,Stephen Curry,2026,GSW,Made,15.023315213360865,Stephen Curry
Shot Chart Detail,22500492,483,201939,Stephen Curry,1610612744,Golden State Warriors,3,2,46,Made Shot,Pullup Jump shot,3PT Field Goal,Above the Break 3,Center(C),24+ ft.,35.0,51.0,352.0,1,1,20260103,GSW,UTA,Stephen Curry,2026,GSW,Made,35.56754138255834,Stephen Curry
Shot Chart Detail,22500492,521,201939,Stephen Curry,1610612744,Golden State Warriors,3,1,16,Missed Shot,Jump Shot,3PT Field Goal,Above the Break 3,Right Side Center(RC),24+ ft.,28.0,88.0,270.0,1,0,20260103,GSW,UTA,Stephen Curry,2026,GSW,Missed,28.397887245356827,Stephen Curry
Shot Chart Detail,22500492,657,201939,Stephen Curry,1610612744,Golden State Warriors,4,4,37,Missed Shot,Floating Jump shot,2PT Field Goal,In The Paint (Non-RA),Center(C),8-16 ft.,10.0,6.0,102.0,1,0,20260103,GSW,UTA,Stephen Curry,2026,GSW,Missed,10.21763181955584,Stephen Curry
Shot Chart Detail,22500492,675,201939,Stephen Curry,1610612744,Golden State Warriors,4,2,52,Missed Shot,Step Back Jump shot,2PT Field Goal,Mid-Range,Center(C),16-24 ft.,21.0,64.0,204.0,1,0,20260103,GSW,UTA,Stephen Curry,2026,GSW,Missed,21.380364823828426,Stephen Curry
Shot Chart Detail,22500492,697,201939,Stephen Curry,1610612744,Golden State Warriors,4,0,22,Missed Shot,Driving Finger Roll Layup Shot,2PT Field Goal,In The Paint (Non-RA),Right Side(R),8-16 ft.,8.0,60.0,57.0,1,0,20260103,GSW,UTA,Stephen Curry,2026,GSW,Missed,8.275868534480233,Stephen Curry
Shot Chart Detail,22500508,7,201939,Stephen Curry,1610612744,Golden State Warriors,1,11,42,Missed Shot,Step Back Jump shot,3PT Field Goal,Left Corner 3,Left Side(L),24+ ft.,23.0,-227.0,42.0,1,0,20260105,LAC,GSW,Stephen Curry,2026,LAC,Missed,23.085276693165277,Stephen Curry
Shot Chart Detail,22500508,35,201939,Stephen Curry,1610612744,Golden State Warriors,1,8,53,Made Shot,Running Pull-Up Jump Shot,2PT Field Goal,Mid-Range,Left Side Center(LC),16-24 ft.,20.0,-138.0,147.0,1,1,20260105,LAC,GSW,Stephen Curry,2026,LAC,Made,20.162589119455866,Stephen Curry
Shot Chart Detail,22500508,75,201939,Stephen Curry,1610612744,Golden State Warriors,1,5,48,Missed Shot,Pullup Jump shot,3PT Field Goal,Above the Break 3,Right Side Center(RC),24+ ft.,27.0,174.0,216.0,1,0,20260105,LAC,GSW,Stephen Curry,2026,LAC,Missed,27.736618395182926,Stephen Curry
Shot Chart Detail,22500508,96,201939,Stephen Curry,1610612744,Golden State Warriors,1,5,6,Missed Shot,Jump Shot,3PT Field Goal,Right Corner 3,Right Side(R),24+ ft.,22.0,227.0,13.0,1,0,20260105,LAC,GSW,Stephen Curry,2026,LAC,Missed,22.73719419805355,Stephen Curry
Shot Chart Detail,22500508,194,201939,Stephen Curry,1610612744,Golden State Warriors,2,11,15,Made Shot,Jump Shot,3PT Field Goal,Above the Break 3,Right Side Center(RC),24+ ft.,25.0,132.0,221.0,1,1,20260105,LAC,GSW,Stephen Curry,2026,LAC,Made,25.741989045137906,Stephen Curry
Shot Chart Detail,22500508,202,201939,Stephen Curry,1610612744,Golden State Warriors,2,9,59,Made Shot,Driving Floating Jump Shot,2PT Field Goal,Mid-Range,Left Side(L),16-24 ft.,18.0,-186.0,37.0,1,1,20260105,LAC,GSW,Stephen Curry,2026,LAC,Made,18.964440408301005,Stephen Curry
Shot Chart Detail,22500508,229,201939,Stephen Curry,1610612744,Golden State Warriors,2,7,39,Missed Shot,Jump Shot,3PT Field Goal,Above the Break 3,Left Side Center(LC),24+ ft.,31.0,-130.0,285.0,1,0,20260105,LAC,GSW,Stephen Curry,2026,LAC,Missed,31.32491021535417,Stephen Curry
Shot Chart Detail,22500508,235,201939,Stephen Curry,1610612744,Golden State Warriors,2,7,16,Made Shot,Running Layup Shot,2PT Field Goal,Restricted Area,Center(C),Less Than 8 ft.,2.0,20.0,22.0,1,1,20260105,LAC,GSW,Stephen Curry,2026,LAC,Made,2.973213749463701,Stephen Curry
Shot Chart Detail,22500508,299,201939,Stephen Curry,1610612744,Golden State Warriors,2,2,54,Made Shot,Jump Shot,3PT Field Goal,Above the Break 3,Left Side Center(LC),24+ ft.,25.0,-159.0,200.0,1,1,20260105,LAC,GSW,Stephen Curry,2026,LAC,Made,25.550146770615623,Stephen Curry
Shot Chart Detail,22500508,303,201939,Stephen Curry,1610612744,Golden State Warriors,2,2,27,Missed Shot,Step Back Jump shot,3PT Field Goal,Left Corner 3,Left Side(L),24+ ft.,24.0,-233.0,68.0,1,0,20260105,LAC,GSW,Stephen Curry,2026,LAC,Missed,24.272000329597887,Stephen Curry
Shot Chart Detail,22500508,307,201939,Stephen Curry,1610612744,Golden State Warriors,2,2,4,Made Shot,Driving Layup Shot,2PT Field Goal,In The Paint (Non-RA),Center(C),Less Than 8 ft.,7.0,-66.0,33.0,1,1,20260105,LAC,GSW,Stephen Curry,2026,LAC,Made,7.379024325749306,Stephen Curry
Shot Chart Detail,22500508,331,201939,Stephen Curry,1610612744,Golden State Warriors,2,0,37,Missed Shot,Pullup Jump shot,3PT Field Goal,Above the Break 3,Center(C),24+ ft.,29.0,-11.0,298.0,1,0,20260105,LAC,GSW,Stephen Curry,2026,LAC,Missed,29.820295102496893,Stephen Curry
Shot Chart Detail,22500508,350,201939,Stephen Curry,1610612744,Golden State Warriors,3,11,23,Made Shot,Pullup Jump shot,2PT Field Goal,Mid-Range,Left Side Center(LC),16-24 ft.,18.0,-120.0,136.0,1,1,20260105,LAC,GSW,Stephen Curry,2026,LAC,Made,18.137254478007414,Stephen Curry
Shot Chart Detail,22500508,370,201939,Stephen Curry,1610612744,Golden State Warriors,3,8,40,Missed Shot,Running Finger Roll Layup Shot,2PT Field Goal,Restricted Area,Center(C),Less Than 8 ft.,3.0,-4.0,32.0,1,0,20260105,LAC,GSW,Stephen Curry,2026,LAC,Missed,3.2249030993194197,Stephen Curry
Shot Chart Detail,22500508,375,201939,Stephen Curry,1610612744,Golden State Warriors,3,8,23,Missed Shot,Driving Layup Shot,2PT Field Goal,Restricted Area,Center(C),Less Than 8 ft.,2.0,20.0,8.0,1,0,20260105,LAC,GSW,Stephen Curry,2026,LAC,Missed,2.1540659228538015,Stephen Curry
Shot Chart Detail,22500508,389,201939,Stephen Curry,1610612744,Golden State Warriors,3,7,29,Missed Shot,Step Back Jump shot,3PT Field Goal,Above the Break 3,Right Side Center(RC),24+ ft.,29.0,121.0,268.0,1,0,20260105,LAC,GSW,Stephen Curry,2026,LAC,Missed,29.404931559178983,Stephen Curry
Shot Chart Detail,22500508,421,201939,Stephen Curry,1610612744,Golden State Warriors,3,6,7,Missed Shot,Jump Shot,3PT Field Goal,Above the Break 3,Center(C),24+ ft.,27.0,66.0,264.0,1,0,20260105,LAC,GSW,Stephen Curry,2026,LAC,Missed,27.21249712907656,Stephen Curry
Shot Chart Detail,22500508,448,201939,Stephen Curry,1610612744,Golden State Warriors,3,4,24,Missed Shot,Jump Shot,3PT Field Goal,Above the Break 3,Center(C),24+ ft.,25.0,32.0,253.0,1,0,20260105,LAC,GSW,Stephen Curry,2026,LAC,Missed,25.501568579207046,Stephen Curry
Shot Chart Detail,22500508,518,201939,Stephen Curry,1610612744,Golden State Warriors,4,11,9,Missed Shot,Turnaround Jump Shot,2PT Field Goal,Mid-Range,Right Side(R),8-16 ft.,15.0,113.0,109.0,1,0,20260105,LAC,GSW,Stephen Curry,2026,LAC,Missed,15.700318468107582,Stephen Curry
Shot Chart Detail,22500508,551,201939,Stephen Curry,1610612744,Golden State Warriors,4,8,37,Missed Shot,Pullup Jump shot,3PT Field Goal,Above the Break 3,Left Side Center(LC),24+ ft.,28.0,-141.0,253.0,1,0,20260105,LAC,GSW,Stephen Curry,2026,LAC,Missed,28.963770472782027,Stephen Curry
Shot Chart Detail,22500508,627,201939,Stephen Curry,1610612744,Golden State Warriors,4,4,55,Missed Shot,Step Back Jump shot,3PT Field Goal,Above the Break 3,Left Side Center(LC),24+ ft.,25.0,-223.0,124.0,1,0,20260105,LAC,GSW,Stephen Curry,2026,LAC,Missed,25.515681452785067,Stephen Curry
Shot Chart Detail,22500508,667,201939,Stephen Curry,1610612744,Golden State Warriors,4,1,38,Made Shot,Jump Shot,3PT Field Goal,Above the Break 3,Right Side Center(RC),24+ ft.,28.0,134.0,248.0,1,1,20260105,LAC,GSW,Stephen Curry,2026,LAC,Made,28.188650198262422,Stephen Curry
Shot Chart Detail,22500508,671,201939,Stephen Curry,1610612744,Golden State Warriors,4,1,5,Made Shot,Pullup Jump shot,3PT Field Goal,Above the Break 3,Center(C),24+ ft.,25.0,-50.0,246.0,1,1,20260105,LAC,GSW,Stephen Curry,2026,LAC,Made,25.10298786997277,Stephen Curry
Shot Chart Detail,22500526,17,201939,Stephen Curry,1610612744,Golden State Warriors,1,10,21,Made Shot,Cutting Finger Roll Layup Shot,2PT Field Goal,Restricted Area,Center(C),Less Than 8 ft.,2.0,-26.0,-5.0,1,1,20260107,GSW,MIL,Stephen Curry,2026,GSW,Made,2.6476404589747453,Stephen Curry
Shot Chart Detail,22500526,50,201939,Stephen Curry,1610612744,Golden State Warriors,1,7,43,Missed Shot,Jump Shot,3PT Field Goal,Above the Break 3,Right Side Center(RC),24+ ft.,28.0,150.0,244.0,1,0,20260107,GSW,MIL,Stephen Curry,2026,GSW,Missed,28.641927309453184,Stephen Curry
Shot Chart Detail,22500526,75,201939,Stephen Curry,1610612744,Golden State Warriors,1,5,15,Missed Shot,Running Jump Shot,3PT Field Goal,Left Corner 3,Left Side(L),24+ ft.,24.0,-234.0,55.0,1,0,20260107,GSW,MIL,Stephen Curry,2026,GSW,Missed,24.03767875648562,Stephen Curry
Shot Chart Detail,22500526,77,201939,Stephen Curry,1610612744,Golden State Warriors,1,5,5,Made Shot,Pullup Jump shot,2PT Field Goal,In The Paint (Non-RA),Center(C),Less Than 8 ft.,5.0,-48.0,34.0,1,1,20260107,GSW,MIL,Stephen Curry,2026,GSW,Made,5.882176467941097,Stephen Curry
Shot Chart Detail,22500526,81,201939,Stephen Curry,1610612744,Golden State Warriors,1,4,44,Made Shot,Jump Shot,3PT Field Goal,Above the Break 3,Left Side Center(LC),24+ ft.,29.0,-206.0,217.0,1,1,20260107,GSW,MIL,Stephen Curry,2026,GSW,Made,29.92072860075436,Stephen Curry
Shot Chart Detail,22500526,96,201939,Stephen Curry,1610612744,Golden State Warriors,1,4,5,Made Shot,Driving Finger Roll Layup Shot,2PT Field Goal,In The Paint (Non-RA),Center(C),Less Than 8 ft.,6.0,-11.0,64.0,1,1,20260107,GSW,MIL,Stephen Curry,2026,GSW,Made,6.493843238021688,Stephen Curry
Shot Chart Detail,22500526,155,201939,Stephen Curry,1610612744,Golden State Warriors,2,11,7,Missed Shot,Jump Shot,3PT Field Goal,Above the Break 3,Center(C),24+ ft.,27.0,-53.0,269.0,1,0,20260107,GSW,MIL,Stephen Curry,2026,GSW,Missed,27.417147918775214,Stephen Curry
Shot Chart Detail,22500526,157,201939,Stephen Curry,1610612744,Golden State Warriors,2,11,2,Made Shot,Jump Shot,3PT Field Goal,Above the Break 3,Left Side Center(LC),24+ ft.,26.0,-147.0,220.0,1,1,20260107,GSW,MIL,Stephen Curry,2026,GSW,Made,26.4592138961081,Stephen Curry
Shot Chart Detail,22500526,259,201939,Stephen Curry,1610612744,Golden State Warriors,2,3,10,Missed Shot,Driving Floating Bank Jump Shot,2PT Field Goal,Mid-Range,Left Side(L),8-16 ft.,11.0,-102.0,50.0,1,0,20260107,GSW,MIL,Stephen Curry,2026,GSW,Missed,11.359577456930342,Stephen Curry
Shot Chart Detail,22500526,263,201939,Stephen Curry,1610612744,Golden State Warriors,2,2,44,Missed Shot,Step Back Jump shot,2PT Field Goal,Mid-Range,Left Side Center(LC),16-24 ft.,21.0,-169.0,137.0,1,0,20260107,GSW,MIL,Stephen Curry,2026,GSW,Missed,21.755459085020476,Stephen Curry
Shot Chart Detail,22500526,322,201939,Stephen Curry,1610612744,Golden State Warriors,3,11,21,Missed Shot,Jump Shot,3PT Field Goal,Above the Break 3,Right Side Center(RC),24+ ft.,28.0,142.0,250.0,1,0,20260107,GSW,MIL,Stephen Curry,2026,GSW,Missed,28.751347794494784,Stephen Curry
Shot Chart Detail,22500526,331,201939,Stephen Curry,1610612744,Golden State Warriors,3,10,21,Made Shot,Driving Floating Bank Jump Shot,2PT Field Goal,Mid-Range,Right Side(R),8-16 ft.,13.0,107.0,85.0,1,1,20260107,GSW,MIL,Stephen Curry,2026,GSW,Made,13.665284482951682,Stephen Curry
Shot Chart Detail,22500526,335,201939,Stephen Curry,1610612744,Golden State Warriors,3,10,0,Made Shot,Jump Shot,2PT Field Goal,Mid-Range,Right Side(R),16-24 ft.,19.0,167.0,110.0,1,1,20260107,GSW,MIL,Stephen Curry,2026,GSW,Made,19.9972498109115,Stephen Curry
Shot Chart Detail,22500526,367,201939,Stephen Curry,1610612744,Golden State Warriors,3,7,46,Made Shot,Driving Floating Jump Shot,2PT Field Goal,In The Paint (Non-RA),Center(C),8-16 ft.,8.0,-31.0,75.0,1,1,20260107,GSW,MIL,Stephen Curry,2026,GSW,Made,8.115417426109392,Stephen Curry
Shot Chart Detail,22500526,375,201939,Stephen Curry,1610612744,Golden State Warriors,3,6,43,Missed Shot,Jump Shot,3PT Field Goal,Above the Break 3,Right Side Center(RC),24+ ft.,27.0,161.0,227.0,1,0,20260107,GSW,MIL,Stephen Curry,2026,GSW,Missed,27.829840100151493,Stephen Curry
Shot Chart Detail,22500526,408,201939,Stephen Curry,1610612744,Golden State Warriors,3,4,55,Made Shot,Jump Shot,3PT Field Goal,Above the Break 3,Center(C),24+ ft.,25.0,-12.0,257.0,1,1,20260107,GSW,MIL,Stephen Curry,2026,GSW,Made,25.72800031094527,Stephen Curry
Shot Chart Detail,22500526,412,201939,Stephen Curry,1610612744,Golden State Warriors,3,4,22,Made Shot,Driving Reverse Layup Shot,2PT Field Goal,Restricted Area,Center(C),Less Than 8 ft.,3.0,-31.0,9.0,1,1,20260107,GSW,MIL,Stephen Curry,2026,GSW,Made,3.228002478313795,Stephen Curry
Shot Chart Detail,22500526,509,201939,Stephen Curry,1610612744,Golden State Warriors,4,9,59,Made Shot,Driving Finger Roll Layup Shot,2PT Field Goal,In The Paint (Non-RA),Right Side(R),8-16 ft.,8.0,58.0,61.0,1,1,20260107,GSW,MIL,Stephen Curry,2026,GSW,Made,8.417244204607586,Stephen Curry
Shot Chart Detail,22500526,586,201939,Stephen Curry,1610612744,Golden State Warriors,4,3,52,Missed Shot,Jump Shot,3PT Field Goal,Above the Break 3,Center(C),24+ ft.,25.0,-21.0,255.0,1,0,20260107,GSW,MIL,Stephen Curry,2026,GSW,Missed,25.586324472264476,Stephen Curry
Shot Chart Detail,22500526,606,201939,Stephen Curry,1610612744,Golden State Warriors,4,2,9,Missed Shot,Driving Finger Roll Layup Shot,2PT Field Goal,In The Paint (Non-RA),Center(C),Less Than 8 ft.,4.0,-33.0,24.0,1,0,20260107,GSW,MIL,Stephen Curry,2026,GSW,Missed,4.080441152620633,Stephen Curry
Shot Chart Detail,22500526,630,201939,Stephen Curry,1610612744,Golden State Warriors,4,0,26,Made Shot,Step Back Jump shot,2PT Field Goal,Mid-Range,Right Side(R),16-24 ft.,21.0,186.0,114.0,1,1,20260107,GSW,MIL,Stephen Curry,2026,GSW,Made,21.815590755237412,Stephen Curry
Shot Chart Detail,22500539,17,201939,Stephen Curry,1610612744,Golden State Warriors,1,10,51,Made Shot,Driving Layup Shot,2PT Field Goal,In The Paint (Non-RA),Center(C),Less Than 8 ft.,5.0,-12.0,49.0,1,1,20260109,GSW,SAC,Stephen Curry,2026,GSW,Made,5.044799302251776,Stephen Curry
Shot Chart Detail,22500539,31,201939,Stephen Curry,1610612744,Golden State Warriors,1,9,30,Made Shot,Jump Shot,3PT Field Goal,Above the Break 3,Left Side Center(LC),24+ ft.,25.0,-197.0,165.0,1,1,20260109,GSW,SAC,Stephen Curry,2026,GSW,Made,25.69708154635464,Stephen Curry
Shot Chart Detail,22500539,35,201939,Stephen Curry,1610612744,Golden State Warriors,1,9,7,Missed Shot,Driving Layup Shot,2PT Field Goal,In The Paint (Non-RA),Center(C),Less Than 8 ft.,5.0,-26.0,49.0,1,0,20260109,GSW,SAC,Stephen Curry,2026,GSW,Missed,5.547071299343465,Stephen Curry
Shot Chart Detail,22500539,60,201939,Stephen Curry,1610612744,Golden State Warriors,1,7,4,Made Shot,Jump Shot,3PT Field Goal,Above the Break 3,Left Side Center(LC),24+ ft.,26.0,-199.0,176.0,1,1,20260109,GSW,SAC,Stephen Curry,2026,GSW,Made,26.566332076521213,Stephen Curry
Shot Chart Detail,22500539,71,201939,Stephen Curry,1610612744,Golden State Warriors,1,5,50,Missed Shot,Jump Shot,3PT Field Goal,Above the Break 3,Center(C),24+ ft.,26.0,-61.0,258.0,1,0,20260109,GSW,SAC,Stephen Curry,2026,GSW,Missed,26.511318337645907,Stephen Curry
Shot Chart Detail,22500539,111,201939,Stephen Curry,1610612744,Golden State Warriors,1,4,51,Missed Shot,Jump Shot,2PT Field Goal,Mid-Range,Left Side Center(LC),16-24 ft.,18.0,-107.0,153.0,1,0,20260109,GSW,SAC,Stephen Curry,2026,GSW,Missed,18.670297265978384,Stephen Curry
Shot Chart Detail,22500539,113,201939,Stephen Curry,1610612744,Golden State Warriors,1,4,24,Made Shot,Cutting Layup Shot,2PT Field Goal,In The Paint (Non-RA),Center(C),Less Than 8 ft.,6.0,-67.0,8.0,1,1,20260109,GSW,SAC,Stephen Curry,2026,GSW,Made,6.747592163134935,Stephen Curry
Shot Chart Detail,22500539,117,201939,Stephen Curry,1610612744,Golden State Warriors,1,3,54,Missed Shot,Jump Shot,3PT Field Goal,Above the Break 3,Center(C),24+ ft.,25.0,-49.0,248.0,1,0,20260109,GSW,SAC,Stephen Curry,2026,GSW,Missed,25.279438284898657,Stephen Curry
Shot Chart Detail,22500539,179,201939,Stephen Curry,1610612744,Golden State Warriors,2,11,21,Missed Shot,Layup Shot,2PT Field Goal,Restricted Area,Center(C),Less Than 8 ft.,1.0,13.0,7.0,1,0,20260109,GSW,SAC,Stephen Curry,2026,GSW,Missed,1.47648230602334,Stephen Curry
Shot Chart Detail,22500539,192,201939,Stephen Curry,1610612744,Golden State Warriors,2,10,30,Made Shot,Cutting Layup Shot,2PT Field Goal,Restricted Area,Center(C),Less Than 8 ft.,3.0,-34.0,13.0,1,1,20260109,GSW,SAC,Stephen Curry,2026,GSW,Made,3.6400549446402595,Stephen Curry
Shot Chart Detail,22500539,209,201939,Stephen Curry,1610612744,Golden State Warriors,2,8,48,Missed Shot,Running Pull-Up Jump Shot,3PT Field Goal,Above the Break 3,Right Side Center(RC),24+ ft.,25.0,108.0,235.0,1,0,20260109,GSW,SAC,Stephen Curry,2026,GSW,Missed,25.862907802488103,Stephen Curry
Shot Chart Detail,22500539,218,201939,Stephen Curry,1610612744,Golden State Warriors,2,7,48,Made Shot,Jump Shot,3PT Field Goal,Left Corner 3,Left Side(L),24+ ft.,23.0,-239.0,18.0,1,1,20260109,GSW,SAC,Stephen Curry,2026,GSW,Made,23.967686580060246,Stephen Curry
Shot Chart Detail,22500539,314,201939,Stephen Curry,1610612744,Golden State Warriors,2,0,56,Made Shot,Driving Layup Shot,2PT Field Goal,Mid-Range,Right Side(R),8-16 ft.,8.0,81.0,31.0,1,1,20260109,GSW,SAC,Stephen Curry,2026,GSW,Made,8.67294644281861,Stephen Curry
Shot Chart Detail,22500539,366,201939,Stephen Curry,1610612744,Golden State Warriors,3,9,8,Missed Shot,Jump Shot,3PT Field Goal,Above the Break 3,Right Side Center(RC),24+ ft.,25.0,234.0,93.0,1,0,20260109,GSW,SAC,Stephen Curry,2026,GSW,Missed,25.180349481291955,Stephen Curry
Shot Chart Detail,22500539,372,201939,Stephen Curry,1610612744,Golden State Warriors,3,8,42,Made Shot,Jump Shot,3PT Field Goal,Above the Break 3,Right Side Center(RC),24+ ft.,28.0,181.0,222.0,1,1,20260109,GSW,SAC,Stephen Curry,2026,GSW,Made,28.64349838968697,Stephen Curry
Shot Chart Detail,22500539,404,201939,Stephen Curry,1610612744,Golden State Warriors,3,6,16,Made Shot,Jump Shot,3PT Field Goal,Above the Break 3,Right Side Center(RC),24+ ft.,27.0,164.0,226.0,1,1,20260109,GSW,SAC,Stephen Curry,2026,GSW,Made,27.923466833471803,Stephen Curry
Shot Chart Detail,22500539,408,201939,Stephen Curry,1610612744,Golden State Warriors,3,5,37,Made Shot,Pullup Jump shot,3PT Field Goal,Above the Break 3,Right Side Center(RC),24+ ft.,26.0,185.0,194.0,1,1,20260109,GSW,SAC,Stephen Curry,2026,GSW,Made,26.80690209628856,Stephen Curry
Shot Chart Detail,22500539,432,201939,Stephen Curry,1610612744,Golden State Warriors,3,4,34,Missed Shot,Pullup Jump shot,2PT Field Goal,Mid-Range,Left Side Center(LC),16-24 ft.,20.0,-148.0,138.0,1,0,20260109,GSW,SAC,Stephen Curry,2026,GSW,Missed,20.235612172603034,Stephen Curry
Shot Chart Detail,22500539,451,201939,Stephen Curry,1610612744,Golden State Warriors,3,3,25,Missed Shot,Pullup Jump shot,2PT Field Goal,Mid-Range,Right Side(R),16-24 ft.,19.0,185.0,56.0,1,0,20260109,GSW,SAC,Stephen Curry,2026,GSW,Missed,19.328993765843062,Stephen Curry
Shot Chart Detail,22500539,558,201939,Stephen Curry,1610612744,Golden State Warriors,4,8,2,Missed Shot,Jump Shot,3PT Field Goal,Above the Break 3,Right Side Center(RC),24+ ft.,33.0,194.0,274.0,1,0,20260109,GSW,SAC,Stephen Curry,2026,GSW,Missed,33.57260788202191,Stephen Curry
Shot Chart Detail,22500539,563,201939,Stephen Curry,1610612744,Golden State Warriors,4,7,17,Missed Shot,Pullup Jump shot,3PT Field Goal,Above the Break 3,Left Side Center(LC),24+ ft.,26.0,-88.0,245.0,1,0,20260109,GSW,SAC,Stephen Curry,2026,GSW,Missed,26.03247971285102,Stephen Curry
Shot Chart Detail,22500556,10,201939,Stephen Curry,1610612744,Golden State Warriors,1,11,14,Made Shot,Step Back Jump shot,2PT Field Goal,Mid-Range,Right Side(R),16-24 ft.,17.0,163.0,57.0,1,1,20260111,GSW,ATL,Stephen Curry,2026,GSW,Made,17.267889274604467,Stephen Curry
Shot Chart Detail,22500556,51,201939,Stephen Curry,1610612744,Golden State Warriors,1,8,5,Made Shot,Jump Shot,3PT Field Goal,Right Corner 3,Right Side(R),24+ ft.,23.0,227.0,58.0,1,1,20260111,GSW,ATL,Stephen Curry,2026,GSW,Made,23.429255216502295,Stephen Curry
Shot Chart Detail,22500556,66,201939,Stephen Curry,1610612744,Golden State Warriors,1,6,42,Missed Shot,Cutting Finger Roll Layup Shot,2PT Field Goal,Restricted Area,Center(C),Less Than 8 ft.,1.0,-4.0,13.0,1,0,20260111,GSW,ATL,Stephen Curry,2026,GSW,Missed,1.3601470508735445,Stephen Curry
Shot Chart Detail,22500556,94,201939,Stephen Curry,1610612744,Golden State Warriors,1,5,13,Missed Shot,Pullup Jump shot,3PT Field Goal,Above the Break 3,Center(C),24+ ft.,39.0,29.0,394.0,1,0,20260111,GSW,ATL,Stephen Curry,2026,GSW,Missed,39.506581730137064,Stephen Curry
Shot Chart Detail,22500556,99,201939,Stephen Curry,1610612744,Golden State Warriors,1,4,36,Made Shot,Turnaround Jump Shot,2PT Field Goal,Mid-Range,Left Side(L),8-16 ft.,11.0,-119.0,11.0,1,1,20260111,GSW,ATL,Stephen Curry,2026,GSW,Made,11.950732195141851,Stephen Curry
Shot Chart Detail,22500556,103,201939,Stephen Curry,1610612744,Golden State Warriors,1,4,11,Missed Shot,Pullup Jump shot,3PT Field Goal,Above the Break 3,Center(C),24+ ft.,28.0,10.0,284.0,1,0,20260111,GSW,ATL,Stephen Curry,2026,GSW,Missed,28.417600180170034,Stephen Curry
Shot Chart Detail,22500556,105,201939,Stephen Curry,1610612744,Golden State Warriors,1,4,8,Missed Shot,Jump Shot,3PT Field Goal,Above the Break 3,Left Side Center(LC),24+ ft.,25.0,-230.0,101.0,1,0,20260111,GSW,ATL,Stephen Curry,2026,GSW,Missed,25.119912420229493,Stephen Curry
Shot Chart Detail,22500556,227,201939,Stephen Curry,1610612744,Golden State Warriors,2,7,57,Made Shot,Reverse Layup Shot,2PT Field Goal,Restricted Area,Center(C),Less Than 8 ft.,1.0,-10.0,12.0,1,1,20260111,GSW,ATL,Stephen Curry,2026,GSW,Made,1.5620499351813308,Stephen Curry
Shot Chart Detail,22500556,330,201939,Stephen Curry,1610612744,Golden State Warriors,2,2,21,Missed Shot,Pullup Jump shot,3PT Field Goal,Above the Break 3,Left Side Center(LC),24+ ft.,27.0,-162.0,218.0,1,0,20260111,GSW,ATL,Stephen Curry,2026,GSW,Missed,27.16026509443529,Stephen Curry
Shot Chart Detail,22500556,403,201939,Stephen Curry,1610612744,Golden State Warriors,3,9,31,Made Shot,Driving Floating Jump Shot,2PT Field Goal,In The Paint (Non-RA),Center(C),8-16 ft.,11.0,-58.0,101.0,1,1,20260111,GSW,ATL,Stephen Curry,2026,GSW,Made,11.646887996370532,Stephen Curry
Shot Chart Detail,22500556,424,201939,Stephen Curry,1610612744,Golden State Warriors,3,7,19,Made Shot,Running Jump Shot,3PT Field Goal,Above the Break 3,Left Side Center(LC),24+ ft.,25.0,-225.0,116.0,1,1,20260111,GSW,ATL,Stephen Curry,2026,GSW,Made,25.31422524984717,Stephen Curry
Shot Chart Detail,22500556,443,201939,Stephen Curry,1610612744,Golden State Warriors,3,6,19,Made Shot,Driving Reverse Layup Shot,2PT Field Goal,Restricted Area,Center(C),Less Than 8 ft.,2.0,13.0,26.0,1,1,20260111,GSW,ATL,Stephen Curry,2026,GSW,Made,2.906888370749727,Stephen Curry
Shot Chart Detail,22500556,445,201939,Stephen Curry,1610612744,Golden State Warriors,3,5,58,Missed Shot,Jump Shot,3PT Field Goal,Above the Break 3,Right Side Center(RC),24+ ft.,27.0,137.0,237.0,1,0,20260111,GSW,ATL,Stephen Curry,2026,GSW,Missed,27.37480593538519,Stephen Curry
Shot Chart Detail,22500556,467,201939,Stephen Curry,1610612744,Golden State Warriors,3,4,47,Missed Shot,Pullup Jump shot,3PT Field Goal,Above the Break 3,Left Side Center(LC),24+ ft.,29.0,-98.0,276.0,1,0,20260111,GSW,ATL,Stephen Curry,2026,GSW,Missed,29.288222889072664,Stephen Curry
Shot Chart Detail,22500556,473,201939,Stephen Curry,1610612744,Golden State Warriors,3,4,14,Missed Shot,Driving Finger Roll Layup Shot,2PT Field Goal,In The Paint (Non-RA),Center(C),Less Than 8 ft.,5.0,38.0,35.0,1,0,20260111,GSW,ATL,Stephen Curry,2026,GSW,Missed,5.166236541235795,Stephen Curry
Shot Chart Detail,22500556,479,201939,Stephen Curry,1610612744,Golden State Warriors,3,3,41,Made Shot,Cutting Layup Shot,2PT Field Goal,Restricted Area,Center(C),Less Than 8 ft.,2.0,25.0,15.0,1,1,20260111,GSW,ATL,Stephen Curry,2026,GSW,Made,2.9154759474226504,Stephen Curry
Shot Chart Detail,22500556,554,201939,Stephen Curry,1610612744,Golden State Warriors,4,10,44,Made Shot,Driving Floating Bank Jump Shot,2PT Field Goal,In The Paint (Non-RA),Center(C),Less Than 8 ft.,6.0,50.0,46.0,1,1,20260111,GSW,ATL,Stephen Curry,2026,GSW,Made,6.794115100585212,Stephen Curry
Shot Chart Detail,22500556,562,201939,Stephen Curry,1610612744,Golden State Warriors,4,10,27,Missed Shot,Running Pull-Up Jump Shot,3PT Field Goal,Above the Break 3,Center(C),24+ ft.,32.0,7.0,321.0,1,0,20260111,GSW,ATL,Stephen Curry,2026,GSW,Missed,32.10763149159402,Stephen Curry
Shot Chart Detail,22500556,635,201939,Stephen Curry,1610612744,Golden State Warriors,4,6,29,Missed Shot,Pullup Jump shot,3PT Field Goal,Above the Break 3,Right Side Center(RC),24+ ft.,31.0,163.0,264.0,1,0,20260111,GSW,ATL,Stephen Curry,2026,GSW,Missed,31.026601489689455,Stephen Curry
Shot Chart Detail,22500556,641,201939,Stephen Curry,1610612744,Golden State Warriors,4,6,1,Made Shot,Pullup Jump shot,3PT Field Goal,Above the Break 3,Left Side Center(LC),24+ ft.,28.0,-98.0,268.0,1,1,20260111,GSW,ATL,Stephen Curry,2026,GSW,Made,28.53559181092973,Stephen Curry
Shot Chart Detail,22500556,645,201939,Stephen Curry,1610612744,Golden State Warriors,4,5,36,Made Shot,Running Layup Shot,2PT Field Goal,Restricted Area,Center(C),Less Than 8 ft.,3.0,16.0,27.0,1,1,20260111,GSW,ATL,Stephen Curry,2026,GSW,Made,3.138470965295043,Stephen Curry
Shot Chart Detail,22500570,81,201939,Stephen Curry,1610612744,Golden State Warriors,1,5,19,Missed Shot,Step Back Jump shot,3PT Field Goal,Above the Break 3,Left Side Center(LC),24+ ft.,25.0,-221.0,126.0,1,0,20260113,GSW,POR,Stephen Curry,2026,GSW,Missed,25.43953615929347,Stephen Curry
Shot Chart Detail,22500570,105,201939,Stephen Curry,1610612744,Golden State Warriors,1,3,54,Made Shot,Jump Shot,3PT Field Goal,Left Corner 3,Left Side(L),24+ ft.,23.0,-233.0,-8.0,1,1,20260113,GSW,POR,Stephen Curry,2026,GSW,Made,23.313729860320507,Stephen Curry
Shot Chart Detail,22500570,226,201939,Stephen Curry,1610612744,Golden State Warriors,2,9,52,Missed Shot,Step Back Jump shot,3PT Field Goal,Above the Break 3,Left Side Center(LC),24+ ft.,25.0,-152.0,199.0,1,0,20260113,GSW,POR,Stephen Curry,2026,GSW,Missed,25.04096643502403,Stephen Curry
Shot Chart Detail,22500570,231,201939,Stephen Curry,1610612744,Golden State Warriors,2,9,15,Missed Shot,Jump Shot,3PT Field Goal,Above the Break 3,Right Side Center(RC),24+ ft.,26.0,115.0,239.0,1,0,20260113,GSW,POR,Stephen Curry,2026,GSW,Missed,26.522820362849803,Stephen Curry
Shot Chart Detail,22500570,246,201939,Stephen Curry,1610612744,Golden State Warriors,2,8,13,Missed Shot,Pullup Jump shot,3PT Field Goal,Above the Break 3,Center(C),24+ ft.,25.0,-31.0,249.0,1,0,20260113,GSW,POR,Stephen Curry,2026,GSW,Missed,25.09222987301049,Stephen Curry
Shot Chart Detail,22500570,368,201939,Stephen Curry,1610612744,Golden State Warriors,2,0,57,Missed Shot,Jump Shot,3PT Field Goal,Above the Break 3,Right Side Center(RC),24+ ft.,25.0,157.0,207.0,1,0,20260113,GSW,POR,Stephen Curry,2026,GSW,Missed,25.980377210502546,Stephen Curry
Shot Chart Detail,22500570,376,201939,Stephen Curry,1610612744,Golden State Warriors,2,0,7,Missed Shot,Jump Shot,2PT Field Goal,Mid-Range,Left Side(L),16-24 ft.,21.0,-210.0,-11.0,1,0,20260113,GSW,POR,Stephen Curry,2026,GSW,Missed,21.028789789238942,Stephen Curry
Shot Chart Detail,22500570,445,201939,Stephen Curry,1610612744,Golden State Warriors,3,7,31,Missed Shot,Pullup Jump shot,3PT Field Goal,Above the Break 3,Center(C),24+ ft.,25.0,-66.0,250.0,1,0,20260113,GSW,POR,Stephen Curry,2026,GSW,Missed,25.85652722234755,Stephen Curry
Shot Chart Detail,22500570,462,201939,Stephen Curry,1610612744,Golden State Warriors,3,6,17,Made Shot,Pullup Jump shot,3PT Field Goal,Left Corner 3,Left Side(L),24+ ft.,23.0,-235.0,9.0,1,1,20260113,GSW,POR,Stephen Curry,2026,GSW,Made,23.517227727774376,Stephen Curry
Shot Chart Detail,22500584,24,201939,Stephen Curry,1610612744,Golden State Warriors,1,9,42,Missed Shot,Jump Shot,3PT Field Goal,Above the Break 3,Right Side Center(RC),24+ ft.,25.0,167.0,190.0,1,0,20260115,GSW,NYK,Stephen Curry,2026,GSW,Missed,25.296047122030746,Stephen Curry
Shot Chart Detail,22500584,61,201939,Stephen Curry,1610612744,Golden State Warriors,1,6,39,Missed Shot,Jump Shot,3PT Field Goal,Above the Break 3,Right Side Center(RC),24+ ft.,26.0,189.0,179.0,1,0,20260115,GSW,NYK,Stephen Curry,2026,GSW,Missed,26.031135203828512,Stephen Curry
Shot Chart Detail,22500584,89,201939,Stephen Curry,1610612744,Golden State Warriors,1,5,42,Made Shot,Driving Layup Shot,2PT Field Goal,Restricted Area,Center(C),Less Than 8 ft.,1.0,-13.0,-5.0,1,1,20260115,GSW,NYK,Stephen Curry,2026,GSW,Made,1.3928388277184118,Stephen Curry
Shot Chart Detail,22500584,112,201939,Stephen Curry,1610612744,Golden State Warriors,1,3,54,Made Shot,Driving Layup Shot,2PT Field Goal,In The Paint (Non-RA),Center(C),Less Than 8 ft.,4.0,23.0,37.0,1,1,20260115,GSW,NYK,Stephen Curry,2026,GSW,Made,4.356604182158393,Stephen Curry
Shot Chart Detail,22500584,115,201939,Stephen Curry,1610612744,Golden State Warriors,1,3,18,Missed Shot,Jump Shot,3PT Field Goal,Above the Break 3,Center(C),24+ ft.,29.0,7.0,291.0,1,0,20260115,GSW,NYK,Stephen Curry,2026,GSW,Missed,29.108418026406035,Stephen Curry
Shot Chart Detail,22500584,198,201939,Stephen Curry,1610612744,Golden State Warriors,2,10,48,Missed Shot,Pullup Jump shot,3PT Field Goal,Above the Break 3,Center(C),24+ ft.,28.0,5.0,281.0,1,0,20260115,GSW,NYK,Stephen Curry,2026,GSW,Missed,28.104448046528155,Stephen Curry
Shot Chart Detail,22500584,240,201939,Stephen Curry,1610612744,Golden State Warriors,2,7,28,Made Shot,Pullup Jump shot,2PT Field Goal,Mid-Range,Center(C),16-24 ft.,18.0,38.0,186.0,1,1,20260115,GSW,NYK,Stephen Curry,2026,GSW,Made,18.984203960134856,Stephen Curry
Shot Chart Detail,22500584,363,201939,Stephen Curry,1610612744,Golden State Warriors,3,9,46,Made Shot,Running Pull-Up Jump Shot,3PT Field Goal,Above the Break 3,Left Side Center(LC),24+ ft.,26.0,-200.0,168.0,1,1,20260115,GSW,NYK,Stephen Curry,2026,GSW,Made,26.119724347703215,Stephen Curry
Shot Chart Detail,22500584,370,201939,Stephen Curry,1610612744,Golden State Warriors,3,8,59,Made Shot,Pullup Jump shot,3PT Field Goal,Above the Break 3,Center(C),24+ ft.,28.0,-86.0,267.0,1,1,20260115,GSW,NYK,Stephen Curry,2026,GSW,Made,28.050846689538623,Stephen Curry
Shot Chart Detail,22500584,432,201939,Stephen Curry,1610612744,Golden State Warriors,3,4,56,Made Shot,Driving Floating Jump Shot,2PT Field Goal,In The Paint (Non-RA),Center(C),Less Than 8 ft.,4.0,-48.0,10.0,1,1,20260115,GSW,NYK,Stephen Curry,2026,GSW,Made,4.903060268852505,Stephen Curry
Shot Chart Detail,22500584,452,201939,Stephen Curry,1610612744,Golden State Warriors,3,3,10,Made Shot,Cutting Layup Shot,2PT Field Goal,In The Paint (Non-RA),Center(C),Less Than 8 ft.,4.0,-45.0,16.0,1,1,20260115,GSW,NYK,Stephen Curry,2026,GSW,Made,4.775981574503821,Stephen Curry
Shot Chart Detail,22500584,515,201939,Stephen Curry,1610612744,Golden State Warriors,4,11,11,Missed Shot,Pullup Jump shot,3PT Field Goal,Above the Break 3,Left Side Center(LC),24+ ft.,26.0,-120.0,235.0,1,0,20260115,GSW,NYK,Stephen Curry,2026,GSW,Missed,26.386549603917523,Stephen Curry
Shot Chart Detail,22500584,551,201939,Stephen Curry,1610612744,Golden State Warriors,4,9,9,Made Shot,Pullup Jump shot,2PT Field Goal,Mid-Range,Left Side Center(LC),16-24 ft.,18.0,-119.0,145.0,1,1,20260115,GSW,NYK,Stephen Curry,2026,GSW,Made,18.757931655702343,Stephen Curry
Shot Chart Detail,22500584,555,201939,Stephen Curry,1610612744,Golden State Warriors,4,8,49,Missed Shot,Pullup Jump shot,2PT Field Goal,Mid-Range,Center(C),8-16 ft.,15.0,-2.0,156.0,1,0,20260115,GSW,NYK,Stephen Curry,2026,GSW,Missed,15.601281998605113,Stephen Curry
Shot Chart Detail,22500584,563,201939,Stephen Curry,1610612744,Golden State Warriors,4,8,9,Made Shot,Step Back Jump shot,3PT Field Goal,Above the Break 3,Right Side Center(RC),24+ ft.,25.0,203.0,152.0,1,1,20260115,GSW,NYK,Stephen Curry,2026,GSW,Made,25.360007886434104,Stephen Curry
Shot Chart Detail,22500584,580,201939,Stephen Curry,1610612744,Golden State Warriors,4,7,14,Made Shot,Step Back Jump shot,3PT Field Goal,Above the Break 3,Right Side Center(RC),24+ ft.,25.0,178.0,178.0,1,1,20260115,GSW,NYK,Stephen Curry,2026,GSW,Made,25.173001410241092,Stephen Curry
Shot Chart Detail,22500584,634,201939,Stephen Curry,1610612744,Golden State Warriors,4,2,42,Missed Shot,Jump Bank Shot,2PT Field Goal,Mid-Range,Left Side(L),8-16 ft.,15.0,-129.0,84.0,1,0,20260115,GSW,NYK,Stephen Curry,2026,GSW,Missed,15.393829932800998,Stephen Curry
Shot Chart Detail,22500599,7,201939,Stephen Curry,1610612744,Golden State Warriors,1,11,43,Missed Shot,Pullup Jump shot,3PT Field Goal,Above the Break 3,Right Side Center(RC),24+ ft.,28.0,161.0,230.0,1,0,20260117,GSW,CHA,Stephen Curry,2026,GSW,Missed,28.075077916187517,Stephen Curry
Shot Chart Detail,22500599,79,201939,Stephen Curry,1610612744,Golden State Warriors,1,6,15,Made Shot,Driving Finger Roll Layup Shot,2PT Field Goal,Restricted Area,Center(C),Less Than 8 ft.,3.0,-6.0,30.0,1,1,20260117,GSW,CHA,Stephen Curry,2026,GSW,Made,3.059411708155671,Stephen Curry
Shot Chart Detail,22500599,91,201939,Stephen Curry,1610612744,Golden State Warriors,1,5,4,Made Shot,Cutting Layup Shot,2PT Field Goal,Restricted Area,Center(C),Less Than 8 ft.,1.0,-10.0,13.0,1,1,20260117,GSW,CHA,Stephen Curry,2026,GSW,Made,1.6401219466856727,Stephen Curry
Shot Chart Detail,22500599,189,201939,Stephen Curry,1610612744,Golden State Warriors,2,11,5,Made Shot,Putback Layup Shot,2PT Field Goal,Restricted Area,Center(C),Less Than 8 ft.,0.0,0.0,0.0,1,1,20260117,GSW,CHA,Stephen Curry,2026,GSW,Made,0.0,Stephen Curry
Shot Chart Detail,22500599,313,201939,Stephen Curry,1610612744,Golden State Warriors,2,2,44,Made Shot,Cutting Layup Shot,2PT Field Goal,Restricted Area,Center(C),Less Than 8 ft.,2.0,16.0,25.0,1,1,20260117,GSW,CHA,Stephen Curry,2026,GSW,Made,2.9681644159311658,Stephen Curry
Shot Chart Detail,22500599,330,201939,Stephen Curry,1610612744,Golden State Warriors,2,1,22,Missed Shot,Running Jump Shot,3PT Field Goal,Above the Break 3,Right Side Center(RC),24+ ft.,28.0,176.0,230.0,1,0,20260117,GSW,CHA,Stephen Curry,2026,GSW,Missed,28.961353559528256,Stephen Curry
Shot Chart Detail,22500599,370,201939,Stephen Curry,1610612744,Golden State Warriors,3,10,32,Made Shot,Jump Shot,3PT Field Goal,Above the Break 3,Center(C),24+ ft.,26.0,2.0,268.0,1,1,20260117,GSW,CHA,Stephen Curry,2026,GSW,Made,26.800746258266763,Stephen Curry
Shot Chart Detail,22500599,398,201939,Stephen Curry,1610612744,Golden State Warriors,3,8,16,Missed Shot,Step Back Jump shot,3PT Field Goal,Above the Break 3,Center(C),24+ ft.,29.0,21.0,294.0,1,0,20260117,GSW,CHA,Stephen Curry,2026,GSW,Missed,29.474904579998217,Stephen Curry
Shot Chart Detail,22500599,411,201939,Stephen Curry,1610612744,Golden State Warriors,3,7,36,Missed Shot,Running Pull-Up Jump Shot,3PT Field Goal,Above the Break 3,Right Side Center(RC),24+ ft.,30.0,98.0,294.0,1,0,20260117,GSW,CHA,Stephen Curry,2026,GSW,Missed,30.990321069650115,Stephen Curry
Shot Chart Detail,22500599,467,201939,Stephen Curry,1610612744,Golden State Warriors,3,4,8,Made Shot,Pullup Jump shot,3PT Field Goal,Above the Break 3,Left Side Center(LC),24+ ft.,27.0,-194.0,194.0,1,1,20260117,GSW,CHA,Stephen Curry,2026,GSW,Made,27.435743110038043,Stephen Curry
Shot Chart Detail,22500599,579,201939,Stephen Curry,1610612744,Golden State Warriors,4,10,52,Missed Shot,Step Back Jump shot,3PT Field Goal,Above the Break 3,Center(C),24+ ft.,28.0,-21.0,289.0,1,0,20260117,GSW,CHA,Stephen Curry,2026,GSW,Missed,28.976197127987653,Stephen Curry
Shot Chart Detail,22500599,624,201939,Stephen Curry,1610612744,Golden State Warriors,4,7,33,Missed Shot,Running Pull-Up Jump Shot,3PT Field Goal,Above the Break 3,Right Side Center(RC),24+ ft.,27.0,99.0,254.0,1,0,20260117,GSW,CHA,Stephen Curry,2026,GSW,Missed,27.261144510089814,Stephen Curry
Shot Chart Detail,22500612,35,201939,Stephen Curry,1610612744,Golden State Warriors,1,10,17,Missed Shot,Pullup Jump shot,3PT Field Goal,Above the Break 3,Right Side Center(RC),24+ ft.,29.0,125.0,264.0,1,0,20260119,GSW,MIA,Stephen Curry,2026,GSW,Missed,29.209758643302756,Stephen Curry
Shot Chart Detail,22500612,62,201939,Stephen Curry,1610612744,Golden State Warriors,1,7,53,Missed Shot,Step Back Jump shot,3PT Field Goal,Above the Break 3,Right Side Center(RC),24+ ft.,25.0,114.0,232.0,1,0,20260119,GSW,MIA,Stephen Curry,2026,GSW,Missed,25.849564793241683,Stephen Curry
Shot Chart Detail,22500612,95,201939,Stephen Curry,1610612744,Golden State Warriors,1,6,31,Made Shot,Step Back Jump shot,3PT Field Goal,Right Corner 3,Right Side(R),24+ ft.,23.0,227.0,63.0,1,1,20260119,GSW,MIA,Stephen Curry,2026,GSW,Made,23.558013498595336,Stephen Curry
Shot Chart Detail,22500612,256,201939,Stephen Curry,1610612744,Golden State Warriors,2,8,33,Missed Shot,Jump Shot,3PT Field Goal,Above the Break 3,Right Side Center(RC),24+ ft.,26.0,129.0,230.0,1,0,20260119,GSW,MIA,Stephen Curry,2026,GSW,Missed,26.370627599660953,Stephen Curry
Shot Chart Detail,22500612,344,201939,Stephen Curry,1610612744,Golden State Warriors,2,3,43,Missed Shot,Driving Floating Bank Jump Shot,2PT Field Goal,Mid-Range,Left Side(L),8-16 ft.,15.0,-129.0,79.0,1,0,20260119,GSW,MIA,Stephen Curry,2026,GSW,Missed,15.126797413861269,Stephen Curry
Shot Chart Detail,22500612,350,201939,Stephen Curry,1610612744,Golden State Warriors,2,3,14,Made Shot,Jump Shot,3PT Field Goal,Above the Break 3,Right Side Center(RC),24+ ft.,27.0,168.0,216.0,1,1,20260119,GSW,MIA,Stephen Curry,2026,GSW,Made,27.364210202379315,Stephen Curry
Shot Chart Detail,22500612,354,201939,Stephen Curry,1610612744,Golden State Warriors,2,2,50,Made Shot,Pullup Jump shot,3PT Field Goal,Above the Break 3,Right Side Center(RC),24+ ft.,27.0,156.0,227.0,1,1,20260119,GSW,MIA,Stephen Curry,2026,GSW,Made,27.54360179787676,Stephen Curry
Shot Chart Detail,22500612,439,201939,Stephen Curry,1610612744,Golden State Warriors,3,10,23,Made Shot,Driving Layup Shot,2PT Field Goal,Restricted Area,Center(C),Less Than 8 ft.,3.0,-25.0,23.0,1,1,20260119,GSW,MIA,Stephen Curry,2026,GSW,Made,3.397057550292606,Stephen Curry
Shot Chart Detail,22500612,465,201939,Stephen Curry,1610612744,Golden State Warriors,3,8,9,Missed Shot,Driving Layup Shot,2PT Field Goal,In The Paint (Non-RA),Center(C),Less Than 8 ft.,4.0,-34.0,22.0,1,0,20260119,GSW,MIA,Stephen Curry,2026,GSW,Missed,4.049691346263318,Stephen Curry
Shot Chart Detail,22500612,479,201939,Stephen Curry,1610612744,Golden State Warriors,3,7,35,Missed Shot,Jump Shot,3PT Field Goal,Above the Break 3,Center(C),24+ ft.,32.0,16.0,327.0,1,0,20260119,GSW,MIA,Stephen Curry,2026,GSW,Missed,32.73912033027155,Stephen Curry
Shot Chart Detail,22500612,502,201939,Stephen Curry,1610612744,Golden State Warriors,3,6,10,Made Shot,Step Back Jump shot,3PT Field Goal,Above the Break 3,Left Side Center(LC),24+ ft.,25.0,-203.0,146.0,1,1,20260119,GSW,MIA,Stephen Curry,2026,GSW,Made,25.004999500099977,Stephen Curry
Shot Chart Detail,22500612,616,201939,Stephen Curry,1610612744,Golden State Warriors,4,10,41,Made Shot,Step Back Jump shot,3PT Field Goal,Above the Break 3,Center(C),24+ ft.,27.0,-2.0,272.0,1,1,20260119,GSW,MIA,Stephen Curry,2026,GSW,Made,27.20073528417936,Stephen Curry
Shot Chart Detail,22500612,620,201939,Stephen Curry,1610612744,Golden State Warriors,4,10,12,Missed Shot,Step Back Jump shot,3PT Field Goal,Above the Break 3,Center(C),24+ ft.,25.0,9.0,256.0,1,0,20260119,GSW,MIA,Stephen Curry,2026,GSW,Missed,25.615815427192633,Stephen Curry
Shot Chart Detail,22500618,23,201939,Stephen Curry,1610612744,Golden State Warriors,1,10,12,Made Shot,Pullup Jump shot,2PT Field Goal,Mid-Range,Center(C),16-24 ft.,17.0,40.0,174.0,1,1,20260120,GSW,TOR,Stephen Curry,2026,GSW,Made,17.85385112517745,Stephen Curry
Shot Chart Detail,22500618,38,201939,Stephen Curry,1610612744,Golden State Warriors,1,8,54,Made Shot,Fadeaway Jump Shot,2PT Field Goal,Mid-Range,Left Side(L),8-16 ft.,12.0,-126.0,-20.0,1,1,20260120,GSW,TOR,Stephen Curry,2026,GSW,Made,12.75774274705365,Stephen Curry
Shot Chart Detail,22500618,68,201939,Stephen Curry,1610612744,Golden State Warriors,1,6,50,Missed Shot,Jump Shot,3PT Field Goal,Above the Break 3,Right Side Center(RC),24+ ft.,28.0,151.0,247.0,1,0,20260120,GSW,TOR,Stephen Curry,2026,GSW,Missed,28.94995682207488,Stephen Curry
Shot Chart Detail,22500618,75,201939,Stephen Curry,1610612744,Golden State Warriors,1,6,2,Missed Shot,Driving Layup Shot,2PT Field Goal,Restricted Area,Center(C),Less Than 8 ft.,3.0,10.0,32.0,1,0,20260120,GSW,TOR,Stephen Curry,2026,GSW,Missed,3.3526109228480423,Stephen Curry
Shot Chart Detail,22500618,203,201939,Stephen Curry,1610612744,Golden State Warriors,2,10,43,Missed Shot,Jump Shot,3PT Field Goal,Above the Break 3,Right Side Center(RC),24+ ft.,25.0,104.0,235.0,1,0,20260120,GSW,TOR,Stephen Curry,2026,GSW,Missed,25.69844353263442,Stephen Curry
Shot Chart Detail,22500618,219,201939,Stephen Curry,1610612744,Golden State Warriors,2,9,40,Missed Shot,Step Back Jump shot,3PT Field Goal,Above the Break 3,Left Side Center(LC),24+ ft.,25.0,-181.0,185.0,1,0,20260120,GSW,TOR,Stephen Curry,2026,GSW,Missed,25.881653733871026,Stephen Curry
Shot Chart Detail,22500618,225,201939,Stephen Curry,1610612744,Golden State Warriors,2,9,6,Missed Shot,Reverse Layup Shot,2PT Field Goal,Restricted Area,Center(C),Less Than 8 ft.,1.0,-11.0,0.0,1,0,20260120,GSW,TOR,Stephen Curry,2026,GSW,Missed,1.1,Stephen Curry
Shot Chart Detail,22500618,235,201939,Stephen Curry,1610612744,Golden State Warriors,2,8,22,Missed Shot,Jump Shot,3PT Field Goal,Above the Break 3,Right Side Center(RC),24+ ft.,25.0,229.0,109.0,1,0,20260120,GSW,TOR,Stephen Curry,2026,GSW,Missed,25.361782271756848,Stephen Curry
Shot Chart Detail,22500618,239,201939,Stephen Curry,1610612744,Golden State Warriors,2,7,54,Made Shot,Pullup Jump shot,2PT Field Goal,Mid-Range,Right Side Center(RC),16-24 ft.,19.0,61.0,187.0,1,1,20260120,GSW,TOR,Stephen Curry,2026,GSW,Made,19.669773765857094,Stephen Curry
Shot Chart Detail,22500618,323,201939,Stephen Curry,1610612744,Golden State Warriors,2,2,44,Missed Shot,Cutting Layup Shot,2PT Field Goal,Restricted Area,Center(C),Less Than 8 ft.,1.0,-7.0,8.0,1,0,20260120,GSW,TOR,Stephen Curry,2026,GSW,Missed,1.063014581273465,Stephen Curry
Shot Chart Detail,22500618,347,201939,Stephen Curry,1610612744,Golden State Warriors,2,1,34,Made Shot,Cutting Layup Shot,2PT Field Goal,In The Paint (Non-RA),Center(C),Less Than 8 ft.,5.0,28.0,43.0,1,1,20260120,GSW,TOR,Stephen Curry,2026,GSW,Made,5.1312766442669995,Stephen Curry
Shot Chart Detail,22500618,362,201939,Stephen Curry,1610612744,Golden State Warriors,2,0,30,Missed Shot,Running Pull-Up Jump Shot,3PT Field Goal,Above the Break 3,Center(C),24+ ft.,26.0,-48.0,256.0,1,0,20260120,GSW,TOR,Stephen Curry,2026,GSW,Missed,26.04611295375953,Stephen Curry
Shot Chart Detail,22500618,364,201939,Stephen Curry,1610612744,Golden State Warriors,2,0,25,Made Shot,Jump Shot,3PT Field Goal,Above the Break 3,Right Side Center(RC),24+ ft.,28.0,163.0,232.0,1,1,20260120,GSW,TOR,Stephen Curry,2026,GSW,Made,28.353659375819554,Stephen Curry
Shot Chart Detail,22500618,392,201939,Stephen Curry,1610612744,Golden State Warriors,3,10,46,Made Shot,Pullup Jump shot,3PT Field Goal,Above the Break 3,Center(C),24+ ft.,26.0,44.0,264.0,1,1,20260120,GSW,TOR,Stephen Curry,2026,GSW,Made,26.764155133312165,Stephen Curry
Shot Chart Detail,22500618,399,201939,Stephen Curry,1610612744,Golden State Warriors,3,10,23,Missed Shot,Step Back Jump shot,2PT Field Goal,Mid-Range,Left Side Center(LC),16-24 ft.,20.0,-135.0,155.0,1,0,20260120,GSW,TOR,Stephen Curry,2026,GSW,Missed,20.554804791094465,Stephen Curry
Shot Chart Detail,22500618,480,201939,Stephen Curry,1610612744,Golden State Warriors,3,4,29,Missed Shot,Pullup Jump shot,2PT Field Goal,Mid-Range,Left Side(L),16-24 ft.,21.0,-217.0,10.0,1,0,20260120,GSW,TOR,Stephen Curry,2026,GSW,Missed,21.723029254687294,Stephen Curry
Shot Chart Detail,22500630,20,201939,Stephen Curry,1610612744,Golden State Warriors,1,10,47,Missed Shot,Pullup Jump shot,2PT Field Goal,Mid-Range,Right Side(R),8-16 ft.,12.0,97.0,86.0,1,0,20260122,DAL,GSW,Stephen Curry,2026,DAL,Missed,12.9634100452003,Stephen Curry
Shot Chart Detail,22500630,38,201939,Stephen Curry,1610612744,Golden State Warriors,1,8,34,Made Shot,Jump Shot,3PT Field Goal,Above the Break 3,Right Side Center(RC),24+ ft.,25.0,91.0,241.0,1,1,20260122,DAL,GSW,Stephen Curry,2026,DAL,Made,25.76082296822056,Stephen Curry
Shot Chart Detail,22500630,57,201939,Stephen Curry,1610612744,Golden State Warriors,1,7,36,Made Shot,Pullup Jump shot,3PT Field Goal,Above the Break 3,Center(C),24+ ft.,26.0,4.0,263.0,1,1,20260122,DAL,GSW,Stephen Curry,2026,DAL,Made,26.30304164920856,Stephen Curry
Shot Chart Detail,22500630,65,201939,Stephen Curry,1610612744,Golden State Warriors,1,6,56,Made Shot,Pullup Jump shot,3PT Field Goal,Above the Break 3,Center(C),24+ ft.,27.0,21.0,279.0,1,1,20260122,DAL,GSW,Stephen Curry,2026,DAL,Made,27.978920636793692,Stephen Curry
Shot Chart Detail,22500630,68,201939,Stephen Curry,1610612744,Golden State Warriors,1,6,30,Missed Shot,Driving Hook Shot,2PT Field Goal,In The Paint (Non-RA),Right Side(R),8-16 ft.,9.0,77.0,51.0,1,0,20260122,DAL,GSW,Stephen Curry,2026,DAL,Missed,9.235799911215054,Stephen Curry
Shot Chart Detail,22500630,85,201939,Stephen Curry,1610612744,Golden State Warriors,1,5,44,Missed Shot,Running Jump Shot,3PT Field Goal,Above the Break 3,Right Side Center(RC),24+ ft.,25.0,186.0,175.0,1,0,20260122,DAL,GSW,Stephen Curry,2026,DAL,Missed,25.538402455909413,Stephen Curry
Shot Chart Detail,22500630,95,201939,Stephen Curry,1610612744,Golden State Warriors,1,5,11,Missed Shot,Driving Finger Roll Layup Shot,2PT Field Goal,In The Paint (Non-RA),Center(C),Less Than 8 ft.,5.0,-38.0,42.0,1,0,20260122,DAL,GSW,Stephen Curry,2026,DAL,Missed,5.663920903402518,Stephen Curry
Shot Chart Detail,22500630,222,201939,Stephen Curry,1610612744,Golden State Warriors,2,10,16,Missed Shot,Jump Shot,3PT Field Goal,Above the Break 3,Left Side Center(LC),24+ ft.,24.0,-134.0,211.0,1,0,20260122,DAL,GSW,Stephen Curry,2026,DAL,Missed,24.995399576722114,Stephen Curry
Shot Chart Detail,22500630,257,201939,Stephen Curry,1610612744,Golden State Warriors,2,7,59,Made Shot,Driving Layup Shot,2PT Field Goal,Restricted Area,Center(C),Less Than 8 ft.,3.0,-31.0,17.0,1,1,20260122,DAL,GSW,Stephen Curry,2026,DAL,Made,3.5355339059327378,Stephen Curry
Shot Chart Detail,22500630,359,201939,Stephen Curry,1610612744,Golden State Warriors,2,2,20,Missed Shot,Jump Shot,3PT Field Goal,Above the Break 3,Right Side Center(RC),24+ ft.,24.0,225.0,106.0,1,0,20260122,DAL,GSW,Stephen Curry,2026,DAL,Missed,24.871871662583015,Stephen Curry
Shot Chart Detail,22500630,420,201939,Stephen Curry,1610612744,Golden State Warriors,3,10,9,Made Shot,Pullup Jump shot,2PT Field Goal,Mid-Range,Right Side Center(RC),16-24 ft.,19.0,116.0,153.0,1,1,20260122,DAL,GSW,Stephen Curry,2026,DAL,Made,19.200260414900626,Stephen Curry
Shot Chart Detail,22500630,450,201939,Stephen Curry,1610612744,Golden State Warriors,3,7,47,Made Shot,Cutting Layup Shot,2PT Field Goal,Restricted Area,Center(C),Less Than 8 ft.,1.0,17.0,3.0,1,1,20260122,DAL,GSW,Stephen Curry,2026,DAL,Made,1.7262676501632068,Stephen Curry
Shot Chart Detail,22500630,488,201939,Stephen Curry,1610612744,Golden State Warriors,3,5,27,Missed Shot,Driving Layup Shot,2PT Field Goal,In The Paint (Non-RA),Center(C),Less Than 8 ft.,6.0,64.0,15.0,1,0,20260122,DAL,GSW,Stephen Curry,2026,DAL,Missed,6.573431371817918,Stephen Curry
Shot Chart Detail,22500630,491,201939,Stephen Curry,1610612744,Golden State Warriors,3,5,5,Made Shot,Step Back Jump shot,3PT Field Goal,Above the Break 3,Center(C),24+ ft.,24.0,1.0,246.0,1,1,20260122,DAL,GSW,Stephen Curry,2026,DAL,Made,24.600203251192866,Stephen Curry
Shot Chart Detail,22500630,497,201939,Stephen Curry,1610612744,Golden State Warriors,3,4,36,Missed Shot,Pullup Jump shot,3PT Field Goal,Above the Break 3,Right Side Center(RC),24+ ft.,25.0,123.0,219.0,1,0,20260122,DAL,GSW,Stephen Curry,2026,DAL,Missed,25.117722826721373,Stephen Curry
Shot Chart Detail,22500630,516,201939,Stephen Curry,1610612744,Golden State Warriors,3,3,9,Made Shot,Jump Shot,3PT Field Goal,Above the Break 3,Center(C),24+ ft.,27.0,11.0,276.0,1,1,20260122,DAL,GSW,Stephen Curry,2026,DAL,Made,27.62191159206763,Stephen Curry
Shot Chart Detail,22500630,520,201939,Stephen Curry,1610612744,Golden State Warriors,3,2,42,Made Shot,Pullup Jump shot,3PT Field Goal,Above the Break 3,Right Side Center(RC),24+ ft.,33.0,162.0,293.0,1,1,20260122,DAL,GSW,Stephen Curry,2026,DAL,Made,33.48029271078734,Stephen Curry
Shot Chart Detail,22500630,629,201939,Stephen Curry,1610612744,Golden State Warriors,4,7,40,Made Shot,Pullup Jump shot,2PT Field Goal,Mid-Range,Center(C),16-24 ft.,20.0,56.0,195.0,1,1,20260122,DAL,GSW,Stephen Curry,2026,DAL,Made,20.288173895153797,Stephen Curry
Shot Chart Detail,22500630,632,201939,Stephen Curry,1610612744,Golden State Warriors,4,7,9,Made Shot,Pullup Jump shot,3PT Field Goal,Above the Break 3,Center(C),24+ ft.,29.0,67.0,288.0,1,1,20260122,DAL,GSW,Stephen Curry,2026,DAL,Made,29.56907167971291,Stephen Curry
Shot Chart Detail,22500630,653,201939,Stephen Curry,1610612744,Golden State Warriors,4,6,18,Missed Shot,Jump Shot,3PT Field Goal,Above the Break 3,Right Side Center(RC),24+ ft.,24.0,163.0,185.0,1,0,20260122,DAL,GSW,Stephen Curry,2026,DAL,Missed,24.656439321199645,Stephen Curry
Shot Chart Detail,22500630,675,201939,Stephen Curry,1610612744,Golden State Warriors,4,5,36,Missed Shot,Jump Shot,3PT Field Goal,Left Corner 3,Left Side(L),24+ ft.,22.0,-225.0,4.0,1,0,20260122,DAL,GSW,Stephen Curry,2026,DAL,Missed,22.503555274667157,Stephen Curry
Shot Chart Detail,22500630,690,201939,Stephen Curry,1610612744,Golden State Warriors,4,4,35,Missed Shot,Driving Layup Shot,2PT Field Goal,Restricted Area,Center(C),Less Than 8 ft.,3.0,15.0,36.0,1,0,20260122,DAL,GSW,Stephen Curry,2026,DAL,Missed,3.9,Stephen Curry
Shot Chart Detail,22500630,694,201939,Stephen Curry,1610612744,Golden State Warriors,4,4,29,Made Shot,Step Back Jump shot,3PT Field Goal,Above the Break 3,Right Side Center(RC),24+ ft.,25.0,184.0,172.0,1,1,20260122,DAL,GSW,Stephen Curry,2026,DAL,Made,25.187298386289864,Stephen Curry
Shot Chart Detail,22500630,711,201939,Stephen Curry,1610612744,Golden State Warriors,4,3,42,Made Shot,Driving Layup Shot,2PT Field Goal,Restricted Area,Center(C),Less Than 8 ft.,3.0,9.0,35.0,1,1,20260122,DAL,GSW,Stephen Curry,2026,DAL,Made,3.6138621999185303,Stephen Curry
Shot Chart Detail,22500630,718,201939,Stephen Curry,1610612744,Golden State Warriors,4,3,19,Made Shot,Driving Finger Roll Layup Shot,2PT Field Goal,Restricted Area,Center(C),Less Than 8 ft.,1.0,15.0,9.0,1,1,20260122,DAL,GSW,Stephen Curry,2026,DAL,Made,1.74928556845359,Stephen Curry
Shot Chart Detail,22500630,721,201939,Stephen Curry,1610612744,Golden State Warriors,4,2,59,Missed Shot,Pullup Jump shot,3PT Field Goal,Above the Break 3,Center(C),24+ ft.,28.0,75.0,277.0,1,0,20260122,DAL,GSW,Stephen Curry,2026,DAL,Missed,28.697386640598477,Stephen Curry
Shot Chart Detail,22500630,740,201939,Stephen Curry,1610612744,Golden State Warriors,4,1,25,Missed Shot,Fadeaway Jump Shot,2PT Field Goal,Mid-Range,Center(C),16-24 ft.,23.0,-71.0,222.0,1,0,20260122,DAL,GSW,Stephen Curry,2026,DAL,Missed,23.30772404161333,Stephen Curry
Shot Chart Detail,22500644,50,201939,Stephen Curry,1610612744,Golden State Warriors,1,7,50,Missed Shot,Step Back Jump shot,2PT Field Goal,Mid-Range,Right Side Center(RC),16-24 ft.,21.0,135.0,163.0,1,0,20260125,MIN,GSW,Stephen Curry,2026,MIN,Missed,21.164593074283285,Stephen Curry
Shot Chart Detail,22500644,61,201939,Stephen Curry,1610612744,Golden State Warriors,1,7,8,Missed Shot,Driving Floating Jump Shot,2PT Field Goal,Mid-Range,Right Side(R),8-16 ft.,12.0,89.0,88.0,1,0,20260125,MIN,GSW,Stephen Curry,2026,MIN,Missed,12.515989773086265,Stephen Curry
Shot Chart Detail,22500644,82,201939,Stephen Curry,1610612744,Golden State Warriors,1,5,41,Missed Shot,Pullup Jump shot,3PT Field Goal,Above the Break 3,Right Side Center(RC),24+ ft.,27.0,156.0,222.0,1,0,20260125,MIN,GSW,Stephen Curry,2026,MIN,Missed,27.13300573102803,Stephen Curry
Shot Chart Detail,22500644,92,201939,Stephen Curry,1610612744,Golden State Warriors,1,4,29,Made Shot,Driving Finger Roll Layup Shot,2PT Field Goal,Restricted Area,Center(C),Less Than 8 ft.,1.0,2.0,16.0,1,1,20260125,MIN,GSW,Stephen Curry,2026,MIN,Made,1.6124515496597098,Stephen Curry
Shot Chart Detail,22500644,102,201939,Stephen Curry,1610612744,Golden State Warriors,1,4,5,Missed Shot,Driving Layup Shot,2PT Field Goal,Restricted Area,Center(C),Less Than 8 ft.,3.0,-2.0,31.0,1,0,20260125,MIN,GSW,Stephen Curry,2026,MIN,Missed,3.1064449134018135,Stephen Curry
Shot Chart Detail,22500644,111,201939,Stephen Curry,1610612744,Golden State Warriors,1,3,32,Missed Shot,Running Jump Shot,3PT Field Goal,Above the Break 3,Right Side Center(RC),24+ ft.,28.0,107.0,260.0,1,0,20260125,MIN,GSW,Stephen Curry,2026,MIN,Missed,28.11565400270817,Stephen Curry
Shot Chart Detail,22500644,182,201939,Stephen Curry,1610612744,Golden State Warriors,2,11,45,Made Shot,Jump Shot,3PT Field Goal,Above the Break 3,Center(C),24+ ft.,25.0,69.0,243.0,1,1,20260125,MIN,GSW,Stephen Curry,2026,MIN,Made,25.26064132202506,Stephen Curry
Shot Chart Detail,22500644,205,201939,Stephen Curry,1610612744,Golden State Warriors,2,10,14,Missed Shot,Jump Shot,3PT Field Goal,Above the Break 3,Center(C),24+ ft.,25.0,-47.0,246.0,1,0,20260125,MIN,GSW,Stephen Curry,2026,MIN,Missed,25.04495957273639,Stephen Curry
Shot Chart Detail,22500644,229,201939,Stephen Curry,1610612744,Golden State Warriors,2,8,32,Made Shot,Jump Shot,3PT Field Goal,Above the Break 3,Right Side Center(RC),24+ ft.,25.0,164.0,200.0,1,1,20260125,MIN,GSW,Stephen Curry,2026,MIN,Made,25.86426105652354,Stephen Curry
Shot Chart Detail,22500644,334,201939,Stephen Curry,1610612744,Golden State Warriors,2,1,46,Missed Shot,Jump Shot,3PT Field Goal,Above the Break 3,Left Side Center(LC),24+ ft.,27.0,-200.0,182.0,1,0,20260125,MIN,GSW,Stephen Curry,2026,MIN,Missed,27.041449665282368,Stephen Curry
Shot Chart Detail,22500644,347,201939,Stephen Curry,1610612744,Golden State Warriors,2,0,2,Missed Shot,Pullup Jump shot,3PT Field Goal,Above the Break 3,Center(C),24+ ft.,27.0,4.0,276.0,1,0,20260125,MIN,GSW,Stephen Curry,2026,MIN,Missed,27.602898398537786,Stephen Curry
Shot Chart Detail,22500644,388,201939,Stephen Curry,1610612744,Golden State Warriors,3,9,13,Made Shot,Reverse Layup Shot,2PT Field Goal,Restricted Area,Center(C),Less Than 8 ft.,1.0,6.0,12.0,1,1,20260125,MIN,GSW,Stephen Curry,2026,MIN,Made,1.3416407864998738,Stephen Curry
Shot Chart Detail,22500644,413,201939,Stephen Curry,1610612744,Golden State Warriors,3,6,38,Made Shot,Pullup Jump shot,2PT Field Goal,In The Paint (Non-RA),Center(C),Less Than 8 ft.,6.0,-10.0,68.0,1,1,20260125,MIN,GSW,Stephen Curry,2026,MIN,Made,6.873136110975833,Stephen Curry
Shot Chart Detail,22500644,446,201939,Stephen Curry,1610612744,Golden State Warriors,3,4,45,Missed Shot,Pullup Jump shot,3PT Field Goal,Above the Break 3,Center(C),24+ ft.,26.0,70.0,259.0,1,0,20260125,MIN,GSW,Stephen Curry,2026,MIN,Missed,26.82927505543152,Stephen Curry
Shot Chart Detail,22500644,542,201939,Stephen Curry,1610612744,Golden State Warriors,4,10,43,Missed Shot,Jump Shot,3PT Field Goal,Above the Break 3,Left Side Center(LC),24+ ft.,28.0,-127.0,254.0,1,0,20260125,MIN,GSW,Stephen Curry,2026,MIN,Missed,28.398063314247327,Stephen Curry
Shot Chart Detail,22500644,550,201939,Stephen Curry,1610612744,Golden State Warriors,4,10,15,Made Shot,Pullup Jump shot,3PT Field Goal,Above the Break 3,Center(C),24+ ft.,27.0,-76.0,264.0,1,1,20260125,MIN,GSW,Stephen Curry,2026,MIN,Made,27.472167733908442,Stephen Curry
Shot Chart Detail,22500644,563,201939,Stephen Curry,1610612744,Golden State Warriors,4,9,32,Missed Shot,Pullup Jump shot,2PT Field Goal,In The Paint (Non-RA),Center(C),8-16 ft.,11.0,45.0,107.0,1,0,20260125,MIN,GSW,Stephen Curry,2026,MIN,Missed,11.60775602776006,Stephen Curry
Shot Chart Detail,22500644,576,201939,Stephen Curry,1610612744,Golden State Warriors,4,9,2,Made Shot,Cutting Layup Shot,2PT Field Goal,Restricted Area,Center(C),Less Than 8 ft.,2.0,1.0,26.0,1,1,20260125,MIN,GSW,Stephen Curry,2026,MIN,Made,2.6019223662515376,Stephen Curry
Shot Chart Detail,22500678,23,201939,Stephen Curry,1610612744,Golden State Warriors,1,9,43,Missed Shot,Pullup Jump shot,2PT Field Goal,Mid-Range,Left Side(L),8-16 ft.,14.0,-112.0,86.0,1,0,20260128,UTA,GSW,Stephen Curry,2026,UTA,Missed,14.120906486483083,Stephen Curry
Shot Chart Detail,22500678,27,201939,Stephen Curry,1610612744,Golden State Warriors,1,9,31,Missed Shot,Running Jump Shot,3PT Field Goal,Above the Break 3,Left Side Center(LC),24+ ft.,30.0,-156.0,257.0,1,0,20260128,UTA,GSW,Stephen Curry,2026,UTA,Missed,30.06409819036653,Stephen Curry
Shot Chart Detail,22500678,47,201939,Stephen Curry,1610612744,Golden State Warriors,1,8,8,Made Shot,Step Back Jump shot,3PT Field Goal,Above the Break 3,Right Side Center(RC),24+ ft.,25.0,126.0,220.0,1,1,20260128,UTA,GSW,Stephen Curry,2026,UTA,Made,25.352711886502398,Stephen Curry
Shot Chart Detail,22500678,78,201939,Stephen Curry,1610612744,Golden State Warriors,1,5,32,Made Shot,Step Back Jump shot,3PT Field Goal,Right Corner 3,Right Side(R),24+ ft.,23.0,229.0,46.0,1,1,20260128,UTA,GSW,Stephen Curry,2026,UTA,Made,23.357439928211313,Stephen Curry
Shot Chart Detail,22500678,117,201939,Stephen Curry,1610612744,Golden State Warriors,1,3,42,Missed Shot,Jump Shot,3PT Field Goal,Above the Break 3,Right Side Center(RC),24+ ft.,26.0,87.0,249.0,1,0,20260128,UTA,GSW,Stephen Curry,2026,UTA,Missed,26.37612556839992,Stephen Curry
Shot Chart Detail,22500678,222,201939,Stephen Curry,1610612744,Golden State Warriors,2,9,22,Missed Shot,Step Back Jump shot,3PT Field Goal,Above the Break 3,Left Side Center(LC),24+ ft.,26.0,-150.0,220.0,1,0,20260128,UTA,GSW,Stephen Curry,2026,UTA,Missed,26.627053911388696,Stephen Curry
Shot Chart Detail,22500678,245,201939,Stephen Curry,1610612744,Golden State Warriors,2,7,36,Missed Shot,Jump Shot,3PT Field Goal,Above the Break 3,Right Side Center(RC),24+ ft.,27.0,162.0,216.0,1,0,20260128,UTA,GSW,Stephen Curry,2026,UTA,Missed,27.0,Stephen Curry
Shot Chart Detail,22500678,385,201939,Stephen Curry,1610612744,Golden State Warriors,3,11,41,Missed Shot,Jump Shot,3PT Field Goal,Above the Break 3,Left Side Center(LC),24+ ft.,25.0,-199.0,166.0,1,0,20260128,UTA,GSW,Stephen Curry,2026,UTA,Missed,25.91466766138435,Stephen Curry
Shot Chart Detail,22500678,428,201939,Stephen Curry,1610612744,Golden State Warriors,3,8,9,Made Shot,Driving Finger Roll Layup Shot,2PT Field Goal,Restricted Area,Center(C),Less Than 8 ft.,2.0,-10.0,19.0,1,1,20260128,UTA,GSW,Stephen Curry,2026,UTA,Made,2.1470910553583886,Stephen Curry
Shot Chart Detail,22500678,458,201939,Stephen Curry,1610612744,Golden State Warriors,3,7,4,Made Shot,Reverse Layup Shot,2PT Field Goal,Restricted Area,Center(C),Less Than 8 ft.,2.0,-16.0,13.0,1,1,20260128,UTA,GSW,Stephen Curry,2026,UTA,Made,2.0615528128088303,Stephen Curry
Shot Chart Detail,22500678,466,201939,Stephen Curry,1610612744,Golden State Warriors,3,6,9,Made Shot,Pullup Jump shot,3PT Field Goal,Above the Break 3,Center(C),24+ ft.,28.0,67.0,282.0,1,1,20260128,UTA,GSW,Stephen Curry,2026,UTA,Made,28.984996118681817,Stephen Curry
Shot Chart Detail,22500678,606,201939,Stephen Curry,1610612744,Golden State Warriors,4,9,58,Missed Shot,Step Back Jump shot,3PT Field Goal,Above the Break 3,Left Side Center(LC),24+ ft.,25.0,-183.0,172.0,1,0,20260128,UTA,GSW,Stephen Curry,2026,UTA,Missed,25.114338533992886,Stephen Curry
Shot Chart Detail,22500678,612,201939,Stephen Curry,1610612744,Golden State Warriors,4,9,43,Made Shot,Jump Shot,3PT Field Goal,Above the Break 3,Center(C),24+ ft.,26.0,-72.0,252.0,1,1,20260128,UTA,GSW,Stephen Curry,2026,UTA,Made,26.208395601409865,Stephen Curry
Shot Chart Detail,22500678,618,201939,Stephen Curry,1610612744,Golden State Warriors,4,9,11,Made Shot,Driving Layup Shot,2PT Field Goal,Restricted Area,Center(C),Less Than 8 ft.,1.0,12.0,9.0,1,1,20260128,UTA,GSW,Stephen Curry,2026,UTA,Made,1.5,Stephen Curry
Shot Chart Detail,22500696,38,201939,Stephen Curry,1610612744,Golden State Warriors,1,9,3,Made Shot,Jump Shot,3PT Field Goal,Above the Break 3,Left Side Center(LC),24+ ft.,26.0,-172.0,204.0,1,1,20260130,GSW,DET,Stephen Curry,2026,GSW,Made,26.68332812825267,Stephen Curry
Shot Chart Detail,22500696,43,201939,Stephen Curry,1610612744,Golden State Warriors,1,8,39,Made Shot,Reverse Layup Shot,2PT Field Goal,Restricted Area,Center(C),Less Than 8 ft.,1.0,-10.0,4.0,1,1,20260130,GSW,DET,Stephen Curry,2026,GSW,Made,1.0770329614269007,Stephen Curry
Shot Chart Detail,22500696,66,201939,Stephen Curry,1610612744,Golden State Warriors,1,7,5,Made Shot,Running Jump Shot,3PT Field Goal,Above the Break 3,Left Side Center(LC),24+ ft.,26.0,-162.0,211.0,1,1,20260130,GSW,DET,Stephen Curry,2026,GSW,Made,26.601691675530713,Stephen Curry
Shot Chart Detail,22500696,79,201939,Stephen Curry,1610612744,Golden State Warriors,1,6,30,Missed Shot,Jump Shot,3PT Field Goal,Above the Break 3,Left Side Center(LC),24+ ft.,25.0,-159.0,200.0,1,0,20260130,GSW,DET,Stephen Curry,2026,GSW,Missed,25.550146770615623,Stephen Curry
Shot Chart Detail,22500696,101,201939,Stephen Curry,1610612744,Golden State Warriors,1,4,58,Missed Shot,Pullup Jump shot,3PT Field Goal,Above the Break 3,Center(C),24+ ft.,27.0,76.0,265.0,1,0,20260130,GSW,DET,Stephen Curry,2026,GSW,Missed,27.568278872646367,Stephen Curry
Shot Chart Detail,22500696,130,201939,Stephen Curry,1610612744,Golden State Warriors,1,2,38,Missed Shot,Jump Shot,3PT Field Goal,Above the Break 3,Left Side Center(LC),24+ ft.,26.0,-219.0,154.0,1,0,20260130,GSW,DET,Stephen Curry,2026,GSW,Missed,26.772560579817537,Stephen Curry
Shot Chart Detail,22500696,211,201939,Stephen Curry,1610612744,Golden State Warriors,2,9,1,Missed Shot,Driving Layup Shot,2PT Field Goal,In The Paint (Non-RA),Center(C),Less Than 8 ft.,6.0,16.0,63.0,1,0,20260130,GSW,DET,Stephen Curry,2026,GSW,Missed,6.5,Stephen Curry
Shot Chart Detail,22500696,333,201939,Stephen Curry,1610612744,Golden State Warriors,2,1,59,Missed Shot,Jump Shot,3PT Field Goal,Above the Break 3,Center(C),24+ ft.,27.0,-15.0,277.0,1,0,20260130,GSW,DET,Stephen Curry,2026,GSW,Missed,27.740583988085042,Stephen Curry
Shot Chart Detail,22500696,365,201939,Stephen Curry,1610612744,Golden State Warriors,2,0,21,Made Shot,Pullup Jump shot,3PT Field Goal,Above the Break 3,Center(C),24+ ft.,28.0,-34.0,285.0,1,1,20260130,GSW,DET,Stephen Curry,2026,GSW,Made,28.702090516197597,Stephen Curry
Shot Chart Detail,22500696,390,201939,Stephen Curry,1610612744,Golden State Warriors,3,10,47,Missed Shot,Driving Reverse Layup Shot,2PT Field Goal,In The Paint (Non-RA),Center(C),Less Than 8 ft.,5.0,-50.0,24.0,1,0,20260130,GSW,DET,Stephen Curry,2026,GSW,Missed,5.546169849544819,Stephen Curry
Shot Chart Detail,22500696,410,201939,Stephen Curry,1610612744,Golden State Warriors,3,10,3,Missed Shot,Jump Shot,3PT Field Goal,Above the Break 3,Right Side Center(RC),24+ ft.,26.0,176.0,200.0,1,0,20260130,GSW,DET,Stephen Curry,2026,GSW,Missed,26.641321288554742,Stephen Curry
Shot Chart Detail,22500696,421,201939,Stephen Curry,1610612744,Golden State Warriors,3,9,2,Missed Shot,Jump Shot,3PT Field Goal,Above the Break 3,Right Side Center(RC),24+ ft.,28.0,130.0,256.0,1,0,20260130,GSW,DET,Stephen Curry,2026,GSW,Missed,28.71167010119753,Stephen Curry
Shot Chart Detail,22500696,471,201939,Stephen Curry,1610612744,Golden State Warriors,3,6,2,Made Shot,Jump Shot,3PT Field Goal,Above the Break 3,Left Side Center(LC),24+ ft.,28.0,-94.0,264.0,1,1,20260130,GSW,DET,Stephen Curry,2026,GSW,Made,28.02356151526783,Stephen Curry
Shot Chart Detail,22500696,475,201939,Stephen Curry,1610612744,Golden State Warriors,3,5,34,Missed Shot,Driving Layup Shot,2PT Field Goal,In The Paint (Non-RA),Center(C),Less Than 8 ft.,4.0,-49.0,5.0,1,0,20260130,GSW,DET,Stephen Curry,2026,GSW,Missed,4.9254441424099005,Stephen Curry
Shot Chart Detail,22500696,485,201939,Stephen Curry,1610612744,Golden State Warriors,3,5,10,Made Shot,Reverse Layup Shot,2PT Field Goal,In The Paint (Non-RA),Center(C),Less Than 8 ft.,4.0,-40.0,29.0,1,1,20260130,GSW,DET,Stephen Curry,2026,GSW,Made,4.94064773081425,Stephen Curry
Shot Chart Detail,22500696,503,201939,Stephen Curry,1610612744,Golden State Warriors,3,4,28,Made Shot,Driving Finger Roll Layup Shot,2PT Field Goal,Restricted Area,Center(C),Less Than 8 ft.,2.0,-1.0,21.0,1,1,20260130,GSW,DET,Stephen Curry,2026,GSW,Made,2.1023796041628637,Stephen Curry
Shot Chart Detail,22501215,12,201939,Stephen Curry,1610612744,Golden State Warriors,1,11,16,Made Shot,Driving Floating Jump Shot,2PT Field Goal,In The Paint (Non-RA),Center(C),8-16 ft.,12.0,-16.0,119.0,1,1,20251212,GSW,MIN,Stephen Curry,2025,GSW,Made,12.007081243999309,Stephen Curry
Shot Chart Detail,22501215,26,201939,Stephen Curry,1610612744,Golden State Warriors,1,9,46,Made Shot,Jump Shot,3PT Field Goal,Above the Break 3,Left Side Center(LC),24+ ft.,28.0,-170.0,225.0,1,1,20251212,GSW,MIN,Stephen Curry,2025,GSW,Made,28.200177304407145,Stephen Curry
Shot Chart Detail,22501215,51,201939,Stephen Curry,1610612744,Golden State Warriors,1,7,46,Made Shot,Jump Shot,3PT Field Goal,Above the Break 3,Center(C),24+ ft.,27.0,4.0,271.0,1,1,20251212,GSW,MIN,Stephen Curry,2025,GSW,Made,27.102951868754076,Stephen Curry
Shot Chart Detail,22501215,79,201939,Stephen Curry,1610612744,Golden State Warriors,1,6,4,Missed Shot,Jump Shot,3PT Field Goal,Above the Break 3,Left Side Center(LC),24+ ft.,25.0,-202.0,150.0,1,0,20251212,GSW,MIN,Stephen Curry,2025,GSW,Missed,25.160286166894046,Stephen Curry
Shot Chart Detail,22501215,94,201939,Stephen Curry,1610612744,Golden State Warriors,1,5,9,Made Shot,Driving Floating Jump Shot,2PT Field Goal,Mid-Range,Right Side(R),8-16 ft.,11.0,107.0,30.0,1,1,20251212,GSW,MIN,Stephen Curry,2025,GSW,Made,11.112605455067682,Stephen Curry
Shot Chart Detail,22501215,107,201939,Stephen Curry,1610612744,Golden State Warriors,1,4,34,Missed Shot,Pullup Jump shot,3PT Field Goal,Above the Break 3,Right Side Center(RC),24+ ft.,27.0,200.0,193.0,1,0,20251212,GSW,MIN,Stephen Curry,2025,GSW,Missed,27.79370432310166,Stephen Curry
Shot Chart Detail,22501215,264,201939,Stephen Curry,1610612744,Golden State Warriors,2,6,21,Missed Shot,Step Back Jump shot,3PT Field Goal,Above the Break 3,Right Side Center(RC),24+ ft.,30.0,212.0,224.0,1,0,20251212,GSW,MIN,Stephen Curry,2025,GSW,Missed,30.841530441921975,Stephen Curry
Shot Chart Detail,22501215,278,201939,Stephen Curry,1610612744,Golden State Warriors,2,4,41,Made Shot,Driving Reverse Layup Shot,2PT Field Goal,In The Paint (Non-RA),Center(C),Less Than 8 ft.,4.0,44.0,21.0,1,1,20251212,GSW,MIN,Stephen Curry,2025,GSW,Made,4.8754486972995625,Stephen Curry
Shot Chart Detail,22501215,342,201939,Stephen Curry,1610612744,Golden State Warriors,2,0,48,Missed Shot,Driving Floating Jump Shot,2PT Field Goal,In The Paint (Non-RA),Center(C),8-16 ft.,9.0,23.0,88.0,1,0,20251212,GSW,MIN,Stephen Curry,2025,GSW,Missed,9.095603333479314,Stephen Curry
Shot Chart Detail,22501215,344,201939,Stephen Curry,1610612744,Golden State Warriors,2,0,44,Missed Shot,Putback Layup Shot,2PT Field Goal,In The Paint (Non-RA),Center(C),Less Than 8 ft.,6.0,28.0,57.0,1,0,20251212,GSW,MIN,Stephen Curry,2025,GSW,Missed,6.350590523722971,Stephen Curry
Shot Chart Detail,22501215,375,201939,Stephen Curry,1610612744,Golden State Warriors,3,10,36,Missed Shot,Pullup Jump shot,3PT Field Goal,Above the Break 3,Center(C),24+ ft.,30.0,-16.0,302.0,1,0,20251212,GSW,MIN,Stephen Curry,2025,GSW,Missed,30.242354405700627,Stephen Curry
Shot Chart Detail,22501215,377,201939,Stephen Curry,1610612744,Golden State Warriors,3,10,32,Missed Shot,Jump Shot,3PT Field Goal,Above the Break 3,Center(C),24+ ft.,28.0,-11.0,281.0,1,0,20251212,GSW,MIN,Stephen Curry,2025,GSW,Missed,28.1215220071745,Stephen Curry
Shot Chart Detail,22501215,387,201939,Stephen Curry,1610612744,Golden State Warriors,3,9,39,Made Shot,Driving Finger Roll Layup Shot,2PT Field Goal,In The Paint (Non-RA),Center(C),Less Than 8 ft.,5.0,39.0,33.0,1,1,20251212,GSW,MIN,Stephen Curry,2025,GSW,Made,5.10881590977792,Stephen Curry
Shot Chart Detail,22501215,390,201939,Stephen Curry,1610612744,Golden State Warriors,3,9,14,Made Shot,Jump Shot,3PT Field Goal,Above the Break 3,Center(C),24+ ft.,27.0,76.0,262.0,1,1,20251212,GSW,MIN,Stephen Curry,2025,GSW,Made,27.280029325497434,Stephen Curry
Shot Chart Detail,22501215,404,201939,Stephen Curry,1610612744,Golden State Warriors,3,7,33,Made Shot,Step Back Jump shot,2PT Field Goal,Mid-Range,Left Side Center(LC),16-24 ft.,19.0,-145.0,128.0,1,1,20251212,GSW,MIN,Stephen Curry,2025,GSW,Made,19.34140636044856,Stephen Curry
Shot Chart Detail,22501215,425,201939,Stephen Curry,1610612744,Golden State Warriors,3,6,6,Made Shot,Driving Finger Roll Layup Shot,2PT Field Goal,In The Paint (Non-RA),Center(C),Less Than 8 ft.,6.0,7.0,69.0,1,1,20251212,GSW,MIN,Stephen Curry,2025,GSW,Made,6.935416353759881,Stephen Curry
Shot Chart Detail,22501215,432,201939,Stephen Curry,1610612744,Golden State Warriors,3,5,34,Missed Shot,Pullup Jump shot,3PT Field Goal,Above the Break 3,Center(C),24+ ft.,28.0,69.0,272.0,1,0,20251212,GSW,MIN,Stephen Curry,2025,GSW,Missed,28.06153951585693,Stephen Curry
Shot Chart Detail,22501215,451,201939,Stephen Curry,1610612744,Golden State Warriors,3,4,26,Missed Shot,Jump Shot,3PT Field Goal,Above the Break 3,Right Side Center(RC),24+ ft.,29.0,141.0,260.0,1,0,20251212,GSW,MIN,Stephen Curry,2025,GSW,Missed,29.57718715496793,Stephen Curry
Shot Chart Detail,22501215,524,201939,Stephen Curry,1610612744,Golden State Warriors,3,0,3,Missed Shot,Pullup Jump shot,3PT Field Goal,Above the Break 3,Left Side Center(LC),24+ ft.,32.0,-174.0,279.0,1,0,20251212,GSW,MIN,Stephen Curry,2025,GSW,Missed,32.881149614938955,Stephen Curry
Shot Chart Detail,22501215,607,201939,Stephen Curry,1610612744,Golden State Warriors,4,6,27,Missed Shot,Jump Shot,2PT Field Goal,Mid-Range,Center(C),16-24 ft.,20.0,13.0,205.0,1,0,20251212,GSW,MIN,Stephen Curry,2025,GSW,Missed,20.541178155110774,Stephen Curry
Shot Chart Detail,22501215,611,201939,Stephen Curry,1610612744,Golden State Warriors,4,6,8,Missed Shot,Jump Shot,3PT Field Goal,Above the Break 3,Left Side Center(LC),24+ ft.,26.0,-173.0,204.0,1,0,20251212,GSW,MIN,Stephen Curry,2025,GSW,Missed,26.747897113605024,Stephen Curry
Shot Chart Detail,22501215,623,201939,Stephen Curry,1610612744,Golden State Warriors,4,5,34,Made Shot,Driving Layup Shot,2PT Field Goal,Restricted Area,Center(C),Less Than 8 ft.,3.0,-31.0,20.0,1,1,20251212,GSW,MIN,Stephen Curry,2025,GSW,Made,3.689173349139343,Stephen Curry
Shot Chart Detail,22501215,628,201939,Stephen Curry,1610612744,Golden State Warriors,4,4,57,Made Shot,Jump Shot,3PT Field Goal,Above the Break 3,Left Side Center(LC),24+ ft.,30.0,-196.0,229.0,1,1,20251212,GSW,MIN,Stephen Curry,2025,GSW,Made,30.142494919963077,Stephen Curry
Shot Chart Detail,22501215,664,201939,Stephen Curry,1610612744,Golden State Warriors,4,3,15,Made Shot,Pullup Jump shot,3PT Field Goal,Above the Break 3,Center(C),24+ ft.,27.0,-9.0,274.0,1,1,20251212,GSW,MIN,Stephen Curry,2025,GSW,Made,27.414777037211156,Stephen Curry
Shot Chart Detail,22501215,668,201939,Stephen Curry,1610612744,Golden State Warriors,4,2,43,Missed Shot,Driving Reverse Layup Shot,2PT Field Goal,In The Paint (Non-RA),Center(C),Less Than 8 ft.,5.0,38.0,37.0,1,0,20251212,GSW,MIN,Stephen Curry,2025,GSW,Missed,5.303772242470448,Stephen Curry
Shot Chart Detail,22501215,678,201939,Stephen Curry,1610612744,Golden State Warriors,4,2,9,Made Shot,Step Back Jump shot,3PT Field Goal,Above the Break 3,Left Side Center(LC),24+ ft.,27.0,-98.0,260.0,1,1,20251212,GSW,MIN,Stephen Curry,2025,GSW,Made,27.78560778532656,Stephen Curry
Shot Chart Detail,22501215,700,201939,Stephen Curry,1610612744,Golden State Warriors,4,0,44,Missed Shot,Step Back Jump shot,2PT Field Goal,Mid-Range,Left Side Center(LC),16-24 ft.,21.0,-172.0,134.0,1,0,20251212,GSW,MIN,Stephen Curry,2025,GSW,Missed,21.803669415949233,Stephen Curry
Shot Chart Detail,22501215,712,201939,Stephen Curry,1610612744,Golden State Warriors,4,0,8,Made Shot,Driving Finger Roll Layup Shot,2PT Field Goal,In The Paint (Non-RA),Center(C),Less Than 8 ft.,4.0,-42.0,17.0,1,1,20251212,GSW,MIN,Stephen Curry,2025,GSW,Made,4.531004303683677,Stephen Curry
Shot Chart Detail,22501221,24,201939,Stephen Curry,1610612744,Golden State Warriors,1,10,20,Made Shot,Jump Shot,3PT Field Goal,Above the Break 3,Left Side Center(LC),24+ ft.,26.0,-131.0,235.0,1,1,20251214,POR,GSW,Stephen Curry,2025,POR,Made,26.904646438858844,Stephen Curry
Shot Chart Detail,22501221,51,201939,Stephen Curry,1610612744,Golden State Warriors,1,8,48,Made Shot,Pullup Jump shot,3PT Field Goal,Above the Break 3,Left Side Center(LC),24+ ft.,25.0,-120.0,223.0,1,1,20251214,POR,GSW,Stephen Curry,2025,POR,Made,25.323704310388713,Stephen Curry
Shot Chart Detail,22501221,191,201939,Stephen Curry,1610612744,Golden State Warriors,2,11,49,Made Shot,Pullup Jump shot,3PT Field Goal,Above the Break 3,Right Side Center(RC),24+ ft.,25.0,120.0,220.0,1,1,20251214,POR,GSW,Stephen Curry,2025,POR,Made,25.059928172283335,Stephen Curry
Shot Chart Detail,22501221,199,201939,Stephen Curry,1610612744,Golden State Warriors,2,10,44,Made Shot,Running Reverse Layup Shot,2PT Field Goal,Restricted Area,Center(C),Less Than 8 ft.,2.0,16.0,17.0,1,1,20251214,POR,GSW,Stephen Curry,2025,POR,Made,2.3345235059857505,Stephen Curry
Shot Chart Detail,22501221,344,201939,Stephen Curry,1610612744,Golden State Warriors,2,1,20,Made Shot,Cutting Layup Shot,2PT Field Goal,Restricted Area,Center(C),Less Than 8 ft.,2.0,13.0,23.0,1,1,20251214,POR,GSW,Stephen Curry,2025,POR,Made,2.6419689627245813,Stephen Curry
Shot Chart Detail,22501221,351,201939,Stephen Curry,1610612744,Golden State Warriors,2,0,38,Missed Shot,Pullup Jump shot,3PT Field Goal,Above the Break 3,Center(C),24+ ft.,25.0,32.0,254.0,1,0,20251214,POR,GSW,Stephen Curry,2025,POR,Missed,25.600781238079435,Stephen Curry
Shot Chart Detail,22501221,407,201939,Stephen Curry,1610612744,Golden State Warriors,3,10,4,Missed Shot,Jump Shot,3PT Field Goal,Above the Break 3,Right Side Center(RC),24+ ft.,26.0,88.0,246.0,1,0,20251214,POR,GSW,Stephen Curry,2025,POR,Missed,26.12661478263114,Stephen Curry
Shot Chart Detail,22501221,422,201939,Stephen Curry,1610612744,Golden State Warriors,3,8,55,Made Shot,Jump Shot,3PT Field Goal,Above the Break 3,Center(C),24+ ft.,32.0,-94.0,313.0,1,1,20251214,POR,GSW,Stephen Curry,2025,POR,Made,32.68103425535979,Stephen Curry
Shot Chart Detail,22501221,425,201939,Stephen Curry,1610612744,Golden State Warriors,3,8,22,Made Shot,Step Back Jump shot,3PT Field Goal,Above the Break 3,Left Side Center(LC),24+ ft.,25.0,-119.0,224.0,1,1,20251214,POR,GSW,Stephen Curry,2025,POR,Made,25.364739304790813,Stephen Curry
Shot Chart Detail,22501221,437,201939,Stephen Curry,1610612744,Golden State Warriors,3,7,42,Made Shot,Step Back Jump shot,3PT Field Goal,Above the Break 3,Right Side Center(RC),24+ ft.,26.0,179.0,195.0,1,1,20251214,POR,GSW,Stephen Curry,2025,POR,Made,26.469982999616754,Stephen Curry
Shot Chart Detail,22501221,465,201939,Stephen Curry,1610612744,Golden State Warriors,3,5,53,Made Shot,Pullup Jump shot,3PT Field Goal,Above the Break 3,Right Side Center(RC),24+ ft.,32.0,115.0,299.0,1,1,20251214,POR,GSW,Stephen Curry,2025,POR,Made,32.03529303752347,Stephen Curry
Shot Chart Detail,22501221,467,201939,Stephen Curry,1610612744,Golden State Warriors,3,5,22,Missed Shot,Pullup Jump shot,3PT Field Goal,Above the Break 3,Center(C),24+ ft.,33.0,-98.0,325.0,1,0,20251214,POR,GSW,Stephen Curry,2025,POR,Missed,33.94539733159711,Stephen Curry
Shot Chart Detail,22501221,486,201939,Stephen Curry,1610612744,Golden State Warriors,3,4,44,Missed Shot,Driving Layup Shot,2PT Field Goal,In The Paint (Non-RA),Center(C),Less Than 8 ft.,4.0,40.0,24.0,1,0,20251214,POR,GSW,Stephen Curry,2025,POR,Missed,4.664761515876241,Stephen Curry
Shot Chart Detail,22501221,577,201939,Stephen Curry,1610612744,Golden State Warriors,4,11,22,Made Shot,Driving Layup Shot,2PT Field Goal,Restricted Area,Center(C),Less Than 8 ft.,3.0,-32.0,17.0,1,1,20251214,POR,GSW,Stephen Curry,2025,POR,Made,3.6235341863986874,Stephen Curry
Shot Chart Detail,22501221,591,201939,Stephen Curry,1610612744,Golden State Warriors,4,10,12,Made Shot,Step Back Jump shot,3PT Field Goal,Above the Break 3,Left Side Center(LC),24+ ft.,25.0,-190.0,173.0,1,1,20251214,POR,GSW,Stephen Curry,2025,POR,Made,25.696108654813866,Stephen Curry
Shot Chart Detail,22501221,602,201939,Stephen Curry,1610612744,Golden State Warriors,4,9,40,Made Shot,Step Back Jump shot,3PT Field Goal,Above the Break 3,Right Side Center(RC),24+ ft.,28.0,98.0,271.0,1,1,20251214,POR,GSW,Stephen Curry,2025,POR,Made,28.817529387509957,Stephen Curry
Shot Chart Detail,22501221,619,201939,Stephen Curry,1610612744,Golden State Warriors,4,8,7,Missed Shot,Jump Shot,3PT Field Goal,Above the Break 3,Center(C),24+ ft.,25.0,-31.0,250.0,1,0,20251214,POR,GSW,Stephen Curry,2025,POR,Missed,25.191466809219346,Stephen Curry
Shot Chart Detail,22501221,636,201939,Stephen Curry,1610612744,Golden State Warriors,4,6,35,Missed Shot,Pullup Jump shot,3PT Field Goal,Above the Break 3,Center(C),24+ ft.,25.0,15.0,253.0,1,0,20251214,POR,GSW,Stephen Curry,2025,POR,Missed,25.344427395386152,Stephen Curry
Shot Chart Detail,22501221,640,201939,Stephen Curry,1610612744,Golden State Warriors,4,6,7,Made Shot,Running Jump Shot,3PT Field Goal,Right Corner 3,Right Side(R),24+ ft.,23.0,228.0,52.0,1,1,20251214,POR,GSW,Stephen Curry,2025,POR,Made,23.385465571589545,Stephen Curry
Shot Chart Detail,22501221,678,201939,Stephen Curry,1610612744,Golden State Warriors,4,3,39,Missed Shot,Driving Floating Jump Shot,2PT Field Goal,In The Paint (Non-RA),Center(C),Less Than 8 ft.,7.0,-48.0,55.0,1,0,20251214,POR,GSW,Stephen Curry,2025,POR,Missed,7.3,Stephen Curry
Shot Chart Detail,22501221,690,201939,Stephen Curry,1610612744,Golden State Warriors,4,3,11,Made Shot,Pullup Jump shot,3PT Field Goal,Above the Break 3,Right Side Center(RC),24+ ft.,28.0,114.0,261.0,1,1,20251214,POR,GSW,Stephen Curry,2025,POR,Made,28.48104632909402,Stephen Curry
Shot Chart Detail,22501221,696,201939,Stephen Curry,1610612744,Golden State Warriors,4,2,33,Made Shot,Driving Layup Shot,2PT Field Goal,In The Paint (Non-RA),Center(C),Less Than 8 ft.,4.0,-40.0,24.0,1,1,20251214,POR,GSW,Stephen Curry,2025,POR,Made,4.664761515876241,Stephen Curry
Shot Chart Detail,22501221,710,201939,Stephen Curry,1610612744,Golden State Warriors,4,1,26,Made Shot,Pullup Jump shot,3PT Field Goal,Above the Break 3,Right Side Center(RC),24+ ft.,26.0,185.0,183.0,1,1,20251214,POR,GSW,Stephen Curry,2025,POR,Made,26.021913841990948,Stephen Curry
Shot Chart Detail,22501221,717,201939,Stephen Curry,1610612744,Golden State Warriors,4,0,56,Missed Shot,Pullup Jump shot,3PT Field Goal,Above the Break 3,Left Side Center(LC),24+ ft.,26.0,-216.0,161.0,1,0,20251214,POR,GSW,Stephen Curry,2025,POR,Missed,26.940118782217716,Stephen Curry
Shot Chart Detail,22501221,721,201939,Stephen Curry,1610612744,Golden State Warriors,4,0,29,Missed Shot,Running Layup Shot,2PT Field Goal,In The Paint (Non-RA),Center(C),Less Than 8 ft.,4.0,34.0,31.0,1,0,20251214,POR,GSW,Stephen Curry,2025,POR,Missed,4.601086828130937,Stephen Curry
Shot Chart Detail,22501221,762,201939,Stephen Curry,1610612744,Golden State Warriors,4,0,11,Missed Shot,Jump Shot,3PT Field Goal,Above the Break 3,Right Side Center(RC),24+ ft.,30.0,181.0,242.0,1,0,20251214,POR,GSW,Stephen Curry,2025,POR,Missed,30.22002647252315,Stephen Curry
