GRID_TYPE,GAME_ID,GAME_EVENT_ID,PLAYER_ID,PLAYER_NAME,TEAM_ID,TEAM_NAME,PERIOD,MINUTES_REMAINING,SECONDS_REMAINING,EVENT_TYPE,ACTION_TYPE,SHOT_TYPE,SHOT_ZONE_BASIC,SHOT_ZONE_AREA,SHOT_ZONE_RANGE,SHOT_DISTANCE,LOC_X,LOC_Y,SHOT_ATTEMPTED_FLAG,SHOT_MADE_FLAG,GAME_DATE,HTM,VTM,PLAYER_NAME_LABEL,SEASON_START_YEAR,ERA,RESULT,CALC_DISTANCE_FT,PLAYER
Shot Chart Detail,22500002,44,201939,Stephen Curry,1610612744,Golden State Warriors,1,8,13,Made Shot,Jump Shot,3PT Field Goal,Above the Break 3,Center(C),24+ ft.,26.0,48.0,262.0,1,1,20251021,LAL,GSW,Stephen Curry,2025,LAL,Made,26.636065775560773,Stephen Curry
Shot Chart Detail,22500002,48,201939,Stephen Curry,1610612744,Golden State Warriors,1,7,45,Missed Shot,Jump Shot,3PT Field Goal,Above the Break 3,Right Side Center(RC),24+ ft.,25.0,114.0,230.0,1,0,20251021,LAL,GSW,Stephen Curry,2025,LAL,Missed,25.670216204777084,Stephen Curry
Shot Chart Detail,22500002,113,201939,Stephen Curry,1610612744,Golden State Warriors,1,3,57,Missed Shot,Step Back Jump shot,3PT Field Goal,Above the Break 3,Left Side Center(LC),24+ ft.,27.0,-136.0,234.0,1,0,20251021,LAL,GSW,Stephen Curry,2025,LAL,Missed,27.065106687393644,Stephen Curry
Shot Chart Detail,22500002,274,201939,Stephen Curry,1610612744,Golden State Warriors,2,6,24,Missed Shot,Driving Reverse Layup Shot,2PT Field Goal,Restricted Area,Center(C),Less Than 8 ft.,3.0,-29.0,16.0,1,0,20251021,LAL,GSW,Stephen Curry,2025,LAL,Missed,3.3120990323358392,Stephen Curry
Shot Chart Detail,22500002,301,201939,Stephen Curry,1610612744,Golden State Warriors,2,4,59,Made Shot,Running Jump Shot,3PT Field Goal,Above the Break 3,Right Side Center(RC),24+ ft.,27.0,141.0,240.0,1,1,20251021,LAL,GSW,Stephen Curry,2025,LAL,Made,27.83540910423269,Stephen Curry
Shot Chart Detail,22500002,314,201939,Stephen Curry,1610612744,Golden State Warriors,2,4,3,Made Shot,Cutting Layup Shot,2PT Field Goal,Restricted Area,Center(C),Less Than 8 ft.,3.0,16.0,35.0,1,1,20251021,LAL,GSW,Stephen Curry,2025,LAL,Made,3.8483762809787714,Stephen Curry
Shot Chart Detail,22500002,321,201939,Stephen Curry,1610612744,Golden State Warriors,2,2,59,Made Shot,Driving Floating Bank Jump Shot,2PT Field Goal,In The Paint (Non-RA),Center(C),Less Than 8 ft.,4.0,25.0,34.0,1,1,20251021,LAL,GSW,Stephen Curry,2025,LAL,Made,4.220189569201838,Stephen Curry
Shot Chart Detail,22500002,342,201939,Stephen Curry,1610612744,Golden State Warriors,2,2,13,Missed Shot,Pullup Jump shot,3PT Field Goal,Above the Break 3,Right Side Center(RC),24+ ft.,28.0,181.0,219.0,1,0,20251021,LAL,GSW,Stephen Curry,2025,LAL,Missed,28.41161734220704,Stephen Curry
Shot Chart Detail,22500002,367,201939,Stephen Curry,1610612744,Golden State Warriors,2,0,46,Missed Shot,Driving Layup Shot,2PT Field Goal,Restricted Area,Center(C),Less Than 8 ft.,2.0,2.0,29.0,1,0,20251021,LAL,GSW,Stephen Curry,2025,LAL,Missed,2.906888370749727,Stephen Curry
Shot Chart Detail,22500002,374,201939,Stephen Curry,1610612744,Golden State Warriors,2,0,2,Missed Shot,Step Back Jump shot,3PT Field Goal,Above the Break 3,Left Side Center(LC),24+ ft.,27.0,-112.0,253.0,1,0,20251021,LAL,GSW,Stephen Curry,2025,LAL,Missed,27.668212808202846,Stephen Curry
Shot Chart Detail,22500002,439,201939,Stephen Curry,1610612744,Golden State Warriors,3,7,17,Made Shot,Cutting Layup Shot,2PT Field Goal,Restricted Area,Center(C),Less Than 8 ft.,2.0,2.0,28.0,1,1,20251021,LAL,GSW,Stephen Curry,2025,LAL,Made,2.80713376952364,Stephen Curry
Shot Chart Detail,22500002,631,201939,Stephen Curry,1610612744,Golden State Warriors,4,4,9,Missed Shot,Step Back Jump shot,3PT Field Goal,Above the Break 3,Right Side Center(RC),24+ ft.,26.0,162.0,214.0,1,0,20251021,LAL,GSW,Stephen Curry,2025,LAL,Missed,26.840268254993283,Stephen Curry
Shot Chart Detail,22500002,649,201939,Stephen Curry,1610612744,Golden State Warriors,4,2,57,Missed Shot,Step Back Jump shot,3PT Field Goal,Above the Break 3,Left Side Center(LC),24+ ft.,26.0,-201.0,169.0,1,0,20251021,LAL,GSW,Stephen Curry,2025,LAL,Missed,26.260616900598507,Stephen Curry
Shot Chart Detail,22500002,675,201939,Stephen Curry,1610612744,Golden State Warriors,4,0,51,Made Shot,Jump Shot,3PT Field Goal,Above the Break 3,Right Side Center(RC),24+ ft.,35.0,196.0,298.0,1,1,20251021,LAL,GSW,Stephen Curry,2025,LAL,Made,35.66791275081849,Stephen Curry
Shot Chart Detail,22500006,7,201939,Stephen Curry,1610612744,Golden State Warriors,1,11,46,Made Shot,Jump Shot,3PT Field Goal,Above the Break 3,Right Side Center(RC),24+ ft.,25.0,174.0,190.0,1,1,20251023,GSW,DEN,Stephen Curry,2025,GSW,Made,25.763540129415446,Stephen Curry
Shot Chart Detail,22500006,34,201939,Stephen Curry,1610612744,Golden State Warriors,1,8,57,Missed Shot,Pullup Jump shot,3PT Field Goal,Above the Break 3,Left Side Center(LC),24+ ft.,25.0,-179.0,181.0,1,0,20251023,GSW,DEN,Stephen Curry,2025,GSW,Missed,25.45623695678527,Stephen Curry
Shot Chart Detail,22500006,38,201939,Stephen Curry,1610612744,Golden State Warriors,1,8,24,Missed Shot,Jump Shot,3PT Field Goal,Left Corner 3,Left Side(L),24+ ft.,24.0,-240.0,11.0,1,0,20251023,GSW,DEN,Stephen Curry,2025,GSW,Missed,24.025195108468942,Stephen Curry
Shot Chart Detail,22500006,269,201939,Stephen Curry,1610612744,Golden State Warriors,2,3,36,Missed Shot,Pullup Jump shot,3PT Field Goal,Above the Break 3,Center(C),24+ ft.,25.0,-49.0,253.0,1,0,20251023,GSW,DEN,Stephen Curry,2025,GSW,Missed,25.770137756713684,Stephen Curry
Shot Chart Detail,22500006,273,201939,Stephen Curry,1610612744,Golden State Warriors,2,3,12,Made Shot,Driving Finger Roll Layup Shot,2PT Field Goal,Restricted Area,Center(C),Less Than 8 ft.,2.0,25.0,13.0,1,1,20251023,GSW,DEN,Stephen Curry,2025,GSW,Made,2.817800560721074,Stephen Curry
Shot Chart Detail,22500006,285,201939,Stephen Curry,1610612744,Golden State Warriors,2,2,12,Made Shot,Driving Finger Roll Layup Shot,2PT Field Goal,Restricted Area,Center(C),Less Than 8 ft.,2.0,27.0,13.0,1,1,20251023,GSW,DEN,Stephen Curry,2025,GSW,Made,2.9966648127543394,Stephen Curry
Shot Chart Detail,22500006,288,201939,Stephen Curry,1610612744,Golden State Warriors,2,1,52,Missed Shot,Jump Shot,3PT Field Goal,Above the Break 3,Right Side Center(RC),24+ ft.,27.0,138.0,243.0,1,0,20251023,GSW,DEN,Stephen Curry,2025,GSW,Missed,27.945124798433092,Stephen Curry
Shot Chart Detail,22500006,312,201939,Stephen Curry,1610612744,Golden State Warriors,2,0,40,Missed Shot,Jump Shot,2PT Field Goal,Mid-Range,Left Side Center(LC),16-24 ft.,17.0,-115.0,133.0,1,0,20251023,GSW,DEN,Stephen Curry,2025,GSW,Missed,17.582377541163197,Stephen Curry
Shot Chart Detail,22500006,351,201939,Stephen Curry,1610612744,Golden State Warriors,3,10,43,Made Shot,Jump Shot,3PT Field Goal,Above the Break 3,Left Side Center(LC),24+ ft.,28.0,-140.0,250.0,1,1,20251023,GSW,DEN,Stephen Curry,2025,GSW,Made,28.653097563788805,Stephen Curry
Shot Chart Detail,22500006,361,201939,Stephen Curry,1610612744,Golden State Warriors,3,9,33,Made Shot,Jump Shot,3PT Field Goal,Above the Break 3,Left Side Center(LC),24+ ft.,25.0,-158.0,206.0,1,1,20251023,GSW,DEN,Stephen Curry,2025,GSW,Made,25.961509971494337,Stephen Curry
Shot Chart Detail,22500006,364,201939,Stephen Curry,1610612744,Golden State Warriors,3,9,0,Missed Shot,Driving Finger Roll Layup Shot,2PT Field Goal,In The Paint (Non-RA),Center(C),8-16 ft.,12.0,50.0,115.0,1,0,20251023,GSW,DEN,Stephen Curry,2025,GSW,Missed,12.539936203984452,Stephen Curry
Shot Chart Detail,22500006,375,201939,Stephen Curry,1610612744,Golden State Warriors,3,7,47,Missed Shot,Driving Layup Shot,2PT Field Goal,Mid-Range,Right Side(R),8-16 ft.,11.0,97.0,64.0,1,0,20251023,GSW,DEN,Stephen Curry,2025,GSW,Missed,11.621101496846157,Stephen Curry
Shot Chart Detail,22500006,380,201939,Stephen Curry,1610612744,Golden State Warriors,3,7,32,Made Shot,Cutting Layup Shot,2PT Field Goal,In The Paint (Non-RA),Center(C),Less Than 8 ft.,5.0,58.0,3.0,1,1,20251023,GSW,DEN,Stephen Curry,2025,GSW,Made,5.807753438292641,Stephen Curry
Shot Chart Detail,22500006,402,201939,Stephen Curry,1610612744,Golden State Warriors,3,5,47,Made Shot,Jump Shot,2PT Field Goal,Mid-Range,Left Side(L),8-16 ft.,15.0,-126.0,96.0,1,1,20251023,GSW,DEN,Stephen Curry,2025,GSW,Made,15.840454538932903,Stephen Curry
Shot Chart Detail,22500006,408,201939,Stephen Curry,1610612744,Golden State Warriors,3,5,9,Made Shot,Cutting Layup Shot,2PT Field Goal,In The Paint (Non-RA),Center(C),8-16 ft.,11.0,22.0,108.0,1,1,20251023,GSW,DEN,Stephen Curry,2025,GSW,Made,11.021796586763884,Stephen Curry
Shot Chart Detail,22500006,417,201939,Stephen Curry,1610612744,Golden State Warriors,3,4,49,Missed Shot,Step Back Jump shot,3PT Field Goal,Above the Break 3,Left Side Center(LC),24+ ft.,26.0,-86.0,247.0,1,0,20251023,GSW,DEN,Stephen Curry,2025,GSW,Missed,26.154349542666893,Stephen Curry
Shot Chart Detail,22500006,578,201939,Stephen Curry,1610612744,Golden State Warriors,4,6,5,Made Shot,Driving Layup Shot,2PT Field Goal,In The Paint (Non-RA),Center(C),Less Than 8 ft.,7.0,56.0,43.0,1,1,20251023,GSW,DEN,Stephen Curry,2025,GSW,Made,7.060453243241541,Stephen Curry
Shot Chart Detail,22500006,599,201939,Stephen Curry,1610612744,Golden State Warriors,4,4,57,Made Shot,Driving Reverse Layup Shot,2PT Field Goal,Restricted Area,Center(C),Less Than 8 ft.,1.0,12.0,14.0,1,1,20251023,GSW,DEN,Stephen Curry,2025,GSW,Made,1.8439088914585775,Stephen Curry
Shot Chart Detail,22500006,607,201939,Stephen Curry,1610612744,Golden State Warriors,4,4,2,Missed Shot,Jump Shot,3PT Field Goal,Above the Break 3,Center(C),24+ ft.,26.0,-48.0,262.0,1,0,20251023,GSW,DEN,Stephen Curry,2025,GSW,Missed,26.636065775560773,Stephen Curry
Shot Chart Detail,22500006,642,201939,Stephen Curry,1610612744,Golden State Warriors,4,1,24,Made Shot,Pullup Jump shot,3PT Field Goal,Above the Break 3,Center(C),24+ ft.,26.0,-21.0,263.0,1,1,20251023,GSW,DEN,Stephen Curry,2025,GSW,Made,26.383707093583343,Stephen Curry
Shot Chart Detail,22500006,645,201939,Stephen Curry,1610612744,Golden State Warriors,4,0,43,Missed Shot,Driving Reverse Layup Shot,2PT Field Goal,Restricted Area,Center(C),Less Than 8 ft.,2.0,-20.0,10.0,1,0,20251023,GSW,DEN,Stephen Curry,2025,GSW,Missed,2.23606797749979,Stephen Curry
Shot Chart Detail,22500006,654,201939,Stephen Curry,1610612744,Golden State Warriors,4,0,21,Made Shot,Pullup Jump shot,3PT Field Goal,Above the Break 3,Center(C),24+ ft.,34.0,100.0,327.0,1,1,20251023,GSW,DEN,Stephen Curry,2025,GSW,Made,34.194882658082044,Stephen Curry
Shot Chart Detail,22500006,681,201939,Stephen Curry,1610612744,Golden State Warriors,5,4,4,Made Shot,Jump Shot,3PT Field Goal,Above the Break 3,Center(C),24+ ft.,28.0,-83.0,271.0,1,1,20251023,GSW,DEN,Stephen Curry,2025,GSW,Made,28.342547521350298,Stephen Curry
Shot Chart Detail,22500006,688,201939,Stephen Curry,1610612744,Golden State Warriors,5,3,28,Missed Shot,Driving Floating Jump Shot,2PT Field Goal,Mid-Range,Right Side(R),8-16 ft.,11.0,81.0,82.0,1,0,20251023,GSW,DEN,Stephen Curry,2025,GSW,Missed,11.526057435220423,Stephen Curry
Shot Chart Detail,22500006,714,201939,Stephen Curry,1610612744,Golden State Warriors,5,0,23,Made Shot,Running Layup Shot,2PT Field Goal,Restricted Area,Center(C),Less Than 8 ft.,1.0,9.0,10.0,1,1,20251023,GSW,DEN,Stephen Curry,2025,GSW,Made,1.345362404707371,Stephen Curry
Shot Chart Detail,22500011,27,201939,Stephen Curry,1610612744,Golden State Warriors,1,10,14,Missed Shot,Pullup Jump shot,2PT Field Goal,Mid-Range,Center(C),16-24 ft.,20.0,58.0,193.0,1,0,20251225,GSW,DAL,Stephen Curry,2025,GSW,Missed,20.152667317256046,Stephen Curry
Shot Chart Detail,22500011,60,201939,Stephen Curry,1610612744,Golden State Warriors,1,8,1,Missed Shot,Jump Shot,3PT Field Goal,Above the Break 3,Right Side Center(RC),24+ ft.,26.0,188.0,181.0,1,0,20251225,GSW,DAL,Stephen Curry,2025,GSW,Missed,26.096934685897498,Stephen Curry
Shot Chart Detail,22500011,231,201939,Stephen Curry,1610612744,Golden State Warriors,2,9,46,Missed Shot,Jump Shot,3PT Field Goal,Above the Break 3,Right Side Center(RC),24+ ft.,25.0,154.0,199.0,1,0,20251225,GSW,DAL,Stephen Curry,2025,GSW,Missed,25.162869470710213,Stephen Curry
Shot Chart Detail,22500011,235,201939,Stephen Curry,1610612744,Golden State Warriors,2,9,24,Missed Shot,Driving Finger Roll Layup Shot,2PT Field Goal,Restricted Area,Center(C),Less Than 8 ft.,3.0,-31.0,12.0,1,0,20251225,GSW,DAL,Stephen Curry,2025,GSW,Missed,3.324154027718932,Stephen Curry
Shot Chart Detail,22500011,260,201939,Stephen Curry,1610612744,Golden State Warriors,2,7,55,Missed Shot,Jump Shot,3PT Field Goal,Above the Break 3,Left Side Center(LC),24+ ft.,30.0,-189.0,236.0,1,0,20251225,GSW,DAL,Stephen Curry,2025,GSW,Missed,30.23524433504714,Stephen Curry
Shot Chart Detail,22500011,263,201939,Stephen Curry,1610612744,Golden State Warriors,2,7,27,Made Shot,Jump Shot,3PT Field Goal,Above the Break 3,Left Side Center(LC),24+ ft.,32.0,-153.0,290.0,1,1,20251225,GSW,DAL,Stephen Curry,2025,GSW,Made,32.788565079917724,Stephen Curry
Shot Chart Detail,22500011,362,201939,Stephen Curry,1610612744,Golden State Warriors,2,0,5,Made Shot,Driving Finger Roll Layup Shot,2PT Field Goal,Mid-Range,Left Side(L),8-16 ft.,9.0,-87.0,40.0,1,1,20251225,GSW,DAL,Stephen Curry,2025,GSW,Made,9.575489543621256,Stephen Curry
Shot Chart Detail,22500011,375,201939,Stephen Curry,1610612744,Golden State Warriors,3,11,29,Made Shot,Cutting Layup Shot,2PT Field Goal,In The Paint (Non-RA),Center(C),Less Than 8 ft.,4.0,45.0,11.0,1,1,20251225,GSW,DAL,Stephen Curry,2025,GSW,Made,4.632493928760188,Stephen Curry
Shot Chart Detail,22500011,380,201939,Stephen Curry,1610612744,Golden State Warriors,3,10,55,Made Shot,Cutting Finger Roll Layup Shot,2PT Field Goal,Restricted Area,Center(C),Less Than 8 ft.,3.0,5.0,32.0,1,1,20251225,GSW,DAL,Stephen Curry,2025,GSW,Made,3.2388269481403293,Stephen Curry
Shot Chart Detail,22500011,386,201939,Stephen Curry,1610612744,Golden State Warriors,3,10,20,Missed Shot,Jump Shot,3PT Field Goal,Above the Break 3,Center(C),24+ ft.,26.0,25.0,260.0,1,0,20251225,GSW,DAL,Stephen Curry,2025,GSW,Missed,26.11991577321795,Stephen Curry
Shot Chart Detail,22500011,422,201939,Stephen Curry,1610612744,Golden State Warriors,3,7,23,Missed Shot,Pullup Jump shot,3PT Field Goal,Above the Break 3,Center(C),24+ ft.,28.0,-71.0,281.0,1,0,20251225,GSW,DAL,Stephen Curry,2025,GSW,Missed,28.983098523104807,Stephen Curry
Shot Chart Detail,22500011,445,201939,Stephen Curry,1610612744,Golden State Warriors,3,4,51,Made Shot,Driving Hook Shot,2PT Field Goal,In The Paint (Non-RA),Center(C),Less Than 8 ft.,5.0,42.0,32.0,1,1,20251225,GSW,DAL,Stephen Curry,2025,GSW,Made,5.280151512977634,Stephen Curry
Shot Chart Detail,22500011,543,201939,Stephen Curry,1610612744,Golden State Warriors,4,11,35,Missed Shot,Turnaround Jump Shot,3PT Field Goal,Above the Break 3,Right Side Center(RC),24+ ft.,27.0,192.0,198.0,1,0,20251225,GSW,DAL,Stephen Curry,2025,GSW,Missed,27.580427842946886,Stephen Curry
Shot Chart Detail,22500011,572,201939,Stephen Curry,1610612744,Golden State Warriors,4,9,14,Missed Shot,Jump Shot,3PT Field Goal,Above the Break 3,Left Side Center(LC),24+ ft.,26.0,-146.0,224.0,1,0,20251225,GSW,DAL,Stephen Curry,2025,GSW,Missed,26.737987957211736,Stephen Curry
Shot Chart Detail,22500011,660,201939,Stephen Curry,1610612744,Golden State Warriors,4,4,44,Missed Shot,Step Back Jump shot,3PT Field Goal,Above the Break 3,Left Side Center(LC),24+ ft.,28.0,-180.0,218.0,1,0,20251225,GSW,DAL,Stephen Curry,2025,GSW,Missed,28.27083302628347,Stephen Curry
Shot Chart Detail,22500011,677,201939,Stephen Curry,1610612744,Golden State Warriors,4,3,45,Made Shot,Pullup Jump shot,3PT Field Goal,Above the Break 3,Left Side Center(LC),24+ ft.,26.0,-189.0,182.0,1,1,20251225,GSW,DAL,Stephen Curry,2025,GSW,Made,26.238330739587838,Stephen Curry
Shot Chart Detail,22500011,681,201939,Stephen Curry,1610612744,Golden State Warriors,4,3,15,Missed Shot,Finger Roll Layup Shot,2PT Field Goal,In The Paint (Non-RA),Center(C),Less Than 8 ft.,4.0,47.0,14.0,1,0,20251225,GSW,DAL,Stephen Curry,2025,GSW,Missed,4.904079934095692,Stephen Curry
Shot Chart Detail,22500011,698,201939,Stephen Curry,1610612744,Golden State Warriors,4,1,31,Missed Shot,Driving Reverse Layup Shot,2PT Field Goal,In The Paint (Non-RA),Center(C),Less Than 8 ft.,4.0,43.0,8.0,1,0,20251225,GSW,DAL,Stephen Curry,2025,GSW,Missed,4.3737855457258075,Stephen Curry
Shot Chart Detail,22500047,17,201939,Stephen Curry,1610612744,Golden State Warriors,1,10,26,Missed Shot,Jump Shot,3PT Field Goal,Above the Break 3,Center(C),24+ ft.,26.0,-76.0,249.0,1,0,20251114,SAS,GSW,Stephen Curry,2025,SAS,Missed,26.03401620956705,Stephen Curry
Shot Chart Detail,22500047,24,201939,Stephen Curry,1610612744,Golden State Warriors,1,9,57,Made Shot,Step Back Jump shot,3PT Field Goal,Above the Break 3,Center(C),24+ ft.,25.0,23.0,258.0,1,1,20251114,SAS,GSW,Stephen Curry,2025,SAS,Made,25.902316498722655,Stephen Curry
Shot Chart Detail,22500047,106,201939,Stephen Curry,1610612744,Golden State Warriors,1,4,33,Made Shot,Step Back Jump shot,2PT Field Goal,Mid-Range,Left Side(L),8-16 ft.,14.0,-140.0,1.0,1,1,20251114,SAS,GSW,Stephen Curry,2025,SAS,Made,14.000357138301865,Stephen Curry
Shot Chart Detail,22500047,109,201939,Stephen Curry,1610612744,Golden State Warriors,1,4,5,Made Shot,Pullup Jump shot,3PT Field Goal,Above the Break 3,Center(C),24+ ft.,26.0,64.0,253.0,1,1,20251114,SAS,GSW,Stephen Curry,2025,SAS,Made,26.096934685897498,Stephen Curry
Shot Chart Detail,22500047,270,201939,Stephen Curry,1610612744,Golden State Warriors,2,6,27,Made Shot,Pullup Jump shot,3PT Field Goal,Above the Break 3,Left Side Center(LC),24+ ft.,28.0,-105.0,263.0,1,1,20251114,SAS,GSW,Stephen Curry,2025,SAS,Made,28.318545160371496,Stephen Curry
Shot Chart Detail,22500047,288,201939,Stephen Curry,1610612744,Golden State Warriors,2,5,18,Missed Shot,Pullup Jump shot,3PT Field Goal,Above the Break 3,Center(C),24+ ft.,26.0,49.0,265.0,1,0,20251114,SAS,GSW,Stephen Curry,2025,SAS,Missed,26.949211491247752,Stephen Curry
Shot Chart Detail,22500047,326,201939,Stephen Curry,1610612744,Golden State Warriors,2,2,25,Made Shot,Step Back Jump shot,3PT Field Goal,Above the Break 3,Left Side Center(LC),24+ ft.,26.0,-145.0,217.0,1,1,20251114,SAS,GSW,Stephen Curry,2025,SAS,Made,26.09865896938002,Stephen Curry
Shot Chart Detail,22500047,336,201939,Stephen Curry,1610612744,Golden State Warriors,2,1,5,Missed Shot,Jump Shot,3PT Field Goal,Above the Break 3,Center(C),24+ ft.,28.0,67.0,281.0,1,0,20251114,SAS,GSW,Stephen Curry,2025,SAS,Missed,28.887713651308577,Stephen Curry
Shot Chart Detail,22500047,342,201939,Stephen Curry,1610612744,Golden State Warriors,2,0,9,Made Shot,Driving Finger Roll Layup Shot,2PT Field Goal,Restricted Area,Center(C),Less Than 8 ft.,2.0,27.0,10.0,1,1,20251114,SAS,GSW,Stephen Curry,2025,SAS,Made,2.8792360097775935,Stephen Curry
Shot Chart Detail,22500047,401,201939,Stephen Curry,1610612744,Golden State Warriors,3,7,28,Missed Shot,Pullup Jump shot,3PT Field Goal,Above the Break 3,Left Side Center(LC),24+ ft.,26.0,-127.0,229.0,1,0,20251114,SAS,GSW,Stephen Curry,2025,SAS,Missed,26.18587405453559,Stephen Curry
Shot Chart Detail,22500047,422,201939,Stephen Curry,1610612744,Golden State Warriors,3,6,26,Made Shot,Pullup Jump shot,3PT Field Goal,Above the Break 3,Center(C),24+ ft.,24.0,-33.0,243.0,1,1,20251114,SAS,GSW,Stephen Curry,2025,SAS,Made,24.52305038122297,Stephen Curry
Shot Chart Detail,22500047,432,201939,Stephen Curry,1610612744,Golden State Warriors,3,5,40,Missed Shot,Pullup Jump shot,3PT Field Goal,Above the Break 3,Left Side Center(LC),24+ ft.,25.0,-83.0,239.0,1,0,20251114,SAS,GSW,Stephen Curry,2025,SAS,Missed,25.300197627686625,Stephen Curry
Shot Chart Detail,22500047,455,201939,Stephen Curry,1610612744,Golden State Warriors,3,4,3,Made Shot,Driving Layup Shot,2PT Field Goal,Restricted Area,Center(C),Less Than 8 ft.,0.0,4.0,6.0,1,1,20251114,SAS,GSW,Stephen Curry,2025,SAS,Made,0.7211102550927978,Stephen Curry
Shot Chart Detail,22500047,458,201939,Stephen Curry,1610612744,Golden State Warriors,3,3,36,Made Shot,Driving Floating Bank Jump Shot,2PT Field Goal,Mid-Range,Center(C),8-16 ft.,15.0,12.0,159.0,1,1,20251114,SAS,GSW,Stephen Curry,2025,SAS,Made,15.945218719101973,Stephen Curry
Shot Chart Detail,22500047,477,201939,Stephen Curry,1610612744,Golden State Warriors,3,2,58,Made Shot,Step Back Jump shot,3PT Field Goal,Above the Break 3,Right Side Center(RC),24+ ft.,27.0,169.0,222.0,1,1,20251114,SAS,GSW,Stephen Curry,2025,SAS,Made,27.900716836669268,Stephen Curry
Shot Chart Detail,22500047,480,201939,Stephen Curry,1610612744,Golden State Warriors,3,2,34,Missed Shot,Driving Floating Bank Jump Shot,2PT Field Goal,Mid-Range,Right Side(R),8-16 ft.,15.0,123.0,98.0,1,0,20251114,SAS,GSW,Stephen Curry,2025,SAS,Missed,15.726728839781018,Stephen Curry
Shot Chart Detail,22500047,485,201939,Stephen Curry,1610612744,Golden State Warriors,3,2,7,Made Shot,Jump Shot,3PT Field Goal,Above the Break 3,Left Side Center(LC),24+ ft.,25.0,-83.0,241.0,1,1,20251114,SAS,GSW,Stephen Curry,2025,SAS,Made,25.48921340488953,Stephen Curry
Shot Chart Detail,22500047,488,201939,Stephen Curry,1610612744,Golden State Warriors,3,1,21,Missed Shot,Jump Shot,3PT Field Goal,Above the Break 3,Right Side Center(RC),24+ ft.,29.0,200.0,215.0,1,0,20251114,SAS,GSW,Stephen Curry,2025,SAS,Missed,29.364093720052047,Stephen Curry
Shot Chart Detail,22500047,490,201939,Stephen Curry,1610612744,Golden State Warriors,3,1,15,Missed Shot,Jump Shot,3PT Field Goal,Above the Break 3,Right Side Center(RC),24+ ft.,31.0,180.0,262.0,1,0,20251114,SAS,GSW,Stephen Curry,2025,SAS,Missed,31.78741889490243,Stephen Curry
Shot Chart Detail,22500047,494,201939,Stephen Curry,1610612744,Golden State Warriors,3,0,44,Made Shot,Pullup Jump shot,3PT Field Goal,Above the Break 3,Right Side Center(RC),24+ ft.,28.0,145.0,246.0,1,1,20251114,SAS,GSW,Stephen Curry,2025,SAS,Made,28.555384781158175,Stephen Curry
Shot Chart Detail,22500047,610,201939,Stephen Curry,1610612744,Golden State Warriors,4,6,42,Made Shot,Pullup Jump shot,3PT Field Goal,Above the Break 3,Left Side Center(LC),24+ ft.,29.0,-157.0,245.0,1,1,20251114,SAS,GSW,Stephen Curry,2025,SAS,Made,29.09879722600231,Stephen Curry
Shot Chart Detail,22500047,613,201939,Stephen Curry,1610612744,Golden State Warriors,4,6,0,Made Shot,Step Back Jump shot,2PT Field Goal,Mid-Range,Left Side(L),8-16 ft.,15.0,-148.0,56.0,1,1,20251114,SAS,GSW,Stephen Curry,2025,SAS,Made,15.824032355881986,Stephen Curry
Shot Chart Detail,22500047,623,201939,Stephen Curry,1610612744,Golden State Warriors,4,5,27,Made Shot,Driving Finger Roll Layup Shot,2PT Field Goal,Restricted Area,Center(C),Less Than 8 ft.,0.0,1.0,6.0,1,1,20251114,SAS,GSW,Stephen Curry,2025,SAS,Made,0.6082762530298219,Stephen Curry
Shot Chart Detail,22500047,651,201939,Stephen Curry,1610612744,Golden State Warriors,4,2,37,Missed Shot,Driving Finger Roll Layup Shot,2PT Field Goal,Restricted Area,Center(C),Less Than 8 ft.,0.0,5.0,5.0,1,0,20251114,SAS,GSW,Stephen Curry,2025,SAS,Missed,0.7071067811865476,Stephen Curry
Shot Chart Detail,22500047,666,201939,Stephen Curry,1610612744,Golden State Warriors,4,2,11,Made Shot,Cutting Finger Roll Layup Shot,2PT Field Goal,Restricted Area,Center(C),Less Than 8 ft.,1.0,2.0,11.0,1,1,20251114,SAS,GSW,Stephen Curry,2025,SAS,Made,1.118033988749895,Stephen Curry
Shot Chart Detail,22500047,675,201939,Stephen Curry,1610612744,Golden State Warriors,4,1,27,Missed Shot,Pullup Jump shot,3PT Field Goal,Above the Break 3,Center(C),24+ ft.,24.0,17.0,247.0,1,0,20251114,SAS,GSW,Stephen Curry,2025,SAS,Missed,24.758432906789558,Stephen Curry
Shot Chart Detail,22500056,19,201939,Stephen Curry,1610612744,Golden State Warriors,1,10,20,Missed Shot,Jump Shot,3PT Field Goal,Above the Break 3,Right Side Center(RC),24+ ft.,26.0,195.0,179.0,1,0,20251121,GSW,POR,Stephen Curry,2025,GSW,Missed,26.469982999616754,Stephen Curry
Shot Chart Detail,22500056,84,201939,Stephen Curry,1610612744,Golden State Warriors,1,6,23,Missed Shot,Jump Shot,3PT Field Goal,Above the Break 3,Left Side Center(LC),24+ ft.,26.0,-205.0,163.0,1,0,20251121,GSW,POR,Stephen Curry,2025,GSW,Missed,26.190456277048707,Stephen Curry
Shot Chart Detail,22500056,104,201939,Stephen Curry,1610612744,Golden State Warriors,1,5,20,Missed Shot,Jump Shot,3PT Field Goal,Above the Break 3,Center(C),24+ ft.,27.0,-12.0,270.0,1,0,20251121,GSW,POR,Stephen Curry,2025,GSW,Missed,27.026653510932498,Stephen Curry
Shot Chart Detail,22500056,112,201939,Stephen Curry,1610612744,Golden State Warriors,1,4,50,Made Shot,Driving Floating Bank Jump Shot,2PT Field Goal,In The Paint (Non-RA),Center(C),Less Than 8 ft.,7.0,36.0,69.0,1,1,20251121,GSW,POR,Stephen Curry,2025,GSW,Made,7.782673062643708,Stephen Curry
Shot Chart Detail,22500056,132,201939,Stephen Curry,1610612744,Golden State Warriors,1,3,29,Made Shot,Jump Shot,3PT Field Goal,Left Corner 3,Left Side(L),24+ ft.,23.0,-233.0,37.0,1,1,20251121,GSW,POR,Stephen Curry,2025,GSW,Made,23.591947778850308,Stephen Curry
Shot Chart Detail,22500056,296,201939,Stephen Curry,1610612744,Golden State Warriors,2,5,9,Made Shot,Cutting Layup Shot,2PT Field Goal,Restricted Area,Center(C),Less Than 8 ft.,3.0,28.0,16.0,1,1,20251121,GSW,POR,Stephen Curry,2025,GSW,Made,3.2249030993194197,Stephen Curry
Shot Chart Detail,22500056,318,201939,Stephen Curry,1610612744,Golden State Warriors,2,4,24,Made Shot,Step Back Jump shot,3PT Field Goal,Above the Break 3,Left Side Center(LC),24+ ft.,26.0,-132.0,230.0,1,1,20251121,GSW,POR,Stephen Curry,2025,GSW,Made,26.518672666632465,Stephen Curry
Shot Chart Detail,22500056,326,201939,Stephen Curry,1610612744,Golden State Warriors,2,3,26,Made Shot,Jump Shot,3PT Field Goal,Above the Break 3,Center(C),24+ ft.,29.0,-5.0,299.0,1,1,20251121,GSW,POR,Stephen Curry,2025,GSW,Made,29.904180309782777,Stephen Curry
Shot Chart Detail,22500056,337,201939,Stephen Curry,1610612744,Golden State Warriors,2,2,39,Made Shot,Pullup Jump shot,3PT Field Goal,Left Corner 3,Left Side(L),24+ ft.,23.0,-233.0,-5.0,1,1,20251121,GSW,POR,Stephen Curry,2025,GSW,Made,23.305364189387817,Stephen Curry
Shot Chart Detail,22500056,348,201939,Stephen Curry,1610612744,Golden State Warriors,2,2,1,Made Shot,Step Back Jump shot,3PT Field Goal,Above the Break 3,Center(C),24+ ft.,28.0,62.0,280.0,1,1,20251121,GSW,POR,Stephen Curry,2025,GSW,Made,28.678214728256712,Stephen Curry
Shot Chart Detail,22500056,362,201939,Stephen Curry,1610612744,Golden State Warriors,2,0,38,Made Shot,Step Back Jump shot,3PT Field Goal,Above the Break 3,Left Side Center(LC),24+ ft.,26.0,-169.0,209.0,1,1,20251121,GSW,POR,Stephen Curry,2025,GSW,Made,26.877871939571406,Stephen Curry
Shot Chart Detail,22500056,380,201939,Stephen Curry,1610612744,Golden State Warriors,3,11,42,Made Shot,Driving Layup Shot,2PT Field Goal,In The Paint (Non-RA),Center(C),Less Than 8 ft.,6.0,58.0,36.0,1,1,20251121,GSW,POR,Stephen Curry,2025,GSW,Made,6.826419266350404,Stephen Curry
Shot Chart Detail,22500056,410,201939,Stephen Curry,1610612744,Golden State Warriors,3,9,6,Made Shot,Driving Layup Shot,2PT Field Goal,Restricted Area,Center(C),Less Than 8 ft.,3.0,34.0,1.0,1,1,20251121,GSW,POR,Stephen Curry,2025,GSW,Made,3.40147027033899,Stephen Curry
Shot Chart Detail,22500056,431,201939,Stephen Curry,1610612744,Golden State Warriors,3,7,25,Missed Shot,Jump Shot,3PT Field Goal,Above the Break 3,Right Side Center(RC),24+ ft.,27.0,146.0,234.0,1,0,20251121,GSW,POR,Stephen Curry,2025,GSW,Missed,27.581152985326774,Stephen Curry
Shot Chart Detail,22500056,453,201939,Stephen Curry,1610612744,Golden State Warriors,3,5,55,Missed Shot,Pullup Jump shot,3PT Field Goal,Above the Break 3,Left Side Center(LC),24+ ft.,24.0,-228.0,98.0,1,0,20251121,GSW,POR,Stephen Curry,2025,GSW,Missed,24.816929705344293,Stephen Curry
Shot Chart Detail,22500056,634,201939,Stephen Curry,1610612744,Golden State Warriors,4,7,11,Made Shot,Jump Shot,3PT Field Goal,Above the Break 3,Right Side Center(RC),24+ ft.,26.0,217.0,156.0,1,1,20251121,GSW,POR,Stephen Curry,2025,GSW,Made,26.725456029785533,Stephen Curry
Shot Chart Detail,22500056,644,201939,Stephen Curry,1610612744,Golden State Warriors,4,6,1,Made Shot,Driving Layup Shot,2PT Field Goal,Mid-Range,Right Side(R),8-16 ft.,9.0,88.0,32.0,1,1,20251121,GSW,POR,Stephen Curry,2025,GSW,Made,9.3637599285757,Stephen Curry
Shot Chart Detail,22500056,682,201939,Stephen Curry,1610612744,Golden State Warriors,4,3,27,Missed Shot,Pullup Jump shot,3PT Field Goal,Above the Break 3,Right Side Center(RC),24+ ft.,29.0,195.0,219.0,1,0,20251121,GSW,POR,Stephen Curry,2025,GSW,Missed,29.323369519889763,Stephen Curry
Shot Chart Detail,22500056,701,201939,Stephen Curry,1610612744,Golden State Warriors,4,2,0,Made Shot,Step Back Jump shot,3PT Field Goal,Left Corner 3,Left Side(L),24+ ft.,23.0,-233.0,43.0,1,1,20251121,GSW,POR,Stephen Curry,2025,GSW,Made,23.693459012984995,Stephen Curry
Shot Chart Detail,22500056,707,201939,Stephen Curry,1610612744,Golden State Warriors,4,1,17,Missed Shot,Driving Finger Roll Layup Shot,2PT Field Goal,In The Paint (Non-RA),Right Side(R),8-16 ft.,9.0,80.0,53.0,1,0,20251121,GSW,POR,Stephen Curry,2025,GSW,Missed,9.596353474106714,Stephen Curry
Shot Chart Detail,22500056,726,201939,Stephen Curry,1610612744,Golden State Warriors,4,0,22,Made Shot,Step Back Jump shot,3PT Field Goal,Above the Break 3,Center(C),24+ ft.,26.0,-61.0,262.0,1,1,20251121,GSW,POR,Stephen Curry,2025,GSW,Made,26.90074348414928,Stephen Curry
Shot Chart Detail,22500056,740,201939,Stephen Curry,1610612744,Golden State Warriors,4,0,8,Missed Shot,Pullup Jump shot,3PT Field Goal,Above the Break 3,Center(C),24+ ft.,25.0,-56.0,247.0,1,0,20251121,GSW,POR,Stephen Curry,2025,GSW,Missed,25.326863208853954,Stephen Curry
Shot Chart Detail,22500056,742,201939,Stephen Curry,1610612744,Golden State Warriors,4,0,2,Missed Shot,Jump Shot,3PT Field Goal,Above the Break 3,Left Side Center(LC),24+ ft.,28.0,-152.0,246.0,1,0,20251121,GSW,POR,Stephen Curry,2025,GSW,Missed,28.91712295509358,Stephen Curry
Shot Chart Detail,22500066,53,201939,Stephen Curry,1610612744,Golden State Warriors,1,6,16,Made Shot,Running Finger Roll Layup Shot,2PT Field Goal,Restricted Area,Center(C),Less Than 8 ft.,3.0,-5.0,37.0,1,1,20251126,GSW,HOU,Stephen Curry,2025,GSW,Made,3.733630940518894,Stephen Curry
Shot Chart Detail,22500066,78,201939,Stephen Curry,1610612744,Golden State Warriors,1,5,3,Missed Shot,Jump Shot,3PT Field Goal,Above the Break 3,Left Side Center(LC),24+ ft.,26.0,-181.0,198.0,1,0,20251126,GSW,HOU,Stephen Curry,2025,GSW,Missed,26.826293072282645,Stephen Curry
Shot Chart Detail,22500066,216,201939,Stephen Curry,1610612744,Golden State Warriors,2,7,29,Made Shot,Pullup Jump shot,3PT Field Goal,Above the Break 3,Center(C),24+ ft.,27.0,37.0,271.0,1,1,20251126,GSW,HOU,Stephen Curry,2025,GSW,Made,27.35141678231678,Stephen Curry
Shot Chart Detail,22500066,242,201939,Stephen Curry,1610612744,Golden State Warriors,2,6,18,Missed Shot,Step Back Jump shot,3PT Field Goal,Above the Break 3,Center(C),24+ ft.,26.0,53.0,260.0,1,0,20251126,GSW,HOU,Stephen Curry,2025,GSW,Missed,26.534694269955327,Stephen Curry
Shot Chart Detail,22500066,245,201939,Stephen Curry,1610612744,Golden State Warriors,2,6,13,Missed Shot,Floating Jump shot,2PT Field Goal,Mid-Range,Right Side(R),8-16 ft.,13.0,115.0,68.0,1,0,20251126,GSW,HOU,Stephen Curry,2025,GSW,Missed,13.360014970051491,Stephen Curry
Shot Chart Detail,22500066,265,201939,Stephen Curry,1610612744,Golden State Warriors,2,3,43,Missed Shot,Turnaround Fadeaway shot,2PT Field Goal,In The Paint (Non-RA),Right Side(R),8-16 ft.,8.0,44.0,71.0,1,0,20251126,GSW,HOU,Stephen Curry,2025,GSW,Missed,8.352843827104634,Stephen Curry
Shot Chart Detail,22500066,304,201939,Stephen Curry,1610612744,Golden State Warriors,2,1,0,Made Shot,Jump Shot,3PT Field Goal,Above the Break 3,Center(C),24+ ft.,26.0,28.0,268.0,1,1,20251126,GSW,HOU,Stephen Curry,2025,GSW,Made,26.945871668958866,Stephen Curry
Shot Chart Detail,22500066,337,201939,Stephen Curry,1610612744,Golden State Warriors,3,11,38,Missed Shot,Pullup Jump shot,3PT Field Goal,Above the Break 3,Left Side Center(LC),24+ ft.,26.0,-180.0,196.0,1,0,20251126,GSW,HOU,Stephen Curry,2025,GSW,Missed,26.611275805567836,Stephen Curry
Shot Chart Detail,22500066,368,201939,Stephen Curry,1610612744,Golden State Warriors,3,8,45,Made Shot,Jump Shot,2PT Field Goal,Mid-Range,Left Side(L),8-16 ft.,15.0,-159.0,15.0,1,1,20251126,GSW,HOU,Stephen Curry,2025,GSW,Made,15.970597985047396,Stephen Curry
Shot Chart Detail,22500066,590,201939,Stephen Curry,1610612744,Golden State Warriors,4,6,27,Missed Shot,Jump Shot,3PT Field Goal,Above the Break 3,Center(C),24+ ft.,27.0,62.0,270.0,1,0,20251126,GSW,HOU,Stephen Curry,2025,GSW,Missed,27.702707448911923,Stephen Curry
Shot Chart Detail,22500066,592,201939,Stephen Curry,1610612744,Golden State Warriors,4,6,24,Missed Shot,Jump Shot,3PT Field Goal,Right Corner 3,Right Side(R),24+ ft.,23.0,228.0,37.0,1,0,20251126,GSW,HOU,Stephen Curry,2025,GSW,Missed,23.098268333362135,Stephen Curry
Shot Chart Detail,22500066,603,201939,Stephen Curry,1610612744,Golden State Warriors,4,5,38,Missed Shot,Running Pull-Up Jump Shot,3PT Field Goal,Above the Break 3,Left Side Center(LC),24+ ft.,26.0,-189.0,184.0,1,0,20251126,GSW,HOU,Stephen Curry,2025,GSW,Missed,26.377452492611944,Stephen Curry
Shot Chart Detail,22500066,653,201939,Stephen Curry,1610612744,Golden State Warriors,4,2,13,Missed Shot,Jump Shot,3PT Field Goal,Above the Break 3,Center(C),24+ ft.,28.0,-42.0,278.0,1,0,20251126,GSW,HOU,Stephen Curry,2025,GSW,Missed,28.115476165272394,Stephen Curry
Shot Chart Detail,22500097,20,201939,Stephen Curry,1610612744,Golden State Warriors,1,10,24,Made Shot,Cutting Layup Shot,2PT Field Goal,Restricted Area,Center(C),Less Than 8 ft.,0.0,7.0,2.0,1,1,20251024,POR,GSW,Stephen Curry,2025,POR,Made,0.7280109889280518,Stephen Curry
Shot Chart Detail,22500097,27,201939,Stephen Curry,1610612744,Golden State Warriors,1,9,27,Made Shot,Pullup Jump shot,3PT Field Goal,Above the Break 3,Center(C),24+ ft.,25.0,39.0,256.0,1,1,20251024,POR,GSW,Stephen Curry,2025,POR,Made,25.8953663808798,Stephen Curry
Shot Chart Detail,22500097,61,201939,Stephen Curry,1610612744,Golden State Warriors,1,6,56,Missed Shot,Running Pull-Up Jump Shot,3PT Field Goal,Above the Break 3,Center(C),24+ ft.,32.0,-96.0,307.0,1,0,20251024,POR,GSW,Stephen Curry,2025,POR,Missed,32.16597581296112,Stephen Curry
Shot Chart Detail,22500097,87,201939,Stephen Curry,1610612744,Golden State Warriors,1,5,50,Missed Shot,Step Back Jump shot,2PT Field Goal,Mid-Range,Right Side Center(RC),16-24 ft.,20.0,99.0,181.0,1,0,20251024,POR,GSW,Stephen Curry,2025,POR,Missed,20.630559856678637,Stephen Curry
Shot Chart Detail,22500097,98,201939,Stephen Curry,1610612744,Golden State Warriors,1,5,22,Made Shot,Jump Shot,3PT Field Goal,Above the Break 3,Right Side Center(RC),24+ ft.,25.0,129.0,220.0,1,1,20251024,POR,GSW,Stephen Curry,2025,POR,Made,25.503137061938084,Stephen Curry
Shot Chart Detail,22500097,109,201939,Stephen Curry,1610612744,Golden State Warriors,1,4,56,Made Shot,Pullup Jump shot,3PT Field Goal,Above the Break 3,Center(C),24+ ft.,28.0,5.0,289.0,1,1,20251024,POR,GSW,Stephen Curry,2025,POR,Made,28.904324935898433,Stephen Curry
Shot Chart Detail,22500097,112,201939,Stephen Curry,1610612744,Golden State Warriors,1,4,32,Made Shot,Running Jump Shot,3PT Field Goal,Left Corner 3,Left Side(L),24+ ft.,23.0,-235.0,-5.0,1,1,20251024,POR,GSW,Stephen Curry,2025,POR,Made,23.505318547086315,Stephen Curry
Shot Chart Detail,22500097,116,201939,Stephen Curry,1610612744,Golden State Warriors,1,4,9,Made Shot,Driving Floating Bank Jump Shot,2PT Field Goal,In The Paint (Non-RA),Center(C),Less Than 8 ft.,6.0,56.0,29.0,1,1,20251024,POR,GSW,Stephen Curry,2025,POR,Made,6.3063460101710245,Stephen Curry
Shot Chart Detail,22500097,119,201939,Stephen Curry,1610612744,Golden State Warriors,1,3,48,Missed Shot,Pullup Jump shot,3PT Field Goal,Above the Break 3,Left Side Center(LC),24+ ft.,28.0,-92.0,268.0,1,0,20251024,POR,GSW,Stephen Curry,2025,POR,Missed,28.335137197479742,Stephen Curry
Shot Chart Detail,22500097,257,201939,Stephen Curry,1610612744,Golden State Warriors,2,6,47,Made Shot,Driving Floating Jump Shot,2PT Field Goal,Mid-Range,Right Side(R),8-16 ft.,13.0,118.0,62.0,1,1,20251024,POR,GSW,Stephen Curry,2025,POR,Made,13.329666162361306,Stephen Curry
Shot Chart Detail,22500097,277,201939,Stephen Curry,1610612744,Golden State Warriors,2,5,35,Missed Shot,Pullup Jump shot,3PT Field Goal,Above the Break 3,Right Side Center(RC),24+ ft.,26.0,126.0,237.0,1,0,20251024,POR,GSW,Stephen Curry,2025,POR,Missed,26.841199675126298,Stephen Curry
Shot Chart Detail,22500097,314,201939,Stephen Curry,1610612744,Golden State Warriors,2,3,40,Made Shot,Jump Shot,3PT Field Goal,Above the Break 3,Left Side Center(LC),24+ ft.,26.0,-151.0,217.0,1,1,20251024,POR,GSW,Stephen Curry,2025,POR,Made,26.436716891475008,Stephen Curry
Shot Chart Detail,22500097,317,201939,Stephen Curry,1610612744,Golden State Warriors,2,3,23,Missed Shot,Step Back Jump shot,3PT Field Goal,Above the Break 3,Left Side Center(LC),24+ ft.,26.0,-165.0,207.0,1,0,20251024,POR,GSW,Stephen Curry,2025,POR,Missed,26.471494102146938,Stephen Curry
Shot Chart Detail,22500097,339,201939,Stephen Curry,1610612744,Golden State Warriors,2,1,32,Made Shot,Cutting Layup Shot,2PT Field Goal,Restricted Area,Center(C),Less Than 8 ft.,1.0,11.0,1.0,1,1,20251024,POR,GSW,Stephen Curry,2025,POR,Made,1.104536101718726,Stephen Curry
Shot Chart Detail,22500097,391,201939,Stephen Curry,1610612744,Golden State Warriors,3,11,3,Made Shot,Running Jump Shot,3PT Field Goal,Above the Break 3,Right Side Center(RC),24+ ft.,26.0,170.0,201.0,1,1,20251024,POR,GSW,Stephen Curry,2025,POR,Made,26.32508309578528,Stephen Curry
Shot Chart Detail,22500097,403,201939,Stephen Curry,1610612744,Golden State Warriors,3,10,27,Missed Shot,Jump Shot,3PT Field Goal,Above the Break 3,Right Side Center(RC),24+ ft.,27.0,131.0,243.0,1,0,20251024,POR,GSW,Stephen Curry,2025,POR,Missed,27.606158733152284,Stephen Curry
Shot Chart Detail,22500097,430,201939,Stephen Curry,1610612744,Golden State Warriors,3,8,46,Missed Shot,Pullup Jump shot,3PT Field Goal,Above the Break 3,Left Side Center(LC),24+ ft.,25.0,-136.0,220.0,1,0,20251024,POR,GSW,Stephen Curry,2025,POR,Missed,25.86426105652354,Stephen Curry
Shot Chart Detail,22500097,447,201939,Stephen Curry,1610612744,Golden State Warriors,3,7,50,Made Shot,Jump Shot,3PT Field Goal,Above the Break 3,Left Side Center(LC),24+ ft.,25.0,-227.0,111.0,1,1,20251024,POR,GSW,Stephen Curry,2025,POR,Made,25.268557536986556,Stephen Curry
Shot Chart Detail,22500097,462,201939,Stephen Curry,1610612744,Golden State Warriors,3,7,4,Missed Shot,Driving Floating Bank Jump Shot,2PT Field Goal,Mid-Range,Right Side(R),8-16 ft.,14.0,82.0,121.0,1,0,20251024,POR,GSW,Stephen Curry,2025,POR,Missed,14.616771189288007,Stephen Curry
Shot Chart Detail,22500097,466,201939,Stephen Curry,1610612744,Golden State Warriors,3,6,38,Made Shot,Driving Layup Shot,2PT Field Goal,Restricted Area,Center(C),Less Than 8 ft.,1.0,11.0,5.0,1,1,20251024,POR,GSW,Stephen Curry,2025,POR,Made,1.2083045973594573,Stephen Curry
Shot Chart Detail,22500097,629,201939,Stephen Curry,1610612744,Golden State Warriors,4,10,57,Missed Shot,Driving Dunk Shot,2PT Field Goal,Restricted Area,Center(C),Less Than 8 ft.,0.0,-7.0,-4.0,1,0,20251024,POR,GSW,Stephen Curry,2025,POR,Missed,0.8062257748298549,Stephen Curry
Shot Chart Detail,22500097,611,201939,Stephen Curry,1610612744,Golden State Warriors,4,10,16,Missed Shot,Jump Shot,3PT Field Goal,Left Corner 3,Left Side(L),24+ ft.,22.0,-224.0,-4.0,1,0,20251024,POR,GSW,Stephen Curry,2025,POR,Missed,22.403571143904713,Stephen Curry
Shot Chart Detail,22500121,15,201939,Stephen Curry,1610612744,Golden State Warriors,1,10,52,Made Shot,Driving Layup Shot,2PT Field Goal,Restricted Area,Center(C),Less Than 8 ft.,1.0,17.0,-10.0,1,1,20251027,GSW,MEM,Stephen Curry,2025,GSW,Made,1.972308292331602,Stephen Curry
Shot Chart Detail,22500121,56,201939,Stephen Curry,1610612744,Golden State Warriors,1,7,19,Made Shot,Jump Shot,3PT Field Goal,Above the Break 3,Center(C),24+ ft.,29.0,-51.0,289.0,1,1,20251027,GSW,MEM,Stephen Curry,2025,GSW,Made,29.346550052774518,Stephen Curry
Shot Chart Detail,22500121,64,201939,Stephen Curry,1610612744,Golden State Warriors,1,6,33,Made Shot,Running Pull-Up Jump Shot,3PT Field Goal,Above the Break 3,Right Side Center(RC),24+ ft.,26.0,145.0,225.0,1,1,20251027,GSW,MEM,Stephen Curry,2025,GSW,Made,26.767517628648346,Stephen Curry
Shot Chart Detail,22500121,112,201939,Stephen Curry,1610612744,Golden State Warriors,1,4,4,Missed Shot,Finger Roll Layup Shot,2PT Field Goal,In The Paint (Non-RA),Center(C),Less Than 8 ft.,5.0,6.0,54.0,1,0,20251027,GSW,MEM,Stephen Curry,2025,GSW,Missed,5.4332310828824495,Stephen Curry
Shot Chart Detail,22500121,271,201939,Stephen Curry,1610612744,Golden State Warriors,2,6,47,Missed Shot,Pullup Jump shot,3PT Field Goal,Above the Break 3,Right Side Center(RC),24+ ft.,25.0,124.0,218.0,1,0,20251027,GSW,MEM,Stephen Curry,2025,GSW,Missed,25.079872407968903,Stephen Curry
Shot Chart Detail,22500121,276,201939,Stephen Curry,1610612744,Golden State Warriors,2,6,16,Made Shot,Jump Shot,3PT Field Goal,Above the Break 3,Center(C),24+ ft.,26.0,-71.0,252.0,1,1,20251027,GSW,MEM,Stephen Curry,2025,GSW,Made,26.181100053282712,Stephen Curry
Shot Chart Detail,22500121,309,201939,Stephen Curry,1610612744,Golden State Warriors,2,4,37,Missed Shot,Running Jump Shot,3PT Field Goal,Above the Break 3,Right Side Center(RC),24+ ft.,28.0,151.0,241.0,1,0,20251027,GSW,MEM,Stephen Curry,2025,GSW,Missed,28.439760899135564,Stephen Curry
Shot Chart Detail,22500121,322,201939,Stephen Curry,1610612744,Golden State Warriors,2,4,2,Missed Shot,Step Back Jump shot,3PT Field Goal,Above the Break 3,Center(C),24+ ft.,27.0,34.0,277.0,1,0,20251027,GSW,MEM,Stephen Curry,2025,GSW,Missed,27.90788419067271,Stephen Curry
Shot Chart Detail,22500121,454,201939,Stephen Curry,1610612744,Golden State Warriors,3,8,1,Missed Shot,Jump Shot,3PT Field Goal,Above the Break 3,Right Side Center(RC),24+ ft.,26.0,229.0,141.0,1,0,20251027,GSW,MEM,Stephen Curry,2025,GSW,Missed,26.892749952357047,Stephen Curry
Shot Chart Detail,22500121,513,201939,Stephen Curry,1610612744,Golden State Warriors,3,4,9,Made Shot,Step Back Jump shot,3PT Field Goal,Above the Break 3,Left Side Center(LC),24+ ft.,26.0,-156.0,213.0,1,1,20251027,GSW,MEM,Stephen Curry,2025,GSW,Made,26.40170449043016,Stephen Curry
Shot Chart Detail,22500121,694,201939,Stephen Curry,1610612744,Golden State Warriors,4,5,21,Missed Shot,Step Back Jump shot,3PT Field Goal,Above the Break 3,Right Side Center(RC),24+ ft.,26.0,186.0,190.0,1,0,20251027,GSW,MEM,Stephen Curry,2025,GSW,Missed,26.588719412562916,Stephen Curry
Shot Chart Detail,22500127,23,201939,Stephen Curry,1610612744,Golden State Warriors,1,9,48,Missed Shot,Jump Shot,3PT Field Goal,Above the Break 3,Right Side Center(RC),24+ ft.,26.0,199.0,180.0,1,0,20251028,GSW,LAC,Stephen Curry,2025,GSW,Missed,26.833002068348595,Stephen Curry
Shot Chart Detail,22500127,39,201939,Stephen Curry,1610612744,Golden State Warriors,1,8,29,Made Shot,Pullup Jump shot,3PT Field Goal,Above the Break 3,Center(C),24+ ft.,27.0,82.0,267.0,1,1,20251028,GSW,LAC,Stephen Curry,2025,GSW,Made,27.930807363912702,Stephen Curry
Shot Chart Detail,22500127,48,201939,Stephen Curry,1610612744,Golden State Warriors,1,7,38,Made Shot,Cutting Layup Shot,2PT Field Goal,In The Paint (Non-RA),Center(C),Less Than 8 ft.,6.0,31.0,52.0,1,1,20251028,GSW,LAC,Stephen Curry,2025,GSW,Made,6.053924347066124,Stephen Curry
Shot Chart Detail,22500127,59,201939,Stephen Curry,1610612744,Golden State Warriors,1,6,54,Missed Shot,Pullup Jump shot,3PT Field Goal,Above the Break 3,Center(C),24+ ft.,27.0,25.0,272.0,1,0,20251028,GSW,LAC,Stephen Curry,2025,GSW,Missed,27.31464808486465,Stephen Curry
Shot Chart Detail,22500127,90,201939,Stephen Curry,1610612744,Golden State Warriors,1,4,40,Made Shot,Driving Reverse Layup Shot,2PT Field Goal,Restricted Area,Center(C),Less Than 8 ft.,1.0,-12.0,5.0,1,1,20251028,GSW,LAC,Stephen Curry,2025,GSW,Made,1.3,Stephen Curry
Shot Chart Detail,22500127,100,201939,Stephen Curry,1610612744,Golden State Warriors,1,3,48,Missed Shot,Turnaround Fadeaway Bank Jump Shot,2PT Field Goal,In The Paint (Non-RA),Center(C),Less Than 8 ft.,6.0,39.0,53.0,1,0,20251028,GSW,LAC,Stephen Curry,2025,GSW,Missed,6.580273550544841,Stephen Curry
Shot Chart Detail,22500127,281,201939,Stephen Curry,1610612744,Golden State Warriors,2,4,5,Missed Shot,Jump Shot,3PT Field Goal,Above the Break 3,Left Side Center(LC),24+ ft.,30.0,-195.0,231.0,1,0,20251028,GSW,LAC,Stephen Curry,2025,GSW,Missed,30.23011743278547,Stephen Curry
Shot Chart Detail,22500127,303,201939,Stephen Curry,1610612744,Golden State Warriors,2,1,57,Missed Shot,Pullup Jump shot,2PT Field Goal,Mid-Range,Center(C),8-16 ft.,14.0,-31.0,145.0,1,0,20251028,GSW,LAC,Stephen Curry,2025,GSW,Missed,14.82767682410161,Stephen Curry
Shot Chart Detail,22500127,320,201939,Stephen Curry,1610612744,Golden State Warriors,2,0,36,Missed Shot,Pullup Jump shot,3PT Field Goal,Above the Break 3,Left Side Center(LC),24+ ft.,29.0,-156.0,250.0,1,0,20251028,GSW,LAC,Stephen Curry,2025,GSW,Missed,29.46794869005985,Stephen Curry
Shot Chart Detail,22500127,349,201939,Stephen Curry,1610612744,Golden State Warriors,3,10,0,Made Shot,Running Layup Shot,2PT Field Goal,Restricted Area,Center(C),Less Than 8 ft.,2.0,15.0,17.0,1,1,20251028,GSW,LAC,Stephen Curry,2025,GSW,Made,2.2671568097509267,Stephen Curry
Shot Chart Detail,22500127,351,201939,Stephen Curry,1610612744,Golden State Warriors,3,9,27,Made Shot,Driving Floating Jump Shot,2PT Field Goal,In The Paint (Non-RA),Right Side(R),8-16 ft.,9.0,51.0,81.0,1,1,20251028,GSW,LAC,Stephen Curry,2025,GSW,Made,9.571833680126291,Stephen Curry
Shot Chart Detail,22500127,391,201939,Stephen Curry,1610612744,Golden State Warriors,3,5,37,Missed Shot,Step Back Jump shot,3PT Field Goal,Above the Break 3,Right Side Center(RC),24+ ft.,26.0,150.0,220.0,1,0,20251028,GSW,LAC,Stephen Curry,2025,GSW,Missed,26.627053911388696,Stephen Curry
Shot Chart Detail,22500127,422,201939,Stephen Curry,1610612744,Golden State Warriors,3,3,29,Made Shot,Running Layup Shot,2PT Field Goal,In The Paint (Non-RA),Center(C),Less Than 8 ft.,7.0,16.0,70.0,1,1,20251028,GSW,LAC,Stephen Curry,2025,GSW,Made,7.180529228406496,Stephen Curry
Shot Chart Detail,22500127,455,201939,Stephen Curry,1610612744,Golden State Warriors,3,0,0,Missed Shot,Pullup Jump shot,3PT Field Goal,Above the Break 3,Left Side Center(LC),24+ ft.,35.0,-206.0,287.0,1,0,20251028,GSW,LAC,Stephen Curry,2025,GSW,Missed,35.327751131369794,Stephen Curry
Shot Chart Detail,22500127,541,201939,Stephen Curry,1610612744,Golden State Warriors,4,5,32,Made Shot,Step Back Jump shot,3PT Field Goal,Above the Break 3,Right Side Center(RC),24+ ft.,28.0,108.0,259.0,1,1,20251028,GSW,LAC,Stephen Curry,2025,GSW,Made,28.06153951585693,Stephen Curry
Shot Chart Detail,22500139,22,201939,Stephen Curry,1610612744,Golden State Warriors,1,10,28,Missed Shot,Jump Shot,3PT Field Goal,Right Corner 3,Right Side(R),24+ ft.,22.0,225.0,10.0,1,0,20251030,MIL,GSW,Stephen Curry,2025,MIL,Missed,22.522211259110414,Stephen Curry
Shot Chart Detail,22500139,56,201939,Stephen Curry,1610612744,Golden State Warriors,1,7,34,Missed Shot,Jump Shot,3PT Field Goal,Above the Break 3,Left Side Center(LC),24+ ft.,27.0,-110.0,255.0,1,0,20251030,MIL,GSW,Stephen Curry,2025,MIL,Missed,27.771388153997634,Stephen Curry
Shot Chart Detail,22500139,227,201939,Stephen Curry,1610612744,Golden State Warriors,2,7,36,Missed Shot,Pullup Jump shot,2PT Field Goal,In The Paint (Non-RA),Center(C),8-16 ft.,14.0,62.0,132.0,1,0,20251030,MIL,GSW,Stephen Curry,2025,MIL,Missed,14.583552379307312,Stephen Curry
Shot Chart Detail,22500139,239,201939,Stephen Curry,1610612744,Golden State Warriors,2,6,41,Made Shot,Step Back Jump shot,3PT Field Goal,Above the Break 3,Left Side Center(LC),24+ ft.,25.0,-157.0,204.0,1,1,20251030,MIL,GSW,Stephen Curry,2025,MIL,Made,25.741989045137906,Stephen Curry
Shot Chart Detail,22500139,297,201939,Stephen Curry,1610612744,Golden State Warriors,2,3,38,Missed Shot,Step Back Jump shot,3PT Field Goal,Above the Break 3,Right Side Center(RC),24+ ft.,25.0,96.0,233.0,1,0,20251030,MIL,GSW,Stephen Curry,2025,MIL,Missed,25.200198411917317,Stephen Curry
Shot Chart Detail,22500139,319,201939,Stephen Curry,1610612744,Golden State Warriors,2,2,34,Made Shot,Jump Shot,3PT Field Goal,Above the Break 3,Right Side Center(RC),24+ ft.,27.0,190.0,198.0,1,1,20251030,MIL,GSW,Stephen Curry,2025,MIL,Made,27.44157429886267,Stephen Curry
Shot Chart Detail,22500139,333,201939,Stephen Curry,1610612744,Golden State Warriors,2,1,18,Missed Shot,Driving Floating Jump Shot,2PT Field Goal,In The Paint (Non-RA),Center(C),Less Than 8 ft.,7.0,7.0,78.0,1,0,20251030,MIL,GSW,Stephen Curry,2025,MIL,Missed,7.831347265956222,Stephen Curry
Shot Chart Detail,22500139,358,201939,Stephen Curry,1610612744,Golden State Warriors,3,11,45,Missed Shot,Jump Shot,3PT Field Goal,Above the Break 3,Right Side Center(RC),24+ ft.,28.0,164.0,231.0,1,0,20251030,MIL,GSW,Stephen Curry,2025,MIL,Missed,28.329666429381057,Stephen Curry
Shot Chart Detail,22500139,391,201939,Stephen Curry,1610612744,Golden State Warriors,3,8,36,Made Shot,Driving Finger Roll Layup Shot,2PT Field Goal,Restricted Area,Center(C),Less Than 8 ft.,1.0,-9.0,6.0,1,1,20251030,MIL,GSW,Stephen Curry,2025,MIL,Made,1.0816653826391969,Stephen Curry
Shot Chart Detail,22500139,394,201939,Stephen Curry,1610612744,Golden State Warriors,3,8,9,Made Shot,Driving Floating Bank Jump Shot,2PT Field Goal,In The Paint (Non-RA),Center(C),Less Than 8 ft.,4.0,-16.0,37.0,1,1,20251030,MIL,GSW,Stephen Curry,2025,MIL,Made,4.031128874149275,Stephen Curry
Shot Chart Detail,22500139,407,201939,Stephen Curry,1610612744,Golden State Warriors,3,6,56,Made Shot,Jump Shot,3PT Field Goal,Above the Break 3,Right Side Center(RC),24+ ft.,26.0,199.0,168.0,1,1,20251030,MIL,GSW,Stephen Curry,2025,MIL,Made,26.043233286210835,Stephen Curry
Shot Chart Detail,22500139,416,201939,Stephen Curry,1610612744,Golden State Warriors,3,6,30,Made Shot,Pullup Jump shot,2PT Field Goal,Mid-Range,Right Side(R),8-16 ft.,11.0,99.0,65.0,1,1,20251030,MIL,GSW,Stephen Curry,2025,MIL,Made,11.843141475132347,Stephen Curry
Shot Chart Detail,22500139,426,201939,Stephen Curry,1610612744,Golden State Warriors,3,6,7,Missed Shot,Running Pull-Up Jump Shot,3PT Field Goal,Above the Break 3,Center(C),24+ ft.,32.0,-5.0,326.0,1,0,20251030,MIL,GSW,Stephen Curry,2025,MIL,Missed,32.60383413035957,Stephen Curry
Shot Chart Detail,22500139,457,201939,Stephen Curry,1610612744,Golden State Warriors,3,4,11,Missed Shot,Driving Reverse Layup Shot,2PT Field Goal,Restricted Area,Center(C),Less Than 8 ft.,0.0,0.0,1.0,1,0,20251030,MIL,GSW,Stephen Curry,2025,MIL,Missed,0.1,Stephen Curry
Shot Chart Detail,22500139,535,201939,Stephen Curry,1610612744,Golden State Warriors,4,10,23,Missed Shot,Driving Finger Roll Layup Shot,2PT Field Goal,Restricted Area,Center(C),Less Than 8 ft.,1.0,11.0,1.0,1,0,20251030,MIL,GSW,Stephen Curry,2025,MIL,Missed,1.104536101718726,Stephen Curry
Shot Chart Detail,22500139,631,201939,Stephen Curry,1610612744,Golden State Warriors,4,4,52,Made Shot,Driving Finger Roll Layup Shot,2PT Field Goal,Restricted Area,Center(C),Less Than 8 ft.,1.0,5.0,15.0,1,1,20251030,MIL,GSW,Stephen Curry,2025,MIL,Made,1.5811388300841895,Stephen Curry
Shot Chart Detail,22500139,646,201939,Stephen Curry,1610612744,Golden State Warriors,4,4,3,Made Shot,Jump Shot,3PT Field Goal,Above the Break 3,Right Side Center(RC),24+ ft.,26.0,230.0,125.0,1,1,20251030,MIL,GSW,Stephen Curry,2025,MIL,Made,26.177280225416848,Stephen Curry
Shot Chart Detail,22500139,649,201939,Stephen Curry,1610612744,Golden State Warriors,4,3,46,Missed Shot,Driving Layup Shot,2PT Field Goal,In The Paint (Non-RA),Center(C),Less Than 8 ft.,7.0,32.0,63.0,1,0,20251030,MIL,GSW,Stephen Curry,2025,MIL,Missed,7.066116330771806,Stephen Curry
Shot Chart Detail,22500139,683,201939,Stephen Curry,1610612744,Golden State Warriors,4,0,48,Missed Shot,Pullup Jump shot,3PT Field Goal,Above the Break 3,Left Side Center(LC),24+ ft.,29.0,-135.0,267.0,1,0,20251030,MIL,GSW,Stephen Curry,2025,MIL,Missed,29.91889035375477,Stephen Curry
Shot Chart Detail,22500144,10,201939,Stephen Curry,1610612744,Golden State Warriors,1,11,23,Missed Shot,Driving Layup Shot,2PT Field Goal,In The Paint (Non-RA),Center(C),Less Than 8 ft.,6.0,-39.0,58.0,1,0,20251101,IND,GSW,Stephen Curry,2025,IND,Missed,6.98927750200262,Stephen Curry
Shot Chart Detail,22500144,26,201939,Stephen Curry,1610612744,Golden State Warriors,1,10,1,Missed Shot,Cutting Layup Shot,2PT Field Goal,Restricted Area,Center(C),Less Than 8 ft.,2.0,-22.0,16.0,1,0,20251101,IND,GSW,Stephen Curry,2025,IND,Missed,2.720294101747089,Stephen Curry
Shot Chart Detail,22500144,30,201939,Stephen Curry,1610612744,Golden State Warriors,1,9,26,Missed Shot,Jump Shot,3PT Field Goal,Above the Break 3,Center(C),24+ ft.,28.0,75.0,278.0,1,0,20251101,IND,GSW,Stephen Curry,2025,IND,Missed,28.79392296996017,Stephen Curry
Shot Chart Detail,22500144,62,201939,Stephen Curry,1610612744,Golden State Warriors,1,7,29,Made Shot,Pullup Jump shot,3PT Field Goal,Above the Break 3,Right Side Center(RC),24+ ft.,25.0,97.0,236.0,1,1,20251101,IND,GSW,Stephen Curry,2025,IND,Made,25.515681452785067,Stephen Curry
Shot Chart Detail,22500144,65,201939,Stephen Curry,1610612744,Golden State Warriors,1,6,56,Missed Shot,Jump Shot,3PT Field Goal,Above the Break 3,Left Side Center(LC),24+ ft.,25.0,-212.0,139.0,1,0,20251101,IND,GSW,Stephen Curry,2025,IND,Missed,25.350542400508907,Stephen Curry
Shot Chart Detail,22500144,69,201939,Stephen Curry,1610612744,Golden State Warriors,1,6,24,Made Shot,Driving Finger Roll Layup Shot,2PT Field Goal,In The Paint (Non-RA),Center(C),Less Than 8 ft.,4.0,-29.0,31.0,1,1,20251101,IND,GSW,Stephen Curry,2025,IND,Made,4.244997055358224,Stephen Curry
Shot Chart Detail,22500144,86,201939,Stephen Curry,1610612744,Golden State Warriors,1,5,33,Made Shot,Step Back Jump shot,3PT Field Goal,Above the Break 3,Right Side Center(RC),24+ ft.,24.0,191.0,157.0,1,1,20251101,IND,GSW,Stephen Curry,2025,IND,Made,24.7244817943673,Stephen Curry
Shot Chart Detail,22500144,105,201939,Stephen Curry,1610612744,Golden State Warriors,1,4,3,Missed Shot,Step Back Jump shot,3PT Field Goal,Left Corner 3,Left Side(L),24+ ft.,23.0,-229.0,57.0,1,0,20251101,IND,GSW,Stephen Curry,2025,IND,Missed,23.59872877932199,Stephen Curry
Shot Chart Detail,22500144,244,201939,Stephen Curry,1610612744,Golden State Warriors,2,6,21,Made Shot,Pullup Jump shot,3PT Field Goal,Above the Break 3,Center(C),24+ ft.,27.0,7.0,270.0,1,1,20251101,IND,GSW,Stephen Curry,2025,IND,Made,27.009072549793338,Stephen Curry
Shot Chart Detail,22500144,260,201939,Stephen Curry,1610612744,Golden State Warriors,2,5,23,Made Shot,Pullup Jump shot,2PT Field Goal,Mid-Range,Right Side Center(RC),16-24 ft.,19.0,91.0,178.0,1,1,20251101,IND,GSW,Stephen Curry,2025,IND,Made,19.991248085099638,Stephen Curry
Shot Chart Detail,22500144,299,201939,Stephen Curry,1610612744,Golden State Warriors,2,2,11,Missed Shot,Jump Shot,3PT Field Goal,Above the Break 3,Right Side Center(RC),24+ ft.,28.0,121.0,259.0,1,0,20251101,IND,GSW,Stephen Curry,2025,IND,Missed,28.587060009731676,Stephen Curry
Shot Chart Detail,22500144,318,201939,Stephen Curry,1610612744,Golden State Warriors,2,0,54,Missed Shot,Jump Shot,3PT Field Goal,Above the Break 3,Left Side Center(LC),24+ ft.,26.0,-194.0,186.0,1,0,20251101,IND,GSW,Stephen Curry,2025,IND,Missed,26.876011608867863,Stephen Curry
Shot Chart Detail,22500144,324,201939,Stephen Curry,1610612744,Golden State Warriors,2,0,22,Made Shot,Cutting Layup Shot,2PT Field Goal,Restricted Area,Center(C),Less Than 8 ft.,3.0,32.0,22.0,1,1,20251101,IND,GSW,Stephen Curry,2025,IND,Made,3.88329756778952,Stephen Curry
Shot Chart Detail,22500144,355,201939,Stephen Curry,1610612744,Golden State Warriors,3,9,49,Missed Shot,Jump Shot,3PT Field Goal,Above the Break 3,Center(C),24+ ft.,26.0,-77.0,251.0,1,0,20251101,IND,GSW,Stephen Curry,2025,IND,Missed,26.254523419784256,Stephen Curry
Shot Chart Detail,22500144,367,201939,Stephen Curry,1610612744,Golden State Warriors,3,8,43,Missed Shot,Jump Shot,3PT Field Goal,Above the Break 3,Left Side Center(LC),24+ ft.,27.0,-217.0,169.0,1,0,20251101,IND,GSW,Stephen Curry,2025,IND,Missed,27.504545078950134,Stephen Curry
Shot Chart Detail,22500144,371,201939,Stephen Curry,1610612744,Golden State Warriors,3,8,35,Missed Shot,Jump Shot,3PT Field Goal,Above the Break 3,Center(C),24+ ft.,27.0,70.0,268.0,1,0,20251101,IND,GSW,Stephen Curry,2025,IND,Missed,27.699097458220546,Stephen Curry
Shot Chart Detail,22500144,603,201939,Stephen Curry,1610612744,Golden State Warriors,4,6,5,Made Shot,Jump Shot,3PT Field Goal,Above the Break 3,Center(C),24+ ft.,27.0,-83.0,261.0,1,1,20251101,IND,GSW,Stephen Curry,2025,IND,Made,27.38795355626265,Stephen Curry
Shot Chart Detail,22500144,641,201939,Stephen Curry,1610612744,Golden State Warriors,4,4,11,Missed Shot,Step Back Jump shot,3PT Field Goal,Above the Break 3,Left Side Center(LC),24+ ft.,25.0,-159.0,197.0,1,0,20251101,IND,GSW,Stephen Curry,2025,IND,Missed,25.316002844051035,Stephen Curry
Shot Chart Detail,22500144,643,201939,Stephen Curry,1610612744,Golden State Warriors,4,4,6,Missed Shot,Jump Shot,3PT Field Goal,Above the Break 3,Right Side Center(RC),24+ ft.,27.0,219.0,158.0,1,0,20251101,IND,GSW,Stephen Curry,2025,IND,Missed,27.004629232781554,Stephen Curry
Shot Chart Detail,22500144,664,201939,Stephen Curry,1610612744,Golden State Warriors,4,2,34,Made Shot,Driving Floating Bank Jump Shot,2PT Field Goal,In The Paint (Non-RA),Center(C),Less Than 8 ft.,5.0,-50.0,31.0,1,1,20251101,IND,GSW,Stephen Curry,2025,IND,Made,5.883026432033091,Stephen Curry
Shot Chart Detail,22500144,667,201939,Stephen Curry,1610612744,Golden State Warriors,4,2,8,Missed Shot,Step Back Jump shot,3PT Field Goal,Above the Break 3,Left Side Center(LC),24+ ft.,26.0,-82.0,247.0,1,0,20251101,IND,GSW,Stephen Curry,2025,IND,Missed,26.025564355072113,Stephen Curry
Shot Chart Detail,22500144,677,201939,Stephen Curry,1610612744,Golden State Warriors,4,1,29,Missed Shot,Driving Floating Jump Shot,2PT Field Goal,Mid-Range,Left Side(L),8-16 ft.,14.0,-141.0,43.0,1,0,20251101,IND,GSW,Stephen Curry,2025,IND,Missed,14.741099009232656,Stephen Curry
Shot Chart Detail,22500144,701,201939,Stephen Curry,1610612744,Golden State Warriors,4,0,3,Missed Shot,Jump Shot,3PT Field Goal,Left Corner 3,Left Side(L),24+ ft.,23.0,-232.0,-20.0,1,0,20251101,IND,GSW,Stephen Curry,2025,IND,Missed,23.286047324524613,Stephen Curry
Shot Chart Detail,22500169,56,201939,Stephen Curry,1610612744,Golden State Warriors,1,8,7,Made Shot,Running Pull-Up Jump Shot,3PT Field Goal,Above the Break 3,Center(C),24+ ft.,28.0,59.0,278.0,1,1,20251104,GSW,PHX,Stephen Curry,2025,GSW,Made,28.41918366174511,Stephen Curry
Shot Chart Detail,22500169,65,201939,Stephen Curry,1610612744,Golden State Warriors,1,6,29,Missed Shot,Driving Floating Jump Shot,2PT Field Goal,In The Paint (Non-RA),Right Side(R),8-16 ft.,8.0,78.0,31.0,1,0,20251104,GSW,PHX,Stephen Curry,2025,GSW,Missed,8.393449827097317,Stephen Curry
Shot Chart Detail,22500169,75,201939,Stephen Curry,1610612744,Golden State Warriors,1,5,52,Made Shot,Jump Shot,3PT Field Goal,Right Corner 3,Right Side(R),24+ ft.,22.0,227.0,-8.0,1,1,20251104,GSW,PHX,Stephen Curry,2025,GSW,Made,22.714092541856036,Stephen Curry
Shot Chart Detail,22500169,91,201939,Stephen Curry,1610612744,Golden State Warriors,1,5,18,Missed Shot,Driving Floating Bank Jump Shot,2PT Field Goal,Mid-Range,Left Side(L),8-16 ft.,10.0,-87.0,59.0,1,0,20251104,GSW,PHX,Stephen Curry,2025,GSW,Missed,10.511898020814318,Stephen Curry
Shot Chart Detail,22500169,102,201939,Stephen Curry,1610612744,Golden State Warriors,1,4,18,Missed Shot,Driving Reverse Layup Shot,2PT Field Goal,Restricted Area,Center(C),Less Than 8 ft.,2.0,20.0,10.0,1,0,20251104,GSW,PHX,Stephen Curry,2025,GSW,Missed,2.23606797749979,Stephen Curry
Shot Chart Detail,22500169,266,201939,Stephen Curry,1610612744,Golden State Warriors,2,5,30,Missed Shot,Jump Shot,3PT Field Goal,Above the Break 3,Left Side Center(LC),24+ ft.,28.0,-141.0,242.0,1,0,20251104,GSW,PHX,Stephen Curry,2025,GSW,Missed,28.00803456153252,Stephen Curry
Shot Chart Detail,22500169,277,201939,Stephen Curry,1610612744,Golden State Warriors,2,4,39,Missed Shot,Cutting Layup Shot,2PT Field Goal,Restricted Area,Center(C),Less Than 8 ft.,2.0,28.0,7.0,1,0,20251104,GSW,PHX,Stephen Curry,2025,GSW,Missed,2.8861739379323623,Stephen Curry
Shot Chart Detail,22500169,294,201939,Stephen Curry,1610612744,Golden State Warriors,2,3,12,Missed Shot,Step Back Jump shot,3PT Field Goal,Above the Break 3,Center(C),24+ ft.,26.0,-54.0,263.0,1,0,20251104,GSW,PHX,Stephen Curry,2025,GSW,Missed,26.848649872945195,Stephen Curry
Shot Chart Detail,22500169,313,201939,Stephen Curry,1610612744,Golden State Warriors,2,1,51,Missed Shot,Step Back Jump shot,2PT Field Goal,Mid-Range,Right Side Center(RC),16-24 ft.,18.0,131.0,125.0,1,0,20251104,GSW,PHX,Stephen Curry,2025,GSW,Missed,18.106904760339354,Stephen Curry
Shot Chart Detail,22500169,318,201939,Stephen Curry,1610612744,Golden State Warriors,2,1,13,Made Shot,Jump Shot,3PT Field Goal,Above the Break 3,Center(C),24+ ft.,29.0,61.0,288.0,1,1,20251104,GSW,PHX,Stephen Curry,2025,GSW,Made,29.438919817140032,Stephen Curry
Shot Chart Detail,22500169,328,201939,Stephen Curry,1610612744,Golden State Warriors,2,0,38,Made Shot,Pullup Jump shot,3PT Field Goal,Above the Break 3,Left Side Center(LC),24+ ft.,27.0,-169.0,212.0,1,1,20251104,GSW,PHX,Stephen Curry,2025,GSW,Made,27.11180554666177,Stephen Curry
Shot Chart Detail,22500169,347,201939,Stephen Curry,1610612744,Golden State Warriors,3,11,45,Made Shot,Cutting Finger Roll Layup Shot,2PT Field Goal,In The Paint (Non-RA),Center(C),Less Than 8 ft.,4.0,0.0,41.0,1,1,20251104,GSW,PHX,Stephen Curry,2025,GSW,Made,4.1,Stephen Curry
Shot Chart Detail,22500169,351,201939,Stephen Curry,1610612744,Golden State Warriors,3,11,34,Made Shot,Running Jump Shot,3PT Field Goal,Above the Break 3,Right Side Center(RC),24+ ft.,28.0,165.0,229.0,1,1,20251104,GSW,PHX,Stephen Curry,2025,GSW,Made,28.225166075685014,Stephen Curry
Shot Chart Detail,22500169,362,201939,Stephen Curry,1610612744,Golden State Warriors,3,10,47,Missed Shot,Jump Shot,3PT Field Goal,Above the Break 3,Center(C),24+ ft.,28.0,17.0,282.0,1,0,20251104,GSW,PHX,Stephen Curry,2025,GSW,Missed,28.251194665004874,Stephen Curry
Shot Chart Detail,22500169,372,201939,Stephen Curry,1610612744,Golden State Warriors,3,10,0,Missed Shot,Step Back Jump shot,3PT Field Goal,Above the Break 3,Right Side Center(RC),24+ ft.,25.0,222.0,134.0,1,0,20251104,GSW,PHX,Stephen Curry,2025,GSW,Missed,25.93067681338071,Stephen Curry
Shot Chart Detail,22500169,399,201939,Stephen Curry,1610612744,Golden State Warriors,3,7,52,Made Shot,Driving Layup Shot,2PT Field Goal,Restricted Area,Center(C),Less Than 8 ft.,3.0,33.0,17.0,1,1,20251104,GSW,PHX,Stephen Curry,2025,GSW,Made,3.712142238654117,Stephen Curry
Shot Chart Detail,22500169,414,201939,Stephen Curry,1610612744,Golden State Warriors,3,6,49,Made Shot,Driving Floating Bank Jump Shot,2PT Field Goal,In The Paint (Non-RA),Right Side(R),8-16 ft.,10.0,56.0,84.0,1,1,20251104,GSW,PHX,Stephen Curry,2025,GSW,Made,10.09554357129917,Stephen Curry
Shot Chart Detail,22500169,426,201939,Stephen Curry,1610612744,Golden State Warriors,3,6,5,Missed Shot,Jump Shot,3PT Field Goal,Above the Break 3,Left Side Center(LC),24+ ft.,27.0,-199.0,184.0,1,0,20251104,GSW,PHX,Stephen Curry,2025,GSW,Missed,27.102951868754076,Stephen Curry
Shot Chart Detail,22500169,466,201939,Stephen Curry,1610612744,Golden State Warriors,3,3,13,Missed Shot,Pullup Jump shot,2PT Field Goal,Mid-Range,Right Side Center(RC),16-24 ft.,18.0,59.0,174.0,1,0,20251104,GSW,PHX,Stephen Curry,2025,GSW,Missed,18.373078130786904,Stephen Curry
Shot Chart Detail,22500169,539,201939,Stephen Curry,1610612744,Golden State Warriors,4,10,17,Made Shot,Driving Finger Roll Layup Shot,2PT Field Goal,In The Paint (Non-RA),Center(C),Less Than 8 ft.,5.0,5.0,50.0,1,1,20251104,GSW,PHX,Stephen Curry,2025,GSW,Made,5.024937810560445,Stephen Curry
Shot Chart Detail,22500169,568,201939,Stephen Curry,1610612744,Golden State Warriors,4,8,25,Missed Shot,Driving Layup Shot,2PT Field Goal,In The Paint (Non-RA),Center(C),Less Than 8 ft.,5.0,-50.0,31.0,1,0,20251104,GSW,PHX,Stephen Curry,2025,GSW,Missed,5.883026432033091,Stephen Curry
Shot Chart Detail,22500169,585,201939,Stephen Curry,1610612744,Golden State Warriors,4,7,41,Missed Shot,Jump Shot,3PT Field Goal,Above the Break 3,Right Side Center(RC),24+ ft.,26.0,161.0,216.0,1,0,20251104,GSW,PHX,Stephen Curry,2025,GSW,Missed,26.940118782217716,Stephen Curry
Shot Chart Detail,22500169,597,201939,Stephen Curry,1610612744,Golden State Warriors,4,6,29,Missed Shot,Step Back Jump shot,3PT Field Goal,Above the Break 3,Left Side Center(LC),24+ ft.,26.0,-94.0,247.0,1,0,20251104,GSW,PHX,Stephen Curry,2025,GSW,Missed,26.42820463065927,Stephen Curry
Shot Chart Detail,22500210,9,201939,Stephen Curry,1610612744,Golden State Warriors,1,11,29,Made Shot,Cutting Layup Shot,2PT Field Goal,Restricted Area,Center(C),Less Than 8 ft.,2.0,-11.0,21.0,1,1,20251111,OKC,GSW,Stephen Curry,2025,OKC,Made,2.3706539182259396,Stephen Curry
Shot Chart Detail,22500210,32,201939,Stephen Curry,1610612744,Golden State Warriors,1,8,54,Made Shot,Jump Shot,3PT Field Goal,Above the Break 3,Center(C),24+ ft.,24.0,-5.0,248.0,1,1,20251111,OKC,GSW,Stephen Curry,2025,OKC,Made,24.805039810490126,Stephen Curry
Shot Chart Detail,22500210,39,201939,Stephen Curry,1610612744,Golden State Warriors,1,7,54,Made Shot,Cutting Layup Shot,2PT Field Goal,Restricted Area,Center(C),Less Than 8 ft.,3.0,31.0,6.0,1,1,20251111,OKC,GSW,Stephen Curry,2025,OKC,Made,3.157530680769389,Stephen Curry
Shot Chart Detail,22500210,59,201939,Stephen Curry,1610612744,Golden State Warriors,1,6,28,Missed Shot,Running Jump Shot,3PT Field Goal,Above the Break 3,Center(C),24+ ft.,24.0,20.0,242.0,1,0,20251111,OKC,GSW,Stephen Curry,2025,OKC,Missed,24.282503989498284,Stephen Curry
Shot Chart Detail,22500210,63,201939,Stephen Curry,1610612744,Golden State Warriors,1,6,11,Missed Shot,Driving Reverse Layup Shot,2PT Field Goal,Restricted Area,Center(C),Less Than 8 ft.,3.0,-34.0,16.0,1,0,20251111,OKC,GSW,Stephen Curry,2025,OKC,Missed,3.757658845611187,Stephen Curry
Shot Chart Detail,22500210,256,201939,Stephen Curry,1610612744,Golden State Warriors,2,6,41,Missed Shot,Step Back Jump shot,3PT Field Goal,Above the Break 3,Center(C),24+ ft.,28.0,6.0,283.0,1,0,20251111,OKC,GSW,Stephen Curry,2025,OKC,Missed,28.30635970943632,Stephen Curry
Shot Chart Detail,22500210,260,201939,Stephen Curry,1610612744,Golden State Warriors,2,6,31,Missed Shot,Jump Shot,3PT Field Goal,Above the Break 3,Left Side Center(LC),24+ ft.,23.0,-197.0,136.0,1,0,20251111,OKC,GSW,Stephen Curry,2025,OKC,Missed,23.938462774372127,Stephen Curry
Shot Chart Detail,22500210,307,201939,Stephen Curry,1610612744,Golden State Warriors,2,3,11,Missed Shot,Driving Reverse Layup Shot,2PT Field Goal,Restricted Area,Center(C),Less Than 8 ft.,2.0,20.0,22.0,1,0,20251111,OKC,GSW,Stephen Curry,2025,OKC,Missed,2.973213749463701,Stephen Curry
Shot Chart Detail,22500210,315,201939,Stephen Curry,1610612744,Golden State Warriors,2,2,38,Missed Shot,Step Back Jump shot,2PT Field Goal,Mid-Range,Left Side Center(LC),16-24 ft.,21.0,-168.0,140.0,1,0,20251111,OKC,GSW,Stephen Curry,2025,OKC,Missed,21.86869909253863,Stephen Curry
Shot Chart Detail,22500210,328,201939,Stephen Curry,1610612744,Golden State Warriors,2,1,46,Missed Shot,Running Jump Shot,2PT Field Goal,Mid-Range,Left Side Center(LC),16-24 ft.,22.0,-168.0,154.0,1,0,20251111,OKC,GSW,Stephen Curry,2025,OKC,Missed,22.79034883453959,Stephen Curry
Shot Chart Detail,22500210,402,201939,Stephen Curry,1610612744,Golden State Warriors,3,9,50,Made Shot,Driving Layup Shot,2PT Field Goal,Restricted Area,Center(C),Less Than 8 ft.,1.0,-12.0,8.0,1,1,20251111,OKC,GSW,Stephen Curry,2025,OKC,Made,1.4422205101855956,Stephen Curry
Shot Chart Detail,22500210,438,201939,Stephen Curry,1610612744,Golden State Warriors,3,6,59,Missed Shot,Running Jump Shot,3PT Field Goal,Above the Break 3,Left Side Center(LC),24+ ft.,26.0,-98.0,246.0,1,0,20251111,OKC,GSW,Stephen Curry,2025,OKC,Missed,26.48018126826174,Stephen Curry
Shot Chart Detail,22500210,446,201939,Stephen Curry,1610612744,Golden State Warriors,3,6,42,Missed Shot,Finger Roll Layup Shot,2PT Field Goal,Restricted Area,Center(C),Less Than 8 ft.,2.0,12.0,21.0,1,0,20251111,OKC,GSW,Stephen Curry,2025,OKC,Missed,2.4186773244895647,Stephen Curry
Shot Chart Detail,22500220,21,201939,Stephen Curry,1610612744,Golden State Warriors,1,10,25,Missed Shot,Jump Shot,2PT Field Goal,Mid-Range,Center(C),8-16 ft.,15.0,-59.0,144.0,1,0,20251112,SAS,GSW,Stephen Curry,2025,SAS,Missed,15.56181223379848,Stephen Curry
Shot Chart Detail,22500220,39,201939,Stephen Curry,1610612744,Golden State Warriors,1,8,31,Made Shot,Driving Finger Roll Layup Shot,2PT Field Goal,Restricted Area,Center(C),Less Than 8 ft.,2.0,-18.0,10.0,1,1,20251112,SAS,GSW,Stephen Curry,2025,SAS,Made,2.0591260281974,Stephen Curry
Shot Chart Detail,22500220,42,201939,Stephen Curry,1610612744,Golden State Warriors,1,8,10,Made Shot,Pullup Jump shot,3PT Field Goal,Left Corner 3,Left Side(L),24+ ft.,23.0,-232.0,29.0,1,1,20251112,SAS,GSW,Stephen Curry,2025,SAS,Made,23.380547470065796,Stephen Curry
Shot Chart Detail,22500220,84,201939,Stephen Curry,1610612744,Golden State Warriors,1,5,45,Missed Shot,Jump Shot,3PT Field Goal,Above the Break 3,Center(C),24+ ft.,26.0,-51.0,257.0,1,0,20251112,SAS,GSW,Stephen Curry,2025,SAS,Missed,26.201145013147805,Stephen Curry
Shot Chart Detail,22500220,111,201939,Stephen Curry,1610612744,Golden State Warriors,1,3,20,Missed Shot,Running Pull-Up Jump Shot,3PT Field Goal,Above the Break 3,Right Side Center(RC),24+ ft.,26.0,146.0,223.0,1,0,20251112,SAS,GSW,Stephen Curry,2025,SAS,Missed,26.654267950930482,Stephen Curry
Shot Chart Detail,22500220,234,201939,Stephen Curry,1610612744,Golden State Warriors,2,6,44,Made Shot,Driving Finger Roll Layup Shot,2PT Field Goal,Restricted Area,Center(C),Less Than 8 ft.,1.0,1.0,16.0,1,1,20251112,SAS,GSW,Stephen Curry,2025,SAS,Made,1.6031219541881399,Stephen Curry
Shot Chart Detail,22500220,240,201939,Stephen Curry,1610612744,Golden State Warriors,2,6,21,Missed Shot,Pullup Jump shot,3PT Field Goal,Above the Break 3,Right Side Center(RC),24+ ft.,26.0,152.0,215.0,1,0,20251112,SAS,GSW,Stephen Curry,2025,SAS,Missed,26.33040068058213,Stephen Curry
Shot Chart Detail,22500220,247,201939,Stephen Curry,1610612744,Golden State Warriors,2,5,31,Made Shot,Driving Layup Shot,2PT Field Goal,Restricted Area,Center(C),Less Than 8 ft.,0.0,7.0,-3.0,1,1,20251112,SAS,GSW,Stephen Curry,2025,SAS,Made,0.7615773105863909,Stephen Curry
Shot Chart Detail,22500220,262,201939,Stephen Curry,1610612744,Golden State Warriors,2,4,42,Missed Shot,Jump Shot,3PT Field Goal,Above the Break 3,Right Side Center(RC),24+ ft.,25.0,97.0,233.0,1,0,20251112,SAS,GSW,Stephen Curry,2025,SAS,Missed,25.238462710711996,Stephen Curry
Shot Chart Detail,22500220,295,201939,Stephen Curry,1610612744,Golden State Warriors,2,2,42,Made Shot,Hook Shot,2PT Field Goal,In The Paint (Non-RA),Center(C),Less Than 8 ft.,6.0,48.0,37.0,1,1,20251112,SAS,GSW,Stephen Curry,2025,SAS,Made,6.060528029800704,Stephen Curry
Shot Chart Detail,22500220,299,201939,Stephen Curry,1610612744,Golden State Warriors,2,2,26,Made Shot,Running Pull-Up Jump Shot,2PT Field Goal,Mid-Range,Right Side Center(RC),16-24 ft.,17.0,134.0,115.0,1,1,20251112,SAS,GSW,Stephen Curry,2025,SAS,Made,17.658142597679973,Stephen Curry
Shot Chart Detail,22500220,319,201939,Stephen Curry,1610612744,Golden State Warriors,2,0,23,Missed Shot,Pullup Jump shot,3PT Field Goal,Right Corner 3,Right Side(R),24+ ft.,24.0,237.0,75.0,1,0,20251112,SAS,GSW,Stephen Curry,2025,SAS,Missed,24.858398983039915,Stephen Curry
Shot Chart Detail,22500220,357,201939,Stephen Curry,1610612744,Golden State Warriors,3,10,12,Missed Shot,Jump Shot,3PT Field Goal,Above the Break 3,Left Side Center(LC),24+ ft.,24.0,-103.0,220.0,1,0,20251112,SAS,GSW,Stephen Curry,2025,SAS,Missed,24.29176815301842,Stephen Curry
Shot Chart Detail,22500220,361,201939,Stephen Curry,1610612744,Golden State Warriors,3,9,49,Made Shot,Jump Shot,3PT Field Goal,Right Corner 3,Right Side(R),24+ ft.,22.0,227.0,20.0,1,1,20251112,SAS,GSW,Stephen Curry,2025,SAS,Made,22.78793540450736,Stephen Curry
Shot Chart Detail,22500220,367,201939,Stephen Curry,1610612744,Golden State Warriors,3,9,25,Made Shot,Pullup Jump shot,3PT Field Goal,Above the Break 3,Left Side Center(LC),24+ ft.,25.0,-130.0,215.0,1,1,20251112,SAS,GSW,Stephen Curry,2025,SAS,Made,25.124689052802225,Stephen Curry
Shot Chart Detail,22500220,380,201939,Stephen Curry,1610612744,Golden State Warriors,3,8,27,Missed Shot,Step Back Jump shot,3PT Field Goal,Above the Break 3,Right Side Center(RC),24+ ft.,27.0,104.0,251.0,1,0,20251112,SAS,GSW,Stephen Curry,2025,SAS,Missed,27.16928412748485,Stephen Curry
Shot Chart Detail,22500220,452,201939,Stephen Curry,1610612744,Golden State Warriors,3,5,6,Made Shot,Step Back Jump shot,3PT Field Goal,Above the Break 3,Right Side Center(RC),24+ ft.,25.0,138.0,218.0,1,1,20251112,SAS,GSW,Stephen Curry,2025,SAS,Made,25.800775182152954,Stephen Curry
Shot Chart Detail,22500220,465,201939,Stephen Curry,1610612744,Golden State Warriors,3,4,27,Made Shot,Pullup Jump shot,2PT Field Goal,Mid-Range,Right Side(R),8-16 ft.,12.0,96.0,74.0,1,1,20251112,SAS,GSW,Stephen Curry,2025,SAS,Made,12.121056059601408,Stephen Curry
Shot Chart Detail,22500220,478,201939,Stephen Curry,1610612744,Golden State Warriors,3,3,15,Made Shot,Jump Shot,2PT Field Goal,Mid-Range,Left Side(L),16-24 ft.,19.0,-174.0,95.0,1,1,20251112,SAS,GSW,Stephen Curry,2025,SAS,Made,19.82447981663075,Stephen Curry
Shot Chart Detail,22500220,596,201939,Stephen Curry,1610612744,Golden State Warriors,4,6,54,Made Shot,Driving Layup Shot,2PT Field Goal,Restricted Area,Center(C),Less Than 8 ft.,1.0,12.0,3.0,1,1,20251112,SAS,GSW,Stephen Curry,2025,SAS,Made,1.236931687685298,Stephen Curry
Shot Chart Detail,22500220,609,201939,Stephen Curry,1610612744,Golden State Warriors,4,6,11,Missed Shot,Pullup Jump shot,3PT Field Goal,Above the Break 3,Right Side Center(RC),24+ ft.,25.0,80.0,242.0,1,0,20251112,SAS,GSW,Stephen Curry,2025,SAS,Missed,25.48803640926464,Stephen Curry
Shot Chart Detail,22500220,637,201939,Stephen Curry,1610612744,Golden State Warriors,4,4,38,Missed Shot,Step Back Jump shot,3PT Field Goal,Above the Break 3,Left Side Center(LC),24+ ft.,24.0,-151.0,194.0,1,0,20251112,SAS,GSW,Stephen Curry,2025,SAS,Missed,24.583937845674765,Stephen Curry
Shot Chart Detail,22500220,639,201939,Stephen Curry,1610612744,Golden State Warriors,4,4,33,Made Shot,Jump Shot,3PT Field Goal,Left Corner 3,Left Side(L),24+ ft.,22.0,-224.0,50.0,1,1,20251112,SAS,GSW,Stephen Curry,2025,SAS,Made,22.95125268912353,Stephen Curry
Shot Chart Detail,22500220,668,201939,Stephen Curry,1610612744,Golden State Warriors,4,1,59,Missed Shot,Jump Shot,3PT Field Goal,Above the Break 3,Center(C),24+ ft.,25.0,56.0,251.0,1,0,20251112,SAS,GSW,Stephen Curry,2025,SAS,Missed,25.71711492372346,Stephen Curry
Shot Chart Detail,22500220,677,201939,Stephen Curry,1610612744,Golden State Warriors,4,1,5,Missed Shot,Pullup Jump shot,3PT Field Goal,Above the Break 3,Left Side Center(LC),24+ ft.,25.0,-180.0,180.0,1,0,20251112,SAS,GSW,Stephen Curry,2025,SAS,Missed,25.45584412271571,Stephen Curry
Shot Chart Detail,22500237,37,201939,Stephen Curry,1610612744,Golden State Warriors,1,9,32,Missed Shot,Jump Shot,3PT Field Goal,Above the Break 3,Left Side Center(LC),24+ ft.,25.0,-211.0,146.0,1,0,20251116,NOP,GSW,Stephen Curry,2025,NOP,Missed,25.6587217140683,Stephen Curry
Shot Chart Detail,22500237,257,201939,Stephen Curry,1610612744,Golden State Warriors,2,7,54,Missed Shot,Floating Jump shot,2PT Field Goal,In The Paint (Non-RA),Center(C),8-16 ft.,9.0,48.0,84.0,1,0,20251116,NOP,GSW,Stephen Curry,2025,NOP,Missed,9.674709297958259,Stephen Curry
Shot Chart Detail,22500237,266,201939,Stephen Curry,1610612744,Golden State Warriors,2,7,0,Missed Shot,Pullup Jump shot,3PT Field Goal,Above the Break 3,Left Side Center(LC),24+ ft.,26.0,-178.0,196.0,1,0,20251116,NOP,GSW,Stephen Curry,2025,NOP,Missed,26.476404589747453,Stephen Curry
Shot Chart Detail,22500237,293,201939,Stephen Curry,1610612744,Golden State Warriors,2,5,22,Missed Shot,Driving Finger Roll Layup Shot,2PT Field Goal,In The Paint (Non-RA),Center(C),Less Than 8 ft.,5.0,10.0,58.0,1,0,20251116,NOP,GSW,Stephen Curry,2025,NOP,Missed,5.885575587824865,Stephen Curry
Shot Chart Detail,22500237,306,201939,Stephen Curry,1610612744,Golden State Warriors,2,4,46,Missed Shot,Driving Layup Shot,2PT Field Goal,Restricted Area,Center(C),Less Than 8 ft.,3.0,6.0,31.0,1,0,20251116,NOP,GSW,Stephen Curry,2025,NOP,Missed,3.157530680769389,Stephen Curry
Shot Chart Detail,22500237,324,201939,Stephen Curry,1610612744,Golden State Warriors,2,3,36,Missed Shot,Jump Shot,3PT Field Goal,Above the Break 3,Center(C),24+ ft.,27.0,-5.0,273.0,1,0,20251116,NOP,GSW,Stephen Curry,2025,NOP,Missed,27.3045783706689,Stephen Curry
Shot Chart Detail,22500237,464,201939,Stephen Curry,1610612744,Golden State Warriors,3,6,13,Made Shot,Running Layup Shot,2PT Field Goal,Restricted Area,Center(C),Less Than 8 ft.,1.0,-5.0,16.0,1,1,20251116,NOP,GSW,Stephen Curry,2025,NOP,Made,1.6763054614240211,Stephen Curry
Shot Chart Detail,22500237,481,201939,Stephen Curry,1610612744,Golden State Warriors,3,5,26,Missed Shot,Jump Shot,3PT Field Goal,Above the Break 3,Right Side Center(RC),24+ ft.,25.0,202.0,155.0,1,0,20251116,NOP,GSW,Stephen Curry,2025,NOP,Missed,25.461539623518448,Stephen Curry
Shot Chart Detail,22500237,498,201939,Stephen Curry,1610612744,Golden State Warriors,3,4,15,Missed Shot,Layup Shot,2PT Field Goal,Restricted Area,Center(C),Less Than 8 ft.,2.0,23.0,13.0,1,0,20251116,NOP,GSW,Stephen Curry,2025,NOP,Missed,2.6419689627245813,Stephen Curry
Shot Chart Detail,22500237,517,201939,Stephen Curry,1610612744,Golden State Warriors,3,3,37,Made Shot,Jump Shot,3PT Field Goal,Above the Break 3,Right Side Center(RC),24+ ft.,26.0,151.0,213.0,1,1,20251116,NOP,GSW,Stephen Curry,2025,NOP,Made,26.109385285755007,Stephen Curry
Shot Chart Detail,22500237,522,201939,Stephen Curry,1610612744,Golden State Warriors,3,3,2,Missed Shot,Pullup Jump shot,3PT Field Goal,Above the Break 3,Right Side Center(RC),24+ ft.,29.0,157.0,250.0,1,0,20251116,NOP,GSW,Stephen Curry,2025,NOP,Missed,29.521009467834936,Stephen Curry
Shot Chart Detail,22500249,26,201939,Stephen Curry,1610612744,Golden State Warriors,1,9,31,Made Shot,Step Back Jump shot,3PT Field Goal,Above the Break 3,Left Side Center(LC),24+ ft.,24.0,-191.0,161.0,1,1,20251118,ORL,GSW,Stephen Curry,2025,ORL,Made,24.980392310770462,Stephen Curry
Shot Chart Detail,22500249,35,201939,Stephen Curry,1610612744,Golden State Warriors,1,8,49,Made Shot,Driving Layup Shot,2PT Field Goal,In The Paint (Non-RA),Center(C),Less Than 8 ft.,4.0,28.0,30.0,1,1,20251118,ORL,GSW,Stephen Curry,2025,ORL,Made,4.1036569057366385,Stephen Curry
Shot Chart Detail,22500249,55,201939,Stephen Curry,1610612744,Golden State Warriors,1,7,1,Missed Shot,Step Back Jump shot,2PT Field Goal,Mid-Range,Left Side(L),16-24 ft.,18.0,-180.0,-34.0,1,0,20251118,ORL,GSW,Stephen Curry,2025,ORL,Missed,18.318296864064628,Stephen Curry
Shot Chart Detail,22500249,159,201939,Stephen Curry,1610612744,Golden State Warriors,1,0,2,Made Shot,Pullup Jump shot,3PT Field Goal,Above the Break 3,Center(C),24+ ft.,33.0,0.0,336.0,1,1,20251118,ORL,GSW,Stephen Curry,2025,ORL,Made,33.6,Stephen Curry
Shot Chart Detail,22500249,251,201939,Stephen Curry,1610612744,Golden State Warriors,2,6,44,Made Shot,Driving Layup Shot,2PT Field Goal,Restricted Area,Center(C),Less Than 8 ft.,1.0,11.0,16.0,1,1,20251118,ORL,GSW,Stephen Curry,2025,ORL,Made,1.94164878389476,Stephen Curry
Shot Chart Detail,22500249,254,201939,Stephen Curry,1610612744,Golden State Warriors,2,6,9,Missed Shot,Jump Shot,3PT Field Goal,Above the Break 3,Right Side Center(RC),24+ ft.,28.0,145.0,245.0,1,0,20251118,ORL,GSW,Stephen Curry,2025,ORL,Missed,28.46928169097352,Stephen Curry
Shot Chart Detail,22500249,288,201939,Stephen Curry,1610612744,Golden State Warriors,2,3,48,Made Shot,Jump Shot,3PT Field Goal,Above the Break 3,Right Side Center(RC),24+ ft.,25.0,205.0,146.0,1,1,20251118,ORL,GSW,Stephen Curry,2025,ORL,Made,25.167637950352038,Stephen Curry
Shot Chart Detail,22500249,305,201939,Stephen Curry,1610612744,Golden State Warriors,2,2,57,Made Shot,Jump Shot,3PT Field Goal,Left Corner 3,Left Side(L),24+ ft.,23.0,-233.0,-17.0,1,1,20251118,ORL,GSW,Stephen Curry,2025,ORL,Made,23.36193485137736,Stephen Curry
Shot Chart Detail,22500249,319,201939,Stephen Curry,1610612744,Golden State Warriors,2,2,6,Made Shot,Jump Shot,3PT Field Goal,Above the Break 3,Right Side Center(RC),24+ ft.,25.0,107.0,235.0,1,1,20251118,ORL,GSW,Stephen Curry,2025,ORL,Made,25.821309029559284,Stephen Curry
Shot Chart Detail,22500249,329,201939,Stephen Curry,1610612744,Golden State Warriors,2,1,14,Missed Shot,Jump Shot,3PT Field Goal,Above the Break 3,Right Side Center(RC),24+ ft.,25.0,161.0,199.0,1,0,20251118,ORL,GSW,Stephen Curry,2025,ORL,Missed,25.59726547895302,Stephen Curry
Shot Chart Detail,22500249,372,201939,Stephen Curry,1610612744,Golden State Warriors,3,11,0,Missed Shot,Jump Shot,3PT Field Goal,Above the Break 3,Right Side Center(RC),24+ ft.,26.0,211.0,152.0,1,0,20251118,ORL,GSW,Stephen Curry,2025,ORL,Missed,26.004807247891687,Stephen Curry
Shot Chart Detail,22500249,381,201939,Stephen Curry,1610612744,Golden State Warriors,3,10,21,Missed Shot,Driving Layup Shot,2PT Field Goal,Restricted Area,Center(C),Less Than 8 ft.,3.0,11.0,33.0,1,0,20251118,ORL,GSW,Stephen Curry,2025,ORL,Missed,3.4785054261852175,Stephen Curry
Shot Chart Detail,22500249,404,201939,Stephen Curry,1610612744,Golden State Warriors,3,8,11,Made Shot,Running Jump Shot,3PT Field Goal,Above the Break 3,Right Side Center(RC),24+ ft.,25.0,174.0,191.0,1,1,20251118,ORL,GSW,Stephen Curry,2025,ORL,Made,25.83737602776257,Stephen Curry
Shot Chart Detail,22500249,416,201939,Stephen Curry,1610612744,Golden State Warriors,3,7,8,Missed Shot,Jump Shot,3PT Field Goal,Above the Break 3,Left Side Center(LC),24+ ft.,26.0,-188.0,188.0,1,0,20251118,ORL,GSW,Stephen Curry,2025,ORL,Missed,26.587214972614184,Stephen Curry
Shot Chart Detail,22500249,418,201939,Stephen Curry,1610612744,Golden State Warriors,3,6,56,Made Shot,Step Back Jump shot,2PT Field Goal,Mid-Range,Left Side Center(LC),16-24 ft.,20.0,-114.0,176.0,1,1,20251118,ORL,GSW,Stephen Curry,2025,ORL,Made,20.969501663129716,Stephen Curry
Shot Chart Detail,22500249,437,201939,Stephen Curry,1610612744,Golden State Warriors,3,6,12,Missed Shot,Jump Shot,3PT Field Goal,Above the Break 3,Center(C),24+ ft.,27.0,39.0,269.0,1,0,20251118,ORL,GSW,Stephen Curry,2025,ORL,Missed,27.181243532995317,Stephen Curry
Shot Chart Detail,22500249,439,201939,Stephen Curry,1610612744,Golden State Warriors,3,6,4,Missed Shot,Pullup Jump shot,3PT Field Goal,Right Corner 3,Right Side(R),24+ ft.,23.0,224.0,60.0,1,0,20251118,ORL,GSW,Stephen Curry,2025,ORL,Missed,23.18965286501719,Stephen Curry
Shot Chart Detail,22500249,447,201939,Stephen Curry,1610612744,Golden State Warriors,3,5,26,Missed Shot,Running Pull-Up Jump Shot,3PT Field Goal,Above the Break 3,Right Side Center(RC),24+ ft.,28.0,135.0,249.0,1,0,20251118,ORL,GSW,Stephen Curry,2025,ORL,Missed,28.32419460461321,Stephen Curry
Shot Chart Detail,22500249,468,201939,Stephen Curry,1610612744,Golden State Warriors,3,3,39,Made Shot,Running Finger Roll Layup Shot,2PT Field Goal,Restricted Area,Center(C),Less Than 8 ft.,1.0,10.0,15.0,1,1,20251118,ORL,GSW,Stephen Curry,2025,ORL,Made,1.8027756377319946,Stephen Curry
Shot Chart Detail,22500249,594,201939,Stephen Curry,1610612744,Golden State Warriors,4,6,30,Missed Shot,Driving Floating Jump Shot,2PT Field Goal,Mid-Range,Left Side(L),8-16 ft.,13.0,-118.0,63.0,1,0,20251118,ORL,GSW,Stephen Curry,2025,ORL,Missed,13.376471881628579,Stephen Curry
Shot Chart Detail,22500249,611,201939,Stephen Curry,1610612744,Golden State Warriors,4,5,38,Missed Shot,Jump Shot,3PT Field Goal,Above the Break 3,Left Side Center(LC),24+ ft.,29.0,-188.0,223.0,1,0,20251118,ORL,GSW,Stephen Curry,2025,ORL,Missed,29.16727618410742,Stephen Curry
Shot Chart Detail,22500249,637,201939,Stephen Curry,1610612744,Golden State Warriors,4,3,44,Made Shot,Step Back Jump shot,3PT Field Goal,Above the Break 3,Center(C),24+ ft.,27.0,-13.0,273.0,1,1,20251118,ORL,GSW,Stephen Curry,2025,ORL,Made,27.33093485411723,Stephen Curry
Shot Chart Detail,22500249,658,201939,Stephen Curry,1610612744,Golden State Warriors,4,2,43,Made Shot,Running Layup Shot,2PT Field Goal,Restricted Area,Center(C),Less Than 8 ft.,2.0,-5.0,27.0,1,1,20251118,ORL,GSW,Stephen Curry,2025,ORL,Made,2.7459060435491964,Stephen Curry
Shot Chart Detail,22500291,12,201939,Stephen Curry,1610612744,Golden State Warriors,1,11,15,Missed Shot,Jump Shot,3PT Field Goal,Above the Break 3,Left Side Center(LC),24+ ft.,26.0,-172.0,203.0,1,0,20251124,GSW,UTA,Stephen Curry,2025,GSW,Missed,26.60695397823659,Stephen Curry
Shot Chart Detail,22500291,32,201939,Stephen Curry,1610612744,Golden State Warriors,1,8,50,Missed Shot,Step Back Jump shot,3PT Field Goal,Above the Break 3,Center(C),24+ ft.,27.0,36.0,274.0,1,0,20251124,GSW,UTA,Stephen Curry,2025,GSW,Missed,27.63548443577568,Stephen Curry
Shot Chart Detail,22500291,53,201939,Stephen Curry,1610612744,Golden State Warriors,1,7,19,Missed Shot,Jump Shot,3PT Field Goal,Above the Break 3,Center(C),24+ ft.,25.0,12.0,252.0,1,0,20251124,GSW,UTA,Stephen Curry,2025,GSW,Missed,25.228555249954365,Stephen Curry
Shot Chart Detail,22500291,60,201939,Stephen Curry,1610612744,Golden State Warriors,1,6,37,Made Shot,Driving Layup Shot,2PT Field Goal,Restricted Area,Center(C),Less Than 8 ft.,2.0,-22.0,13.0,1,1,20251124,GSW,UTA,Stephen Curry,2025,GSW,Made,2.5553864678361276,Stephen Curry
Shot Chart Detail,22500291,84,201939,Stephen Curry,1610612744,Golden State Warriors,1,5,34,Made Shot,Fadeaway Bank shot,2PT Field Goal,Mid-Range,Left Side(L),8-16 ft.,11.0,-112.0,42.0,1,1,20251124,GSW,UTA,Stephen Curry,2025,GSW,Made,11.961605243444543,Stephen Curry
Shot Chart Detail,22500291,87,201939,Stephen Curry,1610612744,Golden State Warriors,1,5,13,Missed Shot,Running Jump Shot,3PT Field Goal,Above the Break 3,Right Side Center(RC),24+ ft.,28.0,203.0,197.0,1,0,20251124,GSW,UTA,Stephen Curry,2025,GSW,Missed,28.28745304901097,Stephen Curry
Shot Chart Detail,22500291,238,201939,Stephen Curry,1610612744,Golden State Warriors,2,6,49,Missed Shot,Step Back Jump shot,2PT Field Goal,Mid-Range,Right Side(R),8-16 ft.,14.0,146.0,-12.0,1,0,20251124,GSW,UTA,Stephen Curry,2025,GSW,Missed,14.64923206178399,Stephen Curry
Shot Chart Detail,22500291,250,201939,Stephen Curry,1610612744,Golden State Warriors,2,6,35,Made Shot,Step Back Jump shot,3PT Field Goal,Above the Break 3,Right Side Center(RC),24+ ft.,27.0,186.0,201.0,1,1,20251124,GSW,UTA,Stephen Curry,2025,GSW,Made,27.385580147223465,Stephen Curry
Shot Chart Detail,22500291,261,201939,Stephen Curry,1610612744,Golden State Warriors,2,5,39,Missed Shot,Running Pull-Up Jump Shot,3PT Field Goal,Above the Break 3,Right Side Center(RC),24+ ft.,27.0,104.0,255.0,1,0,20251124,GSW,UTA,Stephen Curry,2025,GSW,Missed,27.539244724574424,Stephen Curry
Shot Chart Detail,22500291,275,201939,Stephen Curry,1610612744,Golden State Warriors,2,4,43,Made Shot,Driving Floating Jump Shot,2PT Field Goal,In The Paint (Non-RA),Center(C),Less Than 8 ft.,6.0,4.0,64.0,1,1,20251124,GSW,UTA,Stephen Curry,2025,GSW,Made,6.412487816752559,Stephen Curry
Shot Chart Detail,22500291,278,201939,Stephen Curry,1610612744,Golden State Warriors,2,4,12,Missed Shot,Step Back Jump shot,3PT Field Goal,Above the Break 3,Center(C),24+ ft.,26.0,18.0,269.0,1,0,20251124,GSW,UTA,Stephen Curry,2025,GSW,Missed,26.960155785900053,Stephen Curry
Shot Chart Detail,22500291,299,201939,Stephen Curry,1610612744,Golden State Warriors,2,2,25,Made Shot,Step Back Jump shot,3PT Field Goal,Above the Break 3,Center(C),24+ ft.,25.0,-59.0,250.0,1,1,20251124,GSW,UTA,Stephen Curry,2025,GSW,Made,25.686767021172596,Stephen Curry
Shot Chart Detail,22500291,355,201939,Stephen Curry,1610612744,Golden State Warriors,3,11,17,Made Shot,Jump Shot,3PT Field Goal,Above the Break 3,Right Side Center(RC),24+ ft.,25.0,205.0,144.0,1,1,20251124,GSW,UTA,Stephen Curry,2025,GSW,Made,25.052145616693192,Stephen Curry
Shot Chart Detail,22500291,379,201939,Stephen Curry,1610612744,Golden State Warriors,3,9,9,Made Shot,Pullup Jump shot,3PT Field Goal,Above the Break 3,Right Side Center(RC),24+ ft.,27.0,156.0,221.0,1,1,20251124,GSW,UTA,Stephen Curry,2025,GSW,Made,27.051247660690258,Stephen Curry
Shot Chart Detail,22500291,386,201939,Stephen Curry,1610612744,Golden State Warriors,3,8,22,Missed Shot,Jump Shot,3PT Field Goal,Above the Break 3,Right Side Center(RC),24+ ft.,27.0,134.0,244.0,1,0,20251124,GSW,UTA,Stephen Curry,2025,GSW,Missed,27.837384934652174,Stephen Curry
Shot Chart Detail,22500291,425,201939,Stephen Curry,1610612744,Golden State Warriors,3,6,36,Made Shot,Step Back Jump shot,2PT Field Goal,Mid-Range,Left Side Center(LC),16-24 ft.,19.0,-148.0,122.0,1,1,20251124,GSW,UTA,Stephen Curry,2025,GSW,Made,19.180198122021576,Stephen Curry
Shot Chart Detail,22500291,439,201939,Stephen Curry,1610612744,Golden State Warriors,3,5,8,Made Shot,Driving Layup Shot,2PT Field Goal,In The Paint (Non-RA),Center(C),Less Than 8 ft.,6.0,4.0,62.0,1,1,20251124,GSW,UTA,Stephen Curry,2025,GSW,Made,6.212889826803627,Stephen Curry
Shot Chart Detail,22500291,451,201939,Stephen Curry,1610612744,Golden State Warriors,3,4,55,Missed Shot,Running Pull-Up Jump Shot,3PT Field Goal,Above the Break 3,Left Side Center(LC),24+ ft.,31.0,-110.0,291.0,1,0,20251124,GSW,UTA,Stephen Curry,2025,GSW,Missed,31.109644806715487,Stephen Curry
Shot Chart Detail,22500291,457,201939,Stephen Curry,1610612744,Golden State Warriors,3,4,22,Made Shot,Step Back Jump shot,3PT Field Goal,Above the Break 3,Center(C),24+ ft.,28.0,66.0,279.0,1,1,20251124,GSW,UTA,Stephen Curry,2025,GSW,Made,28.670019183809416,Stephen Curry
Shot Chart Detail,22500291,575,201939,Stephen Curry,1610612744,Golden State Warriors,4,9,8,Made Shot,Cutting Finger Roll Layup Shot,2PT Field Goal,In The Paint (Non-RA),Center(C),Less Than 8 ft.,6.0,44.0,43.0,1,1,20251124,GSW,UTA,Stephen Curry,2025,GSW,Made,6.15223536610881,Stephen Curry
Shot Chart Detail,22500291,592,201939,Stephen Curry,1610612744,Golden State Warriors,4,7,52,Missed Shot,Jump Shot,3PT Field Goal,Left Corner 3,Left Side(L),24+ ft.,24.0,-233.0,62.0,1,0,20251124,GSW,UTA,Stephen Curry,2025,GSW,Missed,24.11078596810979,Stephen Curry
Shot Chart Detail,22500291,615,201939,Stephen Curry,1610612744,Golden State Warriors,4,7,6,Made Shot,Pullup Jump shot,3PT Field Goal,Above the Break 3,Left Side Center(LC),24+ ft.,27.0,-174.0,217.0,1,1,20251124,GSW,UTA,Stephen Curry,2025,GSW,Made,27.814564530116236,Stephen Curry
Shot Chart Detail,22500291,622,201939,Stephen Curry,1610612744,Golden State Warriors,4,6,18,Missed Shot,Jump Shot,3PT Field Goal,Above the Break 3,Right Side Center(RC),24+ ft.,27.0,194.0,196.0,1,0,20251124,GSW,UTA,Stephen Curry,2025,GSW,Missed,27.57752708275345,Stephen Curry
Shot Chart Detail,22500291,657,201939,Stephen Curry,1610612744,Golden State Warriors,4,4,1,Missed Shot,Pullup Jump shot,3PT Field Goal,Above the Break 3,Right Side Center(RC),24+ ft.,26.0,138.0,232.0,1,0,20251124,GSW,UTA,Stephen Curry,2025,GSW,Missed,26.994073423623934,Stephen Curry
Shot Chart Detail,22500378,34,201939,Stephen Curry,1610612744,Golden State Warriors,1,9,49,Made Shot,Driving Reverse Layup Shot,2PT Field Goal,Restricted Area,Center(C),Less Than 8 ft.,1.0,1.0,10.0,1,1,20251218,PHX,GSW,Stephen Curry,2025,PHX,Made,1.004987562112089,Stephen Curry
Shot Chart Detail,22500378,72,201939,Stephen Curry,1610612744,Golden State Warriors,1,6,41,Missed Shot,Jump Shot,3PT Field Goal,Above the Break 3,Left Side Center(LC),24+ ft.,29.0,-176.0,241.0,1,0,20251218,PHX,GSW,Stephen Curry,2025,PHX,Missed,29.84241947295829,Stephen Curry
Shot Chart Detail,22500378,83,201939,Stephen Curry,1610612744,Golden State Warriors,1,6,33,Made Shot,Jump Shot,3PT Field Goal,Above the Break 3,Right Side Center(RC),24+ ft.,27.0,213.0,169.0,1,1,20251218,PHX,GSW,Stephen Curry,2025,PHX,Made,27.19007171744863,Stephen Curry
Shot Chart Detail,22500378,89,201939,Stephen Curry,1610612744,Golden State Warriors,1,6,3,Missed Shot,Jump Shot,2PT Field Goal,Mid-Range,Left Side Center(LC),16-24 ft.,19.0,-110.0,159.0,1,0,20251218,PHX,GSW,Stephen Curry,2025,PHX,Missed,19.334166648707672,Stephen Curry
Shot Chart Detail,22500378,115,201939,Stephen Curry,1610612744,Golden State Warriors,1,4,52,Missed Shot,Running Jump Shot,3PT Field Goal,Above the Break 3,Right Side Center(RC),24+ ft.,29.0,119.0,273.0,1,0,20251218,PHX,GSW,Stephen Curry,2025,PHX,Missed,29.780866340655706,Stephen Curry
Shot Chart Detail,22500378,216,201939,Stephen Curry,1610612744,Golden State Warriors,2,11,18,Missed Shot,Driving Finger Roll Layup Shot,2PT Field Goal,In The Paint (Non-RA),Center(C),Less Than 8 ft.,4.0,7.0,41.0,1,0,20251218,PHX,GSW,Stephen Curry,2025,PHX,Missed,4.159326868617084,Stephen Curry
Shot Chart Detail,22500378,343,201939,Stephen Curry,1610612744,Golden State Warriors,2,1,23,Missed Shot,Jump Shot,3PT Field Goal,Above the Break 3,Right Side Center(RC),24+ ft.,25.0,161.0,194.0,1,0,20251218,PHX,GSW,Stephen Curry,2025,PHX,Missed,25.210513679812237,Stephen Curry
Shot Chart Detail,22500378,435,201939,Stephen Curry,1610612744,Golden State Warriors,3,7,59,Missed Shot,Pullup Jump shot,3PT Field Goal,Above the Break 3,Right Side Center(RC),24+ ft.,29.0,161.0,253.0,1,0,20251218,PHX,GSW,Stephen Curry,2025,PHX,Missed,29.988331063932186,Stephen Curry
Shot Chart Detail,22500378,473,201939,Stephen Curry,1610612744,Golden State Warriors,3,6,3,Missed Shot,Jump Shot,3PT Field Goal,Above the Break 3,Right Side Center(RC),24+ ft.,30.0,159.0,266.0,1,0,20251218,PHX,GSW,Stephen Curry,2025,PHX,Missed,30.989837043779367,Stephen Curry
Shot Chart Detail,22500378,502,201939,Stephen Curry,1610612744,Golden State Warriors,3,4,42,Made Shot,Jump Shot,3PT Field Goal,Above the Break 3,Center(C),24+ ft.,26.0,9.0,261.0,1,1,20251218,PHX,GSW,Stephen Curry,2025,PHX,Made,26.115512631384433,Stephen Curry
Shot Chart Detail,22500378,611,201939,Stephen Curry,1610612744,Golden State Warriors,4,11,7,Missed Shot,Driving Layup Shot,2PT Field Goal,In The Paint (Non-RA),Center(C),Less Than 8 ft.,4.0,26.0,32.0,1,0,20251218,PHX,GSW,Stephen Curry,2025,PHX,Missed,4.123105625617661,Stephen Curry
Shot Chart Detail,22500378,657,201939,Stephen Curry,1610612744,Golden State Warriors,4,8,35,Missed Shot,Step Back Jump shot,3PT Field Goal,Above the Break 3,Left Side Center(LC),24+ ft.,26.0,-142.0,225.0,1,0,20251218,PHX,GSW,Stephen Curry,2025,PHX,Missed,26.60620228442985,Stephen Curry
Shot Chart Detail,22500378,673,201939,Stephen Curry,1610612744,Golden State Warriors,4,7,8,Missed Shot,Jump Shot,3PT Field Goal,Above the Break 3,Right Side Center(RC),24+ ft.,33.0,158.0,292.0,1,0,20251218,PHX,GSW,Stephen Curry,2025,PHX,Missed,33.20060240417333,Stephen Curry
Shot Chart Detail,22500392,14,201939,Stephen Curry,1610612744,Golden State Warriors,1,10,52,Made Shot,Driving Finger Roll Layup Shot,2PT Field Goal,Mid-Range,Right Side(R),8-16 ft.,12.0,89.0,89.0,1,1,20251220,GSW,PHX,Stephen Curry,2025,GSW,Made,12.586500705120546,Stephen Curry
Shot Chart Detail,22500392,30,201939,Stephen Curry,1610612744,Golden State Warriors,1,9,28,Made Shot,Jump Shot,3PT Field Goal,Above the Break 3,Right Side Center(RC),24+ ft.,27.0,96.0,254.0,1,1,20251220,GSW,PHX,Stephen Curry,2025,GSW,Made,27.15363695713707,Stephen Curry
Shot Chart Detail,22500392,202,201939,Stephen Curry,1610612744,Golden State Warriors,2,11,1,Made Shot,Driving Layup Shot,2PT Field Goal,Restricted Area,Center(C),Less Than 8 ft.,3.0,-11.0,28.0,1,1,20251220,GSW,PHX,Stephen Curry,2025,GSW,Made,3.0083217912982647,Stephen Curry
Shot Chart Detail,22500392,206,201939,Stephen Curry,1610612744,Golden State Warriors,2,10,39,Made Shot,Running Jump Shot,3PT Field Goal,Above the Break 3,Left Side Center(LC),24+ ft.,32.0,-206.0,251.0,1,1,20251220,GSW,PHX,Stephen Curry,2025,GSW,Made,32.47106404169718,Stephen Curry
Shot Chart Detail,22500392,232,201939,Stephen Curry,1610612744,Golden State Warriors,2,9,39,Missed Shot,Jump Shot,3PT Field Goal,Above the Break 3,Right Side Center(RC),24+ ft.,28.0,157.0,232.0,1,0,20251220,GSW,PHX,Stephen Curry,2025,GSW,Missed,28.01303268123607,Stephen Curry
Shot Chart Detail,22500392,241,201939,Stephen Curry,1610612744,Golden State Warriors,2,9,0,Missed Shot,Jump Shot,3PT Field Goal,Above the Break 3,Left Side Center(LC),24+ ft.,25.0,-229.0,106.0,1,0,20251220,GSW,PHX,Stephen Curry,2025,GSW,Missed,25.23430205097815,Stephen Curry
Shot Chart Detail,22500392,245,201939,Stephen Curry,1610612744,Golden State Warriors,2,8,48,Missed Shot,Running Pull-Up Jump Shot,3PT Field Goal,Above the Break 3,Right Side Center(RC),24+ ft.,25.0,159.0,201.0,1,0,20251220,GSW,PHX,Stephen Curry,2025,GSW,Missed,25.628499761008253,Stephen Curry
Shot Chart Detail,22500392,412,201939,Stephen Curry,1610612744,Golden State Warriors,3,11,1,Missed Shot,Step Back Jump shot,3PT Field Goal,Above the Break 3,Right Side Center(RC),24+ ft.,25.0,135.0,219.0,1,0,20251220,GSW,PHX,Stephen Curry,2025,GSW,Missed,25.726639889422017,Stephen Curry
Shot Chart Detail,22500392,482,201939,Stephen Curry,1610612744,Golden State Warriors,3,6,17,Missed Shot,Driving Floating Jump Shot,2PT Field Goal,In The Paint (Non-RA),Right Side(R),8-16 ft.,9.0,55.0,75.0,1,0,20251220,GSW,PHX,Stephen Curry,2025,GSW,Missed,9.300537618869138,Stephen Curry
Shot Chart Detail,22500392,484,201939,Stephen Curry,1610612744,Golden State Warriors,3,6,16,Missed Shot,Jump Shot,2PT Field Goal,In The Paint (Non-RA),Right Side(R),8-16 ft.,8.0,53.0,71.0,1,0,20251220,GSW,PHX,Stephen Curry,2025,GSW,Missed,8.860022573334675,Stephen Curry
Shot Chart Detail,22500392,491,201939,Stephen Curry,1610612744,Golden State Warriors,3,6,2,Missed Shot,Pullup Jump shot,3PT Field Goal,Above the Break 3,Center(C),24+ ft.,25.0,-7.0,251.0,1,0,20251220,GSW,PHX,Stephen Curry,2025,GSW,Missed,25.10975905897944,Stephen Curry
Shot Chart Detail,22500392,502,201939,Stephen Curry,1610612744,Golden State Warriors,3,5,13,Missed Shot,Jump Shot,3PT Field Goal,Above the Break 3,Right Side Center(RC),24+ ft.,25.0,201.0,157.0,1,0,20251220,GSW,PHX,Stephen Curry,2025,GSW,Missed,25.504901489713696,Stephen Curry
Shot Chart Detail,22500392,618,201939,Stephen Curry,1610612744,Golden State Warriors,4,11,1,Missed Shot,Fadeaway Jump Shot,2PT Field Goal,In The Paint (Non-RA),Center(C),Less Than 8 ft.,6.0,-65.0,21.0,1,0,20251220,GSW,PHX,Stephen Curry,2025,GSW,Missed,6.830812543175226,Stephen Curry
Shot Chart Detail,22500392,646,201939,Stephen Curry,1610612744,Golden State Warriors,4,8,52,Made Shot,Step Back Jump shot,3PT Field Goal,Above the Break 3,Left Side Center(LC),24+ ft.,26.0,-192.0,176.0,1,1,20251220,GSW,PHX,Stephen Curry,2025,GSW,Made,26.04611295375953,Stephen Curry
Shot Chart Detail,22500392,710,201939,Stephen Curry,1610612744,Golden State Warriors,4,4,36,Made Shot,Pullup Jump shot,2PT Field Goal,Mid-Range,Right Side(R),16-24 ft.,16.0,164.0,-29.0,1,1,20251220,GSW,PHX,Stephen Curry,2025,GSW,Made,16.654428840401582,Stephen Curry
Shot Chart Detail,22500392,727,201939,Stephen Curry,1610612744,Golden State Warriors,4,3,31,Made Shot,Driving Finger Roll Layup Shot,2PT Field Goal,Mid-Range,Right Side(R),8-16 ft.,11.0,108.0,52.0,1,1,20251220,GSW,PHX,Stephen Curry,2025,GSW,Made,11.986659251017358,Stephen Curry
Shot Chart Detail,22500392,740,201939,Stephen Curry,1610612744,Golden State Warriors,4,1,44,Made Shot,Jump Shot,3PT Field Goal,Above the Break 3,Right Side Center(RC),24+ ft.,29.0,205.0,215.0,1,1,20251220,GSW,PHX,Stephen Curry,2025,GSW,Made,29.706901555025894,Stephen Curry
Shot Chart Detail,22500392,764,201939,Stephen Curry,1610612744,Golden State Warriors,4,0,28,Missed Shot,Pullup Jump shot,3PT Field Goal,Above the Break 3,Center(C),24+ ft.,24.0,40.0,245.0,1,0,20251220,GSW,PHX,Stephen Curry,2025,GSW,Missed,24.82438317461282,Stephen Curry
Shot Chart Detail,22500392,797,201939,Stephen Curry,1610612744,Golden State Warriors,4,0,5,Made Shot,Driving Reverse Layup Shot,2PT Field Goal,Restricted Area,Center(C),Less Than 8 ft.,2.0,21.0,5.0,1,1,20251220,GSW,PHX,Stephen Curry,2025,GSW,Made,2.15870331449229,Stephen Curry
Shot Chart Detail,22500407,25,201939,Stephen Curry,1610612744,Golden State Warriors,1,9,12,Missed Shot,Jump Shot,3PT Field Goal,Above the Break 3,Left Side Center(LC),24+ ft.,26.0,-131.0,228.0,1,0,20251222,GSW,ORL,Stephen Curry,2025,GSW,Missed,26.295436866498342,Stephen Curry
Shot Chart Detail,22500407,29,201939,Stephen Curry,1610612744,Golden State Warriors,1,8,45,Missed Shot,Driving Layup Shot,2PT Field Goal,In The Paint (Non-RA),Center(C),Less Than 8 ft.,4.0,43.0,15.0,1,0,20251222,GSW,ORL,Stephen Curry,2025,GSW,Missed,4.5541190146942805,Stephen Curry
Shot Chart Detail,22500407,33,201939,Stephen Curry,1610612744,Golden State Warriors,1,8,19,Missed Shot,Running Jump Shot,3PT Field Goal,Above the Break 3,Left Side Center(LC),24+ ft.,28.0,-178.0,223.0,1,0,20251222,GSW,ORL,Stephen Curry,2025,GSW,Missed,28.532963393240458,Stephen Curry
Shot Chart Detail,22500407,42,201939,Stephen Curry,1610612744,Golden State Warriors,1,7,51,Made Shot,Cutting Layup Shot,2PT Field Goal,Restricted Area,Center(C),Less Than 8 ft.,3.0,-33.0,-1.0,1,1,20251222,GSW,ORL,Stephen Curry,2025,GSW,Made,3.3015148038438356,Stephen Curry
Shot Chart Detail,22500407,63,201939,Stephen Curry,1610612744,Golden State Warriors,1,6,13,Missed Shot,Jump Shot,3PT Field Goal,Above the Break 3,Left Side Center(LC),24+ ft.,29.0,-156.0,253.0,1,0,20251222,GSW,ORL,Stephen Curry,2025,GSW,Missed,29.722886804615733,Stephen Curry
Shot Chart Detail,22500407,178,201939,Stephen Curry,1610612744,Golden State Warriors,2,11,45,Missed Shot,Jump Shot,3PT Field Goal,Above the Break 3,Left Side Center(LC),24+ ft.,25.0,-194.0,173.0,1,0,20251222,GSW,ORL,Stephen Curry,2025,GSW,Missed,25.993268359327192,Stephen Curry
Shot Chart Detail,22500407,180,201939,Stephen Curry,1610612744,Golden State Warriors,2,11,33,Made Shot,Driving Layup Shot,2PT Field Goal,Restricted Area,Center(C),Less Than 8 ft.,2.0,-23.0,1.0,1,1,20251222,GSW,ORL,Stephen Curry,2025,GSW,Made,2.3021728866442674,Stephen Curry
Shot Chart Detail,22500407,183,201939,Stephen Curry,1610612744,Golden State Warriors,2,11,5,Missed Shot,Cutting Layup Shot,2PT Field Goal,In The Paint (Non-RA),Center(C),Less Than 8 ft.,4.0,32.0,28.0,1,0,20251222,GSW,ORL,Stephen Curry,2025,GSW,Missed,4.25205832509386,Stephen Curry
Shot Chart Detail,22500407,194,201939,Stephen Curry,1610612744,Golden State Warriors,2,10,3,Made Shot,Jump Shot,2PT Field Goal,Mid-Range,Left Side(L),16-24 ft.,21.0,-216.0,-9.0,1,1,20251222,GSW,ORL,Stephen Curry,2025,GSW,Made,21.618741869035766,Stephen Curry
Shot Chart Detail,22500407,204,201939,Stephen Curry,1610612744,Golden State Warriors,2,9,17,Missed Shot,Step Back Jump shot,3PT Field Goal,Above the Break 3,Center(C),24+ ft.,26.0,-6.0,269.0,1,0,20251222,GSW,ORL,Stephen Curry,2025,GSW,Missed,26.906690617762713,Stephen Curry
Shot Chart Detail,22500407,224,201939,Stephen Curry,1610612744,Golden State Warriors,2,8,25,Missed Shot,Driving Reverse Layup Shot,2PT Field Goal,Restricted Area,Center(C),Less Than 8 ft.,2.0,13.0,21.0,1,0,20251222,GSW,ORL,Stephen Curry,2025,GSW,Missed,2.4698178070456938,Stephen Curry
Shot Chart Detail,22500407,308,201939,Stephen Curry,1610612744,Golden State Warriors,2,3,54,Missed Shot,Jump Shot,3PT Field Goal,Above the Break 3,Center(C),24+ ft.,25.0,-22.0,251.0,1,0,20251222,GSW,ORL,Stephen Curry,2025,GSW,Missed,25.19622987670973,Stephen Curry
Shot Chart Detail,22500407,334,201939,Stephen Curry,1610612744,Golden State Warriors,2,2,34,Missed Shot,Driving Floating Jump Shot,2PT Field Goal,In The Paint (Non-RA),Center(C),8-16 ft.,11.0,17.0,116.0,1,0,20251222,GSW,ORL,Stephen Curry,2025,GSW,Missed,11.723907198540937,Stephen Curry
Shot Chart Detail,22500407,376,201939,Stephen Curry,1610612744,Golden State Warriors,3,11,36,Made Shot,Driving Finger Roll Layup Shot,2PT Field Goal,In The Paint (Non-RA),Center(C),Less Than 8 ft.,7.0,-10.0,77.0,1,1,20251222,GSW,ORL,Stephen Curry,2025,GSW,Made,7.764663547121666,Stephen Curry
Shot Chart Detail,22500407,409,201939,Stephen Curry,1610612744,Golden State Warriors,3,8,20,Made Shot,Step Back Jump shot,3PT Field Goal,Above the Break 3,Center(C),24+ ft.,28.0,45.0,278.0,1,1,20251222,GSW,ORL,Stephen Curry,2025,GSW,Made,28.161853632174143,Stephen Curry
Shot Chart Detail,22500407,416,201939,Stephen Curry,1610612744,Golden State Warriors,3,7,25,Made Shot,Jump Shot,3PT Field Goal,Above the Break 3,Right Side Center(RC),24+ ft.,30.0,173.0,253.0,1,1,20251222,GSW,ORL,Stephen Curry,2025,GSW,Made,30.64930668057599,Stephen Curry
Shot Chart Detail,22500407,419,201939,Stephen Curry,1610612744,Golden State Warriors,3,6,54,Made Shot,Step Back Jump shot,2PT Field Goal,Mid-Range,Right Side(R),8-16 ft.,15.0,156.0,-7.0,1,1,20251222,GSW,ORL,Stephen Curry,2025,GSW,Made,15.615697230671449,Stephen Curry
Shot Chart Detail,22500407,451,201939,Stephen Curry,1610612744,Golden State Warriors,3,5,6,Made Shot,Jump Shot,3PT Field Goal,Above the Break 3,Right Side Center(RC),24+ ft.,27.0,178.0,215.0,1,1,20251222,GSW,ORL,Stephen Curry,2025,GSW,Made,27.912183719659055,Stephen Curry
Shot Chart Detail,22500407,477,201939,Stephen Curry,1610612744,Golden State Warriors,3,3,48,Made Shot,Driving Layup Shot,2PT Field Goal,In The Paint (Non-RA),Center(C),Less Than 8 ft.,4.0,40.0,14.0,1,1,20251222,GSW,ORL,Stephen Curry,2025,GSW,Made,4.237924020083418,Stephen Curry
Shot Chart Detail,22500407,567,201939,Stephen Curry,1610612744,Golden State Warriors,4,10,44,Missed Shot,Step Back Jump shot,3PT Field Goal,Above the Break 3,Left Side Center(LC),24+ ft.,26.0,-143.0,219.0,1,0,20251222,GSW,ORL,Stephen Curry,2025,GSW,Missed,26.15530538915575,Stephen Curry
Shot Chart Detail,22500407,585,201939,Stephen Curry,1610612744,Golden State Warriors,4,9,17,Missed Shot,Jump Shot,3PT Field Goal,Above the Break 3,Center(C),24+ ft.,27.0,-56.0,269.0,1,0,20251222,GSW,ORL,Stephen Curry,2025,GSW,Missed,27.47671741675122,Stephen Curry
Shot Chart Detail,22500407,597,201939,Stephen Curry,1610612744,Golden State Warriors,4,8,40,Made Shot,Jump Shot,3PT Field Goal,Above the Break 3,Center(C),24+ ft.,29.0,33.0,293.0,1,1,20251222,GSW,ORL,Stephen Curry,2025,GSW,Made,29.48525055006316,Stephen Curry
Shot Chart Detail,22500407,608,201939,Stephen Curry,1610612744,Golden State Warriors,4,8,0,Missed Shot,Pullup Jump shot,3PT Field Goal,Above the Break 3,Right Side Center(RC),24+ ft.,29.0,156.0,251.0,1,0,20251222,GSW,ORL,Stephen Curry,2025,GSW,Missed,29.552834043455125,Stephen Curry
Shot Chart Detail,22500441,10,201939,Stephen Curry,1610612744,Golden State Warriors,1,11,9,Missed Shot,Reverse Layup Shot,2PT Field Goal,Restricted Area,Center(C),Less Than 8 ft.,1.0,13.0,8.0,1,0,20251228,TOR,GSW,Stephen Curry,2025,TOR,Missed,1.5264337522473748,Stephen Curry
Shot Chart Detail,22500441,16,201939,Stephen Curry,1610612744,Golden State Warriors,1,10,50,Made Shot,Floating Jump shot,2PT Field Goal,Mid-Range,Center(C),16-24 ft.,20.0,0.0,202.0,1,1,20251228,TOR,GSW,Stephen Curry,2025,TOR,Made,20.2,Stephen Curry
Shot Chart Detail,22500441,57,201939,Stephen Curry,1610612744,Golden State Warriors,1,7,40,Missed Shot,Turnaround Fadeaway shot,2PT Field Goal,Mid-Range,Center(C),16-24 ft.,17.0,17.0,179.0,1,0,20251228,TOR,GSW,Stephen Curry,2025,TOR,Missed,17.98054504179448,Stephen Curry
Shot Chart Detail,22500441,61,201939,Stephen Curry,1610612744,Golden State Warriors,1,7,9,Made Shot,Jump Shot,3PT Field Goal,Above the Break 3,Left Side Center(LC),24+ ft.,24.0,-180.0,170.0,1,1,20251228,TOR,GSW,Stephen Curry,2025,TOR,Made,24.758836806279895,Stephen Curry
Shot Chart Detail,22500441,181,201939,Stephen Curry,1610612744,Golden State Warriors,2,11,27,Missed Shot,Jump Shot,3PT Field Goal,Above the Break 3,Center(C),24+ ft.,29.0,-48.0,296.0,1,0,20251228,TOR,GSW,Stephen Curry,2025,TOR,Missed,29.986663702386103,Stephen Curry
Shot Chart Detail,22500441,212,201939,Stephen Curry,1610612744,Golden State Warriors,2,9,21,Made Shot,Alley Oop Layup shot,2PT Field Goal,Restricted Area,Center(C),Less Than 8 ft.,0.0,1.0,1.0,1,1,20251228,TOR,GSW,Stephen Curry,2025,TOR,Made,0.1414213562373095,Stephen Curry
Shot Chart Detail,22500441,231,201939,Stephen Curry,1610612744,Golden State Warriors,2,7,54,Made Shot,Jump Shot,3PT Field Goal,Above the Break 3,Left Side Center(LC),24+ ft.,27.0,-127.0,247.0,1,1,20251228,TOR,GSW,Stephen Curry,2025,TOR,Made,27.773728593762847,Stephen Curry
Shot Chart Detail,22500441,345,201939,Stephen Curry,1610612744,Golden State Warriors,2,1,14,Missed Shot,Cutting Layup Shot,2PT Field Goal,Restricted Area,Center(C),Less Than 8 ft.,1.0,18.0,6.0,1,0,20251228,TOR,GSW,Stephen Curry,2025,TOR,Missed,1.8973665961010275,Stephen Curry
Shot Chart Detail,22500441,347,201939,Stephen Curry,1610612744,Golden State Warriors,2,1,11,Missed Shot,Tip Layup Shot,2PT Field Goal,Restricted Area,Center(C),Less Than 8 ft.,0.0,0.0,0.0,1,0,20251228,TOR,GSW,Stephen Curry,2025,TOR,Missed,0.0,Stephen Curry
Shot Chart Detail,22500441,352,201939,Stephen Curry,1610612744,Golden State Warriors,2,0,52,Missed Shot,Floating Jump shot,2PT Field Goal,In The Paint (Non-RA),Center(C),Less Than 8 ft.,7.0,-56.0,53.0,1,0,20251228,TOR,GSW,Stephen Curry,2025,TOR,Missed,7.710382610480494,Stephen Curry
Shot Chart Detail,22500441,386,201939,Stephen Curry,1610612744,Golden State Warriors,3,10,52,Made Shot,Running Pull-Up Jump Shot,3PT Field Goal,Above the Break 3,Left Side Center(LC),24+ ft.,25.0,-80.0,243.0,1,1,20251228,TOR,GSW,Stephen Curry,2025,TOR,Made,25.58300216940928,Stephen Curry
Shot Chart Detail,22500441,434,201939,Stephen Curry,1610612744,Golden State Warriors,3,7,13,Made Shot,Pullup Jump shot,2PT Field Goal,Mid-Range,Left Side(L),8-16 ft.,13.0,-103.0,92.0,1,1,20251228,TOR,GSW,Stephen Curry,2025,TOR,Made,13.810503249338888,Stephen Curry
Shot Chart Detail,22500441,441,201939,Stephen Curry,1610612744,Golden State Warriors,3,6,51,Missed Shot,Pullup Jump shot,2PT Field Goal,Mid-Range,Right Side(R),16-24 ft.,17.0,174.0,6.0,1,0,20251228,TOR,GSW,Stephen Curry,2025,TOR,Missed,17.41034175425629,Stephen Curry
Shot Chart Detail,22500441,448,201939,Stephen Curry,1610612744,Golden State Warriors,3,6,22,Made Shot,Cutting Layup Shot,2PT Field Goal,Restricted Area,Center(C),Less Than 8 ft.,0.0,-1.0,-8.0,1,1,20251228,TOR,GSW,Stephen Curry,2025,TOR,Made,0.8062257748298549,Stephen Curry
Shot Chart Detail,22500441,467,201939,Stephen Curry,1610612744,Golden State Warriors,3,5,30,Missed Shot,Pullup Jump shot,3PT Field Goal,Above the Break 3,Left Side Center(LC),24+ ft.,32.0,-185.0,266.0,1,0,20251228,TOR,GSW,Stephen Curry,2025,TOR,Missed,32.40077159575061,Stephen Curry
Shot Chart Detail,22500441,471,201939,Stephen Curry,1610612744,Golden State Warriors,3,5,5,Made Shot,Reverse Layup Shot,2PT Field Goal,Restricted Area,Center(C),Less Than 8 ft.,1.0,-6.0,9.0,1,1,20251228,TOR,GSW,Stephen Curry,2025,TOR,Made,1.0816653826391969,Stephen Curry
Shot Chart Detail,22500441,487,201939,Stephen Curry,1610612744,Golden State Warriors,3,3,19,Missed Shot,Step Back Jump shot,2PT Field Goal,Mid-Range,Right Side(R),8-16 ft.,14.0,146.0,20.0,1,0,20251228,TOR,GSW,Stephen Curry,2025,TOR,Missed,14.736349615830918,Stephen Curry
Shot Chart Detail,22500441,559,201939,Stephen Curry,1610612744,Golden State Warriors,4,11,44,Made Shot,Driving Floating Jump Shot,2PT Field Goal,Mid-Range,Right Side Center(RC),16-24 ft.,16.0,66.0,148.0,1,1,20251228,TOR,GSW,Stephen Curry,2025,TOR,Made,16.204937519163717,Stephen Curry
Shot Chart Detail,22500441,568,201939,Stephen Curry,1610612744,Golden State Warriors,4,11,24,Missed Shot,Pullup Jump shot,3PT Field Goal,Above the Break 3,Right Side Center(RC),24+ ft.,29.0,92.0,281.0,1,0,20251228,TOR,GSW,Stephen Curry,2025,TOR,Missed,29.567718883945037,Stephen Curry
Shot Chart Detail,22500441,586,201939,Stephen Curry,1610612744,Golden State Warriors,4,10,7,Missed Shot,Cutting Finger Roll Layup Shot,2PT Field Goal,Restricted Area,Center(C),Less Than 8 ft.,2.0,28.0,3.0,1,0,20251228,TOR,GSW,Stephen Curry,2025,TOR,Missed,2.8160255680657444,Stephen Curry
Shot Chart Detail,22500441,599,201939,Stephen Curry,1610612744,Golden State Warriors,4,9,26,Missed Shot,Step Back Jump shot,3PT Field Goal,Above the Break 3,Center(C),24+ ft.,25.0,22.0,257.0,1,0,20251228,TOR,GSW,Stephen Curry,2025,TOR,Missed,25.793991548420728,Stephen Curry
Shot Chart Detail,22500441,601,201939,Stephen Curry,1610612744,Golden State Warriors,4,9,15,Missed Shot,Jump Shot,3PT Field Goal,Above the Break 3,Right Side Center(RC),24+ ft.,29.0,165.0,240.0,1,0,20251228,TOR,GSW,Stephen Curry,2025,TOR,Missed,29.124731758421397,Stephen Curry
Shot Chart Detail,22500441,657,201939,Stephen Curry,1610612744,Golden State Warriors,4,5,51,Made Shot,Step Back Jump shot,2PT Field Goal,Mid-Range,Left Side Center(LC),16-24 ft.,22.0,-180.0,142.0,1,1,20251228,TOR,GSW,Stephen Curry,2025,TOR,Made,22.926840166058646,Stephen Curry
Shot Chart Detail,22500441,687,201939,Stephen Curry,1610612744,Golden State Warriors,4,3,21,Missed Shot,Jump Shot,2PT Field Goal,Mid-Range,Right Side(R),16-24 ft.,16.0,141.0,92.0,1,0,20251228,TOR,GSW,Stephen Curry,2025,TOR,Missed,16.835973390332974,Stephen Curry
Shot Chart Detail,22500441,695,201939,Stephen Curry,1610612744,Golden State Warriors,4,2,27,Made Shot,Driving Finger Roll Layup Shot,2PT Field Goal,Restricted Area,Center(C),Less Than 8 ft.,0.0,-2.0,5.0,1,1,20251228,TOR,GSW,Stephen Curry,2025,TOR,Made,0.5385164807134504,Stephen Curry
Shot Chart Detail,22500441,703,201939,Stephen Curry,1610612744,Golden State Warriors,4,1,43,Made Shot,Jump Shot,3PT Field Goal,Above the Break 3,Left Side Center(LC),24+ ft.,27.0,-120.0,246.0,1,1,20251228,TOR,GSW,Stephen Curry,2025,TOR,Made,27.370787347096904,Stephen Curry
Shot Chart Detail,22500441,720,201939,Stephen Curry,1610612744,Golden State Warriors,4,0,36,Missed Shot,Pullup Jump shot,3PT Field Goal,Above the Break 3,Right Side Center(RC),24+ ft.,28.0,169.0,234.0,1,0,20251228,TOR,GSW,Stephen Curry,2025,TOR,Missed,28.86468430452687,Stephen Curry
Shot Chart Detail,22500441,756,201939,Stephen Curry,1610612744,Golden State Warriors,5,4,4,Missed Shot,Driving Finger Roll Layup Shot,2PT Field Goal,Restricted Area,Center(C),Less Than 8 ft.,1.0,-13.0,8.0,1,0,20251228,TOR,GSW,Stephen Curry,2025,TOR,Missed,1.5264337522473748,Stephen Curry
Shot Chart Detail,22500441,772,201939,Stephen Curry,1610612744,Golden State Warriors,5,3,11,Missed Shot,Driving Finger Roll Layup Shot,2PT Field Goal,Restricted Area,Center(C),Less Than 8 ft.,2.0,10.0,27.0,1,0,20251228,TOR,GSW,Stephen Curry,2025,TOR,Missed,2.8792360097775935,Stephen Curry
Shot Chart Detail,22500441,784,201939,Stephen Curry,1610612744,Golden State Warriors,5,2,20,Missed Shot,Step Back Jump shot,3PT Field Goal,Above the Break 3,Left Side Center(LC),24+ ft.,27.0,-146.0,235.0,1,0,20251228,TOR,GSW,Stephen Curry,2025,TOR,Missed,27.66604416970377,Stephen Curry
Shot Chart Detail,22500449,34,201939,Stephen Curry,1610612744,Golden State Warriors,1,8,43,Missed Shot,Pullup Jump shot,3PT Field Goal,Above the Break 3,Center(C),24+ ft.,30.0,17.0,301.0,1,0,20251229,BKN,GSW,Stephen Curry,2025,BKN,Missed,30.14796842243271,Stephen Curry
Shot Chart Detail,22500449,48,201939,Stephen Curry,1610612744,Golden State Warriors,1,8,18,Missed Shot,Jump Shot,3PT Field Goal,Above the Break 3,Center(C),24+ ft.,28.0,-83.0,275.0,1,0,20251229,BKN,GSW,Stephen Curry,2025,BKN,Missed,28.725250216490718,Stephen Curry
Shot Chart Detail,22500449,63,201939,Stephen Curry,1610612744,Golden State Warriors,1,7,37,Missed Shot,Step Back Jump shot,3PT Field Goal,Above the Break 3,Left Side Center(LC),24+ ft.,25.0,-150.0,205.0,1,0,20251229,BKN,GSW,Stephen Curry,2025,BKN,Missed,25.401771591761076,Stephen Curry
Shot Chart Detail,22500449,136,201939,Stephen Curry,1610612744,Golden State Warriors,1,7,5,Made Shot,Driving Reverse Layup Shot,2PT Field Goal,Restricted Area,Center(C),Less Than 8 ft.,3.0,1.0,33.0,1,1,20251229,BKN,GSW,Stephen Curry,2025,BKN,Made,3.3015148038438356,Stephen Curry
Shot Chart Detail,22500449,216,201939,Stephen Curry,1610612744,Golden State Warriors,2,9,46,Made Shot,Pullup Jump shot,3PT Field Goal,Above the Break 3,Center(C),24+ ft.,28.0,-12.0,280.0,1,1,20251229,BKN,GSW,Stephen Curry,2025,BKN,Made,28.025702488965372,Stephen Curry
Shot Chart Detail,22500449,219,201939,Stephen Curry,1610612744,Golden State Warriors,2,9,21,Missed Shot,Jump Shot,3PT Field Goal,Above the Break 3,Center(C),24+ ft.,28.0,-88.0,273.0,1,0,20251229,BKN,GSW,Stephen Curry,2025,BKN,Missed,28.683270385365752,Stephen Curry
Shot Chart Detail,22500449,237,201939,Stephen Curry,1610612744,Golden State Warriors,2,8,17,Made Shot,Step Back Jump shot,3PT Field Goal,Above the Break 3,Center(C),24+ ft.,26.0,-13.0,264.0,1,1,20251229,BKN,GSW,Stephen Curry,2025,BKN,Made,26.431988196123275,Stephen Curry
Shot Chart Detail,22500449,421,201939,Stephen Curry,1610612744,Golden State Warriors,3,8,6,Missed Shot,Jump Shot,3PT Field Goal,Above the Break 3,Center(C),24+ ft.,26.0,49.0,257.0,1,0,20251229,BKN,GSW,Stephen Curry,2025,BKN,Missed,26.16295090390226,Stephen Curry
Shot Chart Detail,22500449,440,201939,Stephen Curry,1610612744,Golden State Warriors,3,7,4,Made Shot,Step Back Jump shot,3PT Field Goal,Above the Break 3,Left Side Center(LC),24+ ft.,23.0,-136.0,197.0,1,1,20251229,BKN,GSW,Stephen Curry,2025,BKN,Made,23.938462774372127,Stephen Curry
Shot Chart Detail,22500449,451,201939,Stephen Curry,1610612744,Golden State Warriors,3,6,16,Made Shot,Driving Finger Roll Layup Shot,2PT Field Goal,Restricted Area,Center(C),Less Than 8 ft.,2.0,-6.0,29.0,1,1,20251229,BKN,GSW,Stephen Curry,2025,BKN,Made,2.9614185789921694,Stephen Curry
Shot Chart Detail,22500449,466,201939,Stephen Curry,1610612744,Golden State Warriors,3,5,13,Made Shot,Step Back Jump shot,3PT Field Goal,Above the Break 3,Left Side Center(LC),24+ ft.,24.0,-83.0,231.0,1,1,20251229,BKN,GSW,Stephen Curry,2025,BKN,Made,24.545875417267155,Stephen Curry
Shot Chart Detail,22500449,560,201939,Stephen Curry,1610612744,Golden State Warriors,4,10,28,Made Shot,Jump Shot,3PT Field Goal,Above the Break 3,Center(C),24+ ft.,25.0,21.0,255.0,1,1,20251229,BKN,GSW,Stephen Curry,2025,BKN,Made,25.586324472264476,Stephen Curry
Shot Chart Detail,22500449,593,201939,Stephen Curry,1610612744,Golden State Warriors,4,8,56,Missed Shot,Pullup Jump shot,3PT Field Goal,Above the Break 3,Left Side Center(LC),24+ ft.,24.0,-126.0,210.0,1,0,20251229,BKN,GSW,Stephen Curry,2025,BKN,Missed,24.489997958350262,Stephen Curry
Shot Chart Detail,22500449,655,201939,Stephen Curry,1610612744,Golden State Warriors,4,4,8,Missed Shot,Jump Shot,3PT Field Goal,Above the Break 3,Center(C),24+ ft.,26.0,39.0,260.0,1,0,20251229,BKN,GSW,Stephen Curry,2025,BKN,Missed,26.290872941003688,Stephen Curry
Shot Chart Detail,22500449,680,201939,Stephen Curry,1610612744,Golden State Warriors,4,2,13,Made Shot,Driving Floating Jump Shot,2PT Field Goal,Mid-Range,Center(C),16-24 ft.,16.0,33.0,157.0,1,1,20251229,BKN,GSW,Stephen Curry,2025,BKN,Made,16.04306703844374,Stephen Curry
Shot Chart Detail,22500462,24,201939,Stephen Curry,1610612744,Golden State Warriors,1,9,52,Missed Shot,Running Layup Shot,2PT Field Goal,Restricted Area,Center(C),Less Than 8 ft.,3.0,-23.0,26.0,1,0,20251231,CHA,GSW,Stephen Curry,2025,CHA,Missed,3.4713109915419564,Stephen Curry
Shot Chart Detail,22500462,33,201939,Stephen Curry,1610612744,Golden State Warriors,1,9,9,Missed Shot,Running Jump Shot,3PT Field Goal,Above the Break 3,Right Side Center(RC),24+ ft.,26.0,176.0,199.0,1,0,20251231,CHA,GSW,Stephen Curry,2025,CHA,Missed,26.566332076521213,Stephen Curry
Shot Chart Detail,22500462,39,201939,Stephen Curry,1610612744,Golden State Warriors,1,8,49,Made Shot,Jump Shot,3PT Field Goal,Above the Break 3,Right Side Center(RC),24+ ft.,25.0,205.0,146.0,1,1,20251231,CHA,GSW,Stephen Curry,2025,CHA,Made,25.167637950352038,Stephen Curry
Shot Chart Detail,22500462,203,201939,Stephen Curry,1610612744,Golden State Warriors,2,10,40,Made Shot,Pullup Jump shot,3PT Field Goal,Above the Break 3,Center(C),24+ ft.,28.0,-5.0,288.0,1,1,20251231,CHA,GSW,Stephen Curry,2025,CHA,Made,28.80433995077825,Stephen Curry
Shot Chart Detail,22500462,218,201939,Stephen Curry,1610612744,Golden State Warriors,2,9,47,Made Shot,Pullup Jump shot,3PT Field Goal,Above the Break 3,Right Side Center(RC),24+ ft.,26.0,150.0,215.0,1,1,20251231,CHA,GSW,Stephen Curry,2025,CHA,Made,26.215453457836656,Stephen Curry
Shot Chart Detail,22500462,344,201939,Stephen Curry,1610612744,Golden State Warriors,2,1,41,Made Shot,Driving Floating Bank Jump Shot,2PT Field Goal,Mid-Range,Center(C),8-16 ft.,14.0,-39.0,141.0,1,1,20251231,CHA,GSW,Stephen Curry,2025,CHA,Made,14.62942240828393,Stephen Curry
Shot Chart Detail,22500462,349,201939,Stephen Curry,1610612744,Golden State Warriors,2,1,24,Made Shot,Step Back Jump shot,3PT Field Goal,Above the Break 3,Right Side Center(RC),24+ ft.,26.0,151.0,212.0,1,1,20251231,CHA,GSW,Stephen Curry,2025,CHA,Made,26.02786967848118,Stephen Curry
Shot Chart Detail,22500462,353,201939,Stephen Curry,1610612744,Golden State Warriors,2,0,48,Missed Shot,Pullup Jump shot,3PT Field Goal,Above the Break 3,Right Side Center(RC),24+ ft.,25.0,151.0,210.0,1,0,20251231,CHA,GSW,Stephen Curry,2025,CHA,Missed,25.865227623200997,Stephen Curry
Shot Chart Detail,22500462,366,201939,Stephen Curry,1610612744,Golden State Warriors,2,0,6,Missed Shot,Pullup Jump shot,3PT Field Goal,Above the Break 3,Center(C),24+ ft.,26.0,18.0,262.0,1,0,20251231,CHA,GSW,Stephen Curry,2025,CHA,Missed,26.26175927084855,Stephen Curry
Shot Chart Detail,22500462,414,201939,Stephen Curry,1610612744,Golden State Warriors,3,10,13,Made Shot,Step Back Jump shot,3PT Field Goal,Above the Break 3,Left Side Center(LC),24+ ft.,26.0,-151.0,216.0,1,1,20251231,CHA,GSW,Stephen Curry,2025,CHA,Made,26.354695976239224,Stephen Curry
Shot Chart Detail,22500462,434,201939,Stephen Curry,1610612744,Golden State Warriors,3,8,36,Made Shot,Cutting Finger Roll Layup Shot,2PT Field Goal,Restricted Area,Center(C),Less Than 8 ft.,1.0,-15.0,11.0,1,1,20251231,CHA,GSW,Stephen Curry,2025,CHA,Made,1.8601075237738276,Stephen Curry
Shot Chart Detail,22500462,451,201939,Stephen Curry,1610612744,Golden State Warriors,3,7,40,Missed Shot,Driving Layup Shot,2PT Field Goal,Restricted Area,Center(C),Less Than 8 ft.,1.0,18.0,6.0,1,0,20251231,CHA,GSW,Stephen Curry,2025,CHA,Missed,1.8973665961010275,Stephen Curry
Shot Chart Detail,22500462,460,201939,Stephen Curry,1610612744,Golden State Warriors,3,6,46,Missed Shot,Jump Shot,3PT Field Goal,Above the Break 3,Right Side Center(RC),24+ ft.,26.0,170.0,198.0,1,0,20251231,CHA,GSW,Stephen Curry,2025,CHA,Missed,26.096743091811284,Stephen Curry
Shot Chart Detail,22500462,623,201939,Stephen Curry,1610612744,Golden State Warriors,4,8,2,Made Shot,Cutting Layup Shot,2PT Field Goal,Restricted Area,Center(C),Less Than 8 ft.,1.0,-12.0,6.0,1,1,20251231,CHA,GSW,Stephen Curry,2025,CHA,Made,1.3416407864998738,Stephen Curry
Shot Chart Detail,22500462,698,201939,Stephen Curry,1610612744,Golden State Warriors,4,3,26,Made Shot,Jump Bank Shot,2PT Field Goal,Mid-Range,Right Side Center(RC),16-24 ft.,17.0,126.0,119.0,1,1,20251231,CHA,GSW,Stephen Curry,2025,CHA,Made,17.331185764395926,Stephen Curry
Shot Chart Detail,22500462,719,201939,Stephen Curry,1610612744,Golden State Warriors,4,0,55,Missed Shot,Step Back Jump shot,3PT Field Goal,Above the Break 3,Left Side Center(LC),24+ ft.,25.0,-163.0,197.0,1,0,20251231,CHA,GSW,Stephen Curry,2025,CHA,Missed,25.56912200291594,Stephen Curry
Shot Chart Detail,22500492,12,201939,Stephen Curry,1610612744,Golden State Warriors,1,11,7,Missed Shot,Step Back Jump shot,3PT Field Goal,Above the Break 3,Right Side Center(RC),24+ ft.,26.0,174.0,204.0,1,0,20260103,GSW,UTA,Stephen Curry,2026,GSW,Missed,26.812683565805195,Stephen Curry
Shot Chart Detail,22500492,20,201939,Stephen Curry,1610612744,Golden State Warriors,1,10,10,Missed Shot,Driving Floating Jump Shot,2PT Field Goal,In The Paint (Non-RA),Center(C),8-16 ft.,12.0,26.0,124.0,1,0,20260103,GSW,UTA,Stephen Curry,2026,GSW,Missed,12.669648771769484,Stephen Curry
Shot Chart Detail,22500492,64,201939,Stephen Curry,1610612744,Golden State Warriors,1,7,6,Missed Shot,Jump Shot,3PT Field Goal,Above the Break 3,Center(C),24+ ft.,27.0,-48.0,269.0,1,0,20260103,GSW,UTA,Stephen Curry,2026,GSW,Missed,27.32489707208428,Stephen Curry
Shot Chart Detail,22500492,98,201939,Stephen Curry,1610612744,Golden State Warriors,1,5,15,Made Shot,Pullup Jump shot,3PT Field Goal,Above the Break 3,Right Side Center(RC),24+ ft.,26.0,186.0,195.0,1,1,20260103,GSW,UTA,Stephen Curry,2026,GSW,Made,26.94828380435385,Stephen Curry
Shot Chart Detail,22500492,297,201939,Stephen Curry,1610612744,Golden State Warriors,2,2,48,Missed Shot,Jump Shot,3PT Field Goal,Above the Break 3,Right Side Center(RC),24+ ft.,29.0,131.0,266.0,1,0,20260103,GSW,UTA,Stephen Curry,2026,GSW,Missed,29.650801000984778,Stephen Curry
Shot Chart Detail,22500492,342,201939,Stephen Curry,1610612744,Golden State Warriors,2,0,20,Missed Shot,Jump Shot,3PT Field Goal,Above the Break 3,Left Side Center(LC),24+ ft.,25.0,-225.0,115.0,1,0,20260103,GSW,UTA,Stephen Curry,2026,GSW,Missed,25.268557536986556,Stephen Curry
Shot Chart Detail,22500492,351,201939,Stephen Curry,1610612744,Golden State Warriors,2,0,8,Made Shot,Step Back Jump shot,3PT Field Goal,Above the Break 3,Right Side Center(RC),24+ ft.,27.0,107.0,252.0,1,1,20260103,GSW,UTA,Stephen Curry,2026,GSW,Made,27.377545543748074,Stephen Curry
Shot Chart Detail,22500492,377,201939,Stephen Curry,1610612744,Golden State Warriors,3,9,59,Made Shot,Step Back Jump shot,3PT Field Goal,Above the Break 3,Right Side Center(RC),24+ ft.,26.0,110.0,241.0,1,1,20260103,GSW,UTA,Stephen Curry,2026,GSW,Made,26.491696812397652,Stephen Curry
Shot Chart Detail,22500492,405,201939,Stephen Curry,1610612744,Golden State Warriors,3,8,25,Missed Shot,Jump Shot,3PT Field Goal,Above the Break 3,Right Side Center(RC),24+ ft.,25.0,105.0,228.0,1,0,20260103,GSW,UTA,Stephen Curry,2026,GSW,Missed,25.101593574910737,Stephen Curry
Shot Chart Detail,22500492,416,201939,Stephen Curry,1610612744,Golden State Warriors,3,7,1,Made Shot,Pullup Jump shot,3PT Field Goal,Above the Break 3,Right Side Center(RC),24+ ft.,25.0,153.0,202.0,1,1,20260103,GSW,UTA,Stephen Curry,2026,GSW,Made,25.34028413416077,Stephen Curry
Shot Chart Detail,22500492,432,201939,Stephen Curry,1610612744,Golden State Warriors,3,6,25,Made Shot,Jump Shot,3PT Field Goal,Above the Break 3,Left Side Center(LC),24+ ft.,32.0,-178.0,277.0,1,1,20260103,GSW,UTA,Stephen Curry,2026,GSW,Made,32.9261294415241,Stephen Curry
Shot Chart Detail,22500492,465,201939,Stephen Curry,1610612744,Golden State Warriors,3,4,19,Made Shot,Cutting Layup Shot,2PT Field Goal,Restricted Area,Center(C),Less Than 8 ft.,2.0,11.0,27.0,1,1,20260103,GSW,UTA,Stephen Curry,2026,GSW,Made,2.9154759474226504,Stephen Curry
Shot Chart Detail,22500492,481,201939,Stephen Curry,1610612744,Golden State Warriors,3,3,5,Made Shot,Pullup Jump shot,2PT Field Goal,Mid-Range,Left Side(L),8-16 ft.,15.0,-113.0,99.0,1,1,20260103,GSW,UTA,Stephen Curry,2026,GSW,Made,15.023315213360865,Stephen Curry
Shot Chart Detail,22500492,483,201939,Stephen Curry,1610612744,Golden State Warriors,3,2,46,Made Shot,Pullup Jump shot,3PT Field Goal,Above the Break 3,Center(C),24+ ft.,35.0,51.0,352.0,1,1,20260103,GSW,UTA,Stephen Curry,2026,GSW,Made,35.56754138255834,Stephen Curry
Shot Chart Detail,22500492,521,201939,Stephen Curry,1610612744,Golden State Warriors,3,1,16,Missed Shot,Jump Shot,3PT Field Goal,Above the Break 3,Right Side Center(RC),24+ ft.,28.0,88.0,270.0,1,0,20260103,GSW,UTA,Stephen Curry,2026,GSW,Missed,28.397887245356827,Stephen Curry
Shot Chart Detail,22500492,657,201939,Stephen Curry,1610612744,Golden State Warriors,4,4,37,Missed Shot,Floating Jump shot,2PT Field Goal,In The Paint (Non-RA),Center(C),8-16 ft.,10.0,6.0,102.0,1,0,20260103,GSW,UTA,Stephen Curry,2026,GSW,Missed,10.21763181955584,Stephen Curry
Shot Chart Detail,22500492,675,201939,Stephen Curry,1610612744,Golden State Warriors,4,2,52,Missed Shot,Step Back Jump shot,2PT Field Goal,Mid-Range,Center(C),16-24 ft.,21.0,64.0,204.0,1,0,20260103,GSW,UTA,Stephen Curry,2026,GSW,Missed,21.380364823828426,Stephen Curry
Shot Chart Detail,22500492,697,201939,Stephen Curry,1610612744,Golden State Warriors,4,0,22,Missed Shot,Driving Finger Roll Layup Shot,2PT Field Goal,In The Paint (Non-RA),Right Side(R),8-16 ft.,8.0,60.0,57.0,1,0,20260103,GSW,UTA,Stephen Curry,2026,GSW,Missed,8.275868534480233,Stephen Curry
Shot Chart Detail,22500508,7,201939,Stephen Curry,1610612744,Golden State Warriors,1,11,42,Missed Shot,Step Back Jump shot,3PT Field Goal,Left Corner 3,Left Side(L),24+ ft.,23.0,-227.0,42.0,1,0,20260105,LAC,GSW,Stephen Curry,2026,LAC,Missed,23.085276693165277,Stephen Curry
Shot Chart Detail,22500508,35,201939,Stephen Curry,1610612744,Golden State Warriors,1,8,53,Made Shot,Running Pull-Up Jump Shot,2PT Field Goal,Mid-Range,Left Side Center(LC),16-24 ft.,20.0,-138.0,147.0,1,1,20260105,LAC,GSW,Stephen Curry,2026,LAC,Made,20.162589119455866,Stephen Curry
Shot Chart Detail,22500508,75,201939,Stephen Curry,1610612744,Golden State Warriors,1,5,48,Missed Shot,Pullup Jump shot,3PT Field Goal,Above the Break 3,Right Side Center(RC),24+ ft.,27.0,174.0,216.0,1,0,20260105,LAC,GSW,Stephen Curry,2026,LAC,Missed,27.736618395182926,Stephen Curry
Shot Chart Detail,22500508,96,201939,Stephen Curry,1610612744,Golden State Warriors,1,5,6,Missed Shot,Jump Shot,3PT Field Goal,Right Corner 3,Right Side(R),24+ ft.,22.0,227.0,13.0,1,0,20260105,LAC,GSW,Stephen Curry,2026,LAC,Missed,22.73719419805355,Stephen Curry
Shot Chart Detail,22500508,194,201939,Stephen Curry,1610612744,Golden State Warriors,2,11,15,Made Shot,Jump Shot,3PT Field Goal,Above the Break 3,Right Side Center(RC),24+ ft.,25.0,132.0,221.0,1,1,20260105,LAC,GSW,Stephen Curry,2026,LAC,Made,25.741989045137906,Stephen Curry
Shot Chart Detail,22500508,202,201939,Stephen Curry,1610612744,Golden State Warriors,2,9,59,Made Shot,Driving Floating Jump Shot,2PT Field Goal,Mid-Range,Left Side(L),16-24 ft.,18.0,-186.0,37.0,1,1,20260105,LAC,GSW,Stephen Curry,2026,LAC,Made,18.964440408301005,Stephen Curry
Shot Chart Detail,22500508,229,201939,Stephen Curry,1610612744,Golden State Warriors,2,7,39,Missed Shot,Jump Shot,3PT Field Goal,Above the Break 3,Left Side Center(LC),24+ ft.,31.0,-130.0,285.0,1,0,20260105,LAC,GSW,Stephen Curry,2026,LAC,Missed,31.32491021535417,Stephen Curry
Shot Chart Detail,22500508,235,201939,Stephen Curry,1610612744,Golden State Warriors,2,7,16,Made Shot,Running Layup Shot,2PT Field Goal,Restricted Area,Center(C),Less Than 8 ft.,2.0,20.0,22.0,1,1,20260105,LAC,GSW,Stephen Curry,2026,LAC,Made,2.973213749463701,Stephen Curry
Shot Chart Detail,22500508,299,201939,Stephen Curry,1610612744,Golden State Warriors,2,2,54,Made Shot,Jump Shot,3PT Field Goal,Above the Break 3,Left Side Center(LC),24+ ft.,25.0,-159.0,200.0,1,1,20260105,LAC,GSW,Stephen Curry,2026,LAC,Made,25.550146770615623,Stephen Curry
Shot Chart Detail,22500508,303,201939,Stephen Curry,1610612744,Golden State Warriors,2,2,27,Missed Shot,Step Back Jump shot,3PT Field Goal,Left Corner 3,Left Side(L),24+ ft.,24.0,-233.0,68.0,1,0,20260105,LAC,GSW,Stephen Curry,2026,LAC,Missed,24.272000329597887,Stephen Curry
Shot Chart Detail,22500508,307,201939,Stephen Curry,1610612744,Golden State Warriors,2,2,4,Made Shot,Driving Layup Shot,2PT Field Goal,In The Paint (Non-RA),Center(C),Less Than 8 ft.,7.0,-66.0,33.0,1,1,20260105,LAC,GSW,Stephen Curry,2026,LAC,Made,7.379024325749306,Stephen Curry
Shot Chart Detail,22500508,331,201939,Stephen Curry,1610612744,Golden State Warriors,2,0,37,Missed Shot,Pullup Jump shot,3PT Field Goal,Above the Break 3,Center(C),24+ ft.,29.0,-11.0,298.0,1,0,20260105,LAC,GSW,Stephen Curry,2026,LAC,Missed,29.820295102496893,Stephen Curry
Shot Chart Detail,22500508,350,201939,Stephen Curry,1610612744,Golden State Warriors,3,11,23,Made Shot,Pullup Jump shot,2PT Field Goal,Mid-Range,Left Side Center(LC),16-24 ft.,18.0,-120.0,136.0,1,1,20260105,LAC,GSW,Stephen Curry,2026,LAC,Made,18.137254478007414,Stephen Curry
Shot Chart Detail,22500508,370,201939,Stephen Curry,1610612744,Golden State Warriors,3,8,40,Missed Shot,Running Finger Roll Layup Shot,2PT Field Goal,Restricted Area,Center(C),Less Than 8 ft.,3.0,-4.0,32.0,1,0,20260105,LAC,GSW,Stephen Curry,2026,LAC,Missed,3.2249030993194197,Stephen Curry
Shot Chart Detail,22500508,375,201939,Stephen Curry,1610612744,Golden State Warriors,3,8,23,Missed Shot,Driving Layup Shot,2PT Field Goal,Restricted Area,Center(C),Less Than 8 ft.,2.0,20.0,8.0,1,0,20260105,LAC,GSW,Stephen Curry,2026,LAC,Missed,2.1540659228538015,Stephen Curry
Shot Chart Detail,22500508,389,201939,Stephen Curry,1610612744,Golden State Warriors,3,7,29,Missed Shot,Step Back Jump shot,3PT Field Goal,Above the Break 3,Right Side Center(RC),24+ ft.,29.0,121.0,268.0,1,0,20260105,LAC,GSW,Stephen Curry,2026,LAC,Missed,29.404931559178983,Stephen Curry
Shot Chart Detail,22500508,421,201939,Stephen Curry,1610612744,Golden State Warriors,3,6,7,Missed Shot,Jump Shot,3PT Field Goal,Above the Break 3,Center(C),24+ ft.,27.0,66.0,264.0,1,0,20260105,LAC,GSW,Stephen Curry,2026,LAC,Missed,27.21249712907656,Stephen Curry
Shot Chart Detail,22500508,448,201939,Stephen Curry,1610612744,Golden State Warriors,3,4,24,Missed Shot,Jump Shot,3PT Field Goal,Above the Break 3,Center(C),24+ ft.,25.0,32.0,253.0,1,0,20260105,LAC,GSW,Stephen Curry,2026,LAC,Missed,25.501568579207046,Stephen Curry
Shot Chart Detail,22500508,518,201939,Stephen Curry,1610612744,Golden State Warriors,4,11,9,Missed Shot,Turnaround Jump Shot,2PT Field Goal,Mid-Range,Right Side(R),8-16 ft.,15.0,113.0,109.0,1,0,20260105,LAC,GSW,Stephen Curry,2026,LAC,Missed,15.700318468107582,Stephen Curry
Shot Chart Detail,22500508,551,201939,Stephen Curry,1610612744,Golden State Warriors,4,8,37,Missed Shot,Pullup Jump shot,3PT Field Goal,Above the Break 3,Left Side Center(LC),24+ ft.,28.0,-141.0,253.0,1,0,20260105,LAC,GSW,Stephen Curry,2026,LAC,Missed,28.963770472782027,Stephen Curry
Shot Chart Detail,22500508,627,201939,Stephen Curry,1610612744,Golden State Warriors,4,4,55,Missed Shot,Step Back Jump shot,3PT Field Goal,Above the Break 3,Left Side Center(LC),24+ ft.,25.0,-223.0,124.0,1,0,20260105,LAC,GSW,Stephen Curry,2026,LAC,Missed,25.515681452785067,Stephen Curry
Shot Chart Detail,22500508,667,201939,Stephen Curry,1610612744,Golden State Warriors,4,1,38,Made Shot,Jump Shot,3PT Field Goal,Above the Break 3,Right Side Center(RC),24+ ft.,28.0,134.0,248.0,1,1,20260105,LAC,GSW,Stephen Curry,2026,LAC,Made,28.188650198262422,Stephen Curry
Shot Chart Detail,22500508,671,201939,Stephen Curry,1610612744,Golden State Warriors,4,1,5,Made Shot,Pullup Jump shot,3PT Field Goal,Above the Break 3,Center(C),24+ ft.,25.0,-50.0,246.0,1,1,20260105,LAC,GSW,Stephen Curry,2026,LAC,Made,25.10298786997277,Stephen Curry
Shot Chart Detail,22500526,17,201939,Stephen Curry,1610612744,Golden State Warriors,1,10,21,Made Shot,Cutting Finger Roll Layup Shot,2PT Field Goal,Restricted Area,Center(C),Less Than 8 ft.,2.0,-26.0,-5.0,1,1,20260107,GSW,MIL,Stephen Curry,2026,GSW,Made,2.6476404589747453,Stephen Curry
Shot Chart Detail,22500526,50,201939,Stephen Curry,1610612744,Golden State Warriors,1,7,43,Missed Shot,Jump Shot,3PT Field Goal,Above the Break 3,Right Side Center(RC),24+ ft.,28.0,150.0,244.0,1,0,20260107,GSW,MIL,Stephen Curry,2026,GSW,Missed,28.641927309453184,Stephen Curry
Shot Chart Detail,22500526,75,201939,Stephen Curry,1610612744,Golden State Warriors,1,5,15,Missed Shot,Running Jump Shot,3PT Field Goal,Left Corner 3,Left Side(L),24+ ft.,24.0,-234.0,55.0,1,0,20260107,GSW,MIL,Stephen Curry,2026,GSW,Missed,24.03767875648562,Stephen Curry
Shot Chart Detail,22500526,77,201939,Stephen Curry,1610612744,Golden State Warriors,1,5,5,Made Shot,Pullup Jump shot,2PT Field Goal,In The Paint (Non-RA),Center(C),Less Than 8 ft.,5.0,-48.0,34.0,1,1,20260107,GSW,MIL,Stephen Curry,2026,GSW,Made,5.882176467941097,Stephen Curry
Shot Chart Detail,22500526,81,201939,Stephen Curry,1610612744,Golden State Warriors,1,4,44,Made Shot,Jump Shot,3PT Field Goal,Above the Break 3,Left Side Center(LC),24+ ft.,29.0,-206.0,217.0,1,1,20260107,GSW,MIL,Stephen Curry,2026,GSW,Made,29.92072860075436,Stephen Curry
Shot Chart Detail,22500526,96,201939,Stephen Curry,1610612744,Golden State Warriors,1,4,5,Made Shot,Driving Finger Roll Layup Shot,2PT Field Goal,In The Paint (Non-RA),Center(C),Less Than 8 ft.,6.0,-11.0,64.0,1,1,20260107,GSW,MIL,Stephen Curry,2026,GSW,Made,6.493843238021688,Stephen Curry
Shot Chart Detail,22500526,155,201939,Stephen Curry,1610612744,Golden State Warriors,2,11,7,Missed Shot,Jump Shot,3PT Field Goal,Above the Break 3,Center(C),24+ ft.,27.0,-53.0,269.0,1,0,20260107,GSW,MIL,Stephen Curry,2026,GSW,Missed,27.417147918775214,Stephen Curry
Shot Chart Detail,22500526,157,201939,Stephen Curry,1610612744,Golden State Warriors,2,11,2,Made Shot,Jump Shot,3PT Field Goal,Above the Break 3,Left Side Center(LC),24+ ft.,26.0,-147.0,220.0,1,1,20260107,GSW,MIL,Stephen Curry,2026,GSW,Made,26.4592138961081,Stephen Curry
Shot Chart Detail,22500526,259,201939,Stephen Curry,1610612744,Golden State Warriors,2,3,10,Missed Shot,Driving Floating Bank Jump Shot,2PT Field Goal,Mid-Range,Left Side(L),8-16 ft.,11.0,-102.0,50.0,1,0,20260107,GSW,MIL,Stephen Curry,2026,GSW,Missed,11.359577456930342,Stephen Curry
Shot Chart Detail,22500526,263,201939,Stephen Curry,1610612744,Golden State Warriors,2,2,44,Missed Shot,Step Back Jump shot,2PT Field Goal,Mid-Range,Left Side Center(LC),16-24 ft.,21.0,-169.0,137.0,1,0,20260107,GSW,MIL,Stephen Curry,2026,GSW,Missed,21.755459085020476,Stephen Curry
Shot Chart Detail,22500526,322,201939,Stephen Curry,1610612744,Golden State Warriors,3,11,21,Missed Shot,Jump Shot,3PT Field Goal,Above the Break 3,Right Side Center(RC),24+ ft.,28.0,142.0,250.0,1,0,20260107,GSW,MIL,Stephen Curry,2026,GSW,Missed,28.751347794494784,Stephen Curry
Shot Chart Detail,22500526,331,201939,Stephen Curry,1610612744,Golden State Warriors,3,10,21,Made Shot,Driving Floating Bank Jump Shot,2PT Field Goal,Mid-Range,Right Side(R),8-16 ft.,13.0,107.0,85.0,1,1,20260107,GSW,MIL,Stephen Curry,2026,GSW,Made,13.665284482951682,Stephen Curry
Shot Chart Detail,22500526,335,201939,Stephen Curry,1610612744,Golden State Warriors,3,10,0,Made Shot,Jump Shot,2PT Field Goal,Mid-Range,Right Side(R),16-24 ft.,19.0,167.0,110.0,1,1,20260107,GSW,MIL,Stephen Curry,2026,GSW,Made,19.9972498109115,Stephen Curry
Shot Chart Detail,22500526,367,201939,Stephen Curry,1610612744,Golden State Warriors,3,7,46,Made Shot,Driving Floating Jump Shot,2PT Field Goal,In The Paint (Non-RA),Center(C),8-16 ft.,8.0,-31.0,75.0,1,1,20260107,GSW,MIL,Stephen Curry,2026,GSW,Made,8.115417426109392,Stephen Curry
Shot Chart Detail,22500526,375,201939,Stephen Curry,1610612744,Golden State Warriors,3,6,43,Missed Shot,Jump Shot,3PT Field Goal,Above the Break 3,Right Side Center(RC),24+ ft.,27.0,161.0,227.0,1,0,20260107,GSW,MIL,Stephen Curry,2026,GSW,Missed,27.829840100151493,Stephen Curry
Shot Chart Detail,22500526,408,201939,Stephen Curry,1610612744,Golden State Warriors,3,4,55,Made Shot,Jump Shot,3PT Field Goal,Above the Break 3,Center(C),24+ ft.,25.0,-12.0,257.0,1,1,20260107,GSW,MIL,Stephen Curry,2026,GSW,Made,25.72800031094527,Stephen Curry
Shot Chart Detail,22500526,412,201939,Stephen Curry,1610612744,Golden State Warriors,3,4,22,Made Shot,Driving Reverse Layup Shot,2PT Field Goal,Restricted Area,Center(C),Less Than 8 ft.,3.0,-31.0,9.0,1,1,20260107,GSW,MIL,Stephen Curry,2026,GSW,Made,3.228002478313795,Stephen Curry
Shot Chart Detail,22500526,509,201939,Stephen Curry,1610612744,Golden State Warriors,4,9,59,Made Shot,Driving Finger Roll Layup Shot,2PT Field Goal,In The Paint (Non-RA),Right Side(R),8-16 ft.,8.0,58.0,61.0,1,1,20260107,GSW,MIL,Stephen Curry,2026,GSW,Made,8.417244204607586,Stephen Curry
Shot Chart Detail,22500526,586,201939,Stephen Curry,1610612744,Golden State Warriors,4,3,52,Missed Shot,Jump Shot,3PT Field Goal,Above the Break 3,Center(C),24+ ft.,25.0,-21.0,255.0,1,0,20260107,GSW,MIL,Stephen Curry,2026,GSW,Missed,25.586324472264476,Stephen Curry
Shot Chart Detail,22500526,606,201939,Stephen Curry,1610612744,Golden State Warriors,4,2,9,Missed Shot,Driving Finger Roll Layup Shot,2PT Field Goal,In The Paint (Non-RA),Center(C),Less Than 8 ft.,4.0,-33.0,24.0,1,0,20260107,GSW,MIL,Stephen Curry,2026,GSW,Missed,4.080441152620633,Stephen Curry
Shot Chart Detail,22500526,630,201939,Stephen Curry,1610612744,Golden State Warriors,4,0,26,Made Shot,Step Back Jump shot,2PT Field Goal,Mid-Range,Right Side(R),16-24 ft.,21.0,186.0,114.0,1,1,20260107,GSW,MIL,Stephen Curry,2026,GSW,Made,21.815590755237412,Stephen Curry
Shot Chart Detail,22500539,17,201939,Stephen Curry,1610612744,Golden State Warriors,1,10,51,Made Shot,Driving Layup Shot,2PT Field Goal,In The Paint (Non-RA),Center(C),Less Than 8 ft.,5.0,-12.0,49.0,1,1,20260109,GSW,SAC,Stephen Curry,2026,GSW,Made,5.044799302251776,Stephen Curry
Shot Chart Detail,22500539,31,201939,Stephen Curry,1610612744,Golden State Warriors,1,9,30,Made Shot,Jump Shot,3PT Field Goal,Above the Break 3,Left Side Center(LC),24+ ft.,25.0,-197.0,165.0,1,1,20260109,GSW,SAC,Stephen Curry,2026,GSW,Made,25.69708154635464,Stephen Curry
Shot Chart Detail,22500539,35,201939,Stephen Curry,1610612744,Golden State Warriors,1,9,7,Missed Shot,Driving Layup Shot,2PT Field Goal,In The Paint (Non-RA),Center(C),Less Than 8 ft.,5.0,-26.0,49.0,1,0,20260109,GSW,SAC,Stephen Curry,2026,GSW,Missed,5.547071299343465,Stephen Curry
Shot Chart Detail,22500539,60,201939,Stephen Curry,1610612744,Golden State Warriors,1,7,4,Made Shot,Jump Shot,3PT Field Goal,Above the Break 3,Left Side Center(LC),24+ ft.,26.0,-199.0,176.0,1,1,20260109,GSW,SAC,Stephen Curry,2026,GSW,Made,26.566332076521213,Stephen Curry
Shot Chart Detail,22500539,71,201939,Stephen Curry,1610612744,Golden State Warriors,1,5,50,Missed Shot,Jump Shot,3PT Field Goal,Above the Break 3,Center(C),24+ ft.,26.0,-61.0,258.0,1,0,20260109,GSW,SAC,Stephen Curry,2026,GSW,Missed,26.511318337645907,Stephen Curry
Shot Chart Detail,22500539,111,201939,Stephen Curry,1610612744,Golden State Warriors,1,4,51,Missed Shot,Jump Shot,2PT Field Goal,Mid-Range,Left Side Center(LC),16-24 ft.,18.0,-107.0,153.0,1,0,20260109,GSW,SAC,Stephen Curry,2026,GSW,Missed,18.670297265978384,Stephen Curry
Shot Chart Detail,22500539,113,201939,Stephen Curry,1610612744,Golden State Warriors,1,4,24,Made Shot,Cutting Layup Shot,2PT Field Goal,In The Paint (Non-RA),Center(C),Less Than 8 ft.,6.0,-67.0,8.0,1,1,20260109,GSW,SAC,Stephen Curry,2026,GSW,Made,6.747592163134935,Stephen Curry
Shot Chart Detail,22500539,117,201939,Stephen Curry,1610612744,Golden State Warriors,1,3,54,Missed Shot,Jump Shot,3PT Field Goal,Above the Break 3,Center(C),24+ ft.,25.0,-49.0,248.0,1,0,20260109,GSW,SAC,Stephen Curry,2026,GSW,Missed,25.279438284898657,Stephen Curry
Shot Chart Detail,22500539,179,201939,Stephen Curry,1610612744,Golden State Warriors,2,11,21,Missed Shot,Layup Shot,2PT Field Goal,Restricted Area,Center(C),Less Than 8 ft.,1.0,13.0,7.0,1,0,20260109,GSW,SAC,Stephen Curry,2026,GSW,Missed,1.47648230602334,Stephen Curry
Shot Chart Detail,22500539,192,201939,Stephen Curry,1610612744,Golden State Warriors,2,10,30,Made Shot,Cutting Layup Shot,2PT Field Goal,Restricted Area,Center(C),Less Than 8 ft.,3.0,-34.0,13.0,1,1,20260109,GSW,SAC,Stephen Curry,2026,GSW,Made,3.6400549446402595,Stephen Curry
Shot Chart Detail,22500539,209,201939,Stephen Curry,1610612744,Golden State Warriors,2,8,48,Missed Shot,Running Pull-Up Jump Shot,3PT Field Goal,Above the Break 3,Right Side Center(RC),24+ ft.,25.0,108.0,235.0,1,0,20260109,GSW,SAC,Stephen Curry,2026,GSW,Missed,25.862907802488103,Stephen Curry
Shot Chart Detail,22500539,218,201939,Stephen Curry,1610612744,Golden State Warriors,2,7,48,Made Shot,Jump Shot,3PT Field Goal,Left Corner 3,Left Side(L),24+ ft.,23.0,-239.0,18.0,1,1,20260109,GSW,SAC,Stephen Curry,2026,GSW,Made,23.967686580060246,Stephen Curry
Shot Chart Detail,22500539,314,201939,Stephen Curry,1610612744,Golden State Warriors,2,0,56,Made Shot,Driving Layup Shot,2PT Field Goal,Mid-Range,Right Side(R),8-16 ft.,8.0,81.0,31.0,1,1,20260109,GSW,SAC,Stephen Curry,2026,GSW,Made,8.67294644281861,Stephen Curry
Shot Chart Detail,22500539,366,201939,Stephen Curry,1610612744,Golden State Warriors,3,9,8,Missed Shot,Jump Shot,3PT Field Goal,Above the Break 3,Right Side Center(RC),24+ ft.,25.0,234.0,93.0,1,0,20260109,GSW,SAC,Stephen Curry,2026,GSW,Missed,25.180349481291955,Stephen Curry
Shot Chart Detail,22500539,372,201939,Stephen Curry,1610612744,Golden State Warriors,3,8,42,Made Shot,Jump Shot,3PT Field Goal,Above the Break 3,Right Side Center(RC),24+ ft.,28.0,181.0,222.0,1,1,20260109,GSW,SAC,Stephen Curry,2026,GSW,Made,28.64349838968697,Stephen Curry
Shot Chart Detail,22500539,404,201939,Stephen Curry,1610612744,Golden State Warriors,3,6,16,Made Shot,Jump Shot,3PT Field Goal,Above the Break 3,Right Side Center(RC),24+ ft.,27.0,164.0,226.0,1,1,20260109,GSW,SAC,Stephen Curry,2026,GSW,Made,27.923466833471803,Stephen Curry
Shot Chart Detail,22500539,408,201939,Stephen Curry,1610612744,Golden State Warriors,3,5,37,Made Shot,Pullup Jump shot,3PT Field Goal,Above the Break 3,Right Side Center(RC),24+ ft.,26.0,185.0,194.0,1,1,20260109,GSW,SAC,Stephen Curry,2026,GSW,Made,26.80690209628856,Stephen Curry
Shot Chart Detail,22500539,432,201939,Stephen Curry,1610612744,Golden State Warriors,3,4,34,Missed Shot,Pullup Jump shot,2PT Field Goal,Mid-Range,Left Side Center(LC),16-24 ft.,20.0,-148.0,138.0,1,0,20260109,GSW,SAC,Stephen Curry,2026,GSW,Missed,20.235612172603034,Stephen Curry
Shot Chart Detail,22500539,451,201939,Stephen Curry,1610612744,Golden State Warriors,3,3,25,Missed Shot,Pullup Jump shot,2PT Field Goal,Mid-Range,Right Side(R),16-24 ft.,19.0,185.0,56.0,1,0,20260109,GSW,SAC,Stephen Curry,2026,GSW,Missed,19.328993765843062,Stephen Curry
Shot Chart Detail,22500539,558,201939,Stephen Curry,1610612744,Golden State Warriors,4,8,2,Missed Shot,Jump Shot,3PT Field Goal,Above the Break 3,Right Side Center(RC),24+ ft.,33.0,194.0,274.0,1,0,20260109,GSW,SAC,Stephen Curry,2026,GSW,Missed,33.57260788202191,Stephen Curry
Shot Chart Detail,22500539,563,201939,Stephen Curry,1610612744,Golden State Warriors,4,7,17,Missed Shot,Pullup Jump shot,3PT Field Goal,Above the Break 3,Left Side Center(LC),24+ ft.,26.0,-88.0,245.0,1,0,20260109,GSW,SAC,Stephen Curry,2026,GSW,Missed,26.03247971285102,Stephen Curry
Shot Chart Detail,22500556,10,201939,Stephen Curry,1610612744,Golden State Warriors,1,11,14,Made Shot,Step Back Jump shot,2PT Field Goal,Mid-Range,Right Side(R),16-24 ft.,17.0,163.0,57.0,1,1,20260111,GSW,ATL,Stephen Curry,2026,GSW,Made,17.267889274604467,Stephen Curry
Shot Chart Detail,22500556,51,201939,Stephen Curry,1610612744,Golden State Warriors,1,8,5,Made Shot,Jump Shot,3PT Field Goal,Right Corner 3,Right Side(R),24+ ft.,23.0,227.0,58.0,1,1,20260111,GSW,ATL,Stephen Curry,2026,GSW,Made,23.429255216502295,Stephen Curry
Shot Chart Detail,22500556,66,201939,Stephen Curry,1610612744,Golden State Warriors,1,6,42,Missed Shot,Cutting Finger Roll Layup Shot,2PT Field Goal,Restricted Area,Center(C),Less Than 8 ft.,1.0,-4.0,13.0,1,0,20260111,GSW,ATL,Stephen Curry,2026,GSW,Missed,1.3601470508735445,Stephen Curry
Shot Chart Detail,22500556,94,201939,Stephen Curry,1610612744,Golden State Warriors,1,5,13,Missed Shot,Pullup Jump shot,3PT Field Goal,Above the Break 3,Center(C),24+ ft.,39.0,29.0,394.0,1,0,20260111,GSW,ATL,Stephen Curry,2026,GSW,Missed,39.506581730137064,Stephen Curry
Shot Chart Detail,22500556,99,201939,Stephen Curry,1610612744,Golden State Warriors,1,4,36,Made Shot,Turnaround Jump Shot,2PT Field Goal,Mid-Range,Left Side(L),8-16 ft.,11.0,-119.0,11.0,1,1,20260111,GSW,ATL,Stephen Curry,2026,GSW,Made,11.950732195141851,Stephen Curry
Shot Chart Detail,22500556,103,201939,Stephen Curry,1610612744,Golden State Warriors,1,4,11,Missed Shot,Pullup Jump shot,3PT Field Goal,Above the Break 3,Center(C),24+ ft.,28.0,10.0,284.0,1,0,20260111,GSW,ATL,Stephen Curry,2026,GSW,Missed,28.417600180170034,Stephen Curry
Shot Chart Detail,22500556,105,201939,Stephen Curry,1610612744,Golden State Warriors,1,4,8,Missed Shot,Jump Shot,3PT Field Goal,Above the Break 3,Left Side Center(LC),24+ ft.,25.0,-230.0,101.0,1,0,20260111,GSW,ATL,Stephen Curry,2026,GSW,Missed,25.119912420229493,Stephen Curry
Shot Chart Detail,22500556,227,201939,Stephen Curry,1610612744,Golden State Warriors,2,7,57,Made Shot,Reverse Layup Shot,2PT Field Goal,Restricted Area,Center(C),Less Than 8 ft.,1.0,-10.0,12.0,1,1,20260111,GSW,ATL,Stephen Curry,2026,GSW,Made,1.5620499351813308,Stephen Curry
Shot Chart Detail,22500556,330,201939,Stephen Curry,1610612744,Golden State Warriors,2,2,21,Missed Shot,Pullup Jump shot,3PT Field Goal,Above the Break 3,Left Side Center(LC),24+ ft.,27.0,-162.0,218.0,1,0,20260111,GSW,ATL,Stephen Curry,2026,GSW,Missed,27.16026509443529,Stephen Curry
Shot Chart Detail,22500556,403,201939,Stephen Curry,1610612744,Golden State Warriors,3,9,31,Made Shot,Driving Floating Jump Shot,2PT Field Goal,In The Paint (Non-RA),Center(C),8-16 ft.,11.0,-58.0,101.0,1,1,20260111,GSW,ATL,Stephen Curry,2026,GSW,Made,11.646887996370532,Stephen Curry
Shot Chart Detail,22500556,424,201939,Stephen Curry,1610612744,Golden State Warriors,3,7,19,Made Shot,Running Jump Shot,3PT Field Goal,Above the Break 3,Left Side Center(LC),24+ ft.,25.0,-225.0,116.0,1,1,20260111,GSW,ATL,Stephen Curry,2026,GSW,Made,25.31422524984717,Stephen Curry
Shot Chart Detail,22500556,443,201939,Stephen Curry,1610612744,Golden State Warriors,3,6,19,Made Shot,Driving Reverse Layup Shot,2PT Field Goal,Restricted Area,Center(C),Less Than 8 ft.,2.0,13.0,26.0,1,1,20260111,GSW,ATL,Stephen Curry,2026,GSW,Made,2.906888370749727,Stephen Curry
Shot Chart Detail,22500556,445,201939,Stephen Curry,1610612744,Golden State Warriors,3,5,58,Missed Shot,Jump Shot,3PT Field Goal,Above the Break 3,Right Side Center(RC),24+ ft.,27.0,137.0,237.0,1,0,20260111,GSW,ATL,Stephen Curry,2026,GSW,Missed,27.37480593538519,Stephen Curry
Shot Chart Detail,22500556,467,201939,Stephen Curry,1610612744,Golden State Warriors,3,4,47,Missed Shot,Pullup Jump shot,3PT Field Goal,Above the Break 3,Left Side Center(LC),24+ ft.,29.0,-98.0,276.0,1,0,20260111,GSW,ATL,Stephen Curry,2026,GSW,Missed,29.288222889072664,Stephen Curry
Shot Chart Detail,22500556,473,201939,Stephen Curry,1610612744,Golden State Warriors,3,4,14,Missed Shot,Driving Finger Roll Layup Shot,2PT Field Goal,In The Paint (Non-RA),Center(C),Less Than 8 ft.,5.0,38.0,35.0,1,0,20260111,GSW,ATL,Stephen Curry,2026,GSW,Missed,5.166236541235795,Stephen Curry
Shot Chart Detail,22500556,479,201939,Stephen Curry,1610612744,Golden State Warriors,3,3,41,Made Shot,Cutting Layup Shot,2PT Field Goal,Restricted Area,Center(C),Less Than 8 ft.,2.0,25.0,15.0,1,1,20260111,GSW,ATL,Stephen Curry,2026,GSW,Made,2.9154759474226504,Stephen Curry
Shot Chart Detail,22500556,554,201939,Stephen Curry,1610612744,Golden State Warriors,4,10,44,Made Shot,Driving Floating Bank Jump Shot,2PT Field Goal,In The Paint (Non-RA),Center(C),Less Than 8 ft.,6.0,50.0,46.0,1,1,20260111,GSW,ATL,Stephen Curry,2026,GSW,Made,6.794115100585212,Stephen Curry
Shot Chart Detail,22500556,562,201939,Stephen Curry,1610612744,Golden State Warriors,4,10,27,Missed Shot,Running Pull-Up Jump Shot,3PT Field Goal,Above the Break 3,Center(C),24+ ft.,32.0,7.0,321.0,1,0,20260111,GSW,ATL,Stephen Curry,2026,GSW,Missed,32.10763149159402,Stephen Curry
Shot Chart Detail,22500556,635,201939,Stephen Curry,1610612744,Golden State Warriors,4,6,29,Missed Shot,Pullup Jump shot,3PT Field Goal,Above the Break 3,Right Side Center(RC),24+ ft.,31.0,163.0,264.0,1,0,20260111,GSW,ATL,Stephen Curry,2026,GSW,Missed,31.026601489689455,Stephen Curry
Shot Chart Detail,22500556,641,201939,Stephen Curry,1610612744,Golden State Warriors,4,6,1,Made Shot,Pullup Jump shot,3PT Field Goal,Above the Break 3,Left Side Center(LC),24+ ft.,28.0,-98.0,268.0,1,1,20260111,GSW,ATL,Stephen Curry,2026,GSW,Made,28.53559181092973,Stephen Curry
Shot Chart Detail,22500556,645,201939,Stephen Curry,1610612744,Golden State Warriors,4,5,36,Made Shot,Running Layup Shot,2PT Field Goal,Restricted Area,Center(C),Less Than 8 ft.,3.0,16.0,27.0,1,1,20260111,GSW,ATL,Stephen Curry,2026,GSW,Made,3.138470965295043,Stephen Curry
Shot Chart Detail,22500570,81,201939,Stephen Curry,1610612744,Golden State Warriors,1,5,19,Missed Shot,Step Back Jump shot,3PT Field Goal,Above the Break 3,Left Side Center(LC),24+ ft.,25.0,-221.0,126.0,1,0,20260113,GSW,POR,Stephen Curry,2026,GSW,Missed,25.43953615929347,Stephen Curry
Shot Chart Detail,22500570,105,201939,Stephen Curry,1610612744,Golden State Warriors,1,3,54,Made Shot,Jump Shot,3PT Field Goal,Left Corner 3,Left Side(L),24+ ft.,23.0,-233.0,-8.0,1,1,20260113,GSW,POR,Stephen Curry,2026,GSW,Made,23.313729860320507,Stephen Curry
Shot Chart Detail,22500570,226,201939,Stephen Curry,1610612744,Golden State Warriors,2,9,52,Missed Shot,Step Back Jump shot,3PT Field Goal,Above the Break 3,Left Side Center(LC),24+ ft.,25.0,-152.0,199.0,1,0,20260113,GSW,POR,Stephen Curry,2026,GSW,Missed,25.04096643502403,Stephen Curry
Shot Chart Detail,22500570,231,201939,Stephen Curry,1610612744,Golden State Warriors,2,9,15,Missed Shot,Jump Shot,3PT Field Goal,Above the Break 3,Right Side Center(RC),24+ ft.,26.0,115.0,239.0,1,0,20260113,GSW,POR,Stephen Curry,2026,GSW,Missed,26.522820362849803,Stephen Curry
Shot Chart Detail,22500570,246,201939,Stephen Curry,1610612744,Golden State Warriors,2,8,13,Missed Shot,Pullup Jump shot,3PT Field Goal,Above the Break 3,Center(C),24+ ft.,25.0,-31.0,249.0,1,0,20260113,GSW,POR,Stephen Curry,2026,GSW,Missed,25.09222987301049,Stephen Curry
Shot Chart Detail,22500570,368,201939,Stephen Curry,1610612744,Golden State Warriors,2,0,57,Missed Shot,Jump Shot,3PT Field Goal,Above the Break 3,Right Side Center(RC),24+ ft.,25.0,157.0,207.0,1,0,20260113,GSW,POR,Stephen Curry,2026,GSW,Missed,25.980377210502546,Stephen Curry
Shot Chart Detail,22500570,376,201939,Stephen Curry,1610612744,Golden State Warriors,2,0,7,Missed Shot,Jump Shot,2PT Field Goal,Mid-Range,Left Side(L),16-24 ft.,21.0,-210.0,-11.0,1,0,20260113,GSW,POR,Stephen Curry,2026,GSW,Missed,21.028789789238942,Stephen Curry
Shot Chart Detail,22500570,445,201939,Stephen Curry,1610612744,Golden State Warriors,3,7,31,Missed Shot,Pullup Jump shot,3PT Field Goal,Above the Break 3,Center(C),24+ ft.,25.0,-66.0,250.0,1,0,20260113,GSW,POR,Stephen Curry,2026,GSW,Missed,25.85652722234755,Stephen Curry
Shot Chart Detail,22500570,462,201939,Stephen Curry,1610612744,Golden State Warriors,3,6,17,Made Shot,Pullup Jump shot,3PT Field Goal,Left Corner 3,Left Side(L),24+ ft.,23.0,-235.0,9.0,1,1,20260113,GSW,POR,Stephen Curry,2026,GSW,Made,23.517227727774376,Stephen Curry
Shot Chart Detail,22500584,24,201939,Stephen Curry,1610612744,Golden State Warriors,1,9,42,Missed Shot,Jump Shot,3PT Field Goal,Above the Break 3,Right Side Center(RC),24+ ft.,25.0,167.0,190.0,1,0,20260115,GSW,NYK,Stephen Curry,2026,GSW,Missed,25.296047122030746,Stephen Curry
Shot Chart Detail,22500584,61,201939,Stephen Curry,1610612744,Golden State Warriors,1,6,39,Missed Shot,Jump Shot,3PT Field Goal,Above the Break 3,Right Side Center(RC),24+ ft.,26.0,189.0,179.0,1,0,20260115,GSW,NYK,Stephen Curry,2026,GSW,Missed,26.031135203828512,Stephen Curry
Shot Chart Detail,22500584,89,201939,Stephen Curry,1610612744,Golden State Warriors,1,5,42,Made Shot,Driving Layup Shot,2PT Field Goal,Restricted Area,Center(C),Less Than 8 ft.,1.0,-13.0,-5.0,1,1,20260115,GSW,NYK,Stephen Curry,2026,GSW,Made,1.3928388277184118,Stephen Curry
Shot Chart Detail,22500584,112,201939,Stephen Curry,1610612744,Golden State Warriors,1,3,54,Made Shot,Driving Layup Shot,2PT Field Goal,In The Paint (Non-RA),Center(C),Less Than 8 ft.,4.0,23.0,37.0,1,1,20260115,GSW,NYK,Stephen Curry,2026,GSW,Made,4.356604182158393,Stephen Curry
Shot Chart Detail,22500584,115,201939,Stephen Curry,1610612744,Golden State Warriors,1,3,18,Missed Shot,Jump Shot,3PT Field Goal,Above the Break 3,Center(C),24+ ft.,29.0,7.0,291.0,1,0,20260115,GSW,NYK,Stephen Curry,2026,GSW,Missed,29.108418026406035,Stephen Curry
Shot Chart Detail,22500584,198,201939,Stephen Curry,1610612744,Golden State Warriors,2,10,48,Missed Shot,Pullup Jump shot,3PT Field Goal,Above the Break 3,Center(C),24+ ft.,28.0,5.0,281.0,1,0,20260115,GSW,NYK,Stephen Curry,2026,GSW,Missed,28.104448046528155,Stephen Curry
Shot Chart Detail,22500584,240,201939,Stephen Curry,1610612744,Golden State Warriors,2,7,28,Made Shot,Pullup Jump shot,2PT Field Goal,Mid-Range,Center(C),16-24 ft.,18.0,38.0,186.0,1,1,20260115,GSW,NYK,Stephen Curry,2026,GSW,Made,18.984203960134856,Stephen Curry
Shot Chart Detail,22500584,363,201939,Stephen Curry,1610612744,Golden State Warriors,3,9,46,Made Shot,Running Pull-Up Jump Shot,3PT Field Goal,Above the Break 3,Left Side Center(LC),24+ ft.,26.0,-200.0,168.0,1,1,20260115,GSW,NYK,Stephen Curry,2026,GSW,Made,26.119724347703215,Stephen Curry
Shot Chart Detail,22500584,370,201939,Stephen Curry,1610612744,Golden State Warriors,3,8,59,Made Shot,Pullup Jump shot,3PT Field Goal,Above the Break 3,Center(C),24+ ft.,28.0,-86.0,267.0,1,1,20260115,GSW,NYK,Stephen Curry,2026,GSW,Made,28.050846689538623,Stephen Curry
Shot Chart Detail,22500584,432,201939,Stephen Curry,1610612744,Golden State Warriors,3,4,56,Made Shot,Driving Floating Jump Shot,2PT Field Goal,In The Paint (Non-RA),Center(C),Less Than 8 ft.,4.0,-48.0,10.0,1,1,20260115,GSW,NYK,Stephen Curry,2026,GSW,Made,4.903060268852505,Stephen Curry
Shot Chart Detail,22500584,452,201939,Stephen Curry,1610612744,Golden State Warriors,3,3,10,Made Shot,Cutting Layup Shot,2PT Field Goal,In The Paint (Non-RA),Center(C),Less Than 8 ft.,4.0,-45.0,16.0,1,1,20260115,GSW,NYK,Stephen Curry,2026,GSW,Made,4.775981574503821,Stephen Curry
Shot Chart Detail,22500584,515,201939,Stephen Curry,1610612744,Golden State Warriors,4,11,11,Missed Shot,Pullup Jump shot,3PT Field Goal,Above the Break 3,Left Side Center(LC),24+ ft.,26.0,-120.0,235.0,1,0,20260115,GSW,NYK,Stephen Curry,2026,GSW,Missed,26.386549603917523,Stephen Curry
Shot Chart Detail,22500584,551,201939,Stephen Curry,1610612744,Golden State Warriors,4,9,9,Made Shot,Pullup Jump shot,2PT Field Goal,Mid-Range,Left Side Center(LC),16-24 ft.,18.0,-119.0,145.0,1,1,20260115,GSW,NYK,Stephen Curry,2026,GSW,Made,18.757931655702343,Stephen Curry
Shot Chart Detail,22500584,555,201939,Stephen Curry,1610612744,Golden State Warriors,4,8,49,Missed Shot,Pullup Jump shot,2PT Field Goal,Mid-Range,Center(C),8-16 ft.,15.0,-2.0,156.0,1,0,20260115,GSW,NYK,Stephen Curry,2026,GSW,Missed,15.601281998605113,Stephen Curry
Shot Chart Detail,22500584,563,201939,Stephen Curry,1610612744,Golden State Warriors,4,8,9,Made Shot,Step Back Jump shot,3PT Field Goal,Above the Break 3,Right Side Center(RC),24+ ft.,25.0,203.0,152.0,1,1,20260115,GSW,NYK,Stephen Curry,2026,GSW,Made,25.360007886434104,Stephen Curry
Shot Chart Detail,22500584,580,201939,Stephen Curry,1610612744,Golden State Warriors,4,7,14,Made Shot,Step Back Jump shot,3PT Field Goal,Above the Break 3,Right Side Center(RC),24+ ft.,25.0,178.0,178.0,1,1,20260115,GSW,NYK,Stephen Curry,2026,GSW,Made,25.173001410241092,Stephen Curry
Shot Chart Detail,22500584,634,201939,Stephen Curry,1610612744,Golden State Warriors,4,2,42,Missed Shot,Jump Bank Shot,2PT Field Goal,Mid-Range,Left Side(L),8-16 ft.,15.0,-129.0,84.0,1,0,20260115,GSW,NYK,Stephen Curry,2026,GSW,Missed,15.393829932800998,Stephen Curry
Shot Chart Detail,22500599,7,201939,Stephen Curry,1610612744,Golden State Warriors,1,11,43,Missed Shot,Pullup Jump shot,3PT Field Goal,Above the Break 3,Right Side Center(RC),24+ ft.,28.0,161.0,230.0,1,0,20260117,GSW,CHA,Stephen Curry,2026,GSW,Missed,28.075077916187517,Stephen Curry
Shot Chart Detail,22500599,79,201939,Stephen Curry,1610612744,Golden State Warriors,1,6,15,Made Shot,Driving Finger Roll Layup Shot,2PT Field Goal,Restricted Area,Center(C),Less Than 8 ft.,3.0,-6.0,30.0,1,1,20260117,GSW,CHA,Stephen Curry,2026,GSW,Made,3.059411708155671,Stephen Curry
Shot Chart Detail,22500599,91,201939,Stephen Curry,1610612744,Golden State Warriors,1,5,4,Made Shot,Cutting Layup Shot,2PT Field Goal,Restricted Area,Center(C),Less Than 8 ft.,1.0,-10.0,13.0,1,1,20260117,GSW,CHA,Stephen Curry,2026,GSW,Made,1.6401219466856727,Stephen Curry
Shot Chart Detail,22500599,189,201939,Stephen Curry,1610612744,Golden State Warriors,2,11,5,Made Shot,Putback Layup Shot,2PT Field Goal,Restricted Area,Center(C),Less Than 8 ft.,0.0,0.0,0.0,1,1,20260117,GSW,CHA,Stephen Curry,2026,GSW,Made,0.0,Stephen Curry
Shot Chart Detail,22500599,313,201939,Stephen Curry,1610612744,Golden State Warriors,2,2,44,Made Shot,Cutting Layup Shot,2PT Field Goal,Restricted Area,Center(C),Less Than 8 ft.,2.0,16.0,25.0,1,1,20260117,GSW,CHA,Stephen Curry,2026,GSW,Made,2.9681644159311658,Stephen Curry
Shot Chart Detail,22500599,330,201939,Stephen Curry,1610612744,Golden State Warriors,2,1,22,Missed Shot,Running Jump Shot,3PT Field Goal,Above the Break 3,Right Side Center(RC),24+ ft.,28.0,176.0,230.0,1,0,20260117,GSW,CHA,Stephen Curry,2026,GSW,Missed,28.961353559528256,Stephen Curry
Shot Chart Detail,22500599,370,201939,Stephen Curry,1610612744,Golden State Warriors,3,10,32,Made Shot,Jump Shot,3PT Field Goal,Above the Break 3,Center(C),24+ ft.,26.0,2.0,268.0,1,1,20260117,GSW,CHA,Stephen Curry,2026,GSW,Made,26.800746258266763,Stephen Curry
Shot Chart Detail,22500599,398,201939,Stephen Curry,1610612744,Golden State Warriors,3,8,16,Missed Shot,Step Back Jump shot,3PT Field Goal,Above the Break 3,Center(C),24+ ft.,29.0,21.0,294.0,1,0,20260117,GSW,CHA,Stephen Curry,2026,GSW,Missed,29.474904579998217,Stephen Curry
Shot Chart Detail,22500599,411,201939,Stephen Curry,1610612744,Golden State Warriors,3,7,36,Missed Shot,Running Pull-Up Jump Shot,3PT Field Goal,Above the Break 3,Right Side Center(RC),24+ ft.,30.0,98.0,294.0,1,0,20260117,GSW,CHA,Stephen Curry,2026,GSW,Missed,30.990321069650115,Stephen Curry
Shot Chart Detail,22500599,467,201939,Stephen Curry,1610612744,Golden State Warriors,3,4,8,Made Shot,Pullup Jump shot,3PT Field Goal,Above the Break 3,Left Side Center(LC),24+ ft.,27.0,-194.0,194.0,1,1,20260117,GSW,CHA,Stephen Curry,2026,GSW,Made,27.435743110038043,Stephen Curry
Shot Chart Detail,22500599,579,201939,Stephen Curry,1610612744,Golden State Warriors,4,10,52,Missed Shot,Step Back Jump shot,3PT Field Goal,Above the Break 3,Center(C),24+ ft.,28.0,-21.0,289.0,1,0,20260117,GSW,CHA,Stephen Curry,2026,GSW,Missed,28.976197127987653,Stephen Curry
Shot Chart Detail,22500599,624,201939,Stephen Curry,1610612744,Golden State Warriors,4,7,33,Missed Shot,Running Pull-Up Jump Shot,3PT Field Goal,Above the Break 3,Right Side Center(RC),24+ ft.,27.0,99.0,254.0,1,0,20260117,GSW,CHA,Stephen Curry,2026,GSW,Missed,27.261144510089814,Stephen Curry
Shot Chart Detail,22500612,35,201939,Stephen Curry,1610612744,Golden State Warriors,1,10,17,Missed Shot,Pullup Jump shot,3PT Field Goal,Above the Break 3,Right Side Center(RC),24+ ft.,29.0,125.0,264.0,1,0,20260119,GSW,MIA,Stephen Curry,2026,GSW,Missed,29.209758643302756,Stephen Curry
Shot Chart Detail,22500612,62,201939,Stephen Curry,1610612744,Golden State Warriors,1,7,53,Missed Shot,Step Back Jump shot,3PT Field Goal,Above the Break 3,Right Side Center(RC),24+ ft.,25.0,114.0,232.0,1,0,20260119,GSW,MIA,Stephen Curry,2026,GSW,Missed,25.849564793241683,Stephen Curry
Shot Chart Detail,22500612,95,201939,Stephen Curry,1610612744,Golden State Warriors,1,6,31,Made Shot,Step Back Jump shot,3PT Field Goal,Right Corner 3,Right Side(R),24+ ft.,23.0,227.0,63.0,1,1,20260119,GSW,MIA,Stephen Curry,2026,GSW,Made,23.558013498595336,Stephen Curry
Shot Chart Detail,22500612,256,201939,Stephen Curry,1610612744,Golden State Warriors,2,8,33,Missed Shot,Jump Shot,3PT Field Goal,Above the Break 3,Right Side Center(RC),24+ ft.,26.0,129.0,230.0,1,0,20260119,GSW,MIA,Stephen Curry,2026,GSW,Missed,26.370627599660953,Stephen Curry
Shot Chart Detail,22500612,344,201939,Stephen Curry,1610612744,Golden State Warriors,2,3,43,Missed Shot,Driving Floating Bank Jump Shot,2PT Field Goal,Mid-Range,Left Side(L),8-16 ft.,15.0,-129.0,79.0,1,0,20260119,GSW,MIA,Stephen Curry,2026,GSW,Missed,15.126797413861269,Stephen Curry
Shot Chart Detail,22500612,350,201939,Stephen Curry,1610612744,Golden State Warriors,2,3,14,Made Shot,Jump Shot,3PT Field Goal,Above the Break 3,Right Side Center(RC),24+ ft.,27.0,168.0,216.0,1,1,20260119,GSW,MIA,Stephen Curry,2026,GSW,Made,27.364210202379315,Stephen Curry
Shot Chart Detail,22500612,354,201939,Stephen Curry,1610612744,Golden State Warriors,2,2,50,Made Shot,Pullup Jump shot,3PT Field Goal,Above the Break 3,Right Side Center(RC),24+ ft.,27.0,156.0,227.0,1,1,20260119,GSW,MIA,Stephen Curry,2026,GSW,Made,27.54360179787676,Stephen Curry
Shot Chart Detail,22500612,439,201939,Stephen Curry,1610612744,Golden State Warriors,3,10,23,Made Shot,Driving Layup Shot,2PT Field Goal,Restricted Area,Center(C),Less Than 8 ft.,3.0,-25.0,23.0,1,1,20260119,GSW,MIA,Stephen Curry,2026,GSW,Made,3.397057550292606,Stephen Curry
Shot Chart Detail,22500612,465,201939,Stephen Curry,1610612744,Golden State Warriors,3,8,9,Missed Shot,Driving Layup Shot,2PT Field Goal,In The Paint (Non-RA),Center(C),Less Than 8 ft.,4.0,-34.0,22.0,1,0,20260119,GSW,MIA,Stephen Curry,2026,GSW,Missed,4.049691346263318,Stephen Curry
Shot Chart Detail,22500612,479,201939,Stephen Curry,1610612744,Golden State Warriors,3,7,35,Missed Shot,Jump Shot,3PT Field Goal,Above the Break 3,Center(C),24+ ft.,32.0,16.0,327.0,1,0,20260119,GSW,MIA,Stephen Curry,2026,GSW,Missed,32.73912033027155,Stephen Curry
Shot Chart Detail,22500612,502,201939,Stephen Curry,1610612744,Golden State Warriors,3,6,10,Made Shot,Step Back Jump shot,3PT Field Goal,Above the Break 3,Left Side Center(LC),24+ ft.,25.0,-203.0,146.0,1,1,20260119,GSW,MIA,Stephen Curry,2026,GSW,Made,25.004999500099977,Stephen Curry
Shot Chart Detail,22500612,616,201939,Stephen Curry,1610612744,Golden State Warriors,4,10,41,Made Shot,Step Back Jump shot,3PT Field Goal,Above the Break 3,Center(C),24+ ft.,27.0,-2.0,272.0,1,1,20260119,GSW,MIA,Stephen Curry,2026,GSW,Made,27.20073528417936,Stephen Curry
Shot Chart Detail,22500612,620,201939,Stephen Curry,1610612744,Golden State Warriors,4,10,12,Missed Shot,Step Back Jump shot,3PT Field Goal,Above the Break 3,Center(C),24+ ft.,25.0,9.0,256.0,1,0,20260119,GSW,MIA,Stephen Curry,2026,GSW,Missed,25.615815427192633,Stephen Curry
Shot Chart Detail,22500618,23,201939,Stephen Curry,1610612744,Golden State Warriors,1,10,12,Made Shot,Pullup Jump shot,2PT Field Goal,Mid-Range,Center(C),16-24 ft.,17.0,40.0,174.0,1,1,20260120,GSW,TOR,Stephen Curry,2026,GSW,Made,17.85385112517745,Stephen Curry
Shot Chart Detail,22500618,38,201939,Stephen Curry,1610612744,Golden State Warriors,1,8,54,Made Shot,Fadeaway Jump Shot,2PT Field Goal,Mid-Range,Left Side(L),8-16 ft.,12.0,-126.0,-20.0,1,1,20260120,GSW,TOR,Stephen Curry,2026,GSW,Made,12.75774274705365,Stephen Curry
Shot Chart Detail,22500618,68,201939,Stephen Curry,1610612744,Golden State Warriors,1,6,50,Missed Shot,Jump Shot,3PT Field Goal,Above the Break 3,Right Side Center(RC),24+ ft.,28.0,151.0,247.0,1,0,20260120,GSW,TOR,Stephen Curry,2026,GSW,Missed,28.94995682207488,Stephen Curry
Shot Chart Detail,22500618,75,201939,Stephen Curry,1610612744,Golden State Warriors,1,6,2,Missed Shot,Driving Layup Shot,2PT Field Goal,Restricted Area,Center(C),Less Than 8 ft.,3.0,10.0,32.0,1,0,20260120,GSW,TOR,Stephen Curry,2026,GSW,Missed,3.3526109228480423,Stephen Curry
Shot Chart Detail,22500618,203,201939,Stephen Curry,1610612744,Golden State Warriors,2,10,43,Missed Shot,Jump Shot,3PT Field Goal,Above the Break 3,Right Side Center(RC),24+ ft.,25.0,104.0,235.0,1,0,20260120,GSW,TOR,Stephen Curry,2026,GSW,Missed,25.69844353263442,Stephen Curry
Shot Chart Detail,22500618,219,201939,Stephen Curry,1610612744,Golden State Warriors,2,9,40,Missed Shot,Step Back Jump shot,3PT Field Goal,Above the Break 3,Left Side Center(LC),24+ ft.,25.0,-181.0,185.0,1,0,20260120,GSW,TOR,Stephen Curry,2026,GSW,Missed,25.881653733871026,Stephen Curry
Shot Chart Detail,22500618,225,201939,Stephen Curry,1610612744,Golden State Warriors,2,9,6,Missed Shot,Reverse Layup Shot,2PT Field Goal,Restricted Area,Center(C),Less Than 8 ft.,1.0,-11.0,0.0,1,0,20260120,GSW,TOR,Stephen Curry,2026,GSW,Missed,1.1,Stephen Curry
Shot Chart Detail,22500618,235,201939,Stephen Curry,1610612744,Golden State Warriors,2,8,22,Missed Shot,Jump Shot,3PT Field Goal,Above the Break 3,Right Side Center(RC),24+ ft.,25.0,229.0,109.0,1,0,20260120,GSW,TOR,Stephen Curry,2026,GSW,Missed,25.361782271756848,Stephen Curry
Shot Chart Detail,22500618,239,201939,Stephen Curry,1610612744,Golden State Warriors,2,7,54,Made Shot,Pullup Jump shot,2PT Field Goal,Mid-Range,Right Side Center(RC),16-24 ft.,19.0,61.0,187.0,1,1,20260120,GSW,TOR,Stephen Curry,2026,GSW,Made,19.669773765857094,Stephen Curry
Shot Chart Detail,22500618,323,201939,Stephen Curry,1610612744,Golden State Warriors,2,2,44,Missed Shot,Cutting Layup Shot,2PT Field Goal,Restricted Area,Center(C),Less Than 8 ft.,1.0,-7.0,8.0,1,0,20260120,GSW,TOR,Stephen Curry,2026,GSW,Missed,1.063014581273465,Stephen Curry
Shot Chart Detail,22500618,347,201939,Stephen Curry,1610612744,Golden State Warriors,2,1,34,Made Shot,Cutting Layup Shot,2PT Field Goal,In The Paint (Non-RA),Center(C),Less Than 8 ft.,5.0,28.0,43.0,1,1,20260120,GSW,TOR,Stephen Curry,2026,GSW,Made,5.1312766442669995,Stephen Curry
Shot Chart Detail,22500618,362,201939,Stephen Curry,1610612744,Golden State Warriors,2,0,30,Missed Shot,Running Pull-Up Jump Shot,3PT Field Goal,Above the Break 3,Center(C),24+ ft.,26.0,-48.0,256.0,1,0,20260120,GSW,TOR,Stephen Curry,2026,GSW,Missed,26.04611295375953,Stephen Curry
Shot Chart Detail,22500618,364,201939,Stephen Curry,1610612744,Golden State Warriors,2,0,25,Made Shot,Jump Shot,3PT Field Goal,Above the Break 3,Right Side Center(RC),24+ ft.,28.0,163.0,232.0,1,1,20260120,GSW,TOR,Stephen Curry,2026,GSW,Made,28.353659375819554,Stephen Curry
Shot Chart Detail,22500618,392,201939,Stephen Curry,1610612744,Golden State Warriors,3,10,46,Made Shot,Pullup Jump shot,3PT Field Goal,Above the Break 3,Center(C),24+ ft.,26.0,44.0,264.0,1,1,20260120,GSW,TOR,Stephen Curry,2026,GSW,Made,26.764155133312165,Stephen Curry
Shot Chart Detail,22500618,399,201939,Stephen Curry,1610612744,Golden State Warriors,3,10,23,Missed Shot,Step Back Jump shot,2PT Field Goal,Mid-Range,Left Side Center(LC),16-24 ft.,20.0,-135.0,155.0,1,0,20260120,GSW,TOR,Stephen Curry,2026,GSW,Missed,20.554804791094465,Stephen Curry
Shot Chart Detail,22500618,480,201939,Stephen Curry,1610612744,Golden State Warriors,3,4,29,Missed Shot,Pullup Jump shot,2PT Field Goal,Mid-Range,Left Side(L),16-24 ft.,21.0,-217.0,10.0,1,0,20260120,GSW,TOR,Stephen Curry,2026,GSW,Missed,21.723029254687294,Stephen Curry
Shot Chart Detail,22500630,20,201939,Stephen Curry,1610612744,Golden State Warriors,1,10,47,Missed Shot,Pullup Jump shot,2PT Field Goal,Mid-Range,Right Side(R),8-16 ft.,12.0,97.0,86.0,1,0,20260122,DAL,GSW,Stephen Curry,2026,DAL,Missed,12.9634100452003,Stephen Curry
Shot Chart Detail,22500630,38,201939,Stephen Curry,1610612744,Golden State Warriors,1,8,34,Made Shot,Jump Shot,3PT Field Goal,Above the Break 3,Right Side Center(RC),24+ ft.,25.0,91.0,241.0,1,1,20260122,DAL,GSW,Stephen Curry,2026,DAL,Made,25.76082296822056,Stephen Curry
Shot Chart Detail,22500630,57,201939,Stephen Curry,1610612744,Golden State Warriors,1,7,36,Made Shot,Pullup Jump shot,3PT Field Goal,Above the Break 3,Center(C),24+ ft.,26.0,4.0,263.0,1,1,20260122,DAL,GSW,Stephen Curry,2026,DAL,Made,26.30304164920856,Stephen Curry
Shot Chart Detail,22500630,65,201939,Stephen Curry,1610612744,Golden State Warriors,1,6,56,Made Shot,Pullup Jump shot,3PT Field Goal,Above the Break 3,Center(C),24+ ft.,27.0,21.0,279.0,1,1,20260122,DAL,GSW,Stephen Curry,2026,DAL,Made,27.978920636793692,Stephen Curry
Shot Chart Detail,22500630,68,201939,Stephen Curry,1610612744,Golden State Warriors,1,6,30,Missed Shot,Driving Hook Shot,2PT Field Goal,In The Paint (Non-RA),Right Side(R),8-16 ft.,9.0,77.0,51.0,1,0,20260122,DAL,GSW,Stephen Curry,2026,DAL,Missed,9.235799911215054,Stephen Curry
Shot Chart Detail,22500630,85,201939,Stephen Curry,1610612744,Golden State Warriors,1,5,44,Missed Shot,Running Jump Shot,3PT Field Goal,Above the Break 3,Right Side Center(RC),24+ ft.,25.0,186.0,175.0,1,0,20260122,DAL,GSW,Stephen Curry,2026,DAL,Missed,25.538402455909413,Stephen Curry
Shot Chart Detail,22500630,95,201939,Stephen Curry,1610612744,Golden State Warriors,1,5,11,Missed Shot,Driving Finger Roll Layup Shot,2PT Field Goal,In The Paint (Non-RA),Center(C),Less Than 8 ft.,5.0,-38.0,42.0,1,0,20260122,DAL,GSW,Stephen Curry,2026,DAL,Missed,5.663920903402518,Stephen Curry
Shot Chart Detail,22500630,222,201939,Stephen Curry,1610612744,Golden State Warriors,2,10,16,Missed Shot,Jump Shot,3PT Field Goal,Above the Break 3,Left Side Center(LC),24+ ft.,24.0,-134.0,211.0,1,0,20260122,DAL,GSW,Stephen Curry,2026,DAL,Missed,24.995399576722114,Stephen Curry
Shot Chart Detail,22500630,257,201939,Stephen Curry,1610612744,Golden State Warriors,2,7,59,Made Shot,Driving Layup Shot,2PT Field Goal,Restricted Area,Center(C),Less Than 8 ft.,3.0,-31.0,17.0,1,1,20260122,DAL,GSW,Stephen Curry,2026,DAL,Made,3.5355339059327378,Stephen Curry
Shot Chart Detail,22500630,359,201939,Stephen Curry,1610612744,Golden State Warriors,2,2,20,Missed Shot,Jump Shot,3PT Field Goal,Above the Break 3,Right Side Center(RC),24+ ft.,24.0,225.0,106.0,1,0,20260122,DAL,GSW,Stephen Curry,2026,DAL,Missed,24.871871662583015,Stephen Curry
Shot Chart Detail,22500630,420,201939,Stephen Curry,1610612744,Golden State Warriors,3,10,9,Made Shot,Pullup Jump shot,2PT Field Goal,Mid-Range,Right Side Center(RC),16-24 ft.,19.0,116.0,153.0,1,1,20260122,DAL,GSW,Stephen Curry,2026,DAL,Made,19.200260414900626,Stephen Curry
Shot Chart Detail,22500630,450,201939,Stephen Curry,1610612744,Golden State Warriors,3,7,47,Made Shot,Cutting Layup Shot,2PT Field Goal,Restricted Area,Center(C),Less Than 8 ft.,1.0,17.0,3.0,1,1,20260122,DAL,GSW,Stephen Curry,2026,DAL,Made,1.7262676501632068,Stephen Curry
Shot Chart Detail,22500630,488,201939,Stephen Curry,1610612744,Golden State Warriors,3,5,27,Missed Shot,Driving Layup Shot,2PT Field Goal,In The Paint (Non-RA),Center(C),Less Than 8 ft.,6.0,64.0,15.0,1,0,20260122,DAL,GSW,Stephen Curry,2026,DAL,Missed,6.573431371817918,Stephen Curry
Shot Chart Detail,22500630,491,201939,Stephen Curry,1610612744,Golden State Warriors,3,5,5,Made Shot,Step Back Jump shot,3PT Field Goal,Above the Break 3,Center(C),24+ ft.,24.0,1.0,246.0,1,1,20260122,DAL,GSW,Stephen Curry,2026,DAL,Made,24.600203251192866,Stephen Curry
Shot Chart Detail,22500630,497,201939,Stephen Curry,1610612744,Golden State Warriors,3,4,36,Missed Shot,Pullup Jump shot,3PT Field Goal,Above the Break 3,Right Side Center(RC),24+ ft.,25.0,123.0,219.0,1,0,20260122,DAL,GSW,Stephen Curry,2026,DAL,Missed,25.117722826721373,Stephen Curry
Shot Chart Detail,22500630,516,201939,Stephen Curry,1610612744,Golden State Warriors,3,3,9,Made Shot,Jump Shot,3PT Field Goal,Above the Break 3,Center(C),24+ ft.,27.0,11.0,276.0,1,1,20260122,DAL,GSW,Stephen Curry,2026,DAL,Made,27.62191159206763,Stephen Curry
Shot Chart Detail,22500630,520,201939,Stephen Curry,1610612744,Golden State Warriors,3,2,42,Made Shot,Pullup Jump shot,3PT Field Goal,Above the Break 3,Right Side Center(RC),24+ ft.,33.0,162.0,293.0,1,1,20260122,DAL,GSW,Stephen Curry,2026,DAL,Made,33.48029271078734,Stephen Curry
Shot Chart Detail,22500630,629,201939,Stephen Curry,1610612744,Golden State Warriors,4,7,40,Made Shot,Pullup Jump shot,2PT Field Goal,Mid-Range,Center(C),16-24 ft.,20.0,56.0,195.0,1,1,20260122,DAL,GSW,Stephen Curry,2026,DAL,Made,20.288173895153797,Stephen Curry
Shot Chart Detail,22500630,632,201939,Stephen Curry,1610612744,Golden State Warriors,4,7,9,Made Shot,Pullup Jump shot,3PT Field Goal,Above the Break 3,Center(C),24+ ft.,29.0,67.0,288.0,1,1,20260122,DAL,GSW,Stephen Curry,2026,DAL,Made,29.56907167971291,Stephen Curry
Shot Chart Detail,22500630,653,201939,Stephen Curry,1610612744,Golden State Warriors,4,6,18,Missed Shot,Jump Shot,3PT Field Goal,Above the Break 3,Right Side Center(RC),24+ ft.,24.0,163.0,185.0,1,0,20260122,DAL,GSW,Stephen Curry,2026,DAL,Missed,24.656439321199645,Stephen Curry
Shot Chart Detail,22500630,675,201939,Stephen Curry,1610612744,Golden State Warriors,4,5,36,Missed Shot,Jump Shot,3PT Field Goal,Left Corner 3,Left Side(L),24+ ft.,22.0,-225.0,4.0,1,0,20260122,DAL,GSW,Stephen Curry,2026,DAL,Missed,22.503555274667157,Stephen Curry
Shot Chart Detail,22500630,690,201939,Stephen Curry,1610612744,Golden State Warriors,4,4,35,Missed Shot,Driving Layup Shot,2PT Field Goal,Restricted Area,Center(C),Less Than 8 ft.,3.0,15.0,36.0,1,0,20260122,DAL,GSW,Stephen Curry,2026,DAL,Missed,3.9,Stephen Curry
Shot Chart Detail,22500630,694,201939,Stephen Curry,1610612744,Golden State Warriors,4,4,29,Made Shot,Step Back Jump shot,3PT Field Goal,Above the Break 3,Right Side Center(RC),24+ ft.,25.0,184.0,172.0,1,1,20260122,DAL,GSW,Stephen Curry,2026,DAL,Made,25.187298386289864,Stephen Curry
Shot Chart Detail,22500630,711,201939,Stephen Curry,1610612744,Golden State Warriors,4,3,42,Made Shot,Driving Layup Shot,2PT Field Goal,Restricted Area,Center(C),Less Than 8 ft.,3.0,9.0,35.0,1,1,20260122,DAL,GSW,Stephen Curry,2026,DAL,Made,3.6138621999185303,Stephen Curry
Shot Chart Detail,22500630,718,201939,Stephen Curry,1610612744,Golden State Warriors,4,3,19,Made Shot,Driving Finger Roll Layup Shot,2PT Field Goal,Restricted Area,Center(C),Less Than 8 ft.,1.0,15.0,9.0,1,1,20260122,DAL,GSW,Stephen Curry,2026,DAL,Made,1.74928556845359,Stephen Curry
Shot Chart Detail,22500630,721,201939,Stephen Curry,1610612744,Golden State Warriors,4,2,59,Missed Shot,Pullup Jump shot,3PT Field Goal,Above the Break 3,Center(C),24+ ft.,28.0,75.0,277.0,1,0,20260122,DAL,GSW,Stephen Curry,2026,DAL,Missed,28.697386640598477,Stephen Curry
Shot Chart Detail,22500630,740,201939,Stephen Curry,1610612744,Golden State Warriors,4,1,25,Missed Shot,Fadeaway Jump Shot,2PT Field Goal,Mid-Range,Center(C),16-24 ft.,23.0,-71.0,222.0,1,0,20260122,DAL,GSW,Stephen Curry,2026,DAL,Missed,23.30772404161333,Stephen Curry
Shot Chart Detail,22500644,50,201939,Stephen Curry,1610612744,Golden State Warriors,1,7,50,Missed Shot,Step Back Jump shot,2PT Field Goal,Mid-Range,Right Side Center(RC),16-24 ft.,21.0,135.0,163.0,1,0,20260125,MIN,GSW,Stephen Curry,2026,MIN,Missed,21.164593074283285,Stephen Curry
Shot Chart Detail,22500644,61,201939,Stephen Curry,1610612744,Golden State Warriors,1,7,8,Missed Shot,Driving Floating Jump Shot,2PT Field Goal,Mid-Range,Right Side(R),8-16 ft.,12.0,89.0,88.0,1,0,20260125,MIN,GSW,Stephen Curry,2026,MIN,Missed,12.515989773086265,Stephen Curry
Shot Chart Detail,22500644,82,201939,Stephen Curry,1610612744,Golden State Warriors,1,5,41,Missed Shot,Pullup Jump shot,3PT Field Goal,Above the Break 3,Right Side Center(RC),24+ ft.,27.0,156.0,222.0,1,0,20260125,MIN,GSW,Stephen Curry,2026,MIN,Missed,27.13300573102803,Stephen Curry
Shot Chart Detail,22500644,92,201939,Stephen Curry,1610612744,Golden State Warriors,1,4,29,Made Shot,Driving Finger Roll Layup Shot,2PT Field Goal,Restricted Area,Center(C),Less Than 8 ft.,1.0,2.0,16.0,1,1,20260125,MIN,GSW,Stephen Curry,2026,MIN,Made,1.6124515496597098,Stephen Curry
Shot Chart Detail,22500644,102,201939,Stephen Curry,1610612744,Golden State Warriors,1,4,5,Missed Shot,Driving Layup Shot,2PT Field Goal,Restricted Area,Center(C),Less Than 8 ft.,3.0,-2.0,31.0,1,0,20260125,MIN,GSW,Stephen Curry,2026,MIN,Missed,3.1064449134018135,Stephen Curry
Shot Chart Detail,22500644,111,201939,Stephen Curry,1610612744,Golden State Warriors,1,3,32,Missed Shot,Running Jump Shot,3PT Field Goal,Above the Break 3,Right Side Center(RC),24+ ft.,28.0,107.0,260.0,1,0,20260125,MIN,GSW,Stephen Curry,2026,MIN,Missed,28.11565400270817,Stephen Curry
Shot Chart Detail,22500644,182,201939,Stephen Curry,1610612744,Golden State Warriors,2,11,45,Made Shot,Jump Shot,3PT Field Goal,Above the Break 3,Center(C),24+ ft.,25.0,69.0,243.0,1,1,20260125,MIN,GSW,Stephen Curry,2026,MIN,Made,25.26064132202506,Stephen Curry
Shot Chart Detail,22500644,205,201939,Stephen Curry,1610612744,Golden State Warriors,2,10,14,Missed Shot,Jump Shot,3PT Field Goal,Above the Break 3,Center(C),24+ ft.,25.0,-47.0,246.0,1,0,20260125,MIN,GSW,Stephen Curry,2026,MIN,Missed,25.04495957273639,Stephen Curry
Shot Chart Detail,22500644,229,201939,Stephen Curry,1610612744,Golden State Warriors,2,8,32,Made Shot,Jump Shot,3PT Field Goal,Above the Break 3,Right Side Center(RC),24+ ft.,25.0,164.0,200.0,1,1,20260125,MIN,GSW,Stephen Curry,2026,MIN,Made,25.86426105652354,Stephen Curry
Shot Chart Detail,22500644,334,201939,Stephen Curry,1610612744,Golden State Warriors,2,1,46,Missed Shot,Jump Shot,3PT Field Goal,Above the Break 3,Left Side Center(LC),24+ ft.,27.0,-200.0,182.0,1,0,20260125,MIN,GSW,Stephen Curry,2026,MIN,Missed,27.041449665282368,Stephen Curry
Shot Chart Detail,22500644,347,201939,Stephen Curry,1610612744,Golden State Warriors,2,0,2,Missed Shot,Pullup Jump shot,3PT Field Goal,Above the Break 3,Center(C),24+ ft.,27.0,4.0,276.0,1,0,20260125,MIN,GSW,Stephen Curry,2026,MIN,Missed,27.602898398537786,Stephen Curry
Shot Chart Detail,22500644,388,201939,Stephen Curry,1610612744,Golden State Warriors,3,9,13,Made Shot,Reverse Layup Shot,2PT Field Goal,Restricted Area,Center(C),Less Than 8 ft.,1.0,6.0,12.0,1,1,20260125,MIN,GSW,Stephen Curry,2026,MIN,Made,1.3416407864998738,Stephen Curry
Shot Chart Detail,22500644,413,201939,Stephen Curry,1610612744,Golden State Warriors,3,6,38,Made Shot,Pullup Jump shot,2PT Field Goal,In The Paint (Non-RA),Center(C),Less Than 8 ft.,6.0,-10.0,68.0,1,1,20260125,MIN,GSW,Stephen Curry,2026,MIN,Made,6.873136110975833,Stephen Curry
Shot Chart Detail,22500644,446,201939,Stephen Curry,1610612744,Golden State Warriors,3,4,45,Missed Shot,Pullup Jump shot,3PT Field Goal,Above the Break 3,Center(C),24+ ft.,26.0,70.0,259.0,1,0,20260125,MIN,GSW,Stephen Curry,2026,MIN,Missed,26.82927505543152,Stephen Curry
Shot Chart Detail,22500644,542,201939,Stephen Curry,1610612744,Golden State Warriors,4,10,43,Missed Shot,Jump Shot,3PT Field Goal,Above the Break 3,Left Side Center(LC),24+ ft.,28.0,-127.0,254.0,1,0,20260125,MIN,GSW,Stephen Curry,2026,MIN,Missed,28.398063314247327,Stephen Curry
Shot Chart Detail,22500644,550,201939,Stephen Curry,1610612744,Golden State Warriors,4,10,15,Made Shot,Pullup Jump shot,3PT Field Goal,Above the Break 3,Center(C),24+ ft.,27.0,-76.0,264.0,1,1,20260125,MIN,GSW,Stephen Curry,2026,MIN,Made,27.472167733908442,Stephen Curry
Shot Chart Detail,22500644,563,201939,Stephen Curry,1610612744,Golden State Warriors,4,9,32,Missed Shot,Pullup Jump shot,2PT Field Goal,In The Paint (Non-RA),Center(C),8-16 ft.,11.0,45.0,107.0,1,0,20260125,MIN,GSW,Stephen Curry,2026,MIN,Missed,11.60775602776006,Stephen Curry
Shot Chart Detail,22500644,576,201939,Stephen Curry,1610612744,Golden State Warriors,4,9,2,Made Shot,Cutting Layup Shot,2PT Field Goal,Restricted Area,Center(C),Less Than 8 ft.,2.0,1.0,26.0,1,1,20260125,MIN,GSW,Stephen Curry,2026,MIN,Made,2.6019223662515376,Stephen Curry
Shot Chart Detail,22500678,23,201939,Stephen Curry,1610612744,Golden State Warriors,1,9,43,Missed Shot,Pullup Jump shot,2PT Field Goal,Mid-Range,Left Side(L),8-16 ft.,14.0,-112.0,86.0,1,0,20260128,UTA,GSW,Stephen Curry,2026,UTA,Missed,14.120906486483083,Stephen Curry
Shot Chart Detail,22500678,27,201939,Stephen Curry,1610612744,Golden State Warriors,1,9,31,Missed Shot,Running Jump Shot,3PT Field Goal,Above the Break 3,Left Side Center(LC),24+ ft.,30.0,-156.0,257.0,1,0,20260128,UTA,GSW,Stephen Curry,2026,UTA,Missed,30.06409819036653,Stephen Curry
Shot Chart Detail,22500678,47,201939,Stephen Curry,1610612744,Golden State Warriors,1,8,8,Made Shot,Step Back Jump shot,3PT Field Goal,Above the Break 3,Right Side Center(RC),24+ ft.,25.0,126.0,220.0,1,1,20260128,UTA,GSW,Stephen Curry,2026,UTA,Made,25.352711886502398,Stephen Curry
Shot Chart Detail,22500678,78,201939,Stephen Curry,1610612744,Golden State Warriors,1,5,32,Made Shot,Step Back Jump shot,3PT Field Goal,Right Corner 3,Right Side(R),24+ ft.,23.0,229.0,46.0,1,1,20260128,UTA,GSW,Stephen Curry,2026,UTA,Made,23.357439928211313,Stephen Curry
Shot Chart Detail,22500678,117,201939,Stephen Curry,1610612744,Golden State Warriors,1,3,42,Missed Shot,Jump Shot,3PT Field Goal,Above the Break 3,Right Side Center(RC),24+ ft.,26.0,87.0,249.0,1,0,20260128,UTA,GSW,Stephen Curry,2026,UTA,Missed,26.37612556839992,Stephen Curry
Shot Chart Detail,22500678,222,201939,Stephen Curry,1610612744,Golden State Warriors,2,9,22,Missed Shot,Step Back Jump shot,3PT Field Goal,Above the Break 3,Left Side Center(LC),24+ ft.,26.0,-150.0,220.0,1,0,20260128,UTA,GSW,Stephen Curry,2026,UTA,Missed,26.627053911388696,Stephen Curry
Shot Chart Detail,22500678,245,201939,Stephen Curry,1610612744,Golden State Warriors,2,7,36,Missed Shot,Jump Shot,3PT Field Goal,Above the Break 3,Right Side Center(RC),24+ ft.,27.0,162.0,216.0,1,0,20260128,UTA,GSW,Stephen Curry,2026,UTA,Missed,27.0,Stephen Curry
Shot Chart Detail,22500678,385,201939,Stephen Curry,1610612744,Golden State Warriors,3,11,41,Missed Shot,Jump Shot,3PT Field Goal,Above the Break 3,Left Side Center(LC),24+ ft.,25.0,-199.0,166.0,1,0,20260128,UTA,GSW,Stephen Curry,2026,UTA,Missed,25.91466766138435,Stephen Curry
Shot Chart Detail,22500678,428,201939,Stephen Curry,1610612744,Golden State Warriors,3,8,9,Made Shot,Driving Finger Roll Layup Shot,2PT Field Goal,Restricted Area,Center(C),Less Than 8 ft.,2.0,-10.0,19.0,1,1,20260128,UTA,GSW,Stephen Curry,2026,UTA,Made,2.1470910553583886,Stephen Curry
Shot Chart Detail,22500678,458,201939,Stephen Curry,1610612744,Golden State Warriors,3,7,4,Made Shot,Reverse Layup Shot,2PT Field Goal,Restricted Area,Center(C),Less Than 8 ft.,2.0,-16.0,13.0,1,1,20260128,UTA,GSW,Stephen Curry,2026,UTA,Made,2.0615528128088303,Stephen Curry
Shot Chart Detail,22500678,466,201939,Stephen Curry,1610612744,Golden State Warriors,3,6,9,Made Shot,Pullup Jump shot,3PT Field Goal,Above the Break 3,Center(C),24+ ft.,28.0,67.0,282.0,1,1,20260128,UTA,GSW,Stephen Curry,2026,UTA,Made,28.984996118681817,Stephen Curry
Shot Chart Detail,22500678,606,201939,Stephen Curry,1610612744,Golden State Warriors,4,9,58,Missed Shot,Step Back Jump shot,3PT Field Goal,Above the Break 3,Left Side Center(LC),24+ ft.,25.0,-183.0,172.0,1,0,20260128,UTA,GSW,Stephen Curry,2026,UTA,Missed,25.114338533992886,Stephen Curry
Shot Chart Detail,22500678,612,201939,Stephen Curry,1610612744,Golden State Warriors,4,9,43,Made Shot,Jump Shot,3PT Field Goal,Above the Break 3,Center(C),24+ ft.,26.0,-72.0,252.0,1,1,20260128,UTA,GSW,Stephen Curry,2026,UTA,Made,26.208395601409865,Stephen Curry
Shot Chart Detail,22500678,618,201939,Stephen Curry,1610612744,Golden State Warriors,4,9,11,Made Shot,Driving Layup Shot,2PT Field Goal,Restricted Area,Center(C),Less Than 8 ft.,1.0,12.0,9.0,1,1,20260128,UTA,GSW,Stephen Curry,2026,UTA,Made,1.5,Stephen Curry
Shot Chart Detail,22500696,38,201939,Stephen Curry,1610612744,Golden State Warriors,1,9,3,Made Shot,Jump Shot,3PT Field Goal,Above the Break 3,Left Side Center(LC),24+ ft.,26.0,-172.0,204.0,1,1,20260130,GSW,DET,Stephen Curry,2026,GSW,Made,26.68332812825267,Stephen Curry
Shot Chart Detail,22500696,43,201939,Stephen Curry,1610612744,Golden State Warriors,1,8,39,Made Shot,Reverse Layup Shot,2PT Field Goal,Restricted Area,Center(C),Less Than 8 ft.,1.0,-10.0,4.0,1,1,20260130,GSW,DET,Stephen Curry,2026,GSW,Made,1.0770329614269007,Stephen Curry
Shot Chart Detail,22500696,66,201939,Stephen Curry,1610612744,Golden State Warriors,1,7,5,Made Shot,Running Jump Shot,3PT Field Goal,Above the Break 3,Left Side Center(LC),24+ ft.,26.0,-162.0,211.0,1,1,20260130,GSW,DET,Stephen Curry,2026,GSW,Made,26.601691675530713,Stephen Curry
Shot Chart Detail,22500696,79,201939,Stephen Curry,1610612744,Golden State Warriors,1,6,30,Missed Shot,Jump Shot,3PT Field Goal,Above the Break 3,Left Side Center(LC),24+ ft.,25.0,-159.0,200.0,1,0,20260130,GSW,DET,Stephen Curry,2026,GSW,Missed,25.550146770615623,Stephen Curry
Shot Chart Detail,22500696,101,201939,Stephen Curry,1610612744,Golden State Warriors,1,4,58,Missed Shot,Pullup Jump shot,3PT Field Goal,Above the Break 3,Center(C),24+ ft.,27.0,76.0,265.0,1,0,20260130,GSW,DET,Stephen Curry,2026,GSW,Missed,27.568278872646367,Stephen Curry
Shot Chart Detail,22500696,130,201939,Stephen Curry,1610612744,Golden State Warriors,1,2,38,Missed Shot,Jump Shot,3PT Field Goal,Above the Break 3,Left Side Center(LC),24+ ft.,26.0,-219.0,154.0,1,0,20260130,GSW,DET,Stephen Curry,2026,GSW,Missed,26.772560579817537,Stephen Curry
Shot Chart Detail,22500696,211,201939,Stephen Curry,1610612744,Golden State Warriors,2,9,1,Missed Shot,Driving Layup Shot,2PT Field Goal,In The Paint (Non-RA),Center(C),Less Than 8 ft.,6.0,16.0,63.0,1,0,20260130,GSW,DET,Stephen Curry,2026,GSW,Missed,6.5,Stephen Curry
Shot Chart Detail,22500696,333,201939,Stephen Curry,1610612744,Golden State Warriors,2,1,59,Missed Shot,Jump Shot,3PT Field Goal,Above the Break 3,Center(C),24+ ft.,27.0,-15.0,277.0,1,0,20260130,GSW,DET,Stephen Curry,2026,GSW,Missed,27.740583988085042,Stephen Curry
Shot Chart Detail,22500696,365,201939,Stephen Curry,1610612744,Golden State Warriors,2,0,21,Made Shot,Pullup Jump shot,3PT Field Goal,Above the Break 3,Center(C),24+ ft.,28.0,-34.0,285.0,1,1,20260130,GSW,DET,Stephen Curry,2026,GSW,Made,28.702090516197597,Stephen Curry
Shot Chart Detail,22500696,390,201939,Stephen Curry,1610612744,Golden State Warriors,3,10,47,Missed Shot,Driving Reverse Layup Shot,2PT Field Goal,In The Paint (Non-RA),Center(C),Less Than 8 ft.,5.0,-50.0,24.0,1,0,20260130,GSW,DET,Stephen Curry,2026,GSW,Missed,5.546169849544819,Stephen Curry
Shot Chart Detail,22500696,410,201939,Stephen Curry,1610612744,Golden State Warriors,3,10,3,Missed Shot,Jump Shot,3PT Field Goal,Above the Break 3,Right Side Center(RC),24+ ft.,26.0,176.0,200.0,1,0,20260130,GSW,DET,Stephen Curry,2026,GSW,Missed,26.641321288554742,Stephen Curry
Shot Chart Detail,22500696,421,201939,Stephen Curry,1610612744,Golden State Warriors,3,9,2,Missed Shot,Jump Shot,3PT Field Goal,Above the Break 3,Right Side Center(RC),24+ ft.,28.0,130.0,256.0,1,0,20260130,GSW,DET,Stephen Curry,2026,GSW,Missed,28.71167010119753,Stephen Curry
Shot Chart Detail,22500696,471,201939,Stephen Curry,1610612744,Golden State Warriors,3,6,2,Made Shot,Jump Shot,3PT Field Goal,Above the Break 3,Left Side Center(LC),24+ ft.,28.0,-94.0,264.0,1,1,20260130,GSW,DET,Stephen Curry,2026,GSW,Made,28.02356151526783,Stephen Curry
Shot Chart Detail,22500696,475,201939,Stephen Curry,1610612744,Golden State Warriors,3,5,34,Missed Shot,Driving Layup Shot,2PT Field Goal,In The Paint (Non-RA),Center(C),Less Than 8 ft.,4.0,-49.0,5.0,1,0,20260130,GSW,DET,Stephen Curry,2026,GSW,Missed,4.9254441424099005,Stephen Curry
Shot Chart Detail,22500696,485,201939,Stephen Curry,1610612744,Golden State Warriors,3,5,10,Made Shot,Reverse Layup Shot,2PT Field Goal,In The Paint (Non-RA),Center(C),Less Than 8 ft.,4.0,-40.0,29.0,1,1,20260130,GSW,DET,Stephen Curry,2026,GSW,Made,4.94064773081425,Stephen Curry
Shot Chart Detail,22500696,503,201939,Stephen Curry,1610612744,Golden State Warriors,3,4,28,Made Shot,Driving Finger Roll Layup Shot,2PT Field Goal,Restricted Area,Center(C),Less Than 8 ft.,2.0,-1.0,21.0,1,1,20260130,GSW,DET,Stephen Curry,2026,GSW,Made,2.1023796041628637,Stephen Curry
Shot Chart Detail,22501215,12,201939,Stephen Curry,1610612744,Golden State Warriors,1,11,16,Made Shot,Driving Floating Jump Shot,2PT Field Goal,In The Paint (Non-RA),Center(C),8-16 ft.,12.0,-16.0,119.0,1,1,20251212,GSW,MIN,Stephen Curry,2025,GSW,Made,12.007081243999309,Stephen Curry
Shot Chart Detail,22501215,26,201939,Stephen Curry,1610612744,Golden State Warriors,1,9,46,Made Shot,Jump Shot,3PT Field Goal,Above the Break 3,Left Side Center(LC),24+ ft.,28.0,-170.0,225.0,1,1,20251212,GSW,MIN,Stephen Curry,2025,GSW,Made,28.200177304407145,Stephen Curry
Shot Chart Detail,22501215,51,201939,Stephen Curry,1610612744,Golden State Warriors,1,7,46,Made Shot,Jump Shot,3PT Field Goal,Above the Break 3,Center(C),24+ ft.,27.0,4.0,271.0,1,1,20251212,GSW,MIN,Stephen Curry,2025,GSW,Made,27.102951868754076,Stephen Curry
Shot Chart Detail,22501215,79,201939,Stephen Curry,1610612744,Golden State Warriors,1,6,4,Missed Shot,Jump Shot,3PT Field Goal,Above the Break 3,Left Side Center(LC),24+ ft.,25.0,-202.0,150.0,1,0,20251212,GSW,MIN,Stephen Curry,2025,GSW,Missed,25.160286166894046,Stephen Curry
Shot Chart Detail,22501215,94,201939,Stephen Curry,1610612744,Golden State Warriors,1,5,9,Made Shot,Driving Floating Jump Shot,2PT Field Goal,Mid-Range,Right Side(R),8-16 ft.,11.0,107.0,30.0,1,1,20251212,GSW,MIN,Stephen Curry,2025,GSW,Made,11.112605455067682,Stephen Curry
Shot Chart Detail,22501215,107,201939,Stephen Curry,1610612744,Golden State Warriors,1,4,34,Missed Shot,Pullup Jump shot,3PT Field Goal,Above the Break 3,Right Side Center(RC),24+ ft.,27.0,200.0,193.0,1,0,20251212,GSW,MIN,Stephen Curry,2025,GSW,Missed,27.79370432310166,Stephen Curry
Shot Chart Detail,22501215,264,201939,Stephen Curry,1610612744,Golden State Warriors,2,6,21,Missed Shot,Step Back Jump shot,3PT Field Goal,Above the Break 3,Right Side Center(RC),24+ ft.,30.0,212.0,224.0,1,0,20251212,GSW,MIN,Stephen Curry,2025,GSW,Missed,30.841530441921975,Stephen Curry
Shot Chart Detail,22501215,278,201939,Stephen Curry,1610612744,Golden State Warriors,2,4,41,Made Shot,Driving Reverse Layup Shot,2PT Field Goal,In The Paint (Non-RA),Center(C),Less Than 8 ft.,4.0,44.0,21.0,1,1,20251212,GSW,MIN,Stephen Curry,2025,GSW,Made,4.8754486972995625,Stephen Curry
Shot Chart Detail,22501215,342,201939,Stephen Curry,1610612744,Golden State Warriors,2,0,48,Missed Shot,Driving Floating Jump Shot,2PT Field Goal,In The Paint (Non-RA),Center(C),8-16 ft.,9.0,23.0,88.0,1,0,20251212,GSW,MIN,Stephen Curry,2025,GSW,Missed,9.095603333479314,Stephen Curry
Shot Chart Detail,22501215,344,201939,Stephen Curry,1610612744,Golden State Warriors,2,0,44,Missed Shot,Putback Layup Shot,2PT Field Goal,In The Paint (Non-RA),Center(C),Less Than 8 ft.,6.0,28.0,57.0,1,0,20251212,GSW,MIN,Stephen Curry,2025,GSW,Missed,6.350590523722971,Stephen Curry
Shot Chart Detail,22501215,375,201939,Stephen Curry,1610612744,Golden State Warriors,3,10,36,Missed Shot,Pullup Jump shot,3PT Field Goal,Above the Break 3,Center(C),24+ ft.,30.0,-16.0,302.0,1,0,20251212,GSW,MIN,Stephen Curry,2025,GSW,Missed,30.242354405700627,Stephen Curry
Shot Chart Detail,22501215,377,201939,Stephen Curry,1610612744,Golden State Warriors,3,10,32,Missed Shot,Jump Shot,3PT Field Goal,Above the Break 3,Center(C),24+ ft.,28.0,-11.0,281.0,1,0,20251212,GSW,MIN,Stephen Curry,2025,GSW,Missed,28.1215220071745,Stephen Curry
Shot Chart Detail,22501215,387,201939,Stephen Curry,1610612744,Golden State Warriors,3,9,39,Made Shot,Driving Finger Roll Layup Shot,2PT Field Goal,In The Paint (Non-RA),Center(C),Less Than 8 ft.,5.0,39.0,33.0,1,1,20251212,GSW,MIN,Stephen Curry,2025,GSW,Made,5.10881590977792,Stephen Curry
Shot Chart Detail,22501215,390,201939,Stephen Curry,1610612744,Golden State Warriors,3,9,14,Made Shot,Jump Shot,3PT Field Goal,Above the Break 3,Center(C),24+ ft.,27.0,76.0,262.0,1,1,20251212,GSW,MIN,Stephen Curry,2025,GSW,Made,27.280029325497434,Stephen Curry
Shot Chart Detail,22501215,404,201939,Stephen Curry,1610612744,Golden State Warriors,3,7,33,Made Shot,Step Back Jump shot,2PT Field Goal,Mid-Range,Left Side Center(LC),16-24 ft.,19.0,-145.0,128.0,1,1,20251212,GSW,MIN,Stephen Curry,2025,GSW,Made,19.34140636044856,Stephen Curry
Shot Chart Detail,22501215,425,201939,Stephen Curry,1610612744,Golden State Warriors,3,6,6,Made Shot,Driving Finger Roll Layup Shot,2PT Field Goal,In The Paint (Non-RA),Center(C),Less Than 8 ft.,6.0,7.0,69.0,1,1,20251212,GSW,MIN,Stephen Curry,2025,GSW,Made,6.935416353759881,Stephen Curry
Shot Chart Detail,22501215,432,201939,Stephen Curry,1610612744,Golden State Warriors,3,5,34,Missed Shot,Pullup Jump shot,3PT Field Goal,Above the Break 3,Center(C),24+ ft.,28.0,69.0,272.0,1,0,20251212,GSW,MIN,Stephen Curry,2025,GSW,Missed,28.06153951585693,Stephen Curry
Shot Chart Detail,22501215,451,201939,Stephen Curry,1610612744,Golden State Warriors,3,4,26,Missed Shot,Jump Shot,3PT Field Goal,Above the Break 3,Right Side Center(RC),24+ ft.,29.0,141.0,260.0,1,0,20251212,GSW,MIN,Stephen Curry,2025,GSW,Missed,29.57718715496793,Stephen Curry
Shot Chart Detail,22501215,524,201939,Stephen Curry,1610612744,Golden State Warriors,3,0,3,Missed Shot,Pullup Jump shot,3PT Field Goal,Above the Break 3,Left Side Center(LC),24+ ft.,32.0,-174.0,279.0,1,0,20251212,GSW,MIN,Stephen Curry,2025,GSW,Missed,32.881149614938955,Stephen Curry
Shot Chart Detail,22501215,607,201939,Stephen Curry,1610612744,Golden State Warriors,4,6,27,Missed Shot,Jump Shot,2PT Field Goal,Mid-Range,Center(C),16-24 ft.,20.0,13.0,205.0,1,0,20251212,GSW,MIN,Stephen Curry,2025,GSW,Missed,20.541178155110774,Stephen Curry
Shot Chart Detail,22501215,611,201939,Stephen Curry,1610612744,Golden State Warriors,4,6,8,Missed Shot,Jump Shot,3PT Field Goal,Above the Break 3,Left Side Center(LC),24+ ft.,26.0,-173.0,204.0,1,0,20251212,GSW,MIN,Stephen Curry,2025,GSW,Missed,26.747897113605024,Stephen Curry
Shot Chart Detail,22501215,623,201939,Stephen Curry,1610612744,Golden State Warriors,4,5,34,Made Shot,Driving Layup Shot,2PT Field Goal,Restricted Area,Center(C),Less Than 8 ft.,3.0,-31.0,20.0,1,1,20251212,GSW,MIN,Stephen Curry,2025,GSW,Made,3.689173349139343,Stephen Curry
Shot Chart Detail,22501215,628,201939,Stephen Curry,1610612744,Golden State Warriors,4,4,57,Made Shot,Jump Shot,3PT Field Goal,Above the Break 3,Left Side Center(LC),24+ ft.,30.0,-196.0,229.0,1,1,20251212,GSW,MIN,Stephen Curry,2025,GSW,Made,30.142494919963077,Stephen Curry
Shot Chart Detail,22501215,664,201939,Stephen Curry,1610612744,Golden State Warriors,4,3,15,Made Shot,Pullup Jump shot,3PT Field Goal,Above the Break 3,Center(C),24+ ft.,27.0,-9.0,274.0,1,1,20251212,GSW,MIN,Stephen Curry,2025,GSW,Made,27.414777037211156,Stephen Curry
Shot Chart Detail,22501215,668,201939,Stephen Curry,1610612744,Golden State Warriors,4,2,43,Missed Shot,Driving Reverse Layup Shot,2PT Field Goal,In The Paint (Non-RA),Center(C),Less Than 8 ft.,5.0,38.0,37.0,1,0,20251212,GSW,MIN,Stephen Curry,2025,GSW,Missed,5.303772242470448,Stephen Curry
Shot Chart Detail,22501215,678,201939,Stephen Curry,1610612744,Golden State Warriors,4,2,9,Made Shot,Step Back Jump shot,3PT Field Goal,Above the Break 3,Left Side Center(LC),24+ ft.,27.0,-98.0,260.0,1,1,20251212,GSW,MIN,Stephen Curry,2025,GSW,Made,27.78560778532656,Stephen Curry
Shot Chart Detail,22501215,700,201939,Stephen Curry,1610612744,Golden State Warriors,4,0,44,Missed Shot,Step Back Jump shot,2PT Field Goal,Mid-Range,Left Side Center(LC),16-24 ft.,21.0,-172.0,134.0,1,0,20251212,GSW,MIN,Stephen Curry,2025,GSW,Missed,21.803669415949233,Stephen Curry
Shot Chart Detail,22501215,712,201939,Stephen Curry,1610612744,Golden State Warriors,4,0,8,Made Shot,Driving Finger Roll Layup Shot,2PT Field Goal,In The Paint (Non-RA),Center(C),Less Than 8 ft.,4.0,-42.0,17.0,1,1,20251212,GSW,MIN,Stephen Curry,2025,GSW,Made,4.531004303683677,Stephen Curry
Shot Chart Detail,22501221,24,201939,Stephen Curry,1610612744,Golden State Warriors,1,10,20,Made Shot,Jump Shot,3PT Field Goal,Above the Break 3,Left Side Center(LC),24+ ft.,26.0,-131.0,235.0,1,1,20251214,POR,GSW,Stephen Curry,2025,POR,Made,26.904646438858844,Stephen Curry
Shot Chart Detail,22501221,51,201939,Stephen Curry,1610612744,Golden State Warriors,1,8,48,Made Shot,Pullup Jump shot,3PT Field Goal,Above the Break 3,Left Side Center(LC),24+ ft.,25.0,-120.0,223.0,1,1,20251214,POR,GSW,Stephen Curry,2025,POR,Made,25.323704310388713,Stephen Curry
Shot Chart Detail,22501221,191,201939,Stephen Curry,1610612744,Golden State Warriors,2,11,49,Made Shot,Pullup Jump shot,3PT Field Goal,Above the Break 3,Right Side Center(RC),24+ ft.,25.0,120.0,220.0,1,1,20251214,POR,GSW,Stephen Curry,2025,POR,Made,25.059928172283335,Stephen Curry
Shot Chart Detail,22501221,199,201939,Stephen Curry,1610612744,Golden State Warriors,2,10,44,Made Shot,Running Reverse Layup Shot,2PT Field Goal,Restricted Area,Center(C),Less Than 8 ft.,2.0,16.0,17.0,1,1,20251214,POR,GSW,Stephen Curry,2025,POR,Made,2.3345235059857505,Stephen Curry
Shot Chart Detail,22501221,344,201939,Stephen Curry,1610612744,Golden State Warriors,2,1,20,Made Shot,Cutting Layup Shot,2PT Field Goal,Restricted Area,Center(C),Less Than 8 ft.,2.0,13.0,23.0,1,1,20251214,POR,GSW,Stephen Curry,2025,POR,Made,2.6419689627245813,Stephen Curry
Shot Chart Detail,22501221,351,201939,Stephen Curry,1610612744,Golden State Warriors,2,0,38,Missed Shot,Pullup Jump shot,3PT Field Goal,Above the Break 3,Center(C),24+ ft.,25.0,32.0,254.0,1,0,20251214,POR,GSW,Stephen Curry,2025,POR,Missed,25.600781238079435,Stephen Curry
Shot Chart Detail,22501221,407,201939,Stephen Curry,1610612744,Golden State Warriors,3,10,4,Missed Shot,Jump Shot,3PT Field Goal,Above the Break 3,Right Side Center(RC),24+ ft.,26.0,88.0,246.0,1,0,20251214,POR,GSW,Stephen Curry,2025,POR,Missed,26.12661478263114,Stephen Curry
Shot Chart Detail,22501221,422,201939,Stephen Curry,1610612744,Golden State Warriors,3,8,55,Made Shot,Jump Shot,3PT Field Goal,Above the Break 3,Center(C),24+ ft.,32.0,-94.0,313.0,1,1,20251214,POR,GSW,Stephen Curry,2025,POR,Made,32.68103425535979,Stephen Curry
Shot Chart Detail,22501221,425,201939,Stephen Curry,1610612744,Golden State Warriors,3,8,22,Made Shot,Step Back Jump shot,3PT Field Goal,Above the Break 3,Left Side Center(LC),24+ ft.,25.0,-119.0,224.0,1,1,20251214,POR,GSW,Stephen Curry,2025,POR,Made,25.364739304790813,Stephen Curry
Shot Chart Detail,22501221,437,201939,Stephen Curry,1610612744,Golden State Warriors,3,7,42,Made Shot,Step Back Jump shot,3PT Field Goal,Above the Break 3,Right Side Center(RC),24+ ft.,26.0,179.0,195.0,1,1,20251214,POR,GSW,Stephen Curry,2025,POR,Made,26.469982999616754,Stephen Curry
Shot Chart Detail,22501221,465,201939,Stephen Curry,1610612744,Golden State Warriors,3,5,53,Made Shot,Pullup Jump shot,3PT Field Goal,Above the Break 3,Right Side Center(RC),24+ ft.,32.0,115.0,299.0,1,1,20251214,POR,GSW,Stephen Curry,2025,POR,Made,32.03529303752347,Stephen Curry
Shot Chart Detail,22501221,467,201939,Stephen Curry,1610612744,Golden State Warriors,3,5,22,Missed Shot,Pullup Jump shot,3PT Field Goal,Above the Break 3,Center(C),24+ ft.,33.0,-98.0,325.0,1,0,20251214,POR,GSW,Stephen Curry,2025,POR,Missed,33.94539733159711,Stephen Curry
Shot Chart Detail,22501221,486,201939,Stephen Curry,1610612744,Golden State Warriors,3,4,44,Missed Shot,Driving Layup Shot,2PT Field Goal,In The Paint (Non-RA),Center(C),Less Than 8 ft.,4.0,40.0,24.0,1,0,20251214,POR,GSW,Stephen Curry,2025,POR,Missed,4.664761515876241,Stephen Curry
Shot Chart Detail,22501221,577,201939,Stephen Curry,1610612744,Golden State Warriors,4,11,22,Made Shot,Driving Layup Shot,2PT Field Goal,Restricted Area,Center(C),Less Than 8 ft.,3.0,-32.0,17.0,1,1,20251214,POR,GSW,Stephen Curry,2025,POR,Made,3.6235341863986874,Stephen Curry
Shot Chart Detail,22501221,591,201939,Stephen Curry,1610612744,Golden State Warriors,4,10,12,Made Shot,Step Back Jump shot,3PT Field Goal,Above the Break 3,Left Side Center(LC),24+ ft.,25.0,-190.0,173.0,1,1,20251214,POR,GSW,Stephen Curry,2025,POR,Made,25.696108654813866,Stephen Curry
Shot Chart Detail,22501221,602,201939,Stephen Curry,1610612744,Golden State Warriors,4,9,40,Made Shot,Step Back Jump shot,3PT Field Goal,Above the Break 3,Right Side Center(RC),24+ ft.,28.0,98.0,271.0,1,1,20251214,POR,GSW,Stephen Curry,2025,POR,Made,28.817529387509957,Stephen Curry
Shot Chart Detail,22501221,619,201939,Stephen Curry,1610612744,Golden State Warriors,4,8,7,Missed Shot,Jump Shot,3PT Field Goal,Above the Break 3,Center(C),24+ ft.,25.0,-31.0,250.0,1,0,20251214,POR,GSW,Stephen Curry,2025,POR,Missed,25.191466809219346,Stephen Curry
Shot Chart Detail,22501221,636,201939,Stephen Curry,1610612744,Golden State Warriors,4,6,35,Missed Shot,Pullup Jump shot,3PT Field Goal,Above the Break 3,Center(C),24+ ft.,25.0,15.0,253.0,1,0,20251214,POR,GSW,Stephen Curry,2025,POR,Missed,25.344427395386152,Stephen Curry
Shot Chart Detail,22501221,640,201939,Stephen Curry,1610612744,Golden State Warriors,4,6,7,Made Shot,Running Jump Shot,3PT Field Goal,Right Corner 3,Right Side(R),24+ ft.,23.0,228.0,52.0,1,1,20251214,POR,GSW,Stephen Curry,2025,POR,Made,23.385465571589545,Stephen Curry
Shot Chart Detail,22501221,678,201939,Stephen Curry,1610612744,Golden State Warriors,4,3,39,Missed Shot,Driving Floating Jump Shot,2PT Field Goal,In The Paint (Non-RA),Center(C),Less Than 8 ft.,7.0,-48.0,55.0,1,0,20251214,POR,GSW,Stephen Curry,2025,POR,Missed,7.3,Stephen Curry
Shot Chart Detail,22501221,690,201939,Stephen Curry,1610612744,Golden State Warriors,4,3,11,Made Shot,Pullup Jump shot,3PT Field Goal,Above the Break 3,Right Side Center(RC),24+ ft.,28.0,114.0,261.0,1,1,20251214,POR,GSW,Stephen Curry,2025,POR,Made,28.48104632909402,Stephen Curry
Shot Chart Detail,22501221,696,201939,Stephen Curry,1610612744,Golden State Warriors,4,2,33,Made Shot,Driving Layup Shot,2PT Field Goal,In The Paint (Non-RA),Center(C),Less Than 8 ft.,4.0,-40.0,24.0,1,1,20251214,POR,GSW,Stephen Curry,2025,POR,Made,4.664761515876241,Stephen Curry
Shot Chart Detail,22501221,710,201939,Stephen Curry,1610612744,Golden State Warriors,4,1,26,Made Shot,Pullup Jump shot,3PT Field Goal,Above the Break 3,Right Side Center(RC),24+ ft.,26.0,185.0,183.0,1,1,20251214,POR,GSW,Stephen Curry,2025,POR,Made,26.021913841990948,Stephen Curry
Shot Chart Detail,22501221,717,201939,Stephen Curry,1610612744,Golden State Warriors,4,0,56,Missed Shot,Pullup Jump shot,3PT Field Goal,Above the Break 3,Left Side Center(LC),24+ ft.,26.0,-216.0,161.0,1,0,20251214,POR,GSW,Stephen Curry,2025,POR,Missed,26.940118782217716,Stephen Curry
Shot Chart Detail,22501221,721,201939,Stephen Curry,1610612744,Golden State Warriors,4,0,29,Missed Shot,Running Layup Shot,2PT Field Goal,In The Paint (Non-RA),Center(C),Less Than 8 ft.,4.0,34.0,31.0,1,0,20251214,POR,GSW,Stephen Curry,2025,POR,Missed,4.601086828130937,Stephen Curry
Shot Chart Detail,22501221,762,201939,Stephen Curry,1610612744,Golden State Warriors,4,0,11,Missed Shot,Jump Shot,3PT Field Goal,Above the Break 3,Right Side Center(RC),24+ ft.,30.0,181.0,242.0,1,0,20251214,POR,GSW,Stephen Curry,2025,POR,Missed,30.22002647252315,Stephen Curry
Shot Chart Detail,22500027,38,201935,James Harden,1610612746,LA Clippers,1,8,17,Missed Shot,Pullup Jump shot,3PT Field Goal,Above the Break 3,Right Side Center(RC),24+ ft.,27.0,92.0,256.0,1,0,20251031,LAC,NOP,James Harden,2025,LAC,Missed,27.202941017470884,James Harden
Shot Chart Detail,22500027,58,201935,James Harden,1610612746,LA Clippers,1,6,55,Made Shot,Running Layup Shot,2PT Field Goal,Restricted Area,Center(C),Less Than 8 ft.,2.0,-6.0,27.0,1,1,20251031,LAC,NOP,James Harden,2025,LAC,Made,2.765863337187866,James Harden
Shot Chart Detail,22500027,76,201935,James Harden,1610612746,LA Clippers,1,5,4,Missed Shot,Step Back Jump shot,3PT Field Goal,Above the Break 3,Left Side Center(LC),24+ ft.,24.0,-104.0,224.0,1,0,20251031,LAC,NOP,James Harden,2025,LAC,Missed,24.69655846469301,James Harden
Shot Chart Detail,22500027,166,201935,James Harden,1610612746,LA Clippers,2,11,17,Missed Shot,Driving Layup Shot,2PT Field Goal,Restricted Area,Center(C),Less Than 8 ft.,1.0,-11.0,-6.0,1,0,20251031,LAC,NOP,James Harden,2025,LAC,Missed,1.2529964086141667,James Harden
Shot Chart Detail,22500027,173,201935,James Harden,1610612746,LA Clippers,2,10,51,Missed Shot,Pullup Jump shot,3PT Field Goal,Above the Break 3,Left Side Center(LC),24+ ft.,26.0,-107.0,239.0,1,0,20251031,LAC,NOP,James Harden,2025,LAC,Missed,26.18587405453559,James Harden
Shot Chart Detail,22500027,200,201935,James Harden,1610612746,LA Clippers,2,8,49,Missed Shot,Driving Layup Shot,2PT Field Goal,Restricted Area,Center(C),Less Than 8 ft.,0.0,-4.0,-2.0,1,0,20251031,LAC,NOP,James Harden,2025,LAC,Missed,0.447213595499958,James Harden
Shot Chart Detail,22500027,269,201935,James Harden,1610612746,LA Clippers,2,4,10,Made Shot,Pullup Jump shot,3PT Field Goal,Above the Break 3,Center(C),24+ ft.,24.0,25.0,246.0,1,1,20251031,LAC,NOP,James Harden,2025,LAC,Made,24.726706210087908,James Harden
Shot Chart Detail,22500027,290,201935,James Harden,1610612746,LA Clippers,2,3,1,Made Shot,Step Back Jump shot,3PT Field Goal,Above the Break 3,Right Side Center(RC),24+ ft.,26.0,112.0,235.0,1,1,20251031,LAC,NOP,James Harden,2025,LAC,Made,26.03247971285102,James Harden
Shot Chart Detail,22500027,318,201935,James Harden,1610612746,LA Clippers,2,1,8,Made Shot,Driving Layup Shot,2PT Field Goal,Restricted Area,Center(C),Less Than 8 ft.,2.0,-27.0,-6.0,1,1,20251031,LAC,NOP,James Harden,2025,LAC,Made,2.765863337187866,James Harden
Shot Chart Detail,22500027,326,201935,James Harden,1610612746,LA Clippers,2,0,35,Made Shot,Pullup Jump shot,3PT Field Goal,Above the Break 3,Center(C),24+ ft.,29.0,86.0,282.0,1,1,20251031,LAC,NOP,James Harden,2025,LAC,Made,29.48219801846531,James Harden
Shot Chart Detail,22500027,329,201935,James Harden,1610612746,LA Clippers,2,0,1,Missed Shot,Step Back Jump shot,3PT Field Goal,Above the Break 3,Center(C),24+ ft.,27.0,76.0,269.0,1,0,20251031,LAC,NOP,James Harden,2025,LAC,Missed,27.95299626158169,James Harden
Shot Chart Detail,22500027,370,201935,James Harden,1610612746,LA Clippers,3,7,56,Missed Shot,Pullup Jump shot,3PT Field Goal,Above the Break 3,Center(C),24+ ft.,30.0,9.0,300.0,1,0,20251031,LAC,NOP,James Harden,2025,LAC,Missed,30.013496963866107,James Harden
Shot Chart Detail,22500027,403,201935,James Harden,1610612746,LA Clippers,3,5,37,Missed Shot,Jump Shot,3PT Field Goal,Above the Break 3,Center(C),24+ ft.,27.0,20.0,270.0,1,0,20251031,LAC,NOP,James Harden,2025,LAC,Missed,27.073972741361768,James Harden
Shot Chart Detail,22500027,533,201935,James Harden,1610612746,LA Clippers,4,8,33,Made Shot,Driving Layup Shot,2PT Field Goal,Restricted Area,Center(C),Less Than 8 ft.,1.0,-2.0,17.0,1,1,20251031,LAC,NOP,James Harden,2025,LAC,Made,1.711724276862369,James Harden
Shot Chart Detail,22500027,537,201935,James Harden,1610612746,LA Clippers,4,8,9,Made Shot,Running Pull-Up Jump Shot,3PT Field Goal,Above the Break 3,Left Side Center(LC),24+ ft.,31.0,-121.0,289.0,1,1,20251031,LAC,NOP,James Harden,2025,LAC,Made,31.330815501675023,James Harden
Shot Chart Detail,22500027,558,201935,James Harden,1610612746,LA Clippers,4,6,55,Made Shot,Driving Layup Shot,2PT Field Goal,Restricted Area,Center(C),Less Than 8 ft.,2.0,-23.0,15.0,1,1,20251031,LAC,NOP,James Harden,2025,LAC,Made,2.7459060435491964,James Harden
Shot Chart Detail,22500027,561,201935,James Harden,1610612746,LA Clippers,4,6,29,Missed Shot,Pullup Jump shot,3PT Field Goal,Above the Break 3,Center(C),24+ ft.,30.0,28.0,302.0,1,0,20251031,LAC,NOP,James Harden,2025,LAC,Missed,30.329523570277196,James Harden
Shot Chart Detail,22500027,573,201935,James Harden,1610612746,LA Clippers,4,5,28,Missed Shot,Step Back Jump shot,3PT Field Goal,Above the Break 3,Center(C),24+ ft.,26.0,-18.0,260.0,1,0,20251031,LAC,NOP,James Harden,2025,LAC,Missed,26.062233212063774,James Harden
Shot Chart Detail,22500027,634,201935,James Harden,1610612746,LA Clippers,4,0,35,Missed Shot,Pullup Jump shot,3PT Field Goal,Above the Break 3,Right Side Center(RC),24+ ft.,25.0,134.0,218.0,1,0,20251031,LAC,NOP,James Harden,2025,LAC,Missed,25.58906016249913,James Harden
Shot Chart Detail,22500046,76,201935,James Harden,1610612746,LA Clippers,1,6,18,Made Shot,Step Back Jump shot,3PT Field Goal,Above the Break 3,Center(C),24+ ft.,25.0,28.0,257.0,1,1,20251114,DAL,LAC,James Harden,2025,DAL,Made,25.85207922005501,James Harden
Shot Chart Detail,22500046,96,201935,James Harden,1610612746,LA Clippers,1,5,16,Missed Shot,Step Back Jump shot,3PT Field Goal,Above the Break 3,Right Side Center(RC),24+ ft.,25.0,127.0,226.0,1,0,20251114,DAL,LAC,James Harden,2025,DAL,Missed,25.92392717163046,James Harden
Shot Chart Detail,22500046,102,201935,James Harden,1610612746,LA Clippers,1,4,21,Missed Shot,Driving Floating Jump Shot,2PT Field Goal,In The Paint (Non-RA),Left Side(L),8-16 ft.,8.0,-58.0,59.0,1,0,20251114,DAL,LAC,James Harden,2025,DAL,Missed,8.273451516749223,James Harden
Shot Chart Detail,22500046,120,201935,James Harden,1610612746,LA Clippers,1,3,39,Made Shot,Running Layup Shot,2PT Field Goal,Restricted Area,Center(C),Less Than 8 ft.,1.0,-9.0,6.0,1,1,20251114,DAL,LAC,James Harden,2025,DAL,Made,1.0816653826391969,James Harden
Shot Chart Detail,22500046,134,201935,James Harden,1610612746,LA Clippers,1,2,39,Missed Shot,Pullup Jump shot,3PT Field Goal,Above the Break 3,Right Side Center(RC),24+ ft.,25.0,169.0,189.0,1,0,20251114,DAL,LAC,James Harden,2025,DAL,Missed,25.353895164254347,James Harden
Shot Chart Detail,22500046,164,201935,James Harden,1610612746,LA Clippers,1,0,30,Made Shot,Driving Floating Jump Shot,2PT Field Goal,In The Paint (Non-RA),Center(C),Less Than 8 ft.,6.0,-4.0,63.0,1,1,20251114,DAL,LAC,James Harden,2025,DAL,Made,6.312685640834652,James Harden
Shot Chart Detail,22500046,288,201935,James Harden,1610612746,LA Clippers,2,5,8,Made Shot,Running Finger Roll Layup Shot,2PT Field Goal,Restricted Area,Center(C),Less Than 8 ft.,2.0,-20.0,11.0,1,1,20251114,DAL,LAC,James Harden,2025,DAL,Made,2.2825424421026654,James Harden
Shot Chart Detail,22500046,296,201935,James Harden,1610612746,LA Clippers,2,4,35,Made Shot,Pullup Jump shot,3PT Field Goal,Above the Break 3,Left Side Center(LC),24+ ft.,25.0,-173.0,188.0,1,1,20251114,DAL,LAC,James Harden,2025,DAL,Made,25.548581173912574,James Harden
Shot Chart Detail,22500046,317,201935,James Harden,1610612746,LA Clippers,2,3,45,Made Shot,Step Back Jump shot,3PT Field Goal,Right Corner 3,Right Side(R),24+ ft.,22.0,225.0,11.0,1,1,20251114,DAL,LAC,James Harden,2025,DAL,Made,22.526872841120227,James Harden
Shot Chart Detail,22500046,325,201935,James Harden,1610612746,LA Clippers,2,3,5,Made Shot,Pullup Jump shot,3PT Field Goal,Right Corner 3,Right Side(R),24+ ft.,23.0,225.0,52.0,1,1,20251114,DAL,LAC,James Harden,2025,DAL,Made,23.093072554339752,James Harden
Shot Chart Detail,22500046,372,201935,James Harden,1610612746,LA Clippers,2,0,9,Missed Shot,Driving Floating Jump Shot,2PT Field Goal,In The Paint (Non-RA),Center(C),Less Than 8 ft.,4.0,-28.0,38.0,1,0,20251114,DAL,LAC,James Harden,2025,DAL,Missed,4.720169488482378,James Harden
Shot Chart Detail,22500046,471,201935,James Harden,1610612746,LA Clippers,3,7,2,Made Shot,Step Back Jump shot,2PT Field Goal,Mid-Range,Right Side(R),8-16 ft.,13.0,131.0,29.0,1,1,20251114,DAL,LAC,James Harden,2025,DAL,Made,13.417153200288055,James Harden
Shot Chart Detail,22500046,479,201935,James Harden,1610612746,LA Clippers,3,6,12,Missed Shot,Driving Finger Roll Layup Shot,2PT Field Goal,Restricted Area,Center(C),Less Than 8 ft.,1.0,10.0,13.0,1,0,20251114,DAL,LAC,James Harden,2025,DAL,Missed,1.6401219466856727,James Harden
Shot Chart Detail,22500046,576,201935,James Harden,1610612746,LA Clippers,3,0,3,Missed Shot,Pullup Jump shot,3PT Field Goal,Above the Break 3,Right Side Center(RC),24+ ft.,28.0,158.0,241.0,1,0,20251114,DAL,LAC,James Harden,2025,DAL,Missed,28.817529387509957,James Harden
Shot Chart Detail,22500046,652,201935,James Harden,1610612746,LA Clippers,4,7,32,Made Shot,Pullup Jump shot,2PT Field Goal,Mid-Range,Right Side(R),8-16 ft.,14.0,141.0,32.0,1,1,20251114,DAL,LAC,James Harden,2025,DAL,Made,14.45856147754679,James Harden
Shot Chart Detail,22500046,697,201935,James Harden,1610612746,LA Clippers,4,3,51,Missed Shot,Pullup Jump shot,3PT Field Goal,Above the Break 3,Left Side Center(LC),24+ ft.,24.0,-147.0,198.0,1,0,20251114,DAL,LAC,James Harden,2025,DAL,Missed,24.660291969074496,James Harden
Shot Chart Detail,22500046,713,201935,James Harden,1610612746,LA Clippers,4,2,12,Made Shot,Driving Floating Jump Shot,2PT Field Goal,In The Paint (Non-RA),Center(C),Less Than 8 ft.,4.0,4.0,40.0,1,1,20251114,DAL,LAC,James Harden,2025,DAL,Made,4.019950248448356,James Harden
Shot Chart Detail,22500046,716,201935,James Harden,1610612746,LA Clippers,4,1,38,Missed Shot,Step Back Jump shot,2PT Field Goal,Mid-Range,Left Side(L),8-16 ft.,15.0,-99.0,119.0,1,0,20251114,DAL,LAC,James Harden,2025,DAL,Missed,15.479664079042541,James Harden
Shot Chart Detail,22500046,763,201935,James Harden,1610612746,LA Clippers,5,2,2,Missed Shot,Driving Floating Bank Jump Shot,2PT Field Goal,In The Paint (Non-RA),Center(C),Less Than 8 ft.,4.0,-42.0,16.0,1,0,20251114,DAL,LAC,James Harden,2025,DAL,Missed,4.494441010848846,James Harden
Shot Chart Detail,22500046,768,201935,James Harden,1610612746,LA Clippers,5,1,31,Made Shot,Step Back Jump shot,3PT Field Goal,Above the Break 3,Center(C),24+ ft.,25.0,39.0,253.0,1,1,20251114,DAL,LAC,James Harden,2025,DAL,Made,25.598828098176682,James Harden
Shot Chart Detail,22500046,776,201935,James Harden,1610612746,LA Clippers,5,0,41,Missed Shot,Pullup Jump shot,3PT Field Goal,Above the Break 3,Left Side Center(LC),24+ ft.,26.0,-123.0,234.0,1,0,20251114,DAL,LAC,James Harden,2025,DAL,Missed,26.435771220072247,James Harden
Shot Chart Detail,22500046,785,201935,James Harden,1610612746,LA Clippers,5,0,30,Made Shot,Pullup Jump shot,3PT Field Goal,Above the Break 3,Center(C),24+ ft.,26.0,-6.0,269.0,1,1,20251114,DAL,LAC,James Harden,2025,DAL,Made,26.906690617762713,James Harden
Shot Chart Detail,22500046,808,201935,James Harden,1610612746,LA Clippers,5,0,1,Missed Shot,Driving Floating Jump Shot,2PT Field Goal,In The Paint (Non-RA),Center(C),Less Than 8 ft.,5.0,50.0,32.0,1,0,20251114,DAL,LAC,James Harden,2025,DAL,Missed,5.9363288318623315,James Harden
Shot Chart Detail,22500046,829,201935,James Harden,1610612746,LA Clippers,6,3,7,Made Shot,Driving Layup Shot,2PT Field Goal,Restricted Area,Center(C),Less Than 8 ft.,2.0,-21.0,5.0,1,1,20251114,DAL,LAC,James Harden,2025,DAL,Made,2.15870331449229,James Harden
Shot Chart Detail,22500046,864,201935,James Harden,1610612746,LA Clippers,6,0,38,Missed Shot,Turnaround Jump Shot,3PT Field Goal,Above the Break 3,Center(C),24+ ft.,24.0,-38.0,243.0,1,0,20251114,DAL,LAC,James Harden,2025,DAL,Missed,24.59532475898621,James Harden
Shot Chart Detail,22500059,25,201935,James Harden,1610612746,LA Clippers,1,9,20,Missed Shot,Step Back Jump shot,3PT Field Goal,Above the Break 3,Right Side Center(RC),24+ ft.,25.0,173.0,187.0,1,0,20251125,LAL,LAC,James Harden,2025,LAL,Missed,25.47508586835381,James Harden
Shot Chart Detail,22500059,75,201935,James Harden,1610612746,LA Clippers,1,5,11,Made Shot,Driving Floating Jump Shot,2PT Field Goal,In The Paint (Non-RA),Center(C),8-16 ft.,11.0,-40.0,110.0,1,1,20251125,LAL,LAC,James Harden,2025,LAL,Made,11.704699910719626,James Harden
Shot Chart Detail,22500059,81,201935,James Harden,1610612746,LA Clippers,1,4,36,Missed Shot,Pullup Jump shot,3PT Field Goal,Above the Break 3,Right Side Center(RC),24+ ft.,31.0,99.0,295.0,1,0,20251125,LAL,LAC,James Harden,2025,LAL,Missed,31.116876449926657,James Harden
Shot Chart Detail,22500059,105,201935,James Harden,1610612746,LA Clippers,1,3,21,Missed Shot,Step Back Jump shot,3PT Field Goal,Above the Break 3,Right Side Center(RC),24+ ft.,26.0,136.0,227.0,1,0,20251125,LAL,LAC,James Harden,2025,LAL,Missed,26.462237244798484,James Harden
Shot Chart Detail,22500059,111,201935,James Harden,1610612746,LA Clippers,1,2,38,Made Shot,Driving Layup Shot,2PT Field Goal,Restricted Area,Center(C),Less Than 8 ft.,3.0,-28.0,16.0,1,1,20251125,LAL,LAC,James Harden,2025,LAL,Made,3.2249030993194197,James Harden
Shot Chart Detail,22500059,114,201935,James Harden,1610612746,LA Clippers,1,2,15,Missed Shot,Driving Layup Shot,2PT Field Goal,Restricted Area,Center(C),Less Than 8 ft.,2.0,-21.0,15.0,1,0,20251125,LAL,LAC,James Harden,2025,LAL,Missed,2.580697580112788,James Harden
Shot Chart Detail,22500059,142,201935,James Harden,1610612746,LA Clippers,1,0,2,Made Shot,Step Back Jump shot,3PT Field Goal,Above the Break 3,Right Side Center(RC),24+ ft.,25.0,189.0,174.0,1,1,20251125,LAL,LAC,James Harden,2025,LAL,Made,25.68988127648705,James Harden
Shot Chart Detail,22500059,243,201935,James Harden,1610612746,LA Clippers,2,4,42,Made Shot,Driving Layup Shot,2PT Field Goal,Restricted Area,Center(C),Less Than 8 ft.,3.0,-31.0,14.0,1,1,20251125,LAL,LAC,James Harden,2025,LAL,Made,3.40147027033899,James Harden
Shot Chart Detail,22500059,250,201935,James Harden,1610612746,LA Clippers,2,3,46,Made Shot,Step Back Jump shot,3PT Field Goal,Above the Break 3,Center(C),24+ ft.,26.0,81.0,253.0,1,1,20251125,LAL,LAC,James Harden,2025,LAL,Made,26.56501458685841,James Harden
Shot Chart Detail,22500059,263,201935,James Harden,1610612746,LA Clippers,2,3,0,Missed Shot,Pullup Jump shot,3PT Field Goal,Above the Break 3,Right Side Center(RC),24+ ft.,32.0,183.0,267.0,1,0,20251125,LAL,LAC,James Harden,2025,LAL,Missed,32.36943002278539,James Harden
Shot Chart Detail,22500059,271,201935,James Harden,1610612746,LA Clippers,2,1,49,Missed Shot,Driving Floating Jump Shot,2PT Field Goal,Restricted Area,Center(C),Less Than 8 ft.,3.0,33.0,13.0,1,0,20251125,LAL,LAC,James Harden,2025,LAL,Missed,3.5468295701936396,James Harden
Shot Chart Detail,22500059,293,201935,James Harden,1610612746,LA Clippers,2,0,29,Missed Shot,Pullup Jump shot,3PT Field Goal,Above the Break 3,Right Side Center(RC),24+ ft.,26.0,119.0,236.0,1,0,20251125,LAL,LAC,James Harden,2025,LAL,Missed,26.4304748349325,James Harden
Shot Chart Detail,22500059,332,201935,James Harden,1610612746,LA Clippers,3,9,35,Made Shot,Driving Layup Shot,2PT Field Goal,Restricted Area,Center(C),Less Than 8 ft.,3.0,-32.0,10.0,1,1,20251125,LAL,LAC,James Harden,2025,LAL,Made,3.3526109228480423,James Harden
Shot Chart Detail,22500059,341,201935,James Harden,1610612746,LA Clippers,3,8,20,Made Shot,Pullup Jump shot,3PT Field Goal,Above the Break 3,Center(C),24+ ft.,29.0,49.0,290.0,1,1,20251125,LAL,LAC,James Harden,2025,LAL,Made,29.411052344314374,James Harden
Shot Chart Detail,22500059,346,201935,James Harden,1610612746,LA Clippers,3,7,55,Missed Shot,Running Pull-Up Jump Shot,3PT Field Goal,Above the Break 3,Right Side Center(RC),24+ ft.,25.0,107.0,231.0,1,0,20251125,LAL,LAC,James Harden,2025,LAL,Missed,25.45780823244609,James Harden
Shot Chart Detail,22500059,355,201935,James Harden,1610612746,LA Clippers,3,7,15,Missed Shot,Driving Floating Jump Shot,2PT Field Goal,In The Paint (Non-RA),Center(C),Less Than 8 ft.,4.0,-34.0,28.0,1,0,20251125,LAL,LAC,James Harden,2025,LAL,Missed,4.4045431091090474,James Harden
Shot Chart Detail,22500059,363,201935,James Harden,1610612746,LA Clippers,3,6,48,Made Shot,Driving Layup Shot,2PT Field Goal,Restricted Area,Center(C),Less Than 8 ft.,1.0,-11.0,12.0,1,1,20251125,LAL,LAC,James Harden,2025,LAL,Made,1.6278820596099706,James Harden
Shot Chart Detail,22500059,410,201935,James Harden,1610612746,LA Clippers,3,3,34,Missed Shot,Pullup Jump shot,3PT Field Goal,Above the Break 3,Left Side Center(LC),24+ ft.,28.0,-162.0,233.0,1,0,20251125,LAL,LAC,James Harden,2025,LAL,Missed,28.37833680820636,James Harden
Shot Chart Detail,22500059,574,201935,James Harden,1610612746,LA Clippers,4,5,16,Missed Shot,Pullup Jump shot,3PT Field Goal,Right Corner 3,Right Side(R),24+ ft.,22.0,227.0,13.0,1,0,20251125,LAL,LAC,James Harden,2025,LAL,Missed,22.73719419805355,James Harden
Shot Chart Detail,22500059,626,201935,James Harden,1610612746,LA Clippers,4,2,55,Made Shot,Driving Floating Jump Shot,2PT Field Goal,In The Paint (Non-RA),Center(C),Less Than 8 ft.,4.0,-18.0,37.0,1,1,20251125,LAL,LAC,James Harden,2025,LAL,Made,4.114608122288197,James Harden
Shot Chart Detail,22500059,636,201935,James Harden,1610612746,LA Clippers,4,2,32,Missed Shot,Step Back Jump shot,3PT Field Goal,Above the Break 3,Right Side Center(RC),24+ ft.,25.0,135.0,211.0,1,0,20251125,LAL,LAC,James Harden,2025,LAL,Missed,25.049151682242655,James Harden
Shot Chart Detail,22500079,23,201935,James Harden,1610612746,LA Clippers,1,10,28,Made Shot,Pullup Jump shot,3PT Field Goal,Above the Break 3,Left Side Center(LC),24+ ft.,26.0,-92.0,244.0,1,1,20251128,LAC,MEM,James Harden,2025,LAC,Made,26.076809620810593,James Harden
Shot Chart Detail,22500079,38,201935,James Harden,1610612746,LA Clippers,1,9,12,Missed Shot,Step Back Jump shot,2PT Field Goal,Mid-Range,Center(C),16-24 ft.,16.0,51.0,162.0,1,0,20251128,LAC,MEM,James Harden,2025,LAC,Missed,16.983815825661793,James Harden
Shot Chart Detail,22500079,57,201935,James Harden,1610612746,LA Clippers,1,7,35,Missed Shot,Running Pull-Up Jump Shot,3PT Field Goal,Above the Break 3,Right Side Center(RC),24+ ft.,25.0,142.0,209.0,1,0,20251128,LAC,MEM,James Harden,2025,LAC,Missed,25.267568145747624,James Harden
Shot Chart Detail,22500079,139,201935,James Harden,1610612746,LA Clippers,1,2,22,Made Shot,Jump Shot,3PT Field Goal,Above the Break 3,Right Side Center(RC),24+ ft.,26.0,159.0,211.0,1,1,20251128,LAC,MEM,James Harden,2025,LAC,Made,26.420068130116544,James Harden
Shot Chart Detail,22500079,160,201935,James Harden,1610612746,LA Clippers,1,1,31,Made Shot,Pullup Jump shot,3PT Field Goal,Above the Break 3,Right Side Center(RC),24+ ft.,25.0,120.0,227.0,1,1,20251128,LAC,MEM,James Harden,2025,LAC,Made,25.676643082770767,James Harden
Shot Chart Detail,22500079,291,201935,James Harden,1610612746,LA Clippers,2,5,28,Missed Shot,Step Back Jump shot,3PT Field Goal,Above the Break 3,Center(C),24+ ft.,25.0,-55.0,254.0,1,0,20251128,LAC,MEM,James Harden,2025,LAC,Missed,25.988651369395836,James Harden
Shot Chart Detail,22500079,325,201935,James Harden,1610612746,LA Clippers,2,3,32,Made Shot,Running Layup Shot,2PT Field Goal,Restricted Area,Center(C),Less Than 8 ft.,3.0,-29.0,13.0,1,1,20251128,LAC,MEM,James Harden,2025,LAC,Made,3.178049716414141,James Harden
Shot Chart Detail,22500079,348,201935,James Harden,1610612746,LA Clippers,2,1,30,Made Shot,Pullup Jump shot,3PT Field Goal,Above the Break 3,Center(C),24+ ft.,26.0,-32.0,267.0,1,1,20251128,LAC,MEM,James Harden,2025,LAC,Made,26.89107658685312,James Harden
Shot Chart Detail,22500079,361,201935,James Harden,1610612746,LA Clippers,2,0,45,Missed Shot,Step Back Jump shot,3PT Field Goal,Above the Break 3,Left Side Center(LC),24+ ft.,25.0,-145.0,207.0,1,0,20251128,LAC,MEM,James Harden,2025,LAC,Missed,25.273306075778848,James Harden
Shot Chart Detail,22500079,365,201935,James Harden,1610612746,LA Clippers,2,0,9,Missed Shot,Step Back Jump shot,2PT Field Goal,Mid-Range,Right Side Center(RC),16-24 ft.,17.0,124.0,118.0,1,0,20251128,LAC,MEM,James Harden,2025,LAC,Missed,17.11724276862369,James Harden
Shot Chart Detail,22500079,407,201935,James Harden,1610612746,LA Clippers,3,7,35,Missed Shot,Pullup Jump shot,3PT Field Goal,Above the Break 3,Center(C),24+ ft.,25.0,66.0,247.0,1,0,20251128,LAC,MEM,James Harden,2025,LAC,Missed,25.566579747787934,James Harden
Shot Chart Detail,22500079,477,201935,James Harden,1610612746,LA Clippers,3,2,39,Missed Shot,Pullup Jump shot,3PT Field Goal,Above the Break 3,Center(C),24+ ft.,24.0,-43.0,243.0,1,0,20251128,LAC,MEM,James Harden,2025,LAC,Missed,24.67752013472991,James Harden
Shot Chart Detail,22500079,503,201935,James Harden,1610612746,LA Clippers,3,0,29,Missed Shot,Pullup Jump shot,3PT Field Goal,Above the Break 3,Left Side Center(LC),24+ ft.,26.0,-123.0,236.0,1,0,20251128,LAC,MEM,James Harden,2025,LAC,Missed,26.61296676434253,James Harden
Shot Chart Detail,22500079,515,201935,James Harden,1610612746,LA Clippers,3,0,2,Missed Shot,Pullup Jump shot,3PT Field Goal,Above the Break 3,Center(C),24+ ft.,30.0,-61.0,300.0,1,0,20251128,LAC,MEM,James Harden,2025,LAC,Missed,30.613885738337757,James Harden
Shot Chart Detail,22500079,595,201935,James Harden,1610612746,LA Clippers,4,6,23,Made Shot,Driving Floating Jump Shot,2PT Field Goal,In The Paint (Non-RA),Center(C),8-16 ft.,13.0,17.0,131.0,1,1,20251128,LAC,MEM,James Harden,2025,LAC,Made,13.209844813622905,James Harden
Shot Chart Detail,22500079,638,201935,James Harden,1610612746,LA Clippers,4,3,5,Missed Shot,Driving Layup Shot,2PT Field Goal,Restricted Area,Center(C),Less Than 8 ft.,3.0,-29.0,11.0,1,0,20251128,LAC,MEM,James Harden,2025,LAC,Missed,3.1016124838541645,James Harden
Shot Chart Detail,22500079,650,201935,James Harden,1610612746,LA Clippers,4,1,52,Missed Shot,Step Back Jump shot,3PT Field Goal,Above the Break 3,Center(C),24+ ft.,24.0,-62.0,232.0,1,0,20251128,LAC,MEM,James Harden,2025,LAC,Missed,24.014162487998618,James Harden
Shot Chart Detail,22500079,690,201935,James Harden,1610612746,LA Clippers,4,0,1,Missed Shot,Jump Shot,3PT Field Goal,Above the Break 3,Center(C),24+ ft.,28.0,50.0,283.0,1,0,20251128,LAC,MEM,James Harden,2025,LAC,Missed,28.738301967931232,James Harden
Shot Chart Detail,22500087,33,201935,James Harden,1610612746,LA Clippers,1,9,18,Missed Shot,Step Back Jump shot,3PT Field Goal,Above the Break 3,Center(C),24+ ft.,25.0,25.0,249.0,1,0,20251022,UTA,LAC,James Harden,2025,UTA,Missed,25.025187311986297,James Harden
Shot Chart Detail,22500087,36,201935,James Harden,1610612746,LA Clippers,1,8,37,Made Shot,Pullup Jump shot,2PT Field Goal,Mid-Range,Right Side(R),8-16 ft.,9.0,91.0,34.0,1,1,20251022,UTA,LAC,James Harden,2025,UTA,Made,9.714422267947796,James Harden
Shot Chart Detail,22500087,59,201935,James Harden,1610612746,LA Clippers,1,6,39,Made Shot,Pullup Jump shot,3PT Field Goal,Above the Break 3,Center(C),24+ ft.,29.0,-78.0,284.0,1,1,20251022,UTA,LAC,James Harden,2025,UTA,Made,29.45165530152762,James Harden
Shot Chart Detail,22500087,95,201935,James Harden,1610612746,LA Clippers,1,4,19,Made Shot,Step Back Jump shot,2PT Field Goal,In The Paint (Non-RA),Center(C),8-16 ft.,10.0,-17.0,101.0,1,1,20251022,UTA,LAC,James Harden,2025,UTA,Made,10.242070103255493,James Harden
Shot Chart Detail,22500087,231,201935,James Harden,1610612746,LA Clippers,2,7,13,Missed Shot,Jump Shot,3PT Field Goal,Above the Break 3,Center(C),24+ ft.,26.0,6.0,267.0,1,0,20251022,UTA,LAC,James Harden,2025,UTA,Missed,26.70674072214728,James Harden
Shot Chart Detail,22500087,252,201935,James Harden,1610612746,LA Clippers,2,6,20,Made Shot,Running Layup Shot,2PT Field Goal,Restricted Area,Center(C),Less Than 8 ft.,3.0,-34.0,17.0,1,1,20251022,UTA,LAC,James Harden,2025,UTA,Made,3.801315561749642,James Harden
Shot Chart Detail,22500087,263,201935,James Harden,1610612746,LA Clippers,2,5,3,Missed Shot,Step Back Jump shot,3PT Field Goal,Above the Break 3,Left Side Center(LC),24+ ft.,25.0,-123.0,227.0,1,0,20251022,UTA,LAC,James Harden,2025,UTA,Missed,25.818210627384694,James Harden
Shot Chart Detail,22500087,283,201935,James Harden,1610612746,LA Clippers,2,3,28,Made Shot,Jump Shot,3PT Field Goal,Above the Break 3,Left Side Center(LC),24+ ft.,25.0,-136.0,217.0,1,1,20251022,UTA,LAC,James Harden,2025,UTA,Made,25.609568524284043,James Harden
Shot Chart Detail,22500087,321,201935,James Harden,1610612746,LA Clippers,2,0,29,Missed Shot,Pullup Jump shot,3PT Field Goal,Above the Break 3,Center(C),24+ ft.,26.0,74.0,251.0,1,0,20251022,UTA,LAC,James Harden,2025,UTA,Missed,26.16811036357039,James Harden
Shot Chart Detail,22500087,368,201935,James Harden,1610612746,LA Clippers,3,8,23,Missed Shot,Step Back Jump shot,3PT Field Goal,Above the Break 3,Right Side Center(RC),24+ ft.,25.0,222.0,116.0,1,0,20251022,UTA,LAC,James Harden,2025,UTA,Missed,25.047954008261833,James Harden
Shot Chart Detail,22500087,407,201935,James Harden,1610612746,LA Clippers,3,5,44,Missed Shot,Jump Shot,3PT Field Goal,Above the Break 3,Left Side Center(LC),24+ ft.,25.0,-125.0,219.0,1,0,20251022,UTA,LAC,James Harden,2025,UTA,Missed,25.21626459252044,James Harden
Shot Chart Detail,22500087,497,201935,James Harden,1610612746,LA Clippers,3,0,0,Missed Shot,Jump Shot,3PT Field Goal,Above the Break 3,Left Side Center(LC),24+ ft.,25.0,-142.0,209.0,1,0,20251022,UTA,LAC,James Harden,2025,UTA,Missed,25.267568145747624,James Harden
Shot Chart Detail,22500099,27,201935,James Harden,1610612746,LA Clippers,1,9,34,Made Shot,Driving Floating Bank Jump Shot,2PT Field Goal,Restricted Area,Center(C),Less Than 8 ft.,2.0,-21.0,20.0,1,1,20251024,LAC,PHX,James Harden,2025,LAC,Made,2.9,James Harden
Shot Chart Detail,22500099,34,201935,James Harden,1610612746,LA Clippers,1,9,5,Made Shot,Step Back Jump shot,3PT Field Goal,Above the Break 3,Left Side Center(LC),24+ ft.,26.0,-179.0,189.0,1,1,20251024,LAC,PHX,James Harden,2025,LAC,Made,26.031135203828512,James Harden
Shot Chart Detail,22500099,109,201935,James Harden,1610612746,LA Clippers,1,4,12,Made Shot,Running Layup Shot,2PT Field Goal,Restricted Area,Center(C),Less Than 8 ft.,1.0,6.0,18.0,1,1,20251024,LAC,PHX,James Harden,2025,LAC,Made,1.8973665961010275,James Harden
Shot Chart Detail,22500099,124,201935,James Harden,1610612746,LA Clippers,1,3,13,Made Shot,Jump Shot,3PT Field Goal,Above the Break 3,Right Side Center(RC),24+ ft.,26.0,156.0,214.0,1,1,20251024,LAC,PHX,James Harden,2025,LAC,Made,26.48244701684495,James Harden
Shot Chart Detail,22500099,258,201935,James Harden,1610612746,LA Clippers,2,5,11,Missed Shot,Driving Floating Jump Shot,2PT Field Goal,In The Paint (Non-RA),Center(C),Less Than 8 ft.,5.0,-11.0,54.0,1,0,20251024,LAC,PHX,James Harden,2025,LAC,Missed,5.510898293381942,James Harden
Shot Chart Detail,22500099,319,201935,James Harden,1610612746,LA Clippers,2,1,7,Made Shot,Jump Shot,3PT Field Goal,Above the Break 3,Right Side Center(RC),24+ ft.,26.0,143.0,226.0,1,1,20251024,LAC,PHX,James Harden,2025,LAC,Made,26.744158240632665,James Harden
Shot Chart Detail,22500099,322,201935,James Harden,1610612746,LA Clippers,2,0,47,Made Shot,Pullup Jump shot,3PT Field Goal,Above the Break 3,Left Side Center(LC),24+ ft.,27.0,-125.0,249.0,1,1,20251024,LAC,PHX,James Harden,2025,LAC,Made,27.861442891566117,James Harden
Shot Chart Detail,22500099,326,201935,James Harden,1610612746,LA Clippers,2,0,30,Made Shot,Running Pull-Up Jump Shot,3PT Field Goal,Above the Break 3,Left Side Center(LC),24+ ft.,26.0,-181.0,196.0,1,1,20251024,LAC,PHX,James Harden,2025,LAC,Made,26.67901797293146,James Harden
Shot Chart Detail,22500099,408,201935,James Harden,1610612746,LA Clippers,3,6,55,Made Shot,Driving Floating Jump Shot,2PT Field Goal,Restricted Area,Center(C),Less Than 8 ft.,2.0,5.0,27.0,1,1,20251024,LAC,PHX,James Harden,2025,LAC,Made,2.7459060435491964,James Harden
Shot Chart Detail,22500099,454,201935,James Harden,1610612746,LA Clippers,3,3,46,Missed Shot,Driving Floating Jump Shot,2PT Field Goal,Restricted Area,Center(C),Less Than 8 ft.,3.0,9.0,29.0,1,0,20251024,LAC,PHX,James Harden,2025,LAC,Missed,3.036445290137795,James Harden
Shot Chart Detail,22500099,626,201935,James Harden,1610612746,LA Clippers,3,2,37,Missed Shot,Pullup Jump shot,3PT Field Goal,Above the Break 3,Right Side Center(RC),24+ ft.,25.0,188.0,173.0,1,0,20251024,LAC,PHX,James Harden,2025,LAC,Missed,25.548581173912574,James Harden
Shot Chart Detail,22500099,479,201935,James Harden,1610612746,LA Clippers,3,1,55,Missed Shot,Step Back Jump shot,3PT Field Goal,Above the Break 3,Right Side Center(RC),24+ ft.,26.0,172.0,205.0,1,0,20251024,LAC,PHX,James Harden,2025,LAC,Missed,26.75985799663369,James Harden
Shot Chart Detail,22500112,27,201935,James Harden,1610612746,LA Clippers,1,9,27,Made Shot,Step Back Jump shot,3PT Field Goal,Above the Break 3,Right Side Center(RC),24+ ft.,27.0,135.0,235.0,1,1,20251026,LAC,POR,James Harden,2025,LAC,Made,27.101660465735307,James Harden
Shot Chart Detail,22500112,34,201935,James Harden,1610612746,LA Clippers,1,8,58,Missed Shot,Step Back Jump shot,3PT Field Goal,Left Corner 3,Left Side(L),24+ ft.,23.0,-234.0,29.0,1,0,20251026,LAC,POR,James Harden,2025,LAC,Missed,23.579016094824652,James Harden
Shot Chart Detail,22500112,63,201935,James Harden,1610612746,LA Clippers,1,7,13,Missed Shot,Jump Shot,3PT Field Goal,Above the Break 3,Center(C),24+ ft.,30.0,5.0,306.0,1,0,20251026,LAC,POR,James Harden,2025,LAC,Missed,30.604084694693945,James Harden
Shot Chart Detail,22500112,72,201935,James Harden,1610612746,LA Clippers,1,6,17,Missed Shot,Driving Floating Jump Shot,2PT Field Goal,In The Paint (Non-RA),Center(C),Less Than 8 ft.,6.0,33.0,52.0,1,0,20251026,LAC,POR,James Harden,2025,LAC,Missed,6.158733636065128,James Harden
Shot Chart Detail,22500112,109,201935,James Harden,1610612746,LA Clippers,1,3,47,Made Shot,Driving Layup Shot,2PT Field Goal,Restricted Area,Center(C),Less Than 8 ft.,3.0,7.0,37.0,1,1,20251026,LAC,POR,James Harden,2025,LAC,Made,3.7656340767525465,James Harden
Shot Chart Detail,22500112,323,201935,James Harden,1610612746,LA Clippers,2,4,5,Missed Shot,Jump Shot,3PT Field Goal,Above the Break 3,Right Side Center(RC),24+ ft.,27.0,113.0,252.0,1,0,20251026,LAC,POR,James Harden,2025,LAC,Missed,27.61756687327832,James Harden
Shot Chart Detail,22500112,327,201935,James Harden,1610612746,LA Clippers,2,3,38,Missed Shot,Pullup Jump shot,3PT Field Goal,Above the Break 3,Left Side Center(LC),24+ ft.,27.0,-150.0,226.0,1,0,20251026,LAC,POR,James Harden,2025,LAC,Missed,27.12489631316588,James Harden
Shot Chart Detail,22500112,429,201935,James Harden,1610612746,LA Clippers,3,8,21,Made Shot,Driving Floating Jump Shot,2PT Field Goal,In The Paint (Non-RA),Center(C),Less Than 8 ft.,4.0,-1.0,41.0,1,1,20251026,LAC,POR,James Harden,2025,LAC,Made,4.1012193308819755,James Harden
Shot Chart Detail,22500112,482,201935,James Harden,1610612746,LA Clippers,3,4,7,Missed Shot,Running Pull-Up Jump Shot,3PT Field Goal,Above the Break 3,Right Side Center(RC),24+ ft.,26.0,169.0,200.0,1,0,20251026,LAC,POR,James Harden,2025,LAC,Missed,26.184155514356387,James Harden
Shot Chart Detail,22500112,507,201935,James Harden,1610612746,LA Clippers,3,2,32,Made Shot,Driving Layup Shot,2PT Field Goal,Restricted Area,Center(C),Less Than 8 ft.,1.0,-12.0,9.0,1,1,20251026,LAC,POR,James Harden,2025,LAC,Made,1.5,James Harden
Shot Chart Detail,22500112,531,201935,James Harden,1610612746,LA Clippers,3,0,49,Made Shot,Step Back Jump shot,3PT Field Goal,Above the Break 3,Right Side Center(RC),24+ ft.,27.0,170.0,213.0,1,1,20251026,LAC,POR,James Harden,2025,LAC,Made,27.252339349127443,James Harden
Shot Chart Detail,22500112,660,201935,James Harden,1610612746,LA Clippers,4,5,44,Made Shot,Running Layup Shot,2PT Field Goal,In The Paint (Non-RA),Center(C),Less Than 8 ft.,5.0,-12.0,55.0,1,1,20251026,LAC,POR,James Harden,2025,LAC,Made,5.629387178015028,James Harden
Shot Chart Detail,22500127,35,201935,James Harden,1610612746,LA Clippers,1,8,40,Made Shot,Driving Floating Bank Jump Shot,2PT Field Goal,Mid-Range,Left Side(L),8-16 ft.,13.0,-116.0,64.0,1,1,20251028,GSW,LAC,James Harden,2025,GSW,Made,13.248396129343357,James Harden
Shot Chart Detail,22500127,149,201935,James Harden,1610612746,LA Clippers,1,5,37,Missed Shot,Step Back Jump shot,3PT Field Goal,Right Corner 3,Right Side(R),24+ ft.,24.0,243.0,38.0,1,0,20251028,GSW,LAC,James Harden,2025,GSW,Missed,24.59532475898621,James Harden
Shot Chart Detail,22500127,85,201935,James Harden,1610612746,LA Clippers,1,5,2,Missed Shot,Driving Layup Shot,2PT Field Goal,Restricted Area,Center(C),Less Than 8 ft.,2.0,-22.0,20.0,1,0,20251028,GSW,LAC,James Harden,2025,GSW,Missed,2.973213749463701,James Harden
Shot Chart Detail,22500127,104,201935,James Harden,1610612746,LA Clippers,1,3,36,Made Shot,Running Layup Shot,2PT Field Goal,Restricted Area,Center(C),Less Than 8 ft.,3.0,-16.0,26.0,1,1,20251028,GSW,LAC,James Harden,2025,GSW,Made,3.0528675044947495,James Harden
Shot Chart Detail,22500127,134,201935,James Harden,1610612746,LA Clippers,1,1,47,Missed Shot,Pullup Jump shot,3PT Field Goal,Above the Break 3,Right Side Center(RC),24+ ft.,25.0,158.0,197.0,1,0,20251028,GSW,LAC,James Harden,2025,GSW,Missed,25.253316613862822,James Harden
Shot Chart Detail,22500127,139,201935,James Harden,1610612746,LA Clippers,1,1,31,Made Shot,Driving Floating Jump Shot,2PT Field Goal,Mid-Range,Center(C),16-24 ft.,16.0,2.0,169.0,1,1,20251028,GSW,LAC,James Harden,2025,GSW,Made,16.901183390520323,James Harden
Shot Chart Detail,22500127,144,201935,James Harden,1610612746,LA Clippers,1,0,51,Made Shot,Driving Layup Shot,2PT Field Goal,In The Paint (Non-RA),Center(C),Less Than 8 ft.,4.0,-26.0,41.0,1,1,20251028,GSW,LAC,James Harden,2025,GSW,Made,4.854894437575342,James Harden
Shot Chart Detail,22500127,290,201935,James Harden,1610612746,LA Clippers,2,3,19,Made Shot,Running Layup Shot,2PT Field Goal,Restricted Area,Center(C),Less Than 8 ft.,3.0,-21.0,26.0,1,1,20251028,GSW,LAC,James Harden,2025,GSW,Made,3.3421549934136805,James Harden
Shot Chart Detail,22500127,293,201935,James Harden,1610612746,LA Clippers,2,2,50,Missed Shot,Step Back Jump shot,3PT Field Goal,Above the Break 3,Left Side Center(LC),24+ ft.,26.0,-89.0,249.0,1,0,20251028,GSW,LAC,James Harden,2025,GSW,Missed,26.442768387595123,James Harden
Shot Chart Detail,22500127,307,201935,James Harden,1610612746,LA Clippers,2,1,44,Missed Shot,Driving Layup Shot,2PT Field Goal,In The Paint (Non-RA),Center(C),Less Than 8 ft.,4.0,10.0,39.0,1,0,20251028,GSW,LAC,James Harden,2025,GSW,Missed,4.026164427839479,James Harden
Shot Chart Detail,22500127,319,201935,James Harden,1610612746,LA Clippers,2,0,41,Made Shot,Running Pull-Up Jump Shot,3PT Field Goal,Above the Break 3,Center(C),24+ ft.,30.0,-2.0,300.0,1,1,20251028,GSW,LAC,James Harden,2025,GSW,Made,30.000666659259423,James Harden
Shot Chart Detail,22500127,324,201935,James Harden,1610612746,LA Clippers,2,0,1,Missed Shot,Step Back Jump shot,3PT Field Goal,Above the Break 3,Right Side Center(RC),24+ ft.,26.0,158.0,207.0,1,0,20251028,GSW,LAC,James Harden,2025,GSW,Missed,26.040929322894755,James Harden
Shot Chart Detail,22500127,347,201935,James Harden,1610612746,LA Clippers,3,10,8,Missed Shot,Fadeaway Jump Shot,2PT Field Goal,In The Paint (Non-RA),Center(C),8-16 ft.,13.0,5.0,135.0,1,0,20251028,GSW,LAC,James Harden,2025,GSW,Missed,13.509256086106296,James Harden
Shot Chart Detail,22500127,398,201935,James Harden,1610612746,LA Clippers,3,5,17,Missed Shot,Driving Floating Jump Shot,2PT Field Goal,In The Paint (Non-RA),Center(C),8-16 ft.,10.0,-7.0,105.0,1,0,20251028,GSW,LAC,James Harden,2025,GSW,Missed,10.523307464861036,James Harden
Shot Chart Detail,22500127,505,201935,James Harden,1610612746,LA Clippers,4,8,32,Missed Shot,Driving Floating Jump Shot,2PT Field Goal,In The Paint (Non-RA),Center(C),Less Than 8 ft.,4.0,16.0,46.0,1,0,20251028,GSW,LAC,James Harden,2025,GSW,Missed,4.870318264754369,James Harden
Shot Chart Detail,22500164,34,201935,James Harden,1610612746,LA Clippers,1,8,51,Made Shot,Jump Shot,3PT Field Goal,Above the Break 3,Right Side Center(RC),24+ ft.,28.0,140.0,243.0,1,1,20251103,LAC,MIA,James Harden,2025,LAC,Made,28.04442903679802,James Harden
Shot Chart Detail,22500164,45,201935,James Harden,1610612746,LA Clippers,1,7,54,Made Shot,Step Back Jump shot,3PT Field Goal,Above the Break 3,Right Side Center(RC),24+ ft.,25.0,157.0,205.0,1,1,20251103,LAC,MIA,James Harden,2025,LAC,Made,25.821309029559284,James Harden
Shot Chart Detail,22500164,62,201935,James Harden,1610612746,LA Clippers,1,6,42,Missed Shot,Driving Layup Shot,2PT Field Goal,In The Paint (Non-RA),Center(C),Less Than 8 ft.,4.0,-11.0,39.0,1,0,20251103,LAC,MIA,James Harden,2025,LAC,Missed,4.052159917870962,James Harden
Shot Chart Detail,22500164,165,201935,James Harden,1610612746,LA Clippers,2,11,1,Made Shot,Step Back Jump shot,2PT Field Goal,Mid-Range,Right Side(R),8-16 ft.,15.0,108.0,105.0,1,1,20251103,LAC,MIA,James Harden,2025,LAC,Made,15.06286825275983,James Harden
Shot Chart Detail,22500164,220,201935,James Harden,1610612746,LA Clippers,2,6,47,Missed Shot,Pullup Jump shot,3PT Field Goal,Above the Break 3,Center(C),24+ ft.,33.0,-7.0,330.0,1,0,20251103,LAC,MIA,James Harden,2025,LAC,Missed,33.00742340747003,James Harden
Shot Chart Detail,22500164,251,201935,James Harden,1610612746,LA Clippers,2,5,11,Made Shot,Pullup Jump shot,3PT Field Goal,Above the Break 3,Center(C),24+ ft.,27.0,48.0,272.0,1,1,20251103,LAC,MIA,James Harden,2025,LAC,Made,27.62028240261131,James Harden
Shot Chart Detail,22500164,286,201935,James Harden,1610612746,LA Clippers,2,3,27,Missed Shot,Step Back Jump shot,3PT Field Goal,Above the Break 3,Center(C),24+ ft.,28.0,45.0,281.0,1,0,20251103,LAC,MIA,James Harden,2025,LAC,Missed,28.458039285938167,James Harden
Shot Chart Detail,22500164,307,201935,James Harden,1610612746,LA Clippers,2,1,30,Made Shot,Jump Shot,3PT Field Goal,Above the Break 3,Center(C),24+ ft.,28.0,87.0,273.0,1,1,20251103,LAC,MIA,James Harden,2025,LAC,Made,28.652748559256928,James Harden
Shot Chart Detail,22500164,326,201935,James Harden,1610612746,LA Clippers,2,0,31,Missed Shot,Pullup Jump shot,3PT Field Goal,Above the Break 3,Right Side Center(RC),24+ ft.,30.0,98.0,289.0,1,0,20251103,LAC,MIA,James Harden,2025,LAC,Missed,30.516389039334257,James Harden
Shot Chart Detail,22500164,333,201935,James Harden,1610612746,LA Clippers,2,0,3,Missed Shot,Driving Floating Jump Shot,2PT Field Goal,In The Paint (Non-RA),Center(C),Less Than 8 ft.,4.0,6.0,41.0,1,0,20251103,LAC,MIA,James Harden,2025,LAC,Missed,4.143669871020132,James Harden
Shot Chart Detail,22500164,400,201935,James Harden,1610612746,LA Clippers,3,7,1,Missed Shot,Driving Floating Jump Shot,2PT Field Goal,In The Paint (Non-RA),Center(C),Less Than 8 ft.,4.0,7.0,48.0,1,0,20251103,LAC,MIA,James Harden,2025,LAC,Missed,4.850773134253961,James Harden
Shot Chart Detail,22500164,536,201935,James Harden,1610612746,LA Clippers,4,10,0,Missed Shot,Step Back Jump shot,3PT Field Goal,Above the Break 3,Left Side Center(LC),24+ ft.,26.0,-174.0,201.0,1,0,20251103,LAC,MIA,James Harden,2025,LAC,Missed,26.585146228674386,James Harden
Shot Chart Detail,22500164,615,201935,James Harden,1610612746,LA Clippers,4,4,38,Made Shot,Driving Layup Shot,2PT Field Goal,Restricted Area,Center(C),Less Than 8 ft.,1.0,-10.0,9.0,1,1,20251103,LAC,MIA,James Harden,2025,LAC,Made,1.345362404707371,James Harden
Shot Chart Detail,22500164,633,201935,James Harden,1610612746,LA Clippers,4,1,46,Made Shot,Pullup Jump shot,3PT Field Goal,Above the Break 3,Center(C),24+ ft.,29.0,-38.0,297.0,1,1,20251103,LAC,MIA,James Harden,2025,LAC,Made,29.942110814035807,James Harden
Shot Chart Detail,22500164,646,201935,James Harden,1610612746,LA Clippers,4,0,19,Made Shot,Running Pull-Up Jump Shot,3PT Field Goal,Above the Break 3,Right Side Center(RC),24+ ft.,25.0,190.0,177.0,1,1,20251103,LAC,MIA,James Harden,2025,LAC,Made,25.967094562156927,James Harden
Shot Chart Detail,22500170,15,201935,James Harden,1610612746,LA Clippers,1,11,2,Missed Shot,Pullup Jump shot,2PT Field Goal,Mid-Range,Left Side Center(LC),16-24 ft.,17.0,-71.0,159.0,1,0,20251104,LAC,OKC,James Harden,2025,LAC,Missed,17.413213373757298,James Harden
Shot Chart Detail,22500170,24,201935,James Harden,1610612746,LA Clippers,1,10,34,Made Shot,Jump Shot,3PT Field Goal,Above the Break 3,Center(C),24+ ft.,29.0,43.0,296.0,1,1,20251104,LAC,OKC,James Harden,2025,LAC,Made,29.910700426436023,James Harden
Shot Chart Detail,22500170,32,201935,James Harden,1610612746,LA Clippers,1,10,10,Made Shot,Jump Shot,3PT Field Goal,Above the Break 3,Right Side Center(RC),24+ ft.,27.0,143.0,239.0,1,1,20251104,LAC,OKC,James Harden,2025,LAC,Made,27.85139134765084,James Harden
Shot Chart Detail,22500170,38,201935,James Harden,1610612746,LA Clippers,1,9,41,Made Shot,Step Back Jump shot,3PT Field Goal,Above the Break 3,Center(C),24+ ft.,27.0,60.0,269.0,1,1,20251104,LAC,OKC,James Harden,2025,LAC,Made,27.561023203067045,James Harden
Shot Chart Detail,22500170,69,201935,James Harden,1610612746,LA Clippers,1,7,38,Missed Shot,Driving Layup Shot,2PT Field Goal,In The Paint (Non-RA),Center(C),Less Than 8 ft.,4.0,-20.0,41.0,1,0,20251104,LAC,OKC,James Harden,2025,LAC,Missed,4.561797891182818,James Harden
Shot Chart Detail,22500170,76,201935,James Harden,1610612746,LA Clippers,1,7,6,Missed Shot,Pullup Jump shot,3PT Field Goal,Above the Break 3,Left Side Center(LC),24+ ft.,26.0,-131.0,233.0,1,0,20251104,LAC,OKC,James Harden,2025,LAC,Missed,26.730132809247316,James Harden
Shot Chart Detail,22500170,87,201935,James Harden,1610612746,LA Clippers,1,5,57,Made Shot,Driving Floating Bank Jump Shot,2PT Field Goal,In The Paint (Non-RA),Center(C),Less Than 8 ft.,6.0,54.0,33.0,1,1,20251104,LAC,OKC,James Harden,2025,LAC,Made,6.328506932918696,James Harden
Shot Chart Detail,22500170,122,201935,James Harden,1610612746,LA Clippers,1,3,22,Made Shot,Jump Shot,3PT Field Goal,Above the Break 3,Left Side Center(LC),24+ ft.,26.0,-213.0,154.0,1,1,20251104,LAC,OKC,James Harden,2025,LAC,Made,26.284025566872362,James Harden
Shot Chart Detail,22500170,262,201935,James Harden,1610612746,LA Clippers,2,6,7,Missed Shot,Pullup Jump shot,3PT Field Goal,Above the Break 3,Center(C),24+ ft.,30.0,-12.0,304.0,1,0,20251104,LAC,OKC,James Harden,2025,LAC,Missed,30.42367499169027,James Harden
Shot Chart Detail,22500170,270,201935,James Harden,1610612746,LA Clippers,2,5,11,Missed Shot,Driving Floating Jump Shot,2PT Field Goal,In The Paint (Non-RA),Center(C),8-16 ft.,9.0,-26.0,96.0,1,0,20251104,LAC,OKC,James Harden,2025,LAC,Missed,9.945853407325085,James Harden
Shot Chart Detail,22500170,284,201935,James Harden,1610612746,LA Clippers,2,4,49,Made Shot,Driving Floating Jump Shot,2PT Field Goal,In The Paint (Non-RA),Center(C),Less Than 8 ft.,4.0,7.0,49.0,1,1,20251104,LAC,OKC,James Harden,2025,LAC,Made,4.949747468305833,James Harden
Shot Chart Detail,22500170,304,201935,James Harden,1610612746,LA Clippers,2,2,43,Missed Shot,Driving Layup Shot,2PT Field Goal,In The Paint (Non-RA),Center(C),Less Than 8 ft.,6.0,-23.0,58.0,1,0,20251104,LAC,OKC,James Harden,2025,LAC,Missed,6.239390995922599,James Harden
Shot Chart Detail,22500170,310,201935,James Harden,1610612746,LA Clippers,2,2,33,Made Shot,Jump Shot,3PT Field Goal,Above the Break 3,Center(C),24+ ft.,29.0,-87.0,285.0,1,1,20251104,LAC,OKC,James Harden,2025,LAC,Made,29.79832210041364,James Harden
Shot Chart Detail,22500170,332,201935,James Harden,1610612746,LA Clippers,2,0,43,Missed Shot,Pullup Jump shot,3PT Field Goal,Above the Break 3,Right Side Center(RC),24+ ft.,27.0,104.0,258.0,1,0,20251104,LAC,OKC,James Harden,2025,LAC,Missed,27.817260828485608,James Harden
Shot Chart Detail,22500170,411,201935,James Harden,1610612746,LA Clippers,3,6,35,Missed Shot,Driving Floating Jump Shot,2PT Field Goal,In The Paint (Non-RA),Center(C),Less Than 8 ft.,4.0,12.0,40.0,1,0,20251104,LAC,OKC,James Harden,2025,LAC,Missed,4.17612260356422,James Harden
Shot Chart Detail,22500170,422,201935,James Harden,1610612746,LA Clippers,3,5,56,Missed Shot,Pullup Jump shot,3PT Field Goal,Above the Break 3,Center(C),24+ ft.,28.0,-87.0,274.0,1,0,20251104,LAC,OKC,James Harden,2025,LAC,Missed,28.74804341168282,James Harden
Shot Chart Detail,22500170,461,201935,James Harden,1610612746,LA Clippers,3,3,19,Missed Shot,Driving Floating Bank Jump Shot,2PT Field Goal,In The Paint (Non-RA),Center(C),Less Than 8 ft.,7.0,50.0,56.0,1,0,20251104,LAC,OKC,James Harden,2025,LAC,Missed,7.507329751649384,James Harden
Shot Chart Detail,22500190,20,201935,James Harden,1610612746,LA Clippers,1,10,21,Missed Shot,Step Back Jump shot,3PT Field Goal,Above the Break 3,Center(C),24+ ft.,29.0,-59.0,289.0,1,0,20251108,LAC,PHX,James Harden,2025,LAC,Missed,29.496101437308624,James Harden
Shot Chart Detail,22500190,44,201935,James Harden,1610612746,LA Clippers,1,8,26,Made Shot,Pullup Jump shot,2PT Field Goal,Mid-Range,Right Side(R),8-16 ft.,12.0,118.0,29.0,1,1,20251108,LAC,PHX,James Harden,2025,LAC,Made,12.151131634543344,James Harden
Shot Chart Detail,22500190,56,201935,James Harden,1610612746,LA Clippers,1,7,7,Made Shot,Pullup Jump shot,3PT Field Goal,Above the Break 3,Right Side Center(RC),24+ ft.,25.0,138.0,218.0,1,1,20251108,LAC,PHX,James Harden,2025,LAC,Made,25.800775182152954,James Harden
Shot Chart Detail,22500190,116,201935,James Harden,1610612746,LA Clippers,1,2,32,Made Shot,Driving Layup Shot,2PT Field Goal,Restricted Area,Center(C),Less Than 8 ft.,2.0,-18.0,21.0,1,1,20251108,LAC,PHX,James Harden,2025,LAC,Made,2.765863337187866,James Harden
Shot Chart Detail,22500190,131,201935,James Harden,1610612746,LA Clippers,1,0,58,Missed Shot,Driving Floating Jump Shot,2PT Field Goal,In The Paint (Non-RA),Center(C),Less Than 8 ft.,6.0,-16.0,64.0,1,0,20251108,LAC,PHX,James Harden,2025,LAC,Missed,6.596969000988257,James Harden
Shot Chart Detail,22500190,142,201935,James Harden,1610612746,LA Clippers,1,0,0,Missed Shot,Jump Shot,3PT Field Goal,Above the Break 3,Right Side Center(RC),24+ ft.,29.0,178.0,236.0,1,0,20251108,LAC,PHX,James Harden,2025,LAC,Missed,29.560108254199612,James Harden
Shot Chart Detail,22500190,256,201935,James Harden,1610612746,LA Clippers,2,4,41,Missed Shot,Jump Shot,3PT Field Goal,Above the Break 3,Right Side Center(RC),24+ ft.,25.0,153.0,207.0,1,0,20251108,LAC,PHX,James Harden,2025,LAC,Missed,25.740629362935163,James Harden
Shot Chart Detail,22500190,271,201935,James Harden,1610612746,LA Clippers,2,4,0,Missed Shot,Jump Shot,3PT Field Goal,Above the Break 3,Left Side Center(LC),24+ ft.,25.0,-103.0,233.0,1,0,20251108,LAC,PHX,James Harden,2025,LAC,Missed,25.47508586835381,James Harden
Shot Chart Detail,22500190,296,201935,James Harden,1610612746,LA Clippers,2,1,47,Missed Shot,Driving Floating Jump Shot,2PT Field Goal,In The Paint (Non-RA),Center(C),Less Than 8 ft.,6.0,16.0,60.0,1,0,20251108,LAC,PHX,James Harden,2025,LAC,Missed,6.20966987850401,James Harden
Shot Chart Detail,22500190,330,201935,James Harden,1610612746,LA Clippers,3,10,50,Made Shot,Running Jump Shot,3PT Field Goal,Above the Break 3,Right Side Center(RC),24+ ft.,25.0,213.0,132.0,1,1,20251108,LAC,PHX,James Harden,2025,LAC,Made,25.058531481313903,James Harden
Shot Chart Detail,22500190,349,201935,James Harden,1610612746,LA Clippers,3,9,7,Missed Shot,Step Back Jump shot,3PT Field Goal,Above the Break 3,Left Side Center(LC),24+ ft.,24.0,-218.0,113.0,1,0,20251108,LAC,PHX,James Harden,2025,LAC,Missed,24.554632964066066,James Harden
Shot Chart Detail,22500190,507,201935,James Harden,1610612746,LA Clippers,4,10,46,Missed Shot,Jump Shot,3PT Field Goal,Above the Break 3,Left Side Center(LC),24+ ft.,27.0,-173.0,208.0,1,0,20251108,LAC,PHX,James Harden,2025,LAC,Missed,27.0542048487846,James Harden
Shot Chart Detail,22500190,521,201935,James Harden,1610612746,LA Clippers,4,9,49,Missed Shot,Step Back Jump shot,2PT Field Goal,Mid-Range,Center(C),8-16 ft.,15.0,12.0,152.0,1,0,20251108,LAC,PHX,James Harden,2025,LAC,Missed,15.247294842036734,James Harden
Shot Chart Detail,22500190,556,201935,James Harden,1610612746,LA Clippers,4,6,21,Missed Shot,Step Back Jump shot,3PT Field Goal,Above the Break 3,Right Side Center(RC),24+ ft.,24.0,181.0,162.0,1,0,20251108,LAC,PHX,James Harden,2025,LAC,Missed,24.290944814889354,James Harden
Shot Chart Detail,22500190,603,201935,James Harden,1610612746,LA Clippers,4,2,2,Missed Shot,Pullup Jump shot,3PT Field Goal,Above the Break 3,Center(C),24+ ft.,35.0,18.0,351.0,1,0,20251108,LAC,PHX,James Harden,2025,LAC,Missed,35.14612354157994,James Harden
Shot Chart Detail,22500206,44,201935,James Harden,1610612746,LA Clippers,1,7,23,Made Shot,Step Back Jump shot,2PT Field Goal,Mid-Range,Right Side(R),8-16 ft.,15.0,123.0,88.0,1,1,20251110,LAC,ATL,James Harden,2025,LAC,Made,15.123822268196623,James Harden
Shot Chart Detail,22500206,61,201935,James Harden,1610612746,LA Clippers,1,5,52,Missed Shot,Jump Shot,3PT Field Goal,Above the Break 3,Center(C),24+ ft.,27.0,-59.0,270.0,1,0,20251110,LAC,ATL,James Harden,2025,LAC,Missed,27.637112729082247,James Harden
Shot Chart Detail,22500206,105,201935,James Harden,1610612746,LA Clippers,1,3,44,Made Shot,Step Back Jump shot,3PT Field Goal,Above the Break 3,Left Side Center(LC),24+ ft.,26.0,-185.0,194.0,1,1,20251110,LAC,ATL,James Harden,2025,LAC,Made,26.80690209628856,James Harden
Shot Chart Detail,22500206,123,201935,James Harden,1610612746,LA Clippers,1,1,45,Missed Shot,Driving Reverse Layup Shot,2PT Field Goal,Restricted Area,Center(C),Less Than 8 ft.,3.0,2.0,39.0,1,0,20251110,LAC,ATL,James Harden,2025,LAC,Missed,3.905124837953327,James Harden
Shot Chart Detail,22500206,240,201935,James Harden,1610612746,LA Clippers,2,4,47,Missed Shot,Step Back Jump shot,3PT Field Goal,Above the Break 3,Left Side Center(LC),24+ ft.,27.0,-126.0,241.0,1,0,20251110,LAC,ATL,James Harden,2025,LAC,Missed,27.195036311797782,James Harden
Shot Chart Detail,22500206,249,201935,James Harden,1610612746,LA Clippers,2,3,43,Missed Shot,Putback Layup Shot,2PT Field Goal,Restricted Area,Center(C),Less Than 8 ft.,2.0,-10.0,20.0,1,0,20251110,LAC,ATL,James Harden,2025,LAC,Missed,2.23606797749979,James Harden
Shot Chart Detail,22500206,276,201935,James Harden,1610612746,LA Clippers,2,1,56,Made Shot,Driving Floating Bank Jump Shot,2PT Field Goal,In The Paint (Non-RA),Right Side(R),8-16 ft.,10.0,70.0,77.0,1,1,20251110,LAC,ATL,James Harden,2025,LAC,Made,10.406248123122953,James Harden
Shot Chart Detail,22500206,288,201935,James Harden,1610612746,LA Clippers,2,1,16,Made Shot,Jump Shot,3PT Field Goal,Above the Break 3,Center(C),24+ ft.,30.0,85.0,296.0,1,1,20251110,LAC,ATL,James Harden,2025,LAC,Made,30.79626600742369,James Harden
Shot Chart Detail,22500206,299,201935,James Harden,1610612746,LA Clippers,2,0,5,Missed Shot,Jump Shot,3PT Field Goal,Above the Break 3,Center(C),24+ ft.,30.0,80.0,299.0,1,0,20251110,LAC,ATL,James Harden,2025,LAC,Missed,30.951736623330202,James Harden
Shot Chart Detail,22500206,355,201935,James Harden,1610612746,LA Clippers,3,8,0,Made Shot,Driving Floating Bank Jump Shot,2PT Field Goal,Restricted Area,Center(C),Less Than 8 ft.,2.0,1.0,22.0,1,1,20251110,LAC,ATL,James Harden,2025,LAC,Made,2.2022715545545237,James Harden
Shot Chart Detail,22500206,387,201935,James Harden,1610612746,LA Clippers,3,5,24,Missed Shot,Jump Shot,3PT Field Goal,Above the Break 3,Center(C),24+ ft.,25.0,-74.0,246.0,1,0,20251110,LAC,ATL,James Harden,2025,LAC,Missed,25.68890811225732,James Harden
Shot Chart Detail,22500206,389,201935,James Harden,1610612746,LA Clippers,3,5,18,Missed Shot,Jump Shot,3PT Field Goal,Above the Break 3,Left Side Center(LC),24+ ft.,27.0,-109.0,251.0,1,0,20251110,LAC,ATL,James Harden,2025,LAC,Missed,27.364575640780544,James Harden
Shot Chart Detail,22500206,407,201935,James Harden,1610612746,LA Clippers,3,4,3,Made Shot,Driving Layup Shot,2PT Field Goal,Restricted Area,Center(C),Less Than 8 ft.,2.0,-22.0,19.0,1,1,20251110,LAC,ATL,James Harden,2025,LAC,Made,2.906888370749727,James Harden
Shot Chart Detail,22500206,500,201935,James Harden,1610612746,LA Clippers,4,9,52,Missed Shot,Jump Shot,3PT Field Goal,Above the Break 3,Center(C),24+ ft.,26.0,-37.0,262.0,1,0,20251110,LAC,ATL,James Harden,2025,LAC,Missed,26.459969765666777,James Harden
Shot Chart Detail,22500206,515,201935,James Harden,1610612746,LA Clippers,4,8,57,Made Shot,Driving Floating Bank Jump Shot,2PT Field Goal,Restricted Area,Center(C),Less Than 8 ft.,1.0,-17.0,5.0,1,1,20251110,LAC,ATL,James Harden,2025,LAC,Made,1.772004514666935,James Harden
Shot Chart Detail,22500206,523,201935,James Harden,1610612746,LA Clippers,4,8,25,Missed Shot,Step Back Jump shot,3PT Field Goal,Above the Break 3,Right Side Center(RC),24+ ft.,27.0,141.0,234.0,1,0,20251110,LAC,ATL,James Harden,2025,LAC,Missed,27.319773059086707,James Harden
Shot Chart Detail,22500206,526,201935,James Harden,1610612746,LA Clippers,4,7,52,Made Shot,Pullup Jump shot,3PT Field Goal,Above the Break 3,Right Side Center(RC),24+ ft.,26.0,127.0,230.0,1,1,20251110,LAC,ATL,James Harden,2025,LAC,Made,26.273370548903692,James Harden
Shot Chart Detail,22500206,544,201935,James Harden,1610612746,LA Clippers,4,6,18,Missed Shot,Pullup Jump shot,2PT Field Goal,In The Paint (Non-RA),Center(C),8-16 ft.,9.0,-42.0,84.0,1,0,20251110,LAC,ATL,James Harden,2025,LAC,Missed,9.391485505499116,James Harden
Shot Chart Detail,22500206,557,201935,James Harden,1610612746,LA Clippers,4,5,29,Made Shot,Jump Shot,3PT Field Goal,Above the Break 3,Right Side Center(RC),24+ ft.,28.0,93.0,268.0,1,1,20251110,LAC,ATL,James Harden,2025,LAC,Made,28.367763394388355,James Harden
Shot Chart Detail,22500206,560,201935,James Harden,1610612746,LA Clippers,4,5,1,Made Shot,Pullup Jump shot,3PT Field Goal,Above the Break 3,Right Side Center(RC),24+ ft.,26.0,205.0,164.0,1,1,20251110,LAC,ATL,James Harden,2025,LAC,Made,26.25280937347468,James Harden
Shot Chart Detail,22500206,568,201935,James Harden,1610612746,LA Clippers,4,3,56,Made Shot,Driving Floating Bank Jump Shot,2PT Field Goal,Restricted Area,Center(C),Less Than 8 ft.,2.0,-22.0,10.0,1,1,20251110,LAC,ATL,James Harden,2025,LAC,Made,2.4166091947189146,James Harden
Shot Chart Detail,22500206,611,201935,James Harden,1610612746,LA Clippers,4,0,25,Made Shot,Jump Shot,3PT Field Goal,Above the Break 3,Center(C),24+ ft.,26.0,76.0,252.0,1,1,20251110,LAC,ATL,James Harden,2025,LAC,Made,26.321094202179363,James Harden
Shot Chart Detail,22500206,622,201935,James Harden,1610612746,LA Clippers,4,0,11,Missed Shot,Running Pull-Up Jump Shot,3PT Field Goal,Above the Break 3,Center(C),24+ ft.,34.0,-30.0,346.0,1,0,20251110,LAC,ATL,James Harden,2025,LAC,Missed,34.72981428110435,James Harden
Shot Chart Detail,22500224,40,201935,James Harden,1610612746,LA Clippers,1,8,24,Made Shot,Driving Layup Shot,2PT Field Goal,In The Paint (Non-RA),Center(C),Less Than 8 ft.,4.0,-13.0,38.0,1,1,20251112,LAC,DEN,James Harden,2025,LAC,Made,4.016217125604641,James Harden
Shot Chart Detail,22500224,42,201935,James Harden,1610612746,LA Clippers,1,8,6,Made Shot,Driving Floating Jump Shot,2PT Field Goal,In The Paint (Non-RA),Center(C),8-16 ft.,12.0,-50.0,111.0,1,1,20251112,LAC,DEN,James Harden,2025,LAC,Made,12.174152947946727,James Harden
Shot Chart Detail,22500224,64,201935,James Harden,1610612746,LA Clippers,1,6,21,Missed Shot,Pullup Jump shot,3PT Field Goal,Above the Break 3,Center(C),24+ ft.,28.0,-31.0,279.0,1,0,20251112,LAC,DEN,James Harden,2025,LAC,Missed,28.071693928225994,James Harden
Shot Chart Detail,22500224,122,201935,James Harden,1610612746,LA Clippers,1,2,59,Missed Shot,Driving Layup Shot,2PT Field Goal,In The Paint (Non-RA),Center(C),Less Than 8 ft.,4.0,-18.0,39.0,1,0,20251112,LAC,DEN,James Harden,2025,LAC,Missed,4.295346318982906,James Harden
Shot Chart Detail,22500224,135,201935,James Harden,1610612746,LA Clippers,1,1,51,Made Shot,Driving Layup Shot,2PT Field Goal,Restricted Area,Center(C),Less Than 8 ft.,2.0,-2.0,25.0,1,1,20251112,LAC,DEN,James Harden,2025,LAC,Made,2.507987240796891,James Harden
Shot Chart Detail,22500224,137,201935,James Harden,1610612746,LA Clippers,1,1,15,Made Shot,Pullup Jump shot,3PT Field Goal,Above the Break 3,Left Side Center(LC),24+ ft.,26.0,-136.0,230.0,1,1,20251112,LAC,DEN,James Harden,2025,LAC,Made,26.720029940102982,James Harden
Shot Chart Detail,22500224,260,201935,James Harden,1610612746,LA Clippers,2,4,7,Made Shot,Driving Layup Shot,2PT Field Goal,In The Paint (Non-RA),Center(C),Less Than 8 ft.,4.0,-11.0,39.0,1,1,20251112,LAC,DEN,James Harden,2025,LAC,Made,4.052159917870962,James Harden
Shot Chart Detail,22500224,264,201935,James Harden,1610612746,LA Clippers,2,3,36,Missed Shot,Step Back Jump shot,2PT Field Goal,In The Paint (Non-RA),Center(C),8-16 ft.,12.0,58.0,116.0,1,0,20251112,LAC,DEN,James Harden,2025,LAC,Missed,12.96919426949878,James Harden
Shot Chart Detail,22500224,268,201935,James Harden,1610612746,LA Clippers,2,3,30,Missed Shot,Jump Shot,3PT Field Goal,Above the Break 3,Right Side Center(RC),24+ ft.,26.0,132.0,230.0,1,0,20251112,LAC,DEN,James Harden,2025,LAC,Missed,26.518672666632465,James Harden
Shot Chart Detail,22500224,354,201935,James Harden,1610612746,LA Clippers,3,9,27,Missed Shot,Step Back Jump shot,3PT Field Goal,Above the Break 3,Right Side Center(RC),24+ ft.,27.0,115.0,247.0,1,0,20251112,LAC,DEN,James Harden,2025,LAC,Missed,27.245917125323565,James Harden
Shot Chart Detail,22500224,395,201935,James Harden,1610612746,LA Clippers,3,6,55,Missed Shot,Driving Floating Bank Jump Shot,2PT Field Goal,Restricted Area,Center(C),Less Than 8 ft.,3.0,-29.0,8.0,1,0,20251112,LAC,DEN,James Harden,2025,LAC,Missed,3.0083217912982647,James Harden
Shot Chart Detail,22500224,412,201935,James Harden,1610612746,LA Clippers,3,5,55,Missed Shot,Pullup Jump shot,3PT Field Goal,Above the Break 3,Left Side Center(LC),24+ ft.,26.0,-174.0,198.0,1,0,20251112,LAC,DEN,James Harden,2025,LAC,Missed,26.359059163786554,James Harden
Shot Chart Detail,22500224,416,201935,James Harden,1610612746,LA Clippers,3,5,18,Missed Shot,Pullup Jump shot,2PT Field Goal,In The Paint (Non-RA),Center(C),8-16 ft.,9.0,-2.0,94.0,1,0,20251112,LAC,DEN,James Harden,2025,LAC,Missed,9.402127418834528,James Harden
Shot Chart Detail,22500224,438,201935,James Harden,1610612746,LA Clippers,3,4,20,Made Shot,Driving Layup Shot,2PT Field Goal,Restricted Area,Center(C),Less Than 8 ft.,1.0,5.0,9.0,1,1,20251112,LAC,DEN,James Harden,2025,LAC,Made,1.0295630140987,James Harden
Shot Chart Detail,22500224,470,201935,James Harden,1610612746,LA Clippers,3,2,12,Missed Shot,Step Back Jump shot,3PT Field Goal,Above the Break 3,Right Side Center(RC),24+ ft.,26.0,92.0,246.0,1,0,20251112,LAC,DEN,James Harden,2025,LAC,Missed,26.26404386228442,James Harden
Shot Chart Detail,22500233,12,201935,James Harden,1610612746,LA Clippers,1,10,59,Missed Shot,Driving Layup Shot,2PT Field Goal,In The Paint (Non-RA),Center(C),Less Than 8 ft.,5.0,-55.0,-3.0,1,0,20251116,BOS,LAC,James Harden,2025,BOS,Missed,5.508175741568165,James Harden
Shot Chart Detail,22500233,43,201935,James Harden,1610612746,LA Clippers,1,8,2,Made Shot,Pullup Jump shot,3PT Field Goal,Above the Break 3,Right Side Center(RC),24+ ft.,24.0,85.0,232.0,1,1,20251116,BOS,LAC,James Harden,2025,BOS,Made,24.708095839218366,James Harden
Shot Chart Detail,22500233,96,201935,James Harden,1610612746,LA Clippers,1,4,3,Missed Shot,Driving Layup Shot,2PT Field Goal,Restricted Area,Center(C),Less Than 8 ft.,3.0,-25.0,20.0,1,0,20251116,BOS,LAC,James Harden,2025,BOS,Missed,3.2015621187164243,James Harden
Shot Chart Detail,22500233,126,201935,James Harden,1610612746,LA Clippers,1,1,34,Missed Shot,Driving Layup Shot,2PT Field Goal,In The Paint (Non-RA),Center(C),Less Than 8 ft.,4.0,42.0,13.0,1,0,20251116,BOS,LAC,James Harden,2025,BOS,Missed,4.396589587396122,James Harden
Shot Chart Detail,22500233,243,201935,James Harden,1610612746,LA Clippers,2,5,45,Missed Shot,Pullup Jump shot,3PT Field Goal,Above the Break 3,Center(C),24+ ft.,25.0,53.0,249.0,1,0,20251116,BOS,LAC,James Harden,2025,BOS,Missed,25.45780823244609,James Harden
Shot Chart Detail,22500233,249,201935,James Harden,1610612746,LA Clippers,2,5,8,Missed Shot,Driving Layup Shot,2PT Field Goal,In The Paint (Non-RA),Center(C),Less Than 8 ft.,4.0,-47.0,15.0,1,0,20251116,BOS,LAC,James Harden,2025,BOS,Missed,4.933558553417604,James Harden
Shot Chart Detail,22500233,319,201935,James Harden,1610612746,LA Clippers,2,0,0,Missed Shot,Pullup Jump shot,3PT Field Goal,Above the Break 3,Center(C),24+ ft.,27.0,-10.0,274.0,1,0,20251116,BOS,LAC,James Harden,2025,BOS,Missed,27.41824210265859,James Harden
Shot Chart Detail,22500233,364,201935,James Harden,1610612746,LA Clippers,3,8,36,Missed Shot,Pullup Jump shot,3PT Field Goal,Above the Break 3,Center(C),24+ ft.,27.0,-56.0,269.0,1,0,20251116,BOS,LAC,James Harden,2025,BOS,Missed,27.47671741675122,James Harden
Shot Chart Detail,22500233,382,201935,James Harden,1610612746,LA Clippers,3,7,36,Missed Shot,Pullup Jump shot,3PT Field Goal,Above the Break 3,Right Side Center(RC),24+ ft.,26.0,186.0,194.0,1,0,20251116,BOS,LAC,James Harden,2025,BOS,Missed,26.876011608867863,James Harden
Shot Chart Detail,22500233,415,201935,James Harden,1610612746,LA Clippers,3,4,58,Made Shot,Driving Floating Bank Jump Shot,2PT Field Goal,In The Paint (Non-RA),Center(C),Less Than 8 ft.,4.0,-49.0,4.0,1,1,20251116,BOS,LAC,James Harden,2025,BOS,Made,4.916299421312742,James Harden
Shot Chart Detail,22500233,466,201935,James Harden,1610612746,LA Clippers,3,2,9,Missed Shot,Step Back Jump shot,2PT Field Goal,Mid-Range,Right Side(R),8-16 ft.,15.0,115.0,111.0,1,0,20251116,BOS,LAC,James Harden,2025,BOS,Missed,15.98311609167624,James Harden
Shot Chart Detail,22500233,471,201935,James Harden,1610612746,LA Clippers,3,1,30,Made Shot,Driving Hook Shot,2PT Field Goal,Restricted Area,Center(C),Less Than 8 ft.,3.0,-10.0,31.0,1,1,20251116,BOS,LAC,James Harden,2025,BOS,Made,3.257299494980466,James Harden
Shot Chart Detail,22500233,473,201935,James Harden,1610612746,LA Clippers,3,1,5,Missed Shot,Pullup Jump shot,3PT Field Goal,Above the Break 3,Right Side Center(RC),24+ ft.,29.0,170.0,246.0,1,0,20251116,BOS,LAC,James Harden,2025,BOS,Missed,29.90250825599752,James Harden
Shot Chart Detail,22500233,487,201935,James Harden,1610612746,LA Clippers,3,0,2,Made Shot,Step Back Jump shot,3PT Field Goal,Above the Break 3,Left Side Center(LC),24+ ft.,26.0,-181.0,197.0,1,1,20251116,BOS,LAC,James Harden,2025,BOS,Made,26.75256997000475,James Harden
Shot Chart Detail,22500233,592,201935,James Harden,1610612746,LA Clippers,4,5,15,Missed Shot,Running Layup Shot,2PT Field Goal,Restricted Area,Center(C),Less Than 8 ft.,3.0,-32.0,5.0,1,0,20251116,BOS,LAC,James Harden,2025,BOS,Missed,3.2388269481403293,James Harden
Shot Chart Detail,22500233,611,201935,James Harden,1610612746,LA Clippers,4,4,20,Made Shot,Driving Floating Jump Shot,2PT Field Goal,In The Paint (Non-RA),Center(C),Less Than 8 ft.,4.0,-6.0,45.0,1,1,20251116,BOS,LAC,James Harden,2025,BOS,Made,4.539823785126467,James Harden
Shot Chart Detail,22500233,616,201935,James Harden,1610612746,LA Clippers,4,3,41,Made Shot,Jump Shot,3PT Field Goal,Above the Break 3,Center(C),24+ ft.,29.0,81.0,282.0,1,1,20251116,BOS,LAC,James Harden,2025,BOS,Made,29.34024539774676,James Harden
Shot Chart Detail,22500233,633,201935,James Harden,1610612746,LA Clippers,4,2,14,Missed Shot,Driving Layup Shot,2PT Field Goal,In The Paint (Non-RA),Center(C),Less Than 8 ft.,6.0,-59.0,16.0,1,0,20251116,BOS,LAC,James Harden,2025,BOS,Missed,6.11310068623117,James Harden
Shot Chart Detail,22500233,640,201935,James Harden,1610612746,LA Clippers,4,1,17,Made Shot,Driving Layup Shot,2PT Field Goal,Restricted Area,Center(C),Less Than 8 ft.,1.0,-1.0,16.0,1,1,20251116,BOS,LAC,James Harden,2025,BOS,Made,1.6031219541881399,James Harden
Shot Chart Detail,22500233,664,201935,James Harden,1610612746,LA Clippers,4,0,9,Made Shot,Step Back Jump shot,3PT Field Goal,Above the Break 3,Left Side Center(LC),24+ ft.,25.0,-183.0,180.0,1,1,20251116,BOS,LAC,James Harden,2025,BOS,Made,25.66885272075867,James Harden
Shot Chart Detail,22500233,682,201935,James Harden,1610612746,LA Clippers,4,0,2,Made Shot,Pullup Jump shot,3PT Field Goal,Above the Break 3,Left Side Center(LC),24+ ft.,26.0,-179.0,194.0,1,1,20251116,BOS,LAC,James Harden,2025,BOS,Made,26.396401269870104,James Harden
Shot Chart Detail,22500233,697,201935,James Harden,1610612746,LA Clippers,4,0,0,Missed Shot,Jump Shot,3PT Field Goal,Above the Break 3,Left Side Center(LC),24+ ft.,24.0,-148.0,192.0,1,0,20251116,BOS,LAC,James Harden,2025,BOS,Missed,24.242112119202815,James Harden
Shot Chart Detail,22500243,9,201935,James Harden,1610612746,LA Clippers,1,11,32,Missed Shot,Driving Floating Jump Shot,2PT Field Goal,Restricted Area,Center(C),Less Than 8 ft.,1.0,-13.0,13.0,1,0,20251117,PHI,LAC,James Harden,2025,PHI,Missed,1.8384776310850235,James Harden
Shot Chart Detail,22500243,27,201935,James Harden,1610612746,LA Clippers,1,10,15,Made Shot,Running Layup Shot,2PT Field Goal,Restricted Area,Center(C),Less Than 8 ft.,1.0,-5.0,15.0,1,1,20251117,PHI,LAC,James Harden,2025,PHI,Made,1.5811388300841895,James Harden
Shot Chart Detail,22500243,46,201935,James Harden,1610612746,LA Clippers,1,8,28,Made Shot,Running Pull-Up Jump Shot,3PT Field Goal,Above the Break 3,Left Side Center(LC),24+ ft.,26.0,-99.0,247.0,1,1,20251117,PHI,LAC,James Harden,2025,PHI,Made,26.610148440021902,James Harden
Shot Chart Detail,22500243,78,201935,James Harden,1610612746,LA Clippers,1,5,51,Missed Shot,Pullup Jump shot,3PT Field Goal,Above the Break 3,Center(C),24+ ft.,27.0,53.0,268.0,1,0,20251117,PHI,LAC,James Harden,2025,PHI,Missed,27.319040978775224,James Harden
Shot Chart Detail,22500243,104,201935,James Harden,1610612746,LA Clippers,1,4,31,Made Shot,Driving Layup Shot,2PT Field Goal,Restricted Area,Center(C),Less Than 8 ft.,1.0,-7.0,11.0,1,1,20251117,PHI,LAC,James Harden,2025,PHI,Made,1.3038404810405297,James Harden
Shot Chart Detail,22500243,124,201935,James Harden,1610612746,LA Clippers,1,3,16,Missed Shot,Step Back Jump shot,3PT Field Goal,Above the Break 3,Right Side Center(RC),24+ ft.,26.0,125.0,234.0,1,0,20251117,PHI,LAC,James Harden,2025,PHI,Missed,26.52941763401526,James Harden
Shot Chart Detail,22500243,150,201935,James Harden,1610612746,LA Clippers,1,1,30,Made Shot,Step Back Jump shot,3PT Field Goal,Above the Break 3,Right Side Center(RC),24+ ft.,28.0,172.0,221.0,1,1,20251117,PHI,LAC,James Harden,2025,PHI,Made,28.00446392988089,James Harden
Shot Chart Detail,22500243,153,201935,James Harden,1610612746,LA Clippers,1,1,7,Made Shot,Driving Layup Shot,2PT Field Goal,Restricted Area,Center(C),Less Than 8 ft.,1.0,-11.0,-4.0,1,1,20251117,PHI,LAC,James Harden,2025,PHI,Made,1.1704699910719625,James Harden
Shot Chart Detail,22500243,156,201935,James Harden,1610612746,LA Clippers,1,0,31,Missed Shot,Step Back Jump shot,3PT Field Goal,Above the Break 3,Right Side Center(RC),24+ ft.,27.0,148.0,234.0,1,0,20251117,PHI,LAC,James Harden,2025,PHI,Missed,27.687542325024083,James Harden
Shot Chart Detail,22500243,341,201935,James Harden,1610612746,LA Clippers,3,10,39,Missed Shot,Step Back Jump shot,2PT Field Goal,Mid-Range,Center(C),16-24 ft.,19.0,45.0,186.0,1,0,20251117,PHI,LAC,James Harden,2025,PHI,Missed,19.136614120580475,James Harden
Shot Chart Detail,22500243,351,201935,James Harden,1610612746,LA Clippers,3,9,40,Missed Shot,Step Back Jump shot,2PT Field Goal,Mid-Range,Right Side(R),8-16 ft.,8.0,81.0,13.0,1,0,20251117,PHI,LAC,James Harden,2025,PHI,Missed,8.203657720797473,James Harden
Shot Chart Detail,22500243,369,201935,James Harden,1610612746,LA Clippers,3,8,37,Missed Shot,Pullup Jump shot,3PT Field Goal,Above the Break 3,Right Side Center(RC),24+ ft.,27.0,127.0,241.0,1,0,20251117,PHI,LAC,James Harden,2025,PHI,Missed,27.241512439657235,James Harden
Shot Chart Detail,22500243,418,201935,James Harden,1610612746,LA Clippers,3,6,13,Missed Shot,Driving Floating Jump Shot,2PT Field Goal,In The Paint (Non-RA),Center(C),8-16 ft.,12.0,-31.0,121.0,1,0,20251117,PHI,LAC,James Harden,2025,PHI,Missed,12.490796611905903,James Harden
Shot Chart Detail,22500243,446,201935,James Harden,1610612746,LA Clippers,3,4,14,Missed Shot,Driving Floating Bank Jump Shot,2PT Field Goal,Restricted Area,Center(C),Less Than 8 ft.,3.0,-9.0,38.0,1,0,20251117,PHI,LAC,James Harden,2025,PHI,Missed,3.905124837953327,James Harden
Shot Chart Detail,22500243,452,201935,James Harden,1610612746,LA Clippers,3,3,31,Missed Shot,Step Back Jump shot,3PT Field Goal,Above the Break 3,Right Side Center(RC),24+ ft.,26.0,92.0,246.0,1,0,20251117,PHI,LAC,James Harden,2025,PHI,Missed,26.26404386228442,James Harden
Shot Chart Detail,22500243,459,201935,James Harden,1610612746,LA Clippers,3,2,38,Made Shot,Driving Finger Roll Layup Shot,2PT Field Goal,Restricted Area,Center(C),Less Than 8 ft.,1.0,12.0,7.0,1,1,20251117,PHI,LAC,James Harden,2025,PHI,Made,1.3892443989449803,James Harden
Shot Chart Detail,22500243,464,201935,James Harden,1610612746,LA Clippers,3,2,18,Missed Shot,Driving Layup Shot,2PT Field Goal,In The Paint (Non-RA),Center(C),Less Than 8 ft.,4.0,-43.0,25.0,1,0,20251117,PHI,LAC,James Harden,2025,PHI,Missed,4.973932046178355,James Harden
Shot Chart Detail,22500243,468,201935,James Harden,1610612746,LA Clippers,3,2,11,Missed Shot,Jump Shot,3PT Field Goal,Above the Break 3,Left Side Center(LC),24+ ft.,26.0,-151.0,217.0,1,0,20251117,PHI,LAC,James Harden,2025,PHI,Missed,26.436716891475008,James Harden
Shot Chart Detail,22500243,493,201935,James Harden,1610612746,LA Clippers,3,0,1,Made Shot,Driving Layup Shot,2PT Field Goal,Restricted Area,Center(C),Less Than 8 ft.,2.0,-23.0,6.0,1,1,20251117,PHI,LAC,James Harden,2025,PHI,Made,2.3769728648009427,James Harden
Shot Chart Detail,22500243,579,201935,James Harden,1610612746,LA Clippers,4,5,35,Missed Shot,Step Back Jump shot,3PT Field Goal,Above the Break 3,Center(C),24+ ft.,27.0,58.0,268.0,1,0,20251117,PHI,LAC,James Harden,2025,PHI,Missed,27.420430339438514,James Harden
Shot Chart Detail,22500243,597,201935,James Harden,1610612746,LA Clippers,4,3,55,Missed Shot,Driving Floating Jump Shot,2PT Field Goal,Restricted Area,Center(C),Less Than 8 ft.,0.0,2.0,-8.0,1,0,20251117,PHI,LAC,James Harden,2025,PHI,Missed,0.8246211251235321,James Harden
Shot Chart Detail,22500243,609,201935,James Harden,1610612746,LA Clippers,4,3,4,Missed Shot,Driving Layup Shot,2PT Field Goal,Restricted Area,Center(C),Less Than 8 ft.,0.0,4.0,8.0,1,0,20251117,PHI,LAC,James Harden,2025,PHI,Missed,0.894427190999916,James Harden
Shot Chart Detail,22500243,636,201935,James Harden,1610612746,LA Clippers,4,1,10,Missed Shot,Step Back Jump shot,3PT Field Goal,Above the Break 3,Center(C),24+ ft.,25.0,43.0,251.0,1,0,20251117,PHI,LAC,James Harden,2025,PHI,Missed,25.465663156493687,James Harden
Shot Chart Detail,22500243,678,201935,James Harden,1610612746,LA Clippers,4,0,6,Missed Shot,Step Back Jump shot,3PT Field Goal,Above the Break 3,Right Side Center(RC),24+ ft.,26.0,86.0,246.0,1,0,20251117,PHI,LAC,James Harden,2025,PHI,Missed,26.05993092853471,James Harden
Shot Chart Detail,22500243,680,201935,James Harden,1610612746,LA Clippers,4,0,0,Missed Shot,Jump Shot,3PT Field Goal,Right Corner 3,Right Side(R),24+ ft.,22.0,222.0,48.0,1,0,20251117,PHI,LAC,James Harden,2025,PHI,Missed,22.71299187689724,James Harden
Shot Chart Detail,22500264,44,201935,James Harden,1610612746,LA Clippers,1,8,19,Missed Shot,Step Back Jump shot,3PT Field Goal,Above the Break 3,Right Side Center(RC),24+ ft.,25.0,137.0,215.0,1,0,20251120,ORL,LAC,James Harden,2025,ORL,Missed,25.493920843997298,James Harden
Shot Chart Detail,22500264,61,201935,James Harden,1610612746,LA Clippers,1,6,38,Missed Shot,Pullup Jump shot,3PT Field Goal,Above the Break 3,Center(C),24+ ft.,24.0,67.0,240.0,1,0,20251120,ORL,LAC,James Harden,2025,ORL,Missed,24.91766441703556,James Harden
Shot Chart Detail,22500264,80,201935,James Harden,1610612746,LA Clippers,1,5,29,Made Shot,Jump Shot,3PT Field Goal,Right Corner 3,Right Side(R),24+ ft.,23.0,230.0,62.0,1,1,20251120,ORL,LAC,James Harden,2025,ORL,Made,23.820999139414788,James Harden
Shot Chart Detail,22500264,128,201935,James Harden,1610612746,LA Clippers,1,2,23,Made Shot,Pullup Jump shot,3PT Field Goal,Above the Break 3,Center(C),24+ ft.,25.0,-43.0,255.0,1,1,20251120,ORL,LAC,James Harden,2025,ORL,Made,25.86000773395089,James Harden
Shot Chart Detail,22500264,156,201935,James Harden,1610612746,LA Clippers,1,0,2,Missed Shot,Step Back Jump shot,3PT Field Goal,Above the Break 3,Left Side Center(LC),24+ ft.,25.0,-88.0,243.0,1,0,20251120,ORL,LAC,James Harden,2025,ORL,Missed,25.844341740504824,James Harden
Shot Chart Detail,22500264,256,201935,James Harden,1610612746,LA Clippers,2,6,20,Made Shot,Step Back Jump shot,2PT Field Goal,Mid-Range,Center(C),16-24 ft.,17.0,45.0,173.0,1,1,20251120,ORL,LAC,James Harden,2025,ORL,Made,17.87568180517879,James Harden
Shot Chart Detail,22500264,263,201935,James Harden,1610612746,LA Clippers,2,5,47,Missed Shot,Pullup Jump shot,3PT Field Goal,Above the Break 3,Right Side Center(RC),24+ ft.,25.0,92.0,234.0,1,0,20251120,ORL,LAC,James Harden,2025,ORL,Missed,25.14358765172544,James Harden
Shot Chart Detail,22500264,301,201935,James Harden,1610612746,LA Clippers,2,3,5,Made Shot,Step Back Jump shot,3PT Field Goal,Above the Break 3,Right Side Center(RC),24+ ft.,24.0,157.0,183.0,1,1,20251120,ORL,LAC,James Harden,2025,ORL,Made,24.111822826157297,James Harden
Shot Chart Detail,22500264,311,201935,James Harden,1610612746,LA Clippers,2,2,22,Missed Shot,Driving Layup Shot,2PT Field Goal,Restricted Area,Center(C),Less Than 8 ft.,1.0,-13.0,-2.0,1,0,20251120,ORL,LAC,James Harden,2025,ORL,Missed,1.3152946437965904,James Harden
Shot Chart Detail,22500264,337,201935,James Harden,1610612746,LA Clippers,2,0,38,Made Shot,Step Back Jump shot,3PT Field Goal,Above the Break 3,Center(C),24+ ft.,26.0,-47.0,261.0,1,1,20251120,ORL,LAC,James Harden,2025,ORL,Made,26.51980392084376,James Harden
Shot Chart Detail,22500264,392,201935,James Harden,1610612746,LA Clippers,3,8,41,Made Shot,Pullup Jump shot,3PT Field Goal,Above the Break 3,Center(C),24+ ft.,28.0,-75.0,277.0,1,1,20251120,ORL,LAC,James Harden,2025,ORL,Made,28.697386640598477,James Harden
Shot Chart Detail,22500264,428,201935,James Harden,1610612746,LA Clippers,3,6,1,Made Shot,Running Layup Shot,2PT Field Goal,Restricted Area,Center(C),Less Than 8 ft.,2.0,6.0,20.0,1,1,20251120,ORL,LAC,James Harden,2025,ORL,Made,2.08806130178211,James Harden
Shot Chart Detail,22500264,440,201935,James Harden,1610612746,LA Clippers,3,5,2,Missed Shot,Pullup Jump shot,2PT Field Goal,Mid-Range,Right Side Center(RC),16-24 ft.,20.0,98.0,185.0,1,0,20251120,ORL,LAC,James Harden,2025,ORL,Missed,20.935376758014172,James Harden
Shot Chart Detail,22500264,461,201935,James Harden,1610612746,LA Clippers,3,3,58,Missed Shot,Pullup Jump shot,3PT Field Goal,Above the Break 3,Center(C),24+ ft.,27.0,62.0,268.0,1,0,20251120,ORL,LAC,James Harden,2025,ORL,Missed,27.507817070789166,James Harden
Shot Chart Detail,22500264,494,201935,James Harden,1610612746,LA Clippers,3,2,11,Missed Shot,Pullup Jump shot,3PT Field Goal,Above the Break 3,Center(C),24+ ft.,26.0,5.0,264.0,1,0,20251120,ORL,LAC,James Harden,2025,ORL,Missed,26.404734423962687,James Harden
Shot Chart Detail,22500264,509,201935,James Harden,1610612746,LA Clippers,3,0,31,Made Shot,Driving Floating Jump Shot,2PT Field Goal,In The Paint (Non-RA),Center(C),8-16 ft.,8.0,6.0,80.0,1,1,20251120,ORL,LAC,James Harden,2025,ORL,Made,8.022468448052631,James Harden
Shot Chart Detail,22500268,13,201935,James Harden,1610612746,LA Clippers,1,10,50,Made Shot,Pullup Jump shot,3PT Field Goal,Above the Break 3,Right Side Center(RC),24+ ft.,25.0,185.0,181.0,1,1,20251122,CHA,LAC,James Harden,2025,CHA,Made,25.881653733871026,James Harden
Shot Chart Detail,22500268,40,201935,James Harden,1610612746,LA Clippers,1,8,15,Made Shot,Pullup Jump shot,2PT Field Goal,Mid-Range,Right Side Center(RC),16-24 ft.,18.0,75.0,168.0,1,1,20251122,CHA,LAC,James Harden,2025,CHA,Made,18.398097727754354,James Harden
Shot Chart Detail,22500268,42,201935,James Harden,1610612746,LA Clippers,1,7,50,Missed Shot,Pullup Jump shot,3PT Field Goal,Above the Break 3,Center(C),24+ ft.,27.0,-66.0,264.0,1,0,20251122,CHA,LAC,James Harden,2025,CHA,Missed,27.21249712907656,James Harden
Shot Chart Detail,22500268,51,201935,James Harden,1610612746,LA Clippers,1,7,13,Missed Shot,Jump Shot,3PT Field Goal,Above the Break 3,Left Side Center(LC),24+ ft.,25.0,-189.0,172.0,1,0,20251122,CHA,LAC,James Harden,2025,CHA,Missed,25.554842985234718,James Harden
Shot Chart Detail,22500268,72,201935,James Harden,1610612746,LA Clippers,1,5,45,Missed Shot,Step Back Jump shot,2PT Field Goal,In The Paint (Non-RA),Center(C),Less Than 8 ft.,5.0,15.0,-51.0,1,0,20251122,CHA,LAC,James Harden,2025,CHA,Missed,5.316013544000805,James Harden
Shot Chart Detail,22500268,77,201935,James Harden,1610612746,LA Clippers,1,5,12,Made Shot,Driving Floating Jump Shot,2PT Field Goal,In The Paint (Non-RA),Center(C),8-16 ft.,8.0,29.0,78.0,1,1,20251122,CHA,LAC,James Harden,2025,CHA,Made,8.32165848854662,James Harden
Shot Chart Detail,22500268,81,201935,James Harden,1610612746,LA Clippers,1,4,45,Made Shot,Pullup Jump shot,3PT Field Goal,Above the Break 3,Center(C),24+ ft.,26.0,15.0,265.0,1,1,20251122,CHA,LAC,James Harden,2025,CHA,Made,26.542418879973997,James Harden
Shot Chart Detail,22500268,96,201935,James Harden,1610612746,LA Clippers,1,4,15,Made Shot,Step Back Jump shot,2PT Field Goal,In The Paint (Non-RA),Center(C),8-16 ft.,11.0,-27.0,111.0,1,1,20251122,CHA,LAC,James Harden,2025,CHA,Made,11.423659658795863,James Harden
Shot Chart Detail,22500268,114,201935,James Harden,1610612746,LA Clippers,1,2,44,Made Shot,Running Jump Shot,3PT Field Goal,Above the Break 3,Right Side Center(RC),24+ ft.,26.0,181.0,189.0,1,1,20251122,CHA,LAC,James Harden,2025,CHA,Made,26.169065707434036,James Harden
Shot Chart Detail,22500268,118,201935,James Harden,1610612746,LA Clippers,1,2,3,Made Shot,Step Back Jump shot,3PT Field Goal,Above the Break 3,Right Side Center(RC),24+ ft.,26.0,202.0,164.0,1,1,20251122,CHA,LAC,James Harden,2025,CHA,Made,26.019223662515373,James Harden
Shot Chart Detail,22500268,129,201935,James Harden,1610612746,LA Clippers,1,1,11,Made Shot,Driving Floating Jump Shot,2PT Field Goal,In The Paint (Non-RA),Center(C),Less Than 8 ft.,7.0,2.0,70.0,1,1,20251122,CHA,LAC,James Harden,2025,CHA,Made,7.0028565600046395,James Harden
Shot Chart Detail,22500268,132,201935,James Harden,1610612746,LA Clippers,1,0,37,Made Shot,Pullup Jump shot,3PT Field Goal,Above the Break 3,Left Side Center(LC),24+ ft.,26.0,-194.0,183.0,1,1,20251122,CHA,LAC,James Harden,2025,CHA,Made,26.669270706189174,James Harden
Shot Chart Detail,22500268,240,201935,James Harden,1610612746,LA Clippers,2,7,13,Made Shot,Cutting Layup Shot,2PT Field Goal,Restricted Area,Center(C),Less Than 8 ft.,1.0,-6.0,8.0,1,1,20251122,CHA,LAC,James Harden,2025,CHA,Made,1.0,James Harden
Shot Chart Detail,22500268,254,201935,James Harden,1610612746,LA Clippers,2,5,46,Made Shot,Pullup Jump shot,3PT Field Goal,Above the Break 3,Left Side Center(LC),24+ ft.,27.0,-157.0,220.0,1,1,20251122,CHA,LAC,James Harden,2025,CHA,Made,27.027578507887085,James Harden
Shot Chart Detail,22500268,257,201935,James Harden,1610612746,LA Clippers,2,5,12,Missed Shot,Pullup Jump shot,3PT Field Goal,Above the Break 3,Left Side Center(LC),24+ ft.,29.0,-124.0,270.0,1,0,20251122,CHA,LAC,James Harden,2025,CHA,Missed,29.7112773202365,James Harden
Shot Chart Detail,22500268,278,201935,James Harden,1610612746,LA Clippers,2,3,45,Made Shot,Cutting Layup Shot,2PT Field Goal,Restricted Area,Center(C),Less Than 8 ft.,2.0,6.0,22.0,1,1,20251122,CHA,LAC,James Harden,2025,CHA,Made,2.2803508501982757,James Harden
Shot Chart Detail,22500268,310,201935,James Harden,1610612746,LA Clippers,2,0,51,Missed Shot,Pullup Jump shot,3PT Field Goal,Above the Break 3,Right Side Center(RC),24+ ft.,27.0,152.0,225.0,1,0,20251122,CHA,LAC,James Harden,2025,CHA,Missed,27.153084539329967,James Harden
Shot Chart Detail,22500268,342,201935,James Harden,1610612746,LA Clippers,3,11,3,Made Shot,Running Jump Shot,3PT Field Goal,Above the Break 3,Right Side Center(RC),24+ ft.,27.0,156.0,221.0,1,1,20251122,CHA,LAC,James Harden,2025,CHA,Made,27.051247660690258,James Harden
Shot Chart Detail,22500268,392,201935,James Harden,1610612746,LA Clippers,3,7,10,Missed Shot,Step Back Jump shot,3PT Field Goal,Above the Break 3,Right Side Center(RC),24+ ft.,26.0,110.0,241.0,1,0,20251122,CHA,LAC,James Harden,2025,CHA,Missed,26.491696812397652,James Harden
Shot Chart Detail,22500268,441,201935,James Harden,1610612746,LA Clippers,3,4,8,Made Shot,Pullup Jump shot,3PT Field Goal,Above the Break 3,Right Side Center(RC),24+ ft.,26.0,94.0,248.0,1,1,20251122,CHA,LAC,James Harden,2025,CHA,Made,26.521689237301608,James Harden
Shot Chart Detail,22500268,470,201935,James Harden,1610612746,LA Clippers,3,3,10,Missed Shot,Driving Floating Bank Jump Shot,2PT Field Goal,Restricted Area,Center(C),Less Than 8 ft.,1.0,13.0,6.0,1,0,20251122,CHA,LAC,James Harden,2025,CHA,Missed,1.4317821063276353,James Harden
Shot Chart Detail,22500268,483,201935,James Harden,1610612746,LA Clippers,3,1,47,Missed Shot,Pullup Jump shot,2PT Field Goal,Mid-Range,Right Side(R),8-16 ft.,12.0,129.0,1.0,1,0,20251122,CHA,LAC,James Harden,2025,CHA,Missed,12.900387591076477,James Harden
Shot Chart Detail,22500268,592,201935,James Harden,1610612746,LA Clippers,4,5,34,Missed Shot,Pullup Jump shot,3PT Field Goal,Above the Break 3,Right Side Center(RC),24+ ft.,25.0,80.0,243.0,1,0,20251122,CHA,LAC,James Harden,2025,CHA,Missed,25.58300216940928,James Harden
Shot Chart Detail,22500268,601,201935,James Harden,1610612746,LA Clippers,4,4,53,Made Shot,Step Back Jump shot,3PT Field Goal,Above the Break 3,Center(C),24+ ft.,26.0,49.0,264.0,1,1,20251122,CHA,LAC,James Harden,2025,CHA,Made,26.850884529191955,James Harden
Shot Chart Detail,22500268,609,201935,James Harden,1610612746,LA Clippers,4,3,59,Made Shot,Driving Layup Shot,2PT Field Goal,Restricted Area,Center(C),Less Than 8 ft.,1.0,2.0,15.0,1,1,20251122,CHA,LAC,James Harden,2025,CHA,Made,1.5132745950421556,James Harden
Shot Chart Detail,22500268,626,201935,James Harden,1610612746,LA Clippers,4,3,16,Made Shot,Pullup Jump shot,3PT Field Goal,Above the Break 3,Right Side Center(RC),24+ ft.,25.0,154.0,208.0,1,1,20251122,CHA,LAC,James Harden,2025,CHA,Made,25.880494585691366,James Harden
Shot Chart Detail,22500278,14,201935,James Harden,1610612746,LA Clippers,1,10,58,Made Shot,Step Back Jump shot,2PT Field Goal,Mid-Range,Center(C),16-24 ft.,17.0,-54.0,168.0,1,1,20251123,CLE,LAC,James Harden,2025,CLE,Made,17.64652940382329,James Harden
Shot Chart Detail,22500278,33,201935,James Harden,1610612746,LA Clippers,1,9,22,Missed Shot,Pullup Jump shot,3PT Field Goal,Above the Break 3,Left Side Center(LC),24+ ft.,27.0,-107.0,251.0,1,0,20251123,CLE,LAC,James Harden,2025,CLE,Missed,27.285527299284507,James Harden
Shot Chart Detail,22500278,38,201935,James Harden,1610612746,LA Clippers,1,9,6,Made Shot,Running Layup Shot,2PT Field Goal,Restricted Area,Center(C),Less Than 8 ft.,1.0,-7.0,12.0,1,1,20251123,CLE,LAC,James Harden,2025,CLE,Made,1.3892443989449803,James Harden
Shot Chart Detail,22500278,86,201935,James Harden,1610612746,LA Clippers,1,5,15,Made Shot,Driving Floating Bank Jump Shot,2PT Field Goal,In The Paint (Non-RA),Center(C),Less Than 8 ft.,6.0,-54.0,33.0,1,1,20251123,CLE,LAC,James Harden,2025,CLE,Made,6.328506932918696,James Harden
Shot Chart Detail,22500278,98,201935,James Harden,1610612746,LA Clippers,1,4,19,Missed Shot,Pullup Jump shot,3PT Field Goal,Above the Break 3,Center(C),24+ ft.,26.0,-45.0,260.0,1,0,20251123,CLE,LAC,James Harden,2025,CLE,Missed,26.386549603917523,James Harden
Shot Chart Detail,22500278,118,201935,James Harden,1610612746,LA Clippers,1,2,42,Missed Shot,Pullup Jump shot,3PT Field Goal,Above the Break 3,Center(C),24+ ft.,26.0,-9.0,260.0,1,0,20251123,CLE,LAC,James Harden,2025,CLE,Missed,26.0155722597063,James Harden
Shot Chart Detail,22500278,136,201935,James Harden,1610612746,LA Clippers,1,1,25,Missed Shot,Step Back Jump shot,3PT Field Goal,Above the Break 3,Right Side Center(RC),24+ ft.,25.0,174.0,191.0,1,0,20251123,CLE,LAC,James Harden,2025,CLE,Missed,25.83737602776257,James Harden
Shot Chart Detail,22500278,139,201935,James Harden,1610612746,LA Clippers,1,0,52,Missed Shot,Pullup Jump shot,3PT Field Goal,Above the Break 3,Left Side Center(LC),24+ ft.,30.0,-132.0,280.0,1,0,20251123,CLE,LAC,James Harden,2025,CLE,Missed,30.955451862313367,James Harden
Shot Chart Detail,22500278,149,201935,James Harden,1610612746,LA Clippers,1,0,9,Missed Shot,Driving Finger Roll Layup Shot,2PT Field Goal,Restricted Area,Center(C),Less Than 8 ft.,1.0,-5.0,18.0,1,0,20251123,CLE,LAC,James Harden,2025,CLE,Missed,1.8681541692269406,James Harden
Shot Chart Detail,22500278,307,201935,James Harden,1610612746,LA Clippers,2,1,52,Made Shot,Layup Shot,2PT Field Goal,Restricted Area,Center(C),Less Than 8 ft.,1.0,9.0,13.0,1,1,20251123,CLE,LAC,James Harden,2025,CLE,Made,1.5811388300841895,James Harden
Shot Chart Detail,22500278,354,201935,James Harden,1610612746,LA Clippers,3,10,30,Made Shot,Driving Floating Jump Shot,2PT Field Goal,In The Paint (Non-RA),Center(C),Less Than 8 ft.,5.0,-21.0,53.0,1,1,20251123,CLE,LAC,James Harden,2025,CLE,Made,5.70087712549569,James Harden
Shot Chart Detail,22500278,358,201935,James Harden,1610612746,LA Clippers,3,9,53,Missed Shot,Jump Shot,3PT Field Goal,Left Corner 3,Left Side(L),24+ ft.,23.0,-230.0,25.0,1,0,20251123,CLE,LAC,James Harden,2025,CLE,Missed,23.13547060251855,James Harden
Shot Chart Detail,22500278,373,201935,James Harden,1610612746,LA Clippers,3,8,36,Missed Shot,Pullup Jump shot,3PT Field Goal,Above the Break 3,Right Side Center(RC),24+ ft.,25.0,185.0,174.0,1,0,20251123,CLE,LAC,James Harden,2025,CLE,Missed,25.397047072445254,James Harden
Shot Chart Detail,22500278,422,201935,James Harden,1610612746,LA Clippers,3,5,7,Missed Shot,Driving Floating Jump Shot,2PT Field Goal,In The Paint (Non-RA),Center(C),Less Than 8 ft.,5.0,0.0,50.0,1,0,20251123,CLE,LAC,James Harden,2025,CLE,Missed,5.0,James Harden
Shot Chart Detail,22500278,477,201935,James Harden,1610612746,LA Clippers,3,2,23,Missed Shot,Step Back Jump shot,3PT Field Goal,Above the Break 3,Right Side Center(RC),24+ ft.,25.0,124.0,222.0,1,0,20251123,CLE,LAC,James Harden,2025,CLE,Missed,25.42833065696606,James Harden
Shot Chart Detail,22500278,504,201935,James Harden,1610612746,LA Clippers,3,0,11,Missed Shot,Driving Layup Shot,2PT Field Goal,Restricted Area,Center(C),Less Than 8 ft.,1.0,-11.0,10.0,1,0,20251123,CLE,LAC,James Harden,2025,CLE,Missed,1.4866068747318506,James Harden
Shot Chart Detail,22500300,47,201935,James Harden,1610612746,LA Clippers,1,7,44,Missed Shot,Driving Layup Shot,2PT Field Goal,In The Paint (Non-RA),Center(C),Less Than 8 ft.,5.0,-21.0,54.0,1,0,20251129,LAC,DAL,James Harden,2025,LAC,Missed,5.79396237474839,James Harden
Shot Chart Detail,22500300,75,201935,James Harden,1610612746,LA Clippers,1,5,51,Made Shot,Pullup Jump shot,3PT Field Goal,Above the Break 3,Right Side Center(RC),24+ ft.,25.0,151.0,211.0,1,1,20251129,LAC,DAL,James Harden,2025,LAC,Made,25.946483384073456,James Harden
Shot Chart Detail,22500300,83,201935,James Harden,1610612746,LA Clippers,1,5,25,Made Shot,Driving Floating Bank Jump Shot,2PT Field Goal,In The Paint (Non-RA),Center(C),Less Than 8 ft.,4.0,15.0,42.0,1,1,20251129,LAC,DAL,James Harden,2025,LAC,Made,4.459820624195552,James Harden
Shot Chart Detail,22500300,94,201935,James Harden,1610612746,LA Clippers,1,4,25,Missed Shot,Driving Layup Shot,2PT Field Goal,In The Paint (Non-RA),Center(C),Less Than 8 ft.,4.0,20.0,36.0,1,0,20251129,LAC,DAL,James Harden,2025,LAC,Missed,4.1182520563948,James Harden
Shot Chart Detail,22500300,100,201935,James Harden,1610612746,LA Clippers,1,4,17,Missed Shot,Driving Floating Jump Shot,2PT Field Goal,In The Paint (Non-RA),Center(C),Less Than 8 ft.,4.0,32.0,25.0,1,0,20251129,LAC,DAL,James Harden,2025,LAC,Missed,4.060788100849391,James Harden
Shot Chart Detail,22500300,332,201935,James Harden,1610612746,LA Clippers,2,0,44,Missed Shot,Pullup Jump shot,2PT Field Goal,Mid-Range,Right Side Center(RC),16-24 ft.,20.0,86.0,181.0,1,0,20251129,LAC,DAL,James Harden,2025,LAC,Missed,20.039211561336437,James Harden
Shot Chart Detail,22500300,369,201935,James Harden,1610612746,LA Clippers,3,9,48,Made Shot,Driving Layup Shot,2PT Field Goal,Restricted Area,Center(C),Less Than 8 ft.,2.0,-26.0,11.0,1,1,20251129,LAC,DAL,James Harden,2025,LAC,Made,2.8231188426986207,James Harden
Shot Chart Detail,22500300,376,201935,James Harden,1610612746,LA Clippers,3,8,41,Missed Shot,Pullup Jump shot,3PT Field Goal,Above the Break 3,Right Side Center(RC),24+ ft.,26.0,97.0,243.0,1,0,20251129,LAC,DAL,James Harden,2025,LAC,Missed,26.16447973876033,James Harden
Shot Chart Detail,22500300,404,201935,James Harden,1610612746,LA Clippers,3,6,24,Missed Shot,Step Back Jump shot,2PT Field Goal,In The Paint (Non-RA),Right Side(R),8-16 ft.,14.0,76.0,121.0,1,0,20251129,LAC,DAL,James Harden,2025,LAC,Missed,14.288806808127822,James Harden
Shot Chart Detail,22500300,411,201935,James Harden,1610612746,LA Clippers,3,5,50,Made Shot,Driving Layup Shot,2PT Field Goal,Restricted Area,Center(C),Less Than 8 ft.,2.0,-7.0,19.0,1,1,20251129,LAC,DAL,James Harden,2025,LAC,Made,2.024845673131659,James Harden
Shot Chart Detail,22500300,432,201935,James Harden,1610612746,LA Clippers,3,4,48,Made Shot,Running Pull-Up Jump Shot,3PT Field Goal,Above the Break 3,Right Side Center(RC),24+ ft.,28.0,201.0,204.0,1,1,20251129,LAC,DAL,James Harden,2025,LAC,Made,28.638610301479368,James Harden
Shot Chart Detail,22500300,440,201935,James Harden,1610612746,LA Clippers,3,3,59,Missed Shot,Step Back Jump shot,3PT Field Goal,Above the Break 3,Right Side Center(RC),24+ ft.,28.0,154.0,236.0,1,0,20251129,LAC,DAL,James Harden,2025,LAC,Missed,28.180134847086872,James Harden
Shot Chart Detail,22500300,444,201935,James Harden,1610612746,LA Clippers,3,3,28,Missed Shot,Step Back Jump shot,2PT Field Goal,Mid-Range,Right Side(R),8-16 ft.,11.0,116.0,-7.0,1,0,20251129,LAC,DAL,James Harden,2025,LAC,Missed,11.621101496846157,James Harden
Shot Chart Detail,22500300,453,201935,James Harden,1610612746,LA Clippers,3,3,23,Missed Shot,Jump Shot,3PT Field Goal,Right Corner 3,Right Side(R),24+ ft.,23.0,229.0,26.0,1,0,20251129,LAC,DAL,James Harden,2025,LAC,Missed,23.0471256342304,James Harden
Shot Chart Detail,22500300,485,201935,James Harden,1610612746,LA Clippers,3,0,58,Missed Shot,Driving Floating Jump Shot,2PT Field Goal,Restricted Area,Center(C),Less Than 8 ft.,1.0,-4.0,19.0,1,0,20251129,LAC,DAL,James Harden,2025,LAC,Missed,1.94164878389476,James Harden
Shot Chart Detail,22500300,495,201935,James Harden,1610612746,LA Clippers,3,0,7,Missed Shot,Pullup Jump shot,3PT Field Goal,Above the Break 3,Right Side Center(RC),24+ ft.,25.0,180.0,187.0,1,0,20251129,LAC,DAL,James Harden,2025,LAC,Missed,25.955538907909425,James Harden
Shot Chart Detail,22500300,671,201935,James Harden,1610612746,LA Clippers,4,0,26,Missed Shot,Driving Layup Shot,2PT Field Goal,Restricted Area,Center(C),Less Than 8 ft.,3.0,-21.0,32.0,1,0,20251129,LAC,DAL,James Harden,2025,LAC,Missed,3.8275318418009276,James Harden
Shot Chart Detail,22500313,44,201935,James Harden,1610612746,LA Clippers,1,8,41,Missed Shot,Pullup Jump shot,3PT Field Goal,Above the Break 3,Center(C),24+ ft.,25.0,-50.0,255.0,1,0,20251201,MIA,LAC,James Harden,2025,MIA,Missed,25.98557292037257,James Harden
Shot Chart Detail,22500313,65,201935,James Harden,1610612746,LA Clippers,1,6,52,Made Shot,Driving Floating Jump Shot,2PT Field Goal,In The Paint (Non-RA),Center(C),Less Than 8 ft.,6.0,-20.0,62.0,1,1,20251201,MIA,LAC,James Harden,2025,MIA,Made,6.514598989960932,James Harden
Shot Chart Detail,22500313,147,201935,James Harden,1610612746,LA Clippers,1,1,17,Missed Shot,Driving Floating Bank Jump Shot,2PT Field Goal,Mid-Range,Left Side(L),8-16 ft.,14.0,-104.0,94.0,1,0,20251201,MIA,LAC,James Harden,2025,MIA,Missed,14.018559127100044,James Harden
Shot Chart Detail,22500313,261,201935,James Harden,1610612746,LA Clippers,2,6,7,Missed Shot,Step Back Jump shot,3PT Field Goal,Above the Break 3,Left Side Center(LC),24+ ft.,26.0,-141.0,227.0,1,0,20251201,MIA,LAC,James Harden,2025,MIA,Missed,26.722649569232466,James Harden
Shot Chart Detail,22500313,296,201935,James Harden,1610612746,LA Clippers,2,3,41,Missed Shot,Jump Shot,3PT Field Goal,Above the Break 3,Right Side Center(RC),24+ ft.,25.0,203.0,150.0,1,0,20251201,MIA,LAC,James Harden,2025,MIA,Missed,25.240641830191244,James Harden
Shot Chart Detail,22500313,345,201935,James Harden,1610612746,LA Clippers,2,0,28,Made Shot,Pullup Jump shot,3PT Field Goal,Above the Break 3,Left Side Center(LC),24+ ft.,24.0,-94.0,227.0,1,1,20251201,MIA,LAC,James Harden,2025,MIA,Made,24.569289774024806,James Harden
Shot Chart Detail,22500327,22,201935,James Harden,1610612746,LA Clippers,1,9,47,Made Shot,Driving Layup Shot,2PT Field Goal,Restricted Area,Center(C),Less Than 8 ft.,2.0,-25.0,12.0,1,1,20251203,ATL,LAC,James Harden,2025,ATL,Made,2.7730849247724096,James Harden
Shot Chart Detail,22500327,25,201935,James Harden,1610612746,LA Clippers,1,9,34,Made Shot,Running Pull-Up Jump Shot,3PT Field Goal,Above the Break 3,Center(C),24+ ft.,25.0,-69.0,243.0,1,1,20251203,ATL,LAC,James Harden,2025,ATL,Made,25.26064132202506,James Harden
Shot Chart Detail,22500327,32,201935,James Harden,1610612746,LA Clippers,1,9,3,Missed Shot,Step Back Jump shot,2PT Field Goal,In The Paint (Non-RA),Center(C),8-16 ft.,10.0,12.0,101.0,1,0,20251203,ATL,LAC,James Harden,2025,ATL,Missed,10.171037311896953,James Harden
Shot Chart Detail,22500327,38,201935,James Harden,1610612746,LA Clippers,1,8,27,Made Shot,Jump Shot,3PT Field Goal,Above the Break 3,Center(C),24+ ft.,25.0,-49.0,251.0,1,1,20251203,ATL,LAC,James Harden,2025,ATL,Made,25.57381473304286,James Harden
Shot Chart Detail,22500327,54,201935,James Harden,1610612746,LA Clippers,1,7,19,Missed Shot,Running Pull-Up Jump Shot,3PT Field Goal,Above the Break 3,Center(C),24+ ft.,25.0,9.0,252.0,1,0,20251203,ATL,LAC,James Harden,2025,ATL,Missed,25.21606630701942,James Harden
Shot Chart Detail,22500327,84,201935,James Harden,1610612746,LA Clippers,1,5,24,Missed Shot,Jump Shot,3PT Field Goal,Above the Break 3,Right Side Center(RC),24+ ft.,25.0,218.0,127.0,1,0,20251203,ATL,LAC,James Harden,2025,ATL,Missed,25.229546171106605,James Harden
Shot Chart Detail,22500327,95,201935,James Harden,1610612746,LA Clippers,1,4,40,Missed Shot,Driving Floating Jump Shot,2PT Field Goal,In The Paint (Non-RA),Center(C),8-16 ft.,9.0,21.0,88.0,1,0,20251203,ATL,LAC,James Harden,2025,ATL,Missed,9.047098982546837,James Harden
Shot Chart Detail,22500327,122,201935,James Harden,1610612746,LA Clippers,1,2,52,Missed Shot,Step Back Jump shot,3PT Field Goal,Above the Break 3,Right Side Center(RC),24+ ft.,24.0,107.0,222.0,1,0,20251203,ATL,LAC,James Harden,2025,ATL,Missed,24.644066222926767,James Harden
Shot Chart Detail,22500327,126,201935,James Harden,1610612746,LA Clippers,1,2,33,Missed Shot,Driving Layup Shot,2PT Field Goal,Restricted Area,Center(C),Less Than 8 ft.,0.0,5.0,5.0,1,0,20251203,ATL,LAC,James Harden,2025,ATL,Missed,0.7071067811865476,James Harden
Shot Chart Detail,22500327,136,201935,James Harden,1610612746,LA Clippers,1,2,3,Made Shot,Jump Shot,2PT Field Goal,Mid-Range,Left Side(L),8-16 ft.,15.0,-148.0,44.0,1,1,20251203,ATL,LAC,James Harden,2025,ATL,Made,15.440207252495025,James Harden
Shot Chart Detail,22500327,143,201935,James Harden,1610612746,LA Clippers,1,1,15,Made Shot,Step Back Jump shot,3PT Field Goal,Above the Break 3,Center(C),24+ ft.,24.0,2.0,248.0,1,1,20251203,ATL,LAC,James Harden,2025,ATL,Made,24.800806438501148,James Harden
Shot Chart Detail,22500327,145,201935,James Harden,1610612746,LA Clippers,1,0,30,Missed Shot,Step Back Jump shot,3PT Field Goal,Above the Break 3,Center(C),24+ ft.,26.0,50.0,258.0,1,0,20251203,ATL,LAC,James Harden,2025,ATL,Missed,26.28003044138267,James Harden
Shot Chart Detail,22500327,240,201935,James Harden,1610612746,LA Clippers,2,6,4,Missed Shot,Jump Shot,3PT Field Goal,Above the Break 3,Right Side Center(RC),24+ ft.,25.0,110.0,225.0,1,0,20251203,ATL,LAC,James Harden,2025,ATL,Missed,25.04495957273639,James Harden
Shot Chart Detail,22500327,261,201935,James Harden,1610612746,LA Clippers,2,4,42,Missed Shot,Driving Layup Shot,2PT Field Goal,Restricted Area,Center(C),Less Than 8 ft.,1.0,-12.0,10.0,1,0,20251203,ATL,LAC,James Harden,2025,ATL,Missed,1.5620499351813308,James Harden
Shot Chart Detail,22500327,323,201935,James Harden,1610612746,LA Clippers,2,0,36,Made Shot,Driving Floating Bank Jump Shot,2PT Field Goal,Restricted Area,Center(C),Less Than 8 ft.,3.0,-16.0,29.0,1,1,20251203,ATL,LAC,James Harden,2025,ATL,Made,3.3120990323358392,James Harden
Shot Chart Detail,22500327,351,201935,James Harden,1610612746,LA Clippers,3,9,54,Made Shot,Step Back Jump shot,2PT Field Goal,Mid-Range,Right Side(R),16-24 ft.,20.0,165.0,116.0,1,1,20251203,ATL,LAC,James Harden,2025,ATL,Made,20.16953147695801,James Harden
Shot Chart Detail,22500327,373,201935,James Harden,1610612746,LA Clippers,3,8,8,Made Shot,Driving Floating Jump Shot,2PT Field Goal,In The Paint (Non-RA),Right Side(R),8-16 ft.,8.0,44.0,72.0,1,1,20251203,ATL,LAC,James Harden,2025,ATL,Made,8.438009243891596,James Harden
Shot Chart Detail,22500327,401,201935,James Harden,1610612746,LA Clippers,3,5,43,Missed Shot,Step Back Jump shot,3PT Field Goal,Right Corner 3,Right Side(R),24+ ft.,23.0,233.0,26.0,1,0,20251203,ATL,LAC,James Harden,2025,ATL,Missed,23.444615586526474,James Harden
Shot Chart Detail,22500327,417,201935,James Harden,1610612746,LA Clippers,3,4,30,Made Shot,Jump Shot,3PT Field Goal,Above the Break 3,Center(C),24+ ft.,25.0,-77.0,240.0,1,1,20251203,ATL,LAC,James Harden,2025,ATL,Made,25.204959829366917,James Harden
Shot Chart Detail,22500327,461,201935,James Harden,1610612746,LA Clippers,3,1,19,Made Shot,Step Back Jump shot,3PT Field Goal,Above the Break 3,Right Side Center(RC),24+ ft.,25.0,96.0,239.0,1,1,20251203,ATL,LAC,James Harden,2025,ATL,Made,25.755970181687974,James Harden
Shot Chart Detail,22500327,478,201935,James Harden,1610612746,LA Clippers,3,0,1,Missed Shot,Pullup Jump shot,3PT Field Goal,Above the Break 3,Left Side Center(LC),24+ ft.,27.0,-132.0,242.0,1,0,20251203,ATL,LAC,James Harden,2025,ATL,Missed,27.56592098951167,James Harden
Shot Chart Detail,22500327,542,201935,James Harden,1610612746,LA Clippers,4,7,16,Missed Shot,Jump Shot,3PT Field Goal,Above the Break 3,Right Side Center(RC),24+ ft.,25.0,214.0,136.0,1,0,20251203,ATL,LAC,James Harden,2025,ATL,Missed,25.355867171130235,James Harden
Shot Chart Detail,22500327,578,201935,James Harden,1610612746,LA Clippers,4,4,37,Missed Shot,Step Back Jump shot,3PT Field Goal,Above the Break 3,Right Side Center(RC),24+ ft.,26.0,228.0,126.0,1,0,20251203,ATL,LAC,James Harden,2025,ATL,Missed,26.04995201531089,James Harden
Shot Chart Detail,22500327,593,201935,James Harden,1610612746,LA Clippers,4,3,15,Made Shot,Turnaround Jump Shot,2PT Field Goal,Mid-Range,Right Side(R),8-16 ft.,13.0,107.0,85.0,1,1,20251203,ATL,LAC,James Harden,2025,ATL,Made,13.665284482951682,James Harden
Shot Chart Detail,22500347,17,201935,James Harden,1610612746,LA Clippers,1,10,33,Made Shot,Pullup Jump shot,3PT Field Goal,Above the Break 3,Right Side Center(RC),24+ ft.,25.0,180.0,184.0,1,1,20251205,MEM,LAC,James Harden,2025,MEM,Made,25.74024086911387,James Harden
Shot Chart Detail,22500347,25,201935,James Harden,1610612746,LA Clippers,1,9,48,Made Shot,Step Back Jump shot,2PT Field Goal,Mid-Range,Right Side(R),8-16 ft.,14.0,107.0,100.0,1,1,20251205,MEM,LAC,James Harden,2025,MEM,Made,14.645477117526761,James Harden
Shot Chart Detail,22500347,30,201935,James Harden,1610612746,LA Clippers,1,9,11,Made Shot,Jump Shot,3PT Field Goal,Above the Break 3,Right Side Center(RC),24+ ft.,27.0,212.0,178.0,1,1,20251205,MEM,LAC,James Harden,2025,MEM,Made,27.68176294963888,James Harden
Shot Chart Detail,22500347,77,201935,James Harden,1610612746,LA Clippers,1,5,8,Made Shot,Running Pull-Up Jump Shot,3PT Field Goal,Above the Break 3,Right Side Center(RC),24+ ft.,25.0,213.0,143.0,1,1,20251205,MEM,LAC,James Harden,2025,MEM,Made,25.655019002136793,James Harden
Shot Chart Detail,22500347,96,201935,James Harden,1610612746,LA Clippers,1,3,31,Missed Shot,Pullup Jump shot,3PT Field Goal,Above the Break 3,Left Side Center(LC),24+ ft.,25.0,-98.0,232.0,1,0,20251205,MEM,LAC,James Harden,2025,MEM,Missed,25.184916120567088,James Harden
Shot Chart Detail,22500347,127,201935,James Harden,1610612746,LA Clippers,1,1,19,Made Shot,Driving Layup Shot,2PT Field Goal,Restricted Area,Center(C),Less Than 8 ft.,1.0,-9.0,14.0,1,1,20251205,MEM,LAC,James Harden,2025,MEM,Made,1.6643316977093239,James Harden
Shot Chart Detail,22500347,138,201935,James Harden,1610612746,LA Clippers,1,0,0,Missed Shot,Jump Shot,2PT Field Goal,Mid-Range,Center(C),16-24 ft.,21.0,-60.0,209.0,1,0,20251205,MEM,LAC,James Harden,2025,MEM,Missed,21.744194627532195,James Harden
Shot Chart Detail,22500347,259,201935,James Harden,1610612746,LA Clippers,2,2,25,Made Shot,Step Back Jump shot,2PT Field Goal,In The Paint (Non-RA),Center(C),8-16 ft.,13.0,64.0,115.0,1,1,20251205,MEM,LAC,James Harden,2025,MEM,Made,13.160927019021113,James Harden
Shot Chart Detail,22500347,288,201935,James Harden,1610612746,LA Clippers,2,0,31,Missed Shot,Driving Floating Jump Shot,2PT Field Goal,In The Paint (Non-RA),Center(C),8-16 ft.,11.0,-49.0,101.0,1,0,20251205,MEM,LAC,James Harden,2025,MEM,Missed,11.225862995778987,James Harden
Shot Chart Detail,22500347,336,201935,James Harden,1610612746,LA Clippers,3,8,45,Missed Shot,Pullup Jump shot,3PT Field Goal,Above the Break 3,Center(C),24+ ft.,26.0,2.0,262.0,1,0,20251205,MEM,LAC,James Harden,2025,MEM,Missed,26.200763347658402,James Harden
Shot Chart Detail,22500347,366,201935,James Harden,1610612746,LA Clippers,3,6,58,Missed Shot,Jump Shot,3PT Field Goal,Above the Break 3,Right Side Center(RC),24+ ft.,24.0,216.0,121.0,1,0,20251205,MEM,LAC,James Harden,2025,MEM,Missed,24.75823095457347,James Harden
Shot Chart Detail,22500347,400,201935,James Harden,1610612746,LA Clippers,3,4,38,Missed Shot,Step Back Jump shot,3PT Field Goal,Right Corner 3,Right Side(R),24+ ft.,22.0,227.0,27.0,1,0,20251205,MEM,LAC,James Harden,2025,MEM,Missed,22.86000874890471,James Harden
Shot Chart Detail,22500347,578,201935,James Harden,1610612746,LA Clippers,4,3,10,Missed Shot,Driving Layup Shot,2PT Field Goal,In The Paint (Non-RA),Center(C),Less Than 8 ft.,7.0,-71.0,22.0,1,0,20251205,MEM,LAC,James Harden,2025,MEM,Missed,7.433034373659252,James Harden
Shot Chart Detail,22500355,27,201935,James Harden,1610612746,LA Clippers,1,9,8,Made Shot,Driving Hook Shot,2PT Field Goal,In The Paint (Non-RA),Center(C),Less Than 8 ft.,6.0,-37.0,51.0,1,1,20251206,MIN,LAC,James Harden,2025,MIN,Made,6.300793600809346,James Harden
Shot Chart Detail,22500355,42,201935,James Harden,1610612746,LA Clippers,1,7,38,Made Shot,Driving Floating Bank Jump Shot,2PT Field Goal,In The Paint (Non-RA),Center(C),Less Than 8 ft.,7.0,42.0,61.0,1,1,20251206,MIN,LAC,James Harden,2025,MIN,Made,7.406078584514209,James Harden
Shot Chart Detail,22500355,90,201935,James Harden,1610612746,LA Clippers,1,3,18,Made Shot,Driving Floating Jump Shot,2PT Field Goal,Restricted Area,Center(C),Less Than 8 ft.,3.0,-18.0,31.0,1,1,20251206,MIN,LAC,James Harden,2025,MIN,Made,3.5846896657869842,James Harden
Shot Chart Detail,22500355,129,201935,James Harden,1610612746,LA Clippers,1,0,46,Missed Shot,Step Back Jump shot,3PT Field Goal,Above the Break 3,Right Side Center(RC),24+ ft.,25.0,185.0,171.0,1,0,20251206,MIN,LAC,James Harden,2025,MIN,Missed,25.192459189209774,James Harden
Shot Chart Detail,22500355,231,201935,James Harden,1610612746,LA Clippers,2,5,9,Made Shot,Fadeaway Jump Shot,2PT Field Goal,In The Paint (Non-RA),Center(C),8-16 ft.,12.0,-36.0,117.0,1,1,20251206,MIN,LAC,James Harden,2025,MIN,Made,12.241323457861899,James Harden
Shot Chart Detail,22500355,237,201935,James Harden,1610612746,LA Clippers,2,4,3,Made Shot,Pullup Jump shot,3PT Field Goal,Above the Break 3,Center(C),24+ ft.,25.0,-75.0,241.0,1,1,20251206,MIN,LAC,James Harden,2025,MIN,Made,25.24004754353684,James Harden
Shot Chart Detail,22500355,250,201935,James Harden,1610612746,LA Clippers,2,3,22,Missed Shot,Driving Floating Jump Shot,2PT Field Goal,In The Paint (Non-RA),Center(C),8-16 ft.,8.0,6.0,80.0,1,0,20251206,MIN,LAC,James Harden,2025,MIN,Missed,8.022468448052631,James Harden
Shot Chart Detail,22500355,291,201935,James Harden,1610612746,LA Clippers,2,0,9,Made Shot,Step Back Jump shot,2PT Field Goal,Mid-Range,Center(C),8-16 ft.,14.0,17.0,145.0,1,1,20251206,MIN,LAC,James Harden,2025,MIN,Made,14.59931505242626,James Harden
Shot Chart Detail,22500355,306,201935,James Harden,1610612746,LA Clippers,3,11,35,Missed Shot,Jump Shot,3PT Field Goal,Above the Break 3,Right Side Center(RC),24+ ft.,24.0,212.0,128.0,1,0,20251206,MIN,LAC,James Harden,2025,MIN,Missed,24.76449070746257,James Harden
Shot Chart Detail,22500355,339,201935,James Harden,1610612746,LA Clippers,3,8,43,Missed Shot,Pullup Jump shot,3PT Field Goal,Above the Break 3,Right Side Center(RC),24+ ft.,28.0,167.0,233.0,1,0,20251206,MIN,LAC,James Harden,2025,MIN,Missed,28.666705426330385,James Harden
Shot Chart Detail,22500355,397,201935,James Harden,1610612746,LA Clippers,3,5,16,Missed Shot,Driving Floating Bank Jump Shot,2PT Field Goal,In The Paint (Non-RA),Center(C),Less Than 8 ft.,6.0,-36.0,53.0,1,0,20251206,MIN,LAC,James Harden,2025,MIN,Missed,6.4070273918565395,James Harden
Shot Chart Detail,22500355,421,201935,James Harden,1610612746,LA Clippers,3,4,1,Made Shot,Running Layup Shot,2PT Field Goal,Restricted Area,Center(C),Less Than 8 ft.,0.0,-7.0,0.0,1,1,20251206,MIN,LAC,James Harden,2025,MIN,Made,0.7,James Harden
Shot Chart Detail,22500355,462,201935,James Harden,1610612746,LA Clippers,3,0,1,Missed Shot,Pullup Jump shot,2PT Field Goal,In The Paint (Non-RA),Center(C),8-16 ft.,13.0,0.0,137.0,1,0,20251206,MIN,LAC,James Harden,2025,MIN,Missed,13.7,James Harden
Shot Chart Detail,22500355,560,201935,James Harden,1610612746,LA Clippers,4,5,50,Made Shot,Pullup Jump shot,2PT Field Goal,In The Paint (Non-RA),Left Side(L),8-16 ft.,11.0,-72.0,91.0,1,1,20251206,MIN,LAC,James Harden,2025,MIN,Made,11.603878661895772,James Harden
Shot Chart Detail,22500355,563,201935,James Harden,1610612746,LA Clippers,4,5,21,Missed Shot,Driving Layup Shot,2PT Field Goal,In The Paint (Non-RA),Center(C),Less Than 8 ft.,5.0,-40.0,37.0,1,0,20251206,MIN,LAC,James Harden,2025,MIN,Missed,5.448853090330111,James Harden
Shot Chart Detail,22500355,579,201935,James Harden,1610612746,LA Clippers,4,3,41,Made Shot,Driving Floating Bank Jump Shot,2PT Field Goal,Restricted Area,Center(C),Less Than 8 ft.,3.0,-27.0,17.0,1,1,20251206,MIN,LAC,James Harden,2025,MIN,Made,3.1906112267087634,James Harden
Shot Chart Detail,22500355,638,201935,James Harden,1610612746,LA Clippers,4,0,7,Made Shot,Driving Finger Roll Layup Shot,2PT Field Goal,Restricted Area,Center(C),Less Than 8 ft.,1.0,-9.0,17.0,1,1,20251206,MIN,LAC,James Harden,2025,MIN,Made,1.9235384061671343,James Harden
Shot Chart Detail,22500355,659,201935,James Harden,1610612746,LA Clippers,4,0,1,Missed Shot,Jump Shot,3PT Field Goal,Left Corner 3,Left Side(L),24+ ft.,23.0,-233.0,22.0,1,0,20251206,MIN,LAC,James Harden,2025,MIN,Missed,23.40363219673391,James Harden
Shot Chart Detail,22500395,9,201935,James Harden,1610612746,LA Clippers,1,11,20,Made Shot,Pullup Jump shot,3PT Field Goal,Above the Break 3,Right Side Center(RC),24+ ft.,25.0,185.0,181.0,1,1,20251220,LAC,LAL,James Harden,2025,LAC,Made,25.881653733871026,James Harden
Shot Chart Detail,22500395,48,201935,James Harden,1610612746,LA Clippers,1,7,51,Made Shot,Step Back Jump shot,3PT Field Goal,Above the Break 3,Center(C),24+ ft.,26.0,77.0,251.0,1,1,20251220,LAC,LAL,James Harden,2025,LAC,Made,26.254523419784256,James Harden
Shot Chart Detail,22500395,63,201935,James Harden,1610612746,LA Clippers,1,6,27,Missed Shot,Jump Shot,3PT Field Goal,Right Corner 3,Right Side(R),24+ ft.,22.0,228.0,29.0,1,0,20251220,LAC,LAL,James Harden,2025,LAC,Missed,22.983689869122408,James Harden
Shot Chart Detail,22500395,131,201935,James Harden,1610612746,LA Clippers,1,1,48,Missed Shot,Step Back Jump shot,3PT Field Goal,Above the Break 3,Right Side Center(RC),24+ ft.,25.0,103.0,232.0,1,0,20251220,LAC,LAL,James Harden,2025,LAC,Missed,25.383656159032725,James Harden
Shot Chart Detail,22500395,225,201935,James Harden,1610612746,LA Clippers,2,7,12,Missed Shot,Pullup Jump shot,2PT Field Goal,In The Paint (Non-RA),Center(C),Less Than 8 ft.,7.0,34.0,70.0,1,0,20251220,LAC,LAL,James Harden,2025,LAC,Missed,7.782030583337487,James Harden
Shot Chart Detail,22500395,243,201935,James Harden,1610612746,LA Clippers,2,5,3,Made Shot,Driving Floating Jump Shot,2PT Field Goal,In The Paint (Non-RA),Center(C),8-16 ft.,9.0,16.0,94.0,1,1,20251220,LAC,LAL,James Harden,2025,LAC,Made,9.535197952848174,James Harden
Shot Chart Detail,22500395,324,201935,James Harden,1610612746,LA Clippers,2,0,0,Missed Shot,Jump Shot,3PT Field Goal,Above the Break 3,Left Side Center(LC),24+ ft.,28.0,-140.0,244.0,1,0,20251220,LAC,LAL,James Harden,2025,LAC,Missed,28.131121556027587,James Harden
Shot Chart Detail,22500395,349,201935,James Harden,1610612746,LA Clippers,3,10,35,Missed Shot,Jump Shot,3PT Field Goal,Right Corner 3,Right Side(R),24+ ft.,22.0,229.0,5.0,1,0,20251220,LAC,LAL,James Harden,2025,LAC,Missed,22.905457864884518,James Harden
Shot Chart Detail,22500395,366,201935,James Harden,1610612746,LA Clippers,3,8,32,Missed Shot,Running Jump Shot,3PT Field Goal,Above the Break 3,Right Side Center(RC),24+ ft.,24.0,184.0,164.0,1,0,20251220,LAC,LAL,James Harden,2025,LAC,Missed,24.647920804806233,James Harden
Shot Chart Detail,22500395,410,201935,James Harden,1610612746,LA Clippers,3,4,59,Missed Shot,Jump Shot,3PT Field Goal,Above the Break 3,Center(C),24+ ft.,24.0,-7.0,248.0,1,0,20251220,LAC,LAL,James Harden,2025,LAC,Missed,24.80987706539474,James Harden
Shot Chart Detail,22500395,437,201935,James Harden,1610612746,LA Clippers,3,3,32,Missed Shot,Driving Floating Jump Shot,2PT Field Goal,In The Paint (Non-RA),Center(C),Less Than 8 ft.,5.0,28.0,45.0,1,0,20251220,LAC,LAL,James Harden,2025,LAC,Missed,5.3,James Harden
Shot Chart Detail,22500395,478,201935,James Harden,1610612746,LA Clippers,3,1,17,Made Shot,Driving Floating Jump Shot,2PT Field Goal,In The Paint (Non-RA),Center(C),Less Than 8 ft.,4.0,0.0,40.0,1,1,20251220,LAC,LAL,James Harden,2025,LAC,Made,4.0,James Harden
Shot Chart Detail,22500395,485,201935,James Harden,1610612746,LA Clippers,3,0,35,Missed Shot,Step Back Jump shot,3PT Field Goal,Right Corner 3,Right Side(R),24+ ft.,23.0,224.0,62.0,1,0,20251220,LAC,LAL,James Harden,2025,LAC,Missed,23.242202993692313,James Harden
Shot Chart Detail,22500395,489,201935,James Harden,1610612746,LA Clippers,3,0,26,Missed Shot,Pullup Jump shot,3PT Field Goal,Above the Break 3,Right Side Center(RC),24+ ft.,25.0,121.0,227.0,1,0,20251220,LAC,LAL,James Harden,2025,LAC,Missed,25.72353008434107,James Harden
Shot Chart Detail,22500395,540,201935,James Harden,1610612746,LA Clippers,4,8,38,Missed Shot,Step Back Jump shot,2PT Field Goal,Mid-Range,Right Side Center(RC),16-24 ft.,20.0,91.0,188.0,1,0,20251220,LAC,LAL,James Harden,2025,LAC,Missed,20.886598574205422,James Harden
Shot Chart Detail,22500395,544,201935,James Harden,1610612746,LA Clippers,4,8,8,Missed Shot,Step Back Jump shot,2PT Field Goal,Mid-Range,Left Side(L),8-16 ft.,12.0,-94.0,88.0,1,0,20251220,LAC,LAL,James Harden,2025,LAC,Missed,12.876334882255899,James Harden
Shot Chart Detail,22500395,556,201935,James Harden,1610612746,LA Clippers,4,6,52,Made Shot,Jump Shot,3PT Field Goal,Above the Break 3,Center(C),24+ ft.,25.0,-1.0,252.0,1,1,20251220,LAC,LAL,James Harden,2025,LAC,Made,25.200198411917317,James Harden
Shot Chart Detail,22500395,569,201935,James Harden,1610612746,LA Clippers,4,5,13,Missed Shot,Step Back Jump shot,2PT Field Goal,Mid-Range,Right Side(R),8-16 ft.,12.0,81.0,101.0,1,0,20251220,LAC,LAL,James Harden,2025,LAC,Missed,12.946814279968644,James Harden
Shot Chart Detail,22500395,579,201935,James Harden,1610612746,LA Clippers,4,4,26,Made Shot,Pullup Jump shot,3PT Field Goal,Above the Break 3,Right Side Center(RC),24+ ft.,25.0,88.0,236.0,1,1,20251220,LAC,LAL,James Harden,2025,LAC,Made,25.187298386289864,James Harden
Shot Chart Detail,22500395,615,201935,James Harden,1610612746,LA Clippers,4,2,22,Missed Shot,Driving Layup Shot,2PT Field Goal,Restricted Area,Center(C),Less Than 8 ft.,2.0,-12.0,16.0,1,0,20251220,LAC,LAL,James Harden,2025,LAC,Missed,2.0,James Harden
Shot Chart Detail,22500422,19,201935,James Harden,1610612746,LA Clippers,1,9,57,Missed Shot,Running Jump Shot,3PT Field Goal,Above the Break 3,Right Side Center(RC),24+ ft.,25.0,232.0,100.0,1,0,20251223,LAC,HOU,James Harden,2025,LAC,Missed,25.263412279421004,James Harden
Shot Chart Detail,22500422,29,201935,James Harden,1610612746,LA Clippers,1,9,25,Missed Shot,Running Pull-Up Jump Shot,3PT Field Goal,Above the Break 3,Center(C),24+ ft.,26.0,-70.0,253.0,1,0,20251223,LAC,HOU,James Harden,2025,LAC,Missed,26.250523804297693,James Harden
Shot Chart Detail,22500422,55,201935,James Harden,1610612746,LA Clippers,1,7,24,Missed Shot,Layup Shot,2PT Field Goal,In The Paint (Non-RA),Center(C),Less Than 8 ft.,4.0,-27.0,38.0,1,0,20251223,LAC,HOU,James Harden,2025,LAC,Missed,4.661544808322666,James Harden
Shot Chart Detail,22500422,70,201935,James Harden,1610612746,LA Clippers,1,6,43,Missed Shot,Driving Floating Jump Shot,2PT Field Goal,In The Paint (Non-RA),Center(C),8-16 ft.,8.0,-13.0,85.0,1,0,20251223,LAC,HOU,James Harden,2025,LAC,Missed,8.598837130682265,James Harden
Shot Chart Detail,22500422,144,201935,James Harden,1610612746,LA Clippers,1,0,57,Made Shot,Driving Layup Shot,2PT Field Goal,Restricted Area,Center(C),Less Than 8 ft.,1.0,-10.0,15.0,1,1,20251223,LAC,HOU,James Harden,2025,LAC,Made,1.8027756377319946,James Harden
Shot Chart Detail,22500422,152,201935,James Harden,1610612746,LA Clippers,1,0,0,Made Shot,Pullup Jump shot,3PT Field Goal,Above the Break 3,Center(C),24+ ft.,29.0,1.0,299.0,1,1,20251223,LAC,HOU,James Harden,2025,LAC,Made,29.900167223612648,James Harden
Shot Chart Detail,22500422,241,201935,James Harden,1610612746,LA Clippers,2,5,55,Made Shot,Running Jump Shot,2PT Field Goal,In The Paint (Non-RA),Left Side(L),8-16 ft.,8.0,-67.0,59.0,1,1,20251223,LAC,HOU,James Harden,2025,LAC,Made,8.927485648266257,James Harden
Shot Chart Detail,22500422,251,201935,James Harden,1610612746,LA Clippers,2,5,20,Missed Shot,Step Back Jump shot,3PT Field Goal,Above the Break 3,Center(C),24+ ft.,26.0,-13.0,264.0,1,0,20251223,LAC,HOU,James Harden,2025,LAC,Missed,26.431988196123275,James Harden
Shot Chart Detail,22500422,285,201935,James Harden,1610612746,LA Clippers,2,1,25,Made Shot,Step Back Jump shot,3PT Field Goal,Above the Break 3,Left Side Center(LC),24+ ft.,28.0,-121.0,256.0,1,1,20251223,LAC,HOU,James Harden,2025,LAC,Made,28.315543434657933,James Harden
Shot Chart Detail,22500422,296,201935,James Harden,1610612746,LA Clippers,2,0,5,Missed Shot,Pullup Jump shot,3PT Field Goal,Above the Break 3,Left Side Center(LC),24+ ft.,27.0,-113.0,249.0,1,0,20251223,LAC,HOU,James Harden,2025,LAC,Missed,27.344103569142653,James Harden
Shot Chart Detail,22500422,334,201935,James Harden,1610612746,LA Clippers,3,9,20,Made Shot,Driving Floating Bank Jump Shot,2PT Field Goal,In The Paint (Non-RA),Center(C),Less Than 8 ft.,5.0,-37.0,41.0,1,1,20251223,LAC,HOU,James Harden,2025,LAC,Made,5.522680508593631,James Harden
Shot Chart Detail,22500422,345,201935,James Harden,1610612746,LA Clippers,3,7,58,Made Shot,Driving Floating Jump Shot,2PT Field Goal,In The Paint (Non-RA),Center(C),Less Than 8 ft.,6.0,23.0,58.0,1,1,20251223,LAC,HOU,James Harden,2025,LAC,Made,6.239390995922599,James Harden
Shot Chart Detail,22500422,419,201935,James Harden,1610612746,LA Clippers,3,2,20,Missed Shot,Step Back Jump shot,3PT Field Goal,Above the Break 3,Left Side Center(LC),24+ ft.,27.0,-151.0,227.0,1,0,20251223,LAC,HOU,James Harden,2025,LAC,Missed,27.263528751795867,James Harden
Shot Chart Detail,22500422,542,201935,James Harden,1610612746,LA Clippers,4,5,47,Made Shot,Running Pull-Up Jump Shot,3PT Field Goal,Above the Break 3,Center(C),24+ ft.,27.0,-9.0,278.0,1,1,20251223,LAC,HOU,James Harden,2025,LAC,Made,27.814564530116236,James Harden
Shot Chart Detail,22500431,23,201935,James Harden,1610612746,LA Clippers,1,9,49,Missed Shot,Pullup Jump shot,3PT Field Goal,Above the Break 3,Right Side Center(RC),24+ ft.,25.0,137.0,217.0,1,0,20251226,POR,LAC,James Harden,2025,POR,Missed,25.662813563598206,James Harden
Shot Chart Detail,22500431,67,201935,James Harden,1610612746,LA Clippers,1,6,4,Made Shot,Driving Floating Bank Jump Shot,2PT Field Goal,In The Paint (Non-RA),Center(C),8-16 ft.,10.0,-5.0,105.0,1,1,20251226,POR,LAC,James Harden,2025,POR,Made,10.511898020814318,James Harden
Shot Chart Detail,22500431,97,201935,James Harden,1610612746,LA Clippers,1,3,4,Made Shot,Pullup Jump shot,3PT Field Goal,Above the Break 3,Left Side Center(LC),24+ ft.,28.0,-104.0,264.0,1,1,20251226,POR,LAC,James Harden,2025,POR,Made,28.374636561549117,James Harden
Shot Chart Detail,22500431,116,201935,James Harden,1610612746,LA Clippers,1,2,2,Missed Shot,Driving Floating Jump Shot,2PT Field Goal,Restricted Area,Center(C),Less Than 8 ft.,1.0,-10.0,16.0,1,0,20251226,POR,LAC,James Harden,2025,POR,Missed,1.8867962264113207,James Harden
Shot Chart Detail,22500431,132,201935,James Harden,1610612746,LA Clippers,1,0,55,Missed Shot,Pullup Jump shot,3PT Field Goal,Above the Break 3,Right Side Center(RC),24+ ft.,26.0,89.0,246.0,1,0,20251226,POR,LAC,James Harden,2025,POR,Missed,26.16046635669938,James Harden
Shot Chart Detail,22500431,136,201935,James Harden,1610612746,LA Clippers,1,0,11,Made Shot,Driving Floating Bank Jump Shot,2PT Field Goal,Restricted Area,Center(C),Less Than 8 ft.,3.0,-26.0,15.0,1,1,20251226,POR,LAC,James Harden,2025,POR,Made,3.0016662039607267,James Harden
Shot Chart Detail,22500431,213,201935,James Harden,1610612746,LA Clippers,2,5,3,Made Shot,Driving Floating Jump Shot,2PT Field Goal,Restricted Area,Center(C),Less Than 8 ft.,1.0,-10.0,16.0,1,1,20251226,POR,LAC,James Harden,2025,POR,Made,1.8867962264113207,James Harden
Shot Chart Detail,22500431,252,201935,James Harden,1610612746,LA Clippers,2,1,19,Made Shot,Driving Floating Bank Jump Shot,2PT Field Goal,Restricted Area,Center(C),Less Than 8 ft.,1.0,-10.0,13.0,1,1,20251226,POR,LAC,James Harden,2025,POR,Made,1.6401219466856727,James Harden
Shot Chart Detail,22500431,351,201935,James Harden,1610612746,LA Clippers,3,6,15,Missed Shot,Jump Shot,3PT Field Goal,Above the Break 3,Right Side Center(RC),24+ ft.,25.0,183.0,182.0,1,0,20251226,POR,LAC,James Harden,2025,POR,Missed,25.809494377069846,James Harden
Shot Chart Detail,22500431,381,201935,James Harden,1610612746,LA Clippers,3,4,35,Made Shot,Driving Layup Shot,2PT Field Goal,Restricted Area,Center(C),Less Than 8 ft.,1.0,-10.0,8.0,1,1,20251226,POR,LAC,James Harden,2025,POR,Made,1.2806248474865698,James Harden
Shot Chart Detail,22500431,424,201935,James Harden,1610612746,LA Clippers,3,1,6,Made Shot,Pullup Jump shot,3PT Field Goal,Above the Break 3,Left Side Center(LC),24+ ft.,25.0,-189.0,176.0,1,1,20251226,POR,LAC,James Harden,2025,POR,Made,25.825762331439513,James Harden
Shot Chart Detail,22500431,431,201935,James Harden,1610612746,LA Clippers,3,0,42,Missed Shot,Step Back Jump shot,3PT Field Goal,Above the Break 3,Center(C),24+ ft.,24.0,0.0,248.0,1,0,20251226,POR,LAC,James Harden,2025,POR,Missed,24.8,James Harden
Shot Chart Detail,22500431,435,201935,James Harden,1610612746,LA Clippers,3,0,10,Missed Shot,Step Back Jump shot,3PT Field Goal,Above the Break 3,Right Side Center(RC),24+ ft.,26.0,112.0,241.0,1,0,20251226,POR,LAC,James Harden,2025,POR,Missed,26.575364531836623,James Harden
Shot Chart Detail,22500431,537,201935,James Harden,1610612746,LA Clippers,4,6,32,Made Shot,Driving Finger Roll Layup Shot,2PT Field Goal,Restricted Area,Center(C),Less Than 8 ft.,0.0,4.0,-1.0,1,1,20251226,POR,LAC,James Harden,2025,POR,Made,0.41231056256176607,James Harden
Shot Chart Detail,22500431,568,201935,James Harden,1610612746,LA Clippers,4,4,16,Missed Shot,Pullup Jump shot,3PT Field Goal,Above the Break 3,Center(C),24+ ft.,26.0,69.0,252.0,1,0,20251226,POR,LAC,James Harden,2025,POR,Missed,26.127571643763606,James Harden
Shot Chart Detail,22500431,587,201935,James Harden,1610612746,LA Clippers,4,3,4,Made Shot,Driving Floating Jump Shot,2PT Field Goal,Restricted Area,Center(C),Less Than 8 ft.,2.0,-4.0,26.0,1,1,20251226,POR,LAC,James Harden,2025,POR,Made,2.630589287593181,James Harden
Shot Chart Detail,22500431,590,201935,James Harden,1610612746,LA Clippers,4,2,30,Made Shot,Pullup Jump shot,3PT Field Goal,Above the Break 3,Left Side Center(LC),24+ ft.,25.0,-135.0,216.0,1,1,20251226,POR,LAC,James Harden,2025,POR,Made,25.47174905655283,James Harden
Shot Chart Detail,22500445,19,201935,James Harden,1610612746,LA Clippers,1,10,2,Missed Shot,Pullup Jump shot,3PT Field Goal,Above the Break 3,Right Side Center(RC),24+ ft.,28.0,164.0,230.0,1,0,20251228,LAC,DET,James Harden,2025,LAC,Missed,28.248185782453355,James Harden
Shot Chart Detail,22500445,49,201935,James Harden,1610612746,LA Clippers,1,8,0,Made Shot,Running Pull-Up Jump Shot,3PT Field Goal,Above the Break 3,Left Side Center(LC),24+ ft.,27.0,-161.0,223.0,1,1,20251228,LAC,DET,James Harden,2025,LAC,Made,27.504545078950134,James Harden
Shot Chart Detail,22500445,59,201935,James Harden,1610612746,LA Clippers,1,6,50,Made Shot,Driving Layup Shot,2PT Field Goal,Restricted Area,Center(C),Less Than 8 ft.,2.0,-13.0,18.0,1,1,20251228,LAC,DET,James Harden,2025,LAC,Made,2.220360331117452,James Harden
Shot Chart Detail,22500445,62,201935,James Harden,1610612746,LA Clippers,1,6,12,Missed Shot,Driving Layup Shot,2PT Field Goal,In The Paint (Non-RA),Center(C),Less Than 8 ft.,6.0,-27.0,55.0,1,0,20251228,LAC,DET,James Harden,2025,LAC,Missed,6.126989472816156,James Harden
Shot Chart Detail,22500445,70,201935,James Harden,1610612746,LA Clippers,1,5,43,Missed Shot,Step Back Jump shot,2PT Field Goal,Mid-Range,Center(C),8-16 ft.,15.0,-4.0,154.0,1,0,20251228,LAC,DET,James Harden,2025,LAC,Missed,15.40519392932137,James Harden
Shot Chart Detail,22500445,92,201935,James Harden,1610612746,LA Clippers,1,4,42,Made Shot,Step Back Jump shot,2PT Field Goal,Mid-Range,Left Side(L),8-16 ft.,13.0,-120.0,67.0,1,1,20251228,LAC,DET,James Harden,2025,LAC,Made,13.743725841270262,James Harden
Shot Chart Detail,22500445,119,201935,James Harden,1610612746,LA Clippers,1,3,2,Missed Shot,Driving Floating Jump Shot,2PT Field Goal,In The Paint (Non-RA),Center(C),Less Than 8 ft.,4.0,6.0,42.0,1,0,20251228,LAC,DET,James Harden,2025,LAC,Missed,4.242640687119286,James Harden
Shot Chart Detail,22500445,136,201935,James Harden,1610612746,LA Clippers,1,1,30,Missed Shot,Driving Floating Bank Jump Shot,2PT Field Goal,In The Paint (Non-RA),Center(C),8-16 ft.,10.0,-10.0,102.0,1,0,20251228,LAC,DET,James Harden,2025,LAC,Missed,10.248902380255165,James Harden
Shot Chart Detail,22500445,159,201935,James Harden,1610612746,LA Clippers,1,0,28,Missed Shot,Pullup Jump shot,2PT Field Goal,Mid-Range,Left Side Center(LC),16-24 ft.,16.0,-83.0,142.0,1,0,20251228,LAC,DET,James Harden,2025,LAC,Missed,16.447796204963144,James Harden
Shot Chart Detail,22500445,242,201935,James Harden,1610612746,LA Clippers,2,6,25,Made Shot,Driving Layup Shot,2PT Field Goal,In The Paint (Non-RA),Center(C),Less Than 8 ft.,4.0,1.0,42.0,1,1,20251228,LAC,DET,James Harden,2025,LAC,Made,4.201190307520001,James Harden
Shot Chart Detail,22500445,263,201935,James Harden,1610612746,LA Clippers,2,4,22,Missed Shot,Driving Floating Jump Shot,2PT Field Goal,In The Paint (Non-RA),Center(C),Less Than 8 ft.,5.0,-21.0,54.0,1,0,20251228,LAC,DET,James Harden,2025,LAC,Missed,5.79396237474839,James Harden
Shot Chart Detail,22500445,279,201935,James Harden,1610612746,LA Clippers,2,2,55,Missed Shot,Running Jump Shot,3PT Field Goal,Above the Break 3,Right Side Center(RC),24+ ft.,26.0,170.0,204.0,1,0,20251228,LAC,DET,James Harden,2025,LAC,Missed,26.55484889808262,James Harden
Shot Chart Detail,22500445,314,201935,James Harden,1610612746,LA Clippers,2,0,33,Missed Shot,Step Back Jump shot,3PT Field Goal,Above the Break 3,Right Side Center(RC),24+ ft.,27.0,114.0,249.0,1,0,20251228,LAC,DET,James Harden,2025,LAC,Missed,27.385580147223465,James Harden
Shot Chart Detail,22500445,344,201935,James Harden,1610612746,LA Clippers,3,10,21,Missed Shot,Jump Shot,3PT Field Goal,Above the Break 3,Center(C),24+ ft.,27.0,7.0,271.0,1,0,20251228,LAC,DET,James Harden,2025,LAC,Missed,27.109039082933208,James Harden
Shot Chart Detail,22500445,378,201935,James Harden,1610612746,LA Clippers,3,7,12,Missed Shot,Step Back Jump shot,2PT Field Goal,Mid-Range,Right Side(R),8-16 ft.,13.0,129.0,52.0,1,0,20251228,LAC,DET,James Harden,2025,LAC,Missed,13.908630414242804,James Harden
Shot Chart Detail,22500445,394,201935,James Harden,1610612746,LA Clippers,3,5,42,Made Shot,Jump Shot,3PT Field Goal,Above the Break 3,Center(C),24+ ft.,27.0,70.0,261.0,1,1,20251228,LAC,DET,James Harden,2025,LAC,Made,27.022398117117586,James Harden
Shot Chart Detail,22500445,521,201935,James Harden,1610612746,LA Clippers,4,9,37,Missed Shot,Step Back Jump shot,2PT Field Goal,Mid-Range,Right Side Center(RC),16-24 ft.,20.0,145.0,148.0,1,0,20251228,LAC,DET,James Harden,2025,LAC,Missed,20.719314660480446,James Harden
Shot Chart Detail,22500445,538,201935,James Harden,1610612746,LA Clippers,4,8,23,Made Shot,Driving Layup Shot,2PT Field Goal,Restricted Area,Center(C),Less Than 8 ft.,2.0,-22.0,-2.0,1,1,20251228,LAC,DET,James Harden,2025,LAC,Made,2.209072203437452,James Harden
Shot Chart Detail,22500445,580,201935,James Harden,1610612746,LA Clippers,4,5,25,Missed Shot,Driving Layup Shot,2PT Field Goal,Restricted Area,Center(C),Less Than 8 ft.,3.0,-28.0,13.0,1,0,20251228,LAC,DET,James Harden,2025,LAC,Missed,3.087069808086626,James Harden
Shot Chart Detail,22500445,595,201935,James Harden,1610612746,LA Clippers,4,4,33,Missed Shot,Step Back Jump shot,3PT Field Goal,Above the Break 3,Left Side Center(LC),24+ ft.,25.0,-200.0,161.0,1,0,20251228,LAC,DET,James Harden,2025,LAC,Missed,25.67508519946915,James Harden
Shot Chart Detail,22500445,600,201935,James Harden,1610612746,LA Clippers,4,3,52,Missed Shot,Jump Shot,3PT Field Goal,Above the Break 3,Right Side Center(RC),24+ ft.,26.0,169.0,210.0,1,0,20251228,LAC,DET,James Harden,2025,LAC,Missed,26.955704405561356,James Harden
Shot Chart Detail,22500445,612,201935,James Harden,1610612746,LA Clippers,4,3,9,Made Shot,Jump Shot,3PT Field Goal,Above the Break 3,Right Side Center(RC),24+ ft.,25.0,201.0,162.0,1,1,20251228,LAC,DET,James Harden,2025,LAC,Made,25.815692901799093,James Harden
Shot Chart Detail,22500445,639,201935,James Harden,1610612746,LA Clippers,4,1,22,Missed Shot,Pullup Jump shot,2PT Field Goal,Mid-Range,Right Side Center(RC),16-24 ft.,17.0,92.0,146.0,1,0,20251228,LAC,DET,James Harden,2025,LAC,Missed,17.25688268488837,James Harden
Shot Chart Detail,22500461,10,201935,James Harden,1610612746,LA Clippers,1,10,53,Made Shot,Driving Layup Shot,2PT Field Goal,Restricted Area,Center(C),Less Than 8 ft.,3.0,-9.0,32.0,1,1,20251230,LAC,SAC,James Harden,2025,LAC,Made,3.324154027718932,James Harden
Shot Chart Detail,22500461,13,201935,James Harden,1610612746,LA Clippers,1,10,37,Missed Shot,Running Pull-Up Jump Shot,3PT Field Goal,Above the Break 3,Right Side Center(RC),24+ ft.,26.0,82.0,252.0,1,0,20251230,LAC,SAC,James Harden,2025,LAC,Missed,26.50056603169072,James Harden
Shot Chart Detail,22500461,92,201935,James Harden,1610612746,LA Clippers,1,5,31,Made Shot,Pullup Jump shot,3PT Field Goal,Above the Break 3,Right Side Center(RC),24+ ft.,25.0,104.0,233.0,1,1,20251230,LAC,SAC,James Harden,2025,LAC,Made,25.515681452785067,James Harden
Shot Chart Detail,22500461,119,201935,James Harden,1610612746,LA Clippers,1,3,33,Made Shot,Driving Floating Jump Shot,2PT Field Goal,In The Paint (Non-RA),Center(C),Less Than 8 ft.,5.0,-22.0,55.0,1,1,20251230,LAC,SAC,James Harden,2025,LAC,Made,5.923681287847955,James Harden
Shot Chart Detail,22500461,129,201935,James Harden,1610612746,LA Clippers,1,2,59,Made Shot,Step Back Jump shot,2PT Field Goal,Mid-Range,Center(C),16-24 ft.,16.0,2.0,162.0,1,1,20251230,LAC,SAC,James Harden,2025,LAC,Made,16.201234520862908,James Harden
Shot Chart Detail,22500461,132,201935,James Harden,1610612746,LA Clippers,1,2,36,Missed Shot,Pullup Jump shot,3PT Field Goal,Above the Break 3,Left Side Center(LC),24+ ft.,29.0,-162.0,249.0,1,0,20251230,LAC,SAC,James Harden,2025,LAC,Missed,29.70605998782067,James Harden
Shot Chart Detail,22500461,164,201935,James Harden,1610612746,LA Clippers,1,0,35,Missed Shot,Step Back Jump shot,3PT Field Goal,Above the Break 3,Right Side Center(RC),24+ ft.,27.0,108.0,253.0,1,0,20251230,LAC,SAC,James Harden,2025,LAC,Missed,27.50872588834314,James Harden
Shot Chart Detail,22500461,285,201935,James Harden,1610612746,LA Clippers,2,4,8,Made Shot,Driving Layup Shot,2PT Field Goal,Restricted Area,Center(C),Less Than 8 ft.,2.0,-4.0,22.0,1,1,20251230,LAC,SAC,James Harden,2025,LAC,Made,2.23606797749979,James Harden
Shot Chart Detail,22500461,317,201935,James Harden,1610612746,LA Clippers,2,2,1,Missed Shot,Running Pull-Up Jump Shot,3PT Field Goal,Above the Break 3,Right Side Center(RC),24+ ft.,26.0,196.0,181.0,1,0,20251230,LAC,SAC,James Harden,2025,LAC,Missed,26.67901797293146,James Harden
Shot Chart Detail,22500461,363,201935,James Harden,1610612746,LA Clippers,3,10,41,Missed Shot,Pullup Jump shot,2PT Field Goal,In The Paint (Non-RA),Center(C),Less Than 8 ft.,5.0,-6.0,57.0,1,0,20251230,LAC,SAC,James Harden,2025,LAC,Missed,5.731491952362839,James Harden
Shot Chart Detail,22500461,395,201935,James Harden,1610612746,LA Clippers,3,8,6,Missed Shot,Step Back Jump shot,3PT Field Goal,Above the Break 3,Left Side Center(LC),24+ ft.,25.0,-114.0,232.0,1,0,20251230,LAC,SAC,James Harden,2025,LAC,Missed,25.849564793241683,James Harden
Shot Chart Detail,22500461,483,201935,James Harden,1610612746,LA Clippers,3,1,16,Made Shot,Driving Layup Shot,2PT Field Goal,Restricted Area,Center(C),Less Than 8 ft.,2.0,13.0,24.0,1,1,20251230,LAC,SAC,James Harden,2025,LAC,Made,2.7294688127912363,James Harden
Shot Chart Detail,22500461,485,201935,James Harden,1610612746,LA Clippers,3,0,44,Missed Shot,Pullup Jump shot,2PT Field Goal,Mid-Range,Right Side(R),8-16 ft.,15.0,153.0,34.0,1,0,20251230,LAC,SAC,James Harden,2025,LAC,Missed,15.67322557739791,James Harden
Shot Chart Detail,22500461,497,201935,James Harden,1610612746,LA Clippers,3,0,0,Missed Shot,Turnaround Fadeaway shot,2PT Field Goal,Mid-Range,Right Side(R),16-24 ft.,19.0,191.0,33.0,1,0,20251230,LAC,SAC,James Harden,2025,LAC,Missed,19.382982226685346,James Harden
Shot Chart Detail,22500475,28,201935,James Harden,1610612746,LA Clippers,1,9,43,Made Shot,Step Back Jump shot,2PT Field Goal,Mid-Range,Center(C),8-16 ft.,15.0,-33.0,155.0,1,1,20260101,LAC,UTA,James Harden,2026,LAC,Made,15.847397262642215,James Harden
Shot Chart Detail,22500475,52,201935,James Harden,1610612746,LA Clippers,1,7,17,Made Shot,Driving Layup Shot,2PT Field Goal,Restricted Area,Center(C),Less Than 8 ft.,2.0,-22.0,8.0,1,1,20260101,LAC,UTA,James Harden,2026,LAC,Made,2.340939982143925,James Harden
Shot Chart Detail,22500475,64,201935,James Harden,1610612746,LA Clippers,1,6,17,Missed Shot,Pullup Jump shot,3PT Field Goal,Above the Break 3,Right Side Center(RC),24+ ft.,27.0,134.0,243.0,1,0,20260101,LAC,UTA,James Harden,2026,LAC,Missed,27.749774773860775,James Harden
Shot Chart Detail,22500475,95,201935,James Harden,1610612746,LA Clippers,1,4,20,Missed Shot,Jump Shot,3PT Field Goal,Above the Break 3,Right Side Center(RC),24+ ft.,26.0,131.0,226.0,1,0,20260101,LAC,UTA,James Harden,2026,LAC,Missed,26.122212769977967,James Harden
Shot Chart Detail,22500475,133,201935,James Harden,1610612746,LA Clippers,1,2,31,Made Shot,Pullup Jump shot,2PT Field Goal,In The Paint (Non-RA),Left Side(L),8-16 ft.,9.0,-54.0,80.0,1,1,20260101,LAC,UTA,James Harden,2026,LAC,Made,9.651942809610924,James Harden
Shot Chart Detail,22500475,145,201935,James Harden,1610612746,LA Clippers,1,1,34,Missed Shot,Driving Layup Shot,2PT Field Goal,In The Paint (Non-RA),Center(C),Less Than 8 ft.,4.0,-43.0,10.0,1,0,20260101,LAC,UTA,James Harden,2026,LAC,Missed,4.4147480109288235,James Harden
Shot Chart Detail,22500475,161,201935,James Harden,1610612746,LA Clippers,1,0,29,Missed Shot,Pullup Jump shot,2PT Field Goal,Mid-Range,Center(C),8-16 ft.,14.0,22.0,142.0,1,0,20260101,LAC,UTA,James Harden,2026,LAC,Missed,14.369411957348845,James Harden
Shot Chart Detail,22500475,324,201935,James Harden,1610612746,LA Clippers,2,1,58,Missed Shot,Driving Floating Jump Shot,2PT Field Goal,Restricted Area,Center(C),Less Than 8 ft.,3.0,-34.0,15.0,1,0,20260101,LAC,UTA,James Harden,2026,LAC,Missed,3.716180835212409,James Harden
Shot Chart Detail,22500475,400,201935,James Harden,1610612746,LA Clippers,3,9,1,Missed Shot,Jump Shot,3PT Field Goal,Above the Break 3,Right Side Center(RC),24+ ft.,26.0,112.0,236.0,1,0,20260101,LAC,UTA,James Harden,2026,LAC,Missed,26.12278698760911,James Harden
Shot Chart Detail,22500475,435,201935,James Harden,1610612746,LA Clippers,3,6,22,Missed Shot,Driving Layup Shot,2PT Field Goal,Restricted Area,Center(C),Less Than 8 ft.,2.0,-17.0,16.0,1,0,20260101,LAC,UTA,James Harden,2026,LAC,Missed,2.3345235059857505,James Harden
Shot Chart Detail,22500475,493,201935,James Harden,1610612746,LA Clippers,3,2,0,Missed Shot,Jump Shot,3PT Field Goal,Above the Break 3,Right Side Center(RC),24+ ft.,26.0,102.0,246.0,1,0,20260101,LAC,UTA,James Harden,2026,LAC,Missed,26.630809225406573,James Harden
Shot Chart Detail,22500475,507,201935,James Harden,1610612746,LA Clippers,3,1,15,Made Shot,Step Back Jump shot,3PT Field Goal,Above the Break 3,Center(C),24+ ft.,25.0,20.0,253.0,1,1,20260101,LAC,UTA,James Harden,2026,LAC,Made,25.378928267363854,James Harden
Shot Chart Detail,22500475,509,201935,James Harden,1610612746,LA Clippers,3,0,33,Made Shot,Driving Layup Shot,2PT Field Goal,Restricted Area,Center(C),Less Than 8 ft.,2.0,-21.0,16.0,1,1,20260101,LAC,UTA,James Harden,2026,LAC,Made,2.640075756488817,James Harden
Shot Chart Detail,22500475,511,201935,James Harden,1610612746,LA Clippers,3,0,3,Missed Shot,Step Back Jump shot,3PT Field Goal,Above the Break 3,Center(C),24+ ft.,28.0,-69.0,272.0,1,0,20260101,LAC,UTA,James Harden,2026,LAC,Missed,28.06153951585693,James Harden
Shot Chart Detail,22500493,38,201935,James Harden,1610612746,LA Clippers,1,8,7,Missed Shot,Driving Layup Shot,2PT Field Goal,In The Paint (Non-RA),Center(C),Less Than 8 ft.,5.0,-34.0,48.0,1,0,20260103,LAC,BOS,James Harden,2026,LAC,Missed,5.882176467941097,James Harden
Shot Chart Detail,22500493,49,201935,James Harden,1610612746,LA Clippers,1,6,46,Missed Shot,Jump Shot,3PT Field Goal,Above the Break 3,Center(C),24+ ft.,26.0,-20.0,268.0,1,0,20260103,LAC,BOS,James Harden,2026,LAC,Missed,26.874523251585323,James Harden
Shot Chart Detail,22500493,83,201935,James Harden,1610612746,LA Clippers,1,4,15,Made Shot,Driving Layup Shot,2PT Field Goal,Restricted Area,Center(C),Less Than 8 ft.,3.0,-15.0,32.0,1,1,20260103,LAC,BOS,James Harden,2026,LAC,Made,3.5341194094144583,James Harden
Shot Chart Detail,22500493,103,201935,James Harden,1610612746,LA Clippers,1,3,15,Missed Shot,Step Back Jump shot,3PT Field Goal,Above the Break 3,Right Side Center(RC),24+ ft.,26.0,129.0,237.0,1,0,20260103,LAC,BOS,James Harden,2026,LAC,Missed,26.983328186122627,James Harden
Shot Chart Detail,22500493,112,201935,James Harden,1610612746,LA Clippers,1,2,25,Made Shot,Driving Layup Shot,2PT Field Goal,Restricted Area,Center(C),Less Than 8 ft.,3.0,-23.0,27.0,1,1,20260103,LAC,BOS,James Harden,2026,LAC,Made,3.5468295701936396,James Harden
Shot Chart Detail,22500493,119,201935,James Harden,1610612746,LA Clippers,1,2,4,Missed Shot,Driving Layup Shot,2PT Field Goal,Restricted Area,Center(C),Less Than 8 ft.,3.0,4.0,34.0,1,0,20260103,LAC,BOS,James Harden,2026,LAC,Missed,3.423448553724738,James Harden
Shot Chart Detail,22500493,265,201935,James Harden,1610612746,LA Clippers,2,2,26,Missed Shot,Step Back Jump shot,2PT Field Goal,In The Paint (Non-RA),Center(C),8-16 ft.,13.0,-54.0,121.0,1,0,20260103,LAC,BOS,James Harden,2026,LAC,Missed,13.25028301584536,James Harden
Shot Chart Detail,22500493,284,201935,James Harden,1610612746,LA Clippers,2,1,7,Made Shot,Driving Layup Shot,2PT Field Goal,Restricted Area,Center(C),Less Than 8 ft.,3.0,-6.0,34.0,1,1,20260103,LAC,BOS,James Harden,2026,LAC,Made,3.4525353003264136,James Harden
Shot Chart Detail,22500493,305,201935,James Harden,1610612746,LA Clippers,2,0,0,Missed Shot,Step Back Jump shot,3PT Field Goal,Above the Break 3,Right Side Center(RC),24+ ft.,27.0,161.0,223.0,1,0,20260103,LAC,BOS,James Harden,2026,LAC,Missed,27.504545078950134,James Harden
Shot Chart Detail,22500493,337,201935,James Harden,1610612746,LA Clippers,3,9,35,Made Shot,Driving Floating Jump Shot,2PT Field Goal,In The Paint (Non-RA),Center(C),Less Than 8 ft.,6.0,-50.0,35.0,1,1,20260103,LAC,BOS,James Harden,2026,LAC,Made,6.103277807866851,James Harden
Shot Chart Detail,22500493,342,201935,James Harden,1610612746,LA Clippers,3,9,10,Missed Shot,Step Back Jump shot,3PT Field Goal,Above the Break 3,Right Side Center(RC),24+ ft.,26.0,114.0,235.0,1,0,20260103,LAC,BOS,James Harden,2026,LAC,Missed,26.119150062741323,James Harden
Shot Chart Detail,22500493,408,201935,James Harden,1610612746,LA Clippers,3,4,15,Made Shot,Jump Shot,3PT Field Goal,Above the Break 3,Right Side Center(RC),24+ ft.,27.0,115.0,247.0,1,1,20260103,LAC,BOS,James Harden,2026,LAC,Made,27.245917125323565,James Harden
Shot Chart Detail,22500493,452,201935,James Harden,1610612746,LA Clippers,3,1,9,Missed Shot,Step Back Jump shot,3PT Field Goal,Above the Break 3,Left Side Center(LC),24+ ft.,25.0,-92.0,241.0,1,0,20260103,LAC,BOS,James Harden,2026,LAC,Missed,25.796317566660555,James Harden
Shot Chart Detail,22500493,528,201935,James Harden,1610612746,LA Clippers,4,8,35,Made Shot,Pullup Jump shot,2PT Field Goal,In The Paint (Non-RA),Center(C),8-16 ft.,14.0,-60.0,127.0,1,1,20260103,LAC,BOS,James Harden,2026,LAC,Made,14.045995870709916,James Harden
Shot Chart Detail,22500493,539,201935,James Harden,1610612746,LA Clippers,4,7,0,Made Shot,Driving Floating Jump Shot,2PT Field Goal,In The Paint (Non-RA),Center(C),Less Than 8 ft.,6.0,2.0,63.0,1,1,20260103,LAC,BOS,James Harden,2026,LAC,Made,6.30317380372777,James Harden
Shot Chart Detail,22500522,52,201935,James Harden,1610612746,LA Clippers,1,7,13,Missed Shot,Jump Shot,3PT Field Goal,Above the Break 3,Left Side Center(LC),24+ ft.,26.0,-176.0,193.0,1,0,20260107,NYK,LAC,James Harden,2026,NYK,Missed,26.11991577321795,James Harden
Shot Chart Detail,22500522,77,201935,James Harden,1610612746,LA Clippers,1,5,35,Missed Shot,Driving Finger Roll Layup Shot,2PT Field Goal,Restricted Area,Center(C),Less Than 8 ft.,2.0,-15.0,22.0,1,0,20260107,NYK,LAC,James Harden,2026,NYK,Missed,2.6627053911388696,James Harden
Shot Chart Detail,22500522,81,201935,James Harden,1610612746,LA Clippers,1,5,5,Missed Shot,Driving Layup Shot,2PT Field Goal,Restricted Area,Center(C),Less Than 8 ft.,2.0,-15.0,16.0,1,0,20260107,NYK,LAC,James Harden,2026,NYK,Missed,2.193171219946131,James Harden
Shot Chart Detail,22500522,116,201935,James Harden,1610612746,LA Clippers,1,2,8,Missed Shot,Driving Finger Roll Layup Shot,2PT Field Goal,Restricted Area,Center(C),Less Than 8 ft.,1.0,-13.0,10.0,1,0,20260107,NYK,LAC,James Harden,2026,NYK,Missed,1.6401219466856727,James Harden
Shot Chart Detail,22500522,130,201935,James Harden,1610612746,LA Clippers,1,1,29,Made Shot,Step Back Jump shot,3PT Field Goal,Above the Break 3,Right Side Center(RC),24+ ft.,24.0,159.0,190.0,1,1,20260107,NYK,LAC,James Harden,2026,NYK,Made,24.77518920210298,James Harden
Shot Chart Detail,22500522,137,201935,James Harden,1610612746,LA Clippers,1,0,32,Made Shot,Step Back Jump shot,3PT Field Goal,Above the Break 3,Right Side Center(RC),24+ ft.,24.0,217.0,116.0,1,1,20260107,NYK,LAC,James Harden,2026,NYK,Made,24.605893602956183,James Harden
Shot Chart Detail,22500522,251,201935,James Harden,1610612746,LA Clippers,2,5,41,Made Shot,Step Back Jump shot,3PT Field Goal,Above the Break 3,Left Side Center(LC),24+ ft.,25.0,-148.0,209.0,1,1,20260107,NYK,LAC,James Harden,2026,NYK,Made,25.609568524284043,James Harden
Shot Chart Detail,22500522,257,201935,James Harden,1610612746,LA Clippers,2,4,32,Missed Shot,Driving Layup Shot,2PT Field Goal,In The Paint (Non-RA),Center(C),Less Than 8 ft.,4.0,7.0,46.0,1,0,20260107,NYK,LAC,James Harden,2026,NYK,Missed,4.652956049652737,James Harden
Shot Chart Detail,22500522,325,201935,James Harden,1610612746,LA Clippers,3,11,31,Missed Shot,Driving Layup Shot,2PT Field Goal,Restricted Area,Center(C),Less Than 8 ft.,2.0,-12.0,16.0,1,0,20260107,NYK,LAC,James Harden,2026,NYK,Missed,2.0,James Harden
Shot Chart Detail,22500522,353,201935,James Harden,1610612746,LA Clippers,3,9,31,Made Shot,Driving Finger Roll Layup Shot,2PT Field Goal,Restricted Area,Center(C),Less Than 8 ft.,2.0,0.0,27.0,1,1,20260107,NYK,LAC,James Harden,2026,NYK,Made,2.7,James Harden
Shot Chart Detail,22500522,368,201935,James Harden,1610612746,LA Clippers,3,8,24,Missed Shot,Pullup Jump shot,3PT Field Goal,Above the Break 3,Center(C),24+ ft.,25.0,-72.0,242.0,1,0,20260107,NYK,LAC,James Harden,2026,NYK,Missed,25.24836628378161,James Harden
Shot Chart Detail,22500522,375,201935,James Harden,1610612746,LA Clippers,3,7,51,Missed Shot,Driving Floating Bank Jump Shot,2PT Field Goal,In The Paint (Non-RA),Center(C),8-16 ft.,11.0,53.0,103.0,1,0,20260107,NYK,LAC,James Harden,2026,NYK,Missed,11.583609109426991,James Harden
Shot Chart Detail,22500522,441,201935,James Harden,1610612746,LA Clippers,3,3,44,Made Shot,Pullup Jump shot,3PT Field Goal,Above the Break 3,Center(C),24+ ft.,25.0,9.0,255.0,1,1,20260107,NYK,LAC,James Harden,2026,NYK,Made,25.515877409957902,James Harden
Shot Chart Detail,22500522,444,201935,James Harden,1610612746,LA Clippers,3,3,15,Missed Shot,Pullup Jump shot,2PT Field Goal,In The Paint (Non-RA),Center(C),8-16 ft.,14.0,49.0,135.0,1,0,20260107,NYK,LAC,James Harden,2026,NYK,Missed,14.36175476743702,James Harden
Shot Chart Detail,22500522,600,201935,James Harden,1610612746,LA Clippers,4,5,16,Made Shot,Driving Floating Bank Jump Shot,2PT Field Goal,Restricted Area,Center(C),Less Than 8 ft.,1.0,-9.0,16.0,1,1,20260107,NYK,LAC,James Harden,2026,NYK,Made,1.835755975068582,James Harden
Shot Chart Detail,22500522,617,201935,James Harden,1610612746,LA Clippers,4,3,46,Missed Shot,Driving Layup Shot,2PT Field Goal,Restricted Area,Center(C),Less Than 8 ft.,3.0,-11.0,37.0,1,0,20260107,NYK,LAC,James Harden,2026,NYK,Missed,3.8600518131237562,James Harden
Shot Chart Detail,22500522,628,201935,James Harden,1610612746,LA Clippers,4,2,48,Missed Shot,Jump Shot,3PT Field Goal,Left Corner 3,Left Side(L),24+ ft.,22.0,-229.0,10.0,1,0,20260107,NYK,LAC,James Harden,2026,NYK,Missed,22.921823662178365,James Harden
Shot Chart Detail,22500535,39,201935,James Harden,1610612746,LA Clippers,1,8,51,Made Shot,Turnaround Fadeaway shot,2PT Field Goal,In The Paint (Non-RA),Center(C),8-16 ft.,9.0,23.0,92.0,1,1,20260109,BKN,LAC,James Harden,2026,BKN,Made,9.483142938920619,James Harden
Shot Chart Detail,22500535,42,201935,James Harden,1610612746,LA Clippers,1,8,24,Made Shot,Driving Reverse Layup Shot,2PT Field Goal,Restricted Area,Center(C),Less Than 8 ft.,2.0,-17.0,13.0,1,1,20260109,BKN,LAC,James Harden,2026,BKN,Made,2.1400934559032696,James Harden
Shot Chart Detail,22500535,60,201935,James Harden,1610612746,LA Clippers,1,6,46,Made Shot,Running Pull-Up Jump Shot,3PT Field Goal,Above the Break 3,Center(C),24+ ft.,27.0,-55.0,267.0,1,1,20260109,BKN,LAC,James Harden,2026,BKN,Made,27.26059427085184,James Harden
Shot Chart Detail,22500535,64,201935,James Harden,1610612746,LA Clippers,1,6,11,Missed Shot,Jump Shot,3PT Field Goal,Above the Break 3,Right Side Center(RC),24+ ft.,25.0,148.0,207.0,1,0,20260109,BKN,LAC,James Harden,2026,BKN,Missed,25.446610776290033,James Harden
Shot Chart Detail,22500535,104,201935,James Harden,1610612746,LA Clippers,1,3,25,Missed Shot,Step Back Jump shot,2PT Field Goal,Mid-Range,Right Side Center(RC),16-24 ft.,20.0,105.0,178.0,1,0,20260109,BKN,LAC,James Harden,2026,BKN,Missed,20.666155907667008,James Harden
Shot Chart Detail,22500535,112,201935,James Harden,1610612746,LA Clippers,1,3,2,Made Shot,Driving Layup Shot,2PT Field Goal,Restricted Area,Center(C),Less Than 8 ft.,1.0,-11.0,7.0,1,1,20260109,BKN,LAC,James Harden,2026,BKN,Made,1.3038404810405297,James Harden
Shot Chart Detail,22500535,134,201935,James Harden,1610612746,LA Clippers,1,0,41,Made Shot,Driving Finger Roll Layup Shot,2PT Field Goal,Restricted Area,Center(C),Less Than 8 ft.,1.0,-1.0,12.0,1,1,20260109,BKN,LAC,James Harden,2026,BKN,Made,1.2041594578792296,James Harden
Shot Chart Detail,22500535,254,201935,James Harden,1610612746,LA Clippers,2,3,14,Made Shot,Pullup Jump shot,3PT Field Goal,Above the Break 3,Left Side Center(LC),24+ ft.,25.0,-114.0,233.0,1,1,20260109,BKN,LAC,James Harden,2026,BKN,Made,25.939352343495393,James Harden
Shot Chart Detail,22500535,267,201935,James Harden,1610612746,LA Clippers,2,1,29,Missed Shot,Driving Floating Jump Shot,2PT Field Goal,In The Paint (Non-RA),Center(C),Less Than 8 ft.,5.0,4.0,52.0,1,0,20260109,BKN,LAC,James Harden,2026,BKN,Missed,5.215361924162119,James Harden
Shot Chart Detail,22500535,281,201935,James Harden,1610612746,LA Clippers,2,0,43,Made Shot,Driving Layup Shot,2PT Field Goal,Restricted Area,Center(C),Less Than 8 ft.,2.0,-1.0,21.0,1,1,20260109,BKN,LAC,James Harden,2026,BKN,Made,2.1023796041628637,James Harden
Shot Chart Detail,22500535,344,201935,James Harden,1610612746,LA Clippers,3,9,15,Made Shot,Driving Floating Jump Shot,2PT Field Goal,Restricted Area,Center(C),Less Than 8 ft.,0.0,4.0,6.0,1,1,20260109,BKN,LAC,James Harden,2026,BKN,Made,0.7211102550927978,James Harden
Shot Chart Detail,22500535,384,201935,James Harden,1610612746,LA Clippers,3,6,44,Made Shot,Pullup Jump shot,3PT Field Goal,Above the Break 3,Left Side Center(LC),24+ ft.,25.0,-97.0,241.0,1,1,20260109,BKN,LAC,James Harden,2026,BKN,Made,25.97883754135277,James Harden
Shot Chart Detail,22500535,444,201935,James Harden,1610612746,LA Clippers,3,2,52,Made Shot,Driving Reverse Layup Shot,2PT Field Goal,Restricted Area,Center(C),Less Than 8 ft.,1.0,16.0,8.0,1,1,20260109,BKN,LAC,James Harden,2026,BKN,Made,1.788854381999832,James Harden
Shot Chart Detail,22500544,22,201935,James Harden,1610612746,LA Clippers,1,10,33,Missed Shot,Pullup Jump shot,3PT Field Goal,Right Corner 3,Right Side(R),24+ ft.,22.0,223.0,2.0,1,0,20260110,DET,LAC,James Harden,2026,DET,Missed,22.300896842952305,James Harden
Shot Chart Detail,22500544,35,201935,James Harden,1610612746,LA Clippers,1,9,23,Missed Shot,Jump Shot,3PT Field Goal,Above the Break 3,Right Side Center(RC),24+ ft.,25.0,228.0,122.0,1,0,20260110,DET,LAC,James Harden,2026,DET,Missed,25.858847615468097,James Harden
Shot Chart Detail,22500544,56,201935,James Harden,1610612746,LA Clippers,1,7,45,Missed Shot,Driving Layup Shot,2PT Field Goal,In The Paint (Non-RA),Center(C),Less Than 8 ft.,7.0,-27.0,71.0,1,0,20260110,DET,LAC,James Harden,2026,DET,Missed,7.596051605933177,James Harden
Shot Chart Detail,22500544,84,201935,James Harden,1610612746,LA Clippers,1,5,29,Missed Shot,Driving Layup Shot,2PT Field Goal,In The Paint (Non-RA),Center(C),Less Than 8 ft.,6.0,-23.0,57.0,1,0,20260110,DET,LAC,James Harden,2026,DET,Missed,6.146543744251724,James Harden
Shot Chart Detail,22500544,145,201935,James Harden,1610612746,LA Clippers,1,1,48,Missed Shot,Driving Floating Jump Shot,2PT Field Goal,In The Paint (Non-RA),Right Side(R),8-16 ft.,12.0,66.0,104.0,1,0,20260110,DET,LAC,James Harden,2026,DET,Missed,12.317467272130257,James Harden
Shot Chart Detail,22500544,148,201935,James Harden,1610612746,LA Clippers,1,1,11,Made Shot,Driving Layup Shot,2PT Field Goal,In The Paint (Non-RA),Left Side(L),8-16 ft.,9.0,-50.0,76.0,1,1,20260110,DET,LAC,James Harden,2026,DET,Made,9.097252332435328,James Harden
Shot Chart Detail,22500544,155,201935,James Harden,1610612746,LA Clippers,1,0,31,Missed Shot,Pullup Jump shot,3PT Field Goal,Above the Break 3,Left Side Center(LC),24+ ft.,25.0,-179.0,185.0,1,0,20260110,DET,LAC,James Harden,2026,DET,Missed,25.742183279589945,James Harden
Shot Chart Detail,22500544,283,201935,James Harden,1610612746,LA Clippers,2,4,31,Missed Shot,Pullup Jump shot,2PT Field Goal,Mid-Range,Center(C),16-24 ft.,17.0,7.0,173.0,1,0,20260110,DET,LAC,James Harden,2026,DET,Missed,17.31415605797753,James Harden
Shot Chart Detail,22500544,312,201935,James Harden,1610612746,LA Clippers,2,2,59,Missed Shot,Jump Shot,3PT Field Goal,Above the Break 3,Center(C),24+ ft.,26.0,28.0,263.0,1,0,20260110,DET,LAC,James Harden,2026,DET,Missed,26.448629454094593,James Harden
Shot Chart Detail,22500544,321,201935,James Harden,1610612746,LA Clippers,2,1,36,Missed Shot,Driving Layup Shot,2PT Field Goal,In The Paint (Non-RA),Center(C),Less Than 8 ft.,6.0,-13.0,59.0,1,0,20260110,DET,LAC,James Harden,2026,DET,Missed,6.041522986797286,James Harden
Shot Chart Detail,22500544,375,201935,James Harden,1610612746,LA Clippers,3,10,59,Made Shot,Running Jump Shot,3PT Field Goal,Above the Break 3,Right Side Center(RC),24+ ft.,24.0,184.0,166.0,1,1,20260110,DET,LAC,James Harden,2026,DET,Made,24.78144467136652,James Harden
Shot Chart Detail,22500544,389,201935,James Harden,1610612746,LA Clippers,3,9,27,Missed Shot,Driving Floating Jump Shot,2PT Field Goal,Mid-Range,Right Side(R),8-16 ft.,9.0,81.0,57.0,1,0,20260110,DET,LAC,James Harden,2026,DET,Missed,9.904544411531507,James Harden
Shot Chart Detail,22500544,408,201935,James Harden,1610612746,LA Clippers,3,8,2,Missed Shot,Driving Layup Shot,2PT Field Goal,Restricted Area,Center(C),Less Than 8 ft.,1.0,-17.0,4.0,1,0,20260110,DET,LAC,James Harden,2026,DET,Missed,1.7464249196572978,James Harden
Shot Chart Detail,22500544,429,201935,James Harden,1610612746,LA Clippers,3,6,42,Missed Shot,Step Back Jump shot,3PT Field Goal,Above the Break 3,Left Side Center(LC),24+ ft.,25.0,-89.0,243.0,1,0,20260110,DET,LAC,James Harden,2026,DET,Missed,25.87856255668,James Harden
Shot Chart Detail,22500544,433,201935,James Harden,1610612746,LA Clippers,3,6,6,Missed Shot,Driving Layup Shot,2PT Field Goal,In The Paint (Non-RA),Center(C),Less Than 8 ft.,7.0,36.0,67.0,1,0,20260110,DET,LAC,James Harden,2026,DET,Missed,7.605918747922567,James Harden
Shot Chart Detail,22500544,511,201935,James Harden,1610612746,LA Clippers,3,0,55,Made Shot,Driving Layup Shot,2PT Field Goal,In The Paint (Non-RA),Center(C),Less Than 8 ft.,5.0,-42.0,32.0,1,1,20260110,DET,LAC,James Harden,2026,DET,Made,5.280151512977634,James Harden
Shot Chart Detail,22500544,524,201935,James Harden,1610612746,LA Clippers,3,0,0,Missed Shot,Pullup Jump shot,3PT Field Goal,Above the Break 3,Left Side Center(LC),24+ ft.,29.0,-97.0,282.0,1,0,20260110,DET,LAC,James Harden,2026,DET,Missed,29.821636440678436,James Harden
Shot Chart Detail,22500544,623,201935,James Harden,1610612746,LA Clippers,4,5,47,Missed Shot,Driving Layup Shot,2PT Field Goal,Restricted Area,Center(C),Less Than 8 ft.,3.0,-23.0,30.0,1,0,20260110,DET,LAC,James Harden,2026,DET,Missed,3.78021163428716,James Harden
Shot Chart Detail,22500544,681,201935,James Harden,1610612746,LA Clippers,4,2,59,Made Shot,Driving Floating Jump Shot,2PT Field Goal,In The Paint (Non-RA),Center(C),8-16 ft.,13.0,-12.0,136.0,1,1,20260110,DET,LAC,James Harden,2026,DET,Made,13.652838532700809,James Harden
Shot Chart Detail,22500544,714,201935,James Harden,1610612746,LA Clippers,4,0,40,Missed Shot,Driving Layup Shot,2PT Field Goal,In The Paint (Non-RA),Right Side(R),8-16 ft.,9.0,62.0,66.0,1,0,20260110,DET,LAC,James Harden,2026,DET,Missed,9.055385138137417,James Harden
Shot Chart Detail,22500563,23,201935,James Harden,1610612746,LA Clippers,1,9,48,Missed Shot,Step Back Jump shot,3PT Field Goal,Above the Break 3,Left Side Center(LC),24+ ft.,24.0,-81.0,232.0,1,0,20260112,LAC,CHA,James Harden,2026,LAC,Missed,24.573359558676547,James Harden
Shot Chart Detail,22500563,33,201935,James Harden,1610612746,LA Clippers,1,8,55,Missed Shot,Driving Floating Jump Shot,2PT Field Goal,In The Paint (Non-RA),Center(C),Less Than 8 ft.,7.0,0.0,71.0,1,0,20260112,LAC,CHA,James Harden,2026,LAC,Missed,7.1,James Harden
Shot Chart Detail,22500563,43,201935,James Harden,1610612746,LA Clippers,1,8,18,Made Shot,Driving Layup Shot,2PT Field Goal,Restricted Area,Center(C),Less Than 8 ft.,3.0,-34.0,14.0,1,1,20260112,LAC,CHA,James Harden,2026,LAC,Made,3.676955262170047,James Harden
Shot Chart Detail,22500563,131,201935,James Harden,1610612746,LA Clippers,1,2,25,Missed Shot,Step Back Jump shot,3PT Field Goal,Above the Break 3,Left Side Center(LC),24+ ft.,24.0,-83.0,231.0,1,0,20260112,LAC,CHA,James Harden,2026,LAC,Missed,24.545875417267155,James Harden
Shot Chart Detail,22500563,147,201935,James Harden,1610612746,LA Clippers,1,1,16,Made Shot,Running Layup Shot,2PT Field Goal,Restricted Area,Center(C),Less Than 8 ft.,3.0,-31.0,8.0,1,1,20260112,LAC,CHA,James Harden,2026,LAC,Made,3.2015621187164243,James Harden
Shot Chart Detail,22500563,152,201935,James Harden,1610612746,LA Clippers,1,0,37,Missed Shot,Pullup Jump shot,3PT Field Goal,Above the Break 3,Center(C),24+ ft.,32.0,76.0,321.0,1,0,20260112,LAC,CHA,James Harden,2026,LAC,Missed,32.9874218453034,James Harden
Shot Chart Detail,22500563,160,201935,James Harden,1610612746,LA Clippers,1,0,0,Made Shot,Driving Layup Shot,2PT Field Goal,Restricted Area,Center(C),Less Than 8 ft.,3.0,-36.0,11.0,1,1,20260112,LAC,CHA,James Harden,2026,LAC,Made,3.764306044943742,James Harden
Shot Chart Detail,22500563,254,201935,James Harden,1610612746,LA Clippers,2,4,57,Missed Shot,Pullup Jump shot,2PT Field Goal,Mid-Range,Right Side(R),8-16 ft.,15.0,103.0,120.0,1,0,20260112,LAC,CHA,James Harden,2026,LAC,Missed,15.814234094637651,James Harden
Shot Chart Detail,22500563,266,201935,James Harden,1610612746,LA Clippers,2,4,28,Missed Shot,Driving Floating Jump Shot,2PT Field Goal,In The Paint (Non-RA),Center(C),Less Than 8 ft.,6.0,-2.0,63.0,1,0,20260112,LAC,CHA,James Harden,2026,LAC,Missed,6.30317380372777,James Harden
Shot Chart Detail,22500563,274,201935,James Harden,1610612746,LA Clippers,2,3,47,Missed Shot,Step Back Jump shot,3PT Field Goal,Above the Break 3,Right Side Center(RC),24+ ft.,24.0,206.0,136.0,1,0,20260112,LAC,CHA,James Harden,2026,LAC,Missed,24.684408034222734,James Harden
Shot Chart Detail,22500563,281,201935,James Harden,1610612746,LA Clippers,2,3,6,Missed Shot,Step Back Jump shot,2PT Field Goal,Mid-Range,Right Side Center(RC),16-24 ft.,19.0,86.0,173.0,1,0,20260112,LAC,CHA,James Harden,2026,LAC,Missed,19.319679086361656,James Harden
Shot Chart Detail,22500563,283,201935,James Harden,1610612746,LA Clippers,2,2,54,Made Shot,Pullup Jump shot,2PT Field Goal,Mid-Range,Center(C),8-16 ft.,15.0,-5.0,157.0,1,1,20260112,LAC,CHA,James Harden,2026,LAC,Made,15.707959765672944,James Harden
Shot Chart Detail,22500563,286,201935,James Harden,1610612746,LA Clippers,2,2,13,Missed Shot,Pullup Jump shot,3PT Field Goal,Above the Break 3,Left Side Center(LC),24+ ft.,25.0,-140.0,208.0,1,0,20260112,LAC,CHA,James Harden,2026,LAC,Missed,25.07269431074371,James Harden
Shot Chart Detail,22500563,313,201935,James Harden,1610612746,LA Clippers,2,0,8,Missed Shot,Driving Floating Bank Jump Shot,2PT Field Goal,Mid-Range,Right Side(R),8-16 ft.,14.0,112.0,85.0,1,0,20260112,LAC,CHA,James Harden,2026,LAC,Missed,14.060227594174995,James Harden
Shot Chart Detail,22500563,354,201935,James Harden,1610612746,LA Clippers,3,9,12,Made Shot,Pullup Jump shot,3PT Field Goal,Above the Break 3,Center(C),24+ ft.,25.0,-40.0,256.0,1,1,20260112,LAC,CHA,James Harden,2026,LAC,Made,25.910615585122635,James Harden
Shot Chart Detail,22500563,383,201935,James Harden,1610612746,LA Clippers,3,6,43,Missed Shot,Step Back Jump shot,3PT Field Goal,Above the Break 3,Right Side Center(RC),24+ ft.,26.0,110.0,241.0,1,0,20260112,LAC,CHA,James Harden,2026,LAC,Missed,26.491696812397652,James Harden
Shot Chart Detail,22500563,401,201935,James Harden,1610612746,LA Clippers,3,5,29,Made Shot,Running Finger Roll Layup Shot,2PT Field Goal,Restricted Area,Center(C),Less Than 8 ft.,1.0,-1.0,18.0,1,1,20260112,LAC,CHA,James Harden,2026,LAC,Made,1.8027756377319946,James Harden
Shot Chart Detail,22500563,408,201935,James Harden,1610612746,LA Clippers,3,4,35,Missed Shot,Running Layup Shot,2PT Field Goal,Restricted Area,Center(C),Less Than 8 ft.,2.0,-5.0,21.0,1,0,20260112,LAC,CHA,James Harden,2026,LAC,Missed,2.15870331449229,James Harden
Shot Chart Detail,22500563,410,201935,James Harden,1610612746,LA Clippers,3,4,33,Made Shot,Tip Layup Shot,2PT Field Goal,Restricted Area,Center(C),Less Than 8 ft.,0.0,0.0,0.0,1,1,20260112,LAC,CHA,James Harden,2026,LAC,Made,0.0,James Harden
Shot Chart Detail,22500563,417,201935,James Harden,1610612746,LA Clippers,3,3,45,Missed Shot,Driving Floating Jump Shot,2PT Field Goal,In The Paint (Non-RA),Center(C),Less Than 8 ft.,4.0,-39.0,23.0,1,0,20260112,LAC,CHA,James Harden,2026,LAC,Missed,4.527692569068709,James Harden
Shot Chart Detail,22500563,440,201935,James Harden,1610612746,LA Clippers,3,2,30,Missed Shot,Step Back Jump shot,2PT Field Goal,Mid-Range,Center(C),16-24 ft.,16.0,-43.0,164.0,1,0,20260112,LAC,CHA,James Harden,2026,LAC,Missed,16.954350474140846,James Harden
Shot Chart Detail,22500563,452,201935,James Harden,1610612746,LA Clippers,3,1,7,Made Shot,Driving Layup Shot,2PT Field Goal,Restricted Area,Center(C),Less Than 8 ft.,3.0,-28.0,16.0,1,1,20260112,LAC,CHA,James Harden,2026,LAC,Made,3.2249030993194197,James Harden
Shot Chart Detail,22500563,474,201935,James Harden,1610612746,LA Clippers,4,11,41,Missed Shot,Step Back Jump shot,3PT Field Goal,Above the Break 3,Right Side Center(RC),24+ ft.,26.0,207.0,172.0,1,0,20260112,LAC,CHA,James Harden,2026,LAC,Missed,26.91337957224993,James Harden
Shot Chart Detail,22500563,531,201935,James Harden,1610612746,LA Clippers,4,6,19,Made Shot,Step Back Jump shot,3PT Field Goal,Above the Break 3,Left Side Center(LC),24+ ft.,31.0,-168.0,265.0,1,1,20260112,LAC,CHA,James Harden,2026,LAC,Made,31.376583625372596,James Harden
Shot Chart Detail,22500563,534,201935,James Harden,1610612746,LA Clippers,4,5,58,Made Shot,Step Back Jump shot,3PT Field Goal,Above the Break 3,Center(C),24+ ft.,26.0,-29.0,263.0,1,1,20260112,LAC,CHA,James Harden,2026,LAC,Made,26.459402865522115,James Harden
Shot Chart Detail,22500563,551,201935,James Harden,1610612746,LA Clippers,4,4,53,Made Shot,Running Layup Shot,2PT Field Goal,Restricted Area,Center(C),Less Than 8 ft.,3.0,-31.0,20.0,1,1,20260112,LAC,CHA,James Harden,2026,LAC,Made,3.689173349139343,James Harden
Shot Chart Detail,22500563,563,201935,James Harden,1610612746,LA Clippers,4,3,55,Missed Shot,Jump Shot,3PT Field Goal,Above the Break 3,Center(C),24+ ft.,28.0,50.0,278.0,1,0,20260112,LAC,CHA,James Harden,2026,LAC,Missed,28.24606167238187,James Harden
Shot Chart Detail,22500563,588,201935,James Harden,1610612746,LA Clippers,4,0,44,Missed Shot,Driving Layup Shot,2PT Field Goal,In The Paint (Non-RA),Center(C),Less Than 8 ft.,4.0,-36.0,20.0,1,0,20260112,LAC,CHA,James Harden,2026,LAC,Missed,4.1182520563948,James Harden
Shot Chart Detail,22500577,26,201935,James Harden,1610612746,LA Clippers,1,9,18,Missed Shot,Driving Layup Shot,2PT Field Goal,Restricted Area,Center(C),Less Than 8 ft.,3.0,-2.0,36.0,1,0,20260114,LAC,WAS,James Harden,2026,LAC,Missed,3.605551275463989,James Harden
Shot Chart Detail,22500577,41,201935,James Harden,1610612746,LA Clippers,1,8,16,Made Shot,Running Layup Shot,2PT Field Goal,In The Paint (Non-RA),Center(C),Less Than 8 ft.,4.0,-10.0,44.0,1,1,20260114,LAC,WAS,James Harden,2026,LAC,Made,4.512205669071391,James Harden
Shot Chart Detail,22500577,45,201935,James Harden,1610612746,LA Clippers,1,7,41,Made Shot,Pullup Jump shot,2PT Field Goal,Mid-Range,Left Side Center(LC),16-24 ft.,16.0,-86.0,142.0,1,1,20260114,LAC,WAS,James Harden,2026,LAC,Made,16.601204775557708,James Harden
Shot Chart Detail,22500577,58,201935,James Harden,1610612746,LA Clippers,1,6,29,Made Shot,Jump Shot,3PT Field Goal,Above the Break 3,Right Side Center(RC),24+ ft.,26.0,180.0,199.0,1,1,20260114,LAC,WAS,James Harden,2026,LAC,Made,26.833002068348595,James Harden
Shot Chart Detail,22500577,82,201935,James Harden,1610612746,LA Clippers,1,4,48,Missed Shot,Pullup Jump shot,3PT Field Goal,Above the Break 3,Center(C),24+ ft.,26.0,66.0,256.0,1,0,20260114,LAC,WAS,James Harden,2026,LAC,Missed,26.43709515056448,James Harden
Shot Chart Detail,22500577,104,201935,James Harden,1610612746,LA Clippers,1,4,0,Missed Shot,Running Pull-Up Jump Shot,3PT Field Goal,Above the Break 3,Center(C),24+ ft.,30.0,-59.0,298.0,1,0,20260114,LAC,WAS,James Harden,2026,LAC,Missed,30.378446306550966,James Harden
Shot Chart Detail,22500577,124,201935,James Harden,1610612746,LA Clippers,1,2,49,Made Shot,Step Back Jump shot,3PT Field Goal,Above the Break 3,Right Side Center(RC),24+ ft.,25.0,129.0,222.0,1,1,20260114,LAC,WAS,James Harden,2026,LAC,Made,25.67586415293554,James Harden
Shot Chart Detail,22500577,154,201935,James Harden,1610612746,LA Clippers,1,0,37,Missed Shot,Step Back Jump shot,3PT Field Goal,Above the Break 3,Left Side Center(LC),24+ ft.,26.0,-230.0,122.0,1,0,20260114,LAC,WAS,James Harden,2026,LAC,Missed,26.035360569809665,James Harden
Shot Chart Detail,22500577,278,201935,James Harden,1610612746,LA Clippers,2,3,10,Missed Shot,Step Back Jump shot,3PT Field Goal,Above the Break 3,Left Side Center(LC),24+ ft.,25.0,-140.0,214.0,1,0,20260114,LAC,WAS,James Harden,2026,LAC,Missed,25.57264163124334,James Harden
Shot Chart Detail,22500577,280,201935,James Harden,1610612746,LA Clippers,2,3,7,Missed Shot,Floating Jump shot,2PT Field Goal,In The Paint (Non-RA),Center(C),Less Than 8 ft.,6.0,-15.0,68.0,1,0,20260114,LAC,WAS,James Harden,2026,LAC,Missed,6.963476143421474,James Harden
Shot Chart Detail,22500577,310,201935,James Harden,1610612746,LA Clippers,2,1,33,Missed Shot,Step Back Jump shot,2PT Field Goal,Mid-Range,Right Side Center(RC),16-24 ft.,19.0,112.0,160.0,1,0,20260114,LAC,WAS,James Harden,2026,LAC,Missed,19.530488985173925,James Harden
Shot Chart Detail,22500577,319,201935,James Harden,1610612746,LA Clippers,2,0,35,Missed Shot,Driving Reverse Layup Shot,2PT Field Goal,In The Paint (Non-RA),Center(C),Less Than 8 ft.,6.0,10.0,63.0,1,0,20260114,LAC,WAS,James Harden,2026,LAC,Missed,6.378871373526825,James Harden
Shot Chart Detail,22500577,340,201935,James Harden,1610612746,LA Clippers,3,11,21,Missed Shot,Pullup Jump shot,3PT Field Goal,Above the Break 3,Right Side Center(RC),24+ ft.,25.0,203.0,161.0,1,0,20260114,LAC,WAS,James Harden,2026,LAC,Missed,25.909457732650445,James Harden
Shot Chart Detail,22500577,379,201935,James Harden,1610612746,LA Clippers,3,7,44,Missed Shot,Jump Shot,3PT Field Goal,Above the Break 3,Center(C),24+ ft.,27.0,37.0,274.0,1,0,20260114,LAC,WAS,James Harden,2026,LAC,Missed,27.648688938175713,James Harden
Shot Chart Detail,22500577,393,201935,James Harden,1610612746,LA Clippers,3,6,16,Missed Shot,Step Back Jump shot,3PT Field Goal,Above the Break 3,Right Side Center(RC),24+ ft.,25.0,184.0,178.0,1,0,20260114,LAC,WAS,James Harden,2026,LAC,Missed,25.600781238079435,James Harden
Shot Chart Detail,22500577,423,201935,James Harden,1610612746,LA Clippers,3,4,14,Missed Shot,Driving Floating Jump Shot,2PT Field Goal,In The Paint (Non-RA),Center(C),Less Than 8 ft.,5.0,-20.0,52.0,1,0,20260114,LAC,WAS,James Harden,2026,LAC,Missed,5.571355310873647,James Harden
Shot Chart Detail,22500577,460,201935,James Harden,1610612746,LA Clippers,3,1,34,Made Shot,Driving Floating Jump Shot,2PT Field Goal,In The Paint (Non-RA),Center(C),Less Than 8 ft.,6.0,32.0,55.0,1,1,20260114,LAC,WAS,James Harden,2026,LAC,Made,6.363175307973213,James Harden
Shot Chart Detail,22500590,29,201935,James Harden,1610612746,LA Clippers,1,9,24,Missed Shot,Jump Shot,3PT Field Goal,Above the Break 3,Right Side Center(RC),24+ ft.,26.0,168.0,200.0,1,0,20260116,TOR,LAC,James Harden,2026,TOR,Missed,26.119724347703215,James Harden
Shot Chart Detail,22500590,36,201935,James Harden,1610612746,LA Clippers,1,8,28,Missed Shot,Step Back Jump shot,3PT Field Goal,Above the Break 3,Right Side Center(RC),24+ ft.,26.0,141.0,227.0,1,0,20260116,TOR,LAC,James Harden,2026,TOR,Missed,26.722649569232466,James Harden
Shot Chart Detail,22500590,43,201935,James Harden,1610612746,LA Clippers,1,8,6,Missed Shot,Step Back Jump shot,3PT Field Goal,Above the Break 3,Left Side Center(LC),24+ ft.,25.0,-104.0,230.0,1,0,20260116,TOR,LAC,James Harden,2026,TOR,Missed,25.242028444639708,James Harden
Shot Chart Detail,22500590,54,201935,James Harden,1610612746,LA Clippers,1,6,38,Missed Shot,Turnaround Jump Shot,2PT Field Goal,In The Paint (Non-RA),Center(C),Less Than 8 ft.,6.0,0.0,64.0,1,0,20260116,TOR,LAC,James Harden,2026,TOR,Missed,6.4,James Harden
Shot Chart Detail,22500590,83,201935,James Harden,1610612746,LA Clippers,1,4,32,Made Shot,Driving Layup Shot,2PT Field Goal,Restricted Area,Center(C),Less Than 8 ft.,3.0,-36.0,15.0,1,1,20260116,TOR,LAC,James Harden,2026,TOR,Made,3.9,James Harden
Shot Chart Detail,22500590,127,201935,James Harden,1610612746,LA Clippers,1,1,21,Missed Shot,Step Back Jump shot,3PT Field Goal,Above the Break 3,Center(C),24+ ft.,25.0,13.0,254.0,1,0,20260116,TOR,LAC,James Harden,2026,TOR,Missed,25.43324595878395,James Harden
Shot Chart Detail,22500590,129,201935,James Harden,1610612746,LA Clippers,1,1,17,Missed Shot,Jump Shot,3PT Field Goal,Above the Break 3,Center(C),24+ ft.,26.0,-15.0,269.0,1,0,20260116,TOR,LAC,James Harden,2026,TOR,Missed,26.941789101691075,James Harden
Shot Chart Detail,22500590,147,201935,James Harden,1610612746,LA Clippers,1,0,9,Made Shot,Driving Layup Shot,2PT Field Goal,Restricted Area,Center(C),Less Than 8 ft.,0.0,4.0,4.0,1,1,20260116,TOR,LAC,James Harden,2026,TOR,Made,0.565685424949238,James Harden
Shot Chart Detail,22500590,229,201935,James Harden,1610612746,LA Clippers,2,5,33,Missed Shot,Jump Shot,2PT Field Goal,Mid-Range,Right Side(R),8-16 ft.,15.0,125.0,94.0,1,0,20260116,TOR,LAC,James Harden,2026,TOR,Missed,15.640012787718558,James Harden
Shot Chart Detail,22500590,246,201935,James Harden,1610612746,LA Clippers,2,3,53,Missed Shot,Driving Floating Jump Shot,2PT Field Goal,In The Paint (Non-RA),Center(C),8-16 ft.,8.0,-13.0,83.0,1,0,20260116,TOR,LAC,James Harden,2026,TOR,Missed,8.40119039184329,James Harden
Shot Chart Detail,22500590,257,201935,James Harden,1610612746,LA Clippers,2,2,57,Missed Shot,Running Pull-Up Jump Shot,3PT Field Goal,Above the Break 3,Left Side Center(LC),24+ ft.,28.0,-96.0,270.0,1,0,20260116,TOR,LAC,James Harden,2026,TOR,Missed,28.65588944702293,James Harden
Shot Chart Detail,22500590,282,201935,James Harden,1610612746,LA Clippers,2,0,52,Made Shot,Step Back Jump shot,3PT Field Goal,Above the Break 3,Center(C),24+ ft.,25.0,16.0,257.0,1,1,20260116,TOR,LAC,James Harden,2026,TOR,Made,25.74975728040946,James Harden
Shot Chart Detail,22500590,285,201935,James Harden,1610612746,LA Clippers,2,0,28,Missed Shot,Pullup Jump shot,3PT Field Goal,Above the Break 3,Center(C),24+ ft.,27.0,-81.0,268.0,1,0,20260116,TOR,LAC,James Harden,2026,TOR,Missed,27.997321300438728,James Harden
Shot Chart Detail,22500590,312,201935,James Harden,1610612746,LA Clippers,3,10,48,Made Shot,Running Jump Shot,3PT Field Goal,Above the Break 3,Left Side Center(LC),24+ ft.,26.0,-129.0,231.0,1,1,20260116,TOR,LAC,James Harden,2026,TOR,Made,26.45789107241921,James Harden
Shot Chart Detail,22500590,330,201935,James Harden,1610612746,LA Clippers,3,9,21,Missed Shot,Step Back Jump shot,3PT Field Goal,Above the Break 3,Right Side Center(RC),24+ ft.,27.0,110.0,257.0,1,0,20260116,TOR,LAC,James Harden,2026,TOR,Missed,27.95514263959317,James Harden
Shot Chart Detail,22500590,348,201935,James Harden,1610612746,LA Clippers,3,8,4,Made Shot,Driving Finger Roll Layup Shot,2PT Field Goal,Restricted Area,Center(C),Less Than 8 ft.,0.0,-1.0,-2.0,1,1,20260116,TOR,LAC,James Harden,2026,TOR,Made,0.223606797749979,James Harden
Shot Chart Detail,22500590,444,201935,James Harden,1610612746,LA Clippers,3,0,38,Missed Shot,Step Back Jump shot,3PT Field Goal,Above the Break 3,Center(C),24+ ft.,25.0,64.0,248.0,1,0,20260116,TOR,LAC,James Harden,2026,TOR,Missed,25.612496949731394,James Harden
Shot Chart Detail,22500590,582,201935,James Harden,1610612746,LA Clippers,4,3,24,Made Shot,Driving Layup Shot,2PT Field Goal,Restricted Area,Center(C),Less Than 8 ft.,1.0,-10.0,9.0,1,1,20260116,TOR,LAC,James Harden,2026,TOR,Made,1.345362404707371,James Harden
Shot Chart Detail,22500590,586,201935,James Harden,1610612746,LA Clippers,4,2,53,Made Shot,Driving Layup Shot,2PT Field Goal,Restricted Area,Center(C),Less Than 8 ft.,1.0,-10.0,5.0,1,1,20260116,TOR,LAC,James Harden,2026,TOR,Made,1.118033988749895,James Harden
Shot Chart Detail,22500590,593,201935,James Harden,1610612746,LA Clippers,4,1,53,Made Shot,Driving Floating Jump Shot,2PT Field Goal,In The Paint (Non-RA),Center(C),Less Than 8 ft.,4.0,47.0,14.0,1,1,20260116,TOR,LAC,James Harden,2026,TOR,Made,4.904079934095692,James Harden
Shot Chart Detail,22500590,613,201935,James Harden,1610612746,LA Clippers,4,0,24,Missed Shot,Jump Shot,3PT Field Goal,Left Corner 3,Left Side(L),24+ ft.,23.0,-232.0,-10.0,1,0,20260116,TOR,LAC,James Harden,2026,TOR,Missed,23.22154172315008,James Harden
Shot Chart Detail,22500590,620,201935,James Harden,1610612746,LA Clippers,4,0,0,Missed Shot,Turnaround Fadeaway shot,2PT Field Goal,In The Paint (Non-RA),Center(C),8-16 ft.,12.0,12.0,124.0,1,0,20260116,TOR,LAC,James Harden,2026,TOR,Missed,12.457929201917949,James Harden
Shot Chart Detail,22500590,647,201935,James Harden,1610612746,LA Clippers,5,3,30,Missed Shot,Pullup Jump shot,3PT Field Goal,Above the Break 3,Right Side Center(RC),24+ ft.,28.0,97.0,271.0,1,0,20260116,TOR,LAC,James Harden,2026,TOR,Missed,28.78367592924851,James Harden
Shot Chart Detail,22500590,657,201935,James Harden,1610612746,LA Clippers,5,2,19,Made Shot,Step Back Jump shot,2PT Field Goal,Mid-Range,Left Side Center(LC),16-24 ft.,18.0,-65.0,174.0,1,1,20260116,TOR,LAC,James Harden,2026,TOR,Made,18.57444481000711,James Harden
Shot Chart Detail,22500590,665,201935,James Harden,1610612746,LA Clippers,5,1,37,Missed Shot,Step Back Jump shot,3PT Field Goal,Above the Break 3,Right Side Center(RC),24+ ft.,27.0,89.0,264.0,1,0,20260116,TOR,LAC,James Harden,2026,TOR,Missed,27.859827709445728,James Harden
Shot Chart Detail,22500590,670,201935,James Harden,1610612746,LA Clippers,5,1,3,Missed Shot,Step Back Jump shot,3PT Field Goal,Above the Break 3,Right Side Center(RC),24+ ft.,26.0,103.0,246.0,1,0,20260116,TOR,LAC,James Harden,2026,TOR,Missed,26.669270706189174,James Harden
Shot Chart Detail,22500590,674,201935,James Harden,1610612746,LA Clippers,5,0,38,Made Shot,Pullup Jump shot,2PT Field Goal,In The Paint (Non-RA),Center(C),8-16 ft.,11.0,31.0,113.0,1,1,20260116,TOR,LAC,James Harden,2026,TOR,Made,11.717508267545622,James Harden
Shot Chart Detail,22500608,48,201935,James Harden,1610612746,LA Clippers,1,7,39,Missed Shot,Pullup Jump shot,3PT Field Goal,Above the Break 3,Right Side Center(RC),24+ ft.,26.0,174.0,199.0,1,0,20260119,WAS,LAC,James Harden,2026,WAS,Missed,26.43425807545958,James Harden
Shot Chart Detail,22500608,77,201935,James Harden,1610612746,LA Clippers,1,5,5,Made Shot,Driving Layup Shot,2PT Field Goal,Restricted Area,Center(C),Less Than 8 ft.,1.0,-17.0,2.0,1,1,20260119,WAS,LAC,James Harden,2026,WAS,Made,1.711724276862369,James Harden
Shot Chart Detail,22500608,272,201935,James Harden,1610612746,LA Clippers,2,4,58,Missed Shot,Step Back Jump shot,3PT Field Goal,Above the Break 3,Center(C),24+ ft.,25.0,-6.0,257.0,1,0,20260119,WAS,LAC,James Harden,2026,WAS,Missed,25.707002936943077,James Harden
Shot Chart Detail,22500608,293,201935,James Harden,1610612746,LA Clippers,2,3,48,Made Shot,Driving Layup Shot,2PT Field Goal,Restricted Area,Center(C),Less Than 8 ft.,1.0,-9.0,11.0,1,1,20260119,WAS,LAC,James Harden,2026,WAS,Made,1.4212670403551895,James Harden
Shot Chart Detail,22500608,313,201935,James Harden,1610612746,LA Clippers,2,1,52,Made Shot,Driving Layup Shot,2PT Field Goal,Restricted Area,Center(C),Less Than 8 ft.,2.0,-18.0,-10.0,1,1,20260119,WAS,LAC,James Harden,2026,WAS,Made,2.0591260281974,James Harden
Shot Chart Detail,22500608,316,201935,James Harden,1610612746,LA Clippers,2,1,16,Missed Shot,Driving Floating Jump Shot,2PT Field Goal,In The Paint (Non-RA),Center(C),8-16 ft.,13.0,-4.0,133.0,1,0,20260119,WAS,LAC,James Harden,2026,WAS,Missed,13.30601367803295,James Harden
Shot Chart Detail,22500608,329,201935,James Harden,1610612746,LA Clippers,2,0,35,Missed Shot,Driving Layup Shot,2PT Field Goal,Restricted Area,Center(C),Less Than 8 ft.,0.0,-5.0,1.0,1,0,20260119,WAS,LAC,James Harden,2026,WAS,Missed,0.5099019513592784,James Harden
Shot Chart Detail,22500608,371,201935,James Harden,1610612746,LA Clippers,3,9,38,Made Shot,Turnaround Jump Shot,2PT Field Goal,In The Paint (Non-RA),Center(C),8-16 ft.,12.0,-4.0,124.0,1,1,20260119,WAS,LAC,James Harden,2026,WAS,Made,12.406449935416658,James Harden
Shot Chart Detail,22500608,374,201935,James Harden,1610612746,LA Clippers,3,9,12,Missed Shot,Pullup Jump shot,3PT Field Goal,Above the Break 3,Left Side Center(LC),24+ ft.,25.0,-87.0,245.0,1,0,20260119,WAS,LAC,James Harden,2026,WAS,Missed,25.998846128241922,James Harden
Shot Chart Detail,22500608,447,201935,James Harden,1610612746,LA Clippers,3,4,0,Missed Shot,Driving Floating Bank Jump Shot,2PT Field Goal,In The Paint (Non-RA),Center(C),Less Than 8 ft.,4.0,-29.0,35.0,1,0,20260119,WAS,LAC,James Harden,2026,WAS,Missed,4.545327270945405,James Harden
Shot Chart Detail,22500608,468,201935,James Harden,1610612746,LA Clippers,3,3,41,Missed Shot,Jump Shot,3PT Field Goal,Right Corner 3,Right Side(R),24+ ft.,23.0,238.0,30.0,1,0,20260119,WAS,LAC,James Harden,2026,WAS,Missed,23.988330496305906,James Harden
Shot Chart Detail,22500608,471,201935,James Harden,1610612746,LA Clippers,3,3,14,Made Shot,Turnaround Hook Shot,2PT Field Goal,In The Paint (Non-RA),Center(C),Less Than 8 ft.,6.0,7.0,64.0,1,1,20260119,WAS,LAC,James Harden,2026,WAS,Made,6.438167441127949,James Harden
Shot Chart Detail,22500608,474,201935,James Harden,1610612746,LA Clippers,3,2,50,Made Shot,Running Layup Shot,2PT Field Goal,Restricted Area,Center(C),Less Than 8 ft.,2.0,-21.0,6.0,1,1,20260119,WAS,LAC,James Harden,2026,WAS,Made,2.1840329667841556,James Harden
Shot Chart Detail,22500608,478,201935,James Harden,1610612746,LA Clippers,3,2,17,Made Shot,Driving Layup Shot,2PT Field Goal,Restricted Area,Center(C),Less Than 8 ft.,2.0,-17.0,20.0,1,1,20260119,WAS,LAC,James Harden,2026,WAS,Made,2.6248809496813377,James Harden
Shot Chart Detail,22500608,634,201935,James Harden,1610612746,LA Clippers,4,3,38,Made Shot,Driving Floating Jump Shot,2PT Field Goal,In The Paint (Non-RA),Center(C),Less Than 8 ft.,7.0,-29.0,67.0,1,1,20260119,WAS,LAC,James Harden,2026,WAS,Made,7.3006848993775915,James Harden
Shot Chart Detail,22500608,647,201935,James Harden,1610612746,LA Clippers,4,2,23,Missed Shot,Jump Shot,3PT Field Goal,Above the Break 3,Left Side Center(LC),24+ ft.,30.0,-96.0,294.0,1,0,20260119,WAS,LAC,James Harden,2026,WAS,Missed,30.92765752526369,James Harden
Shot Chart Detail,22500608,669,201935,James Harden,1610612746,LA Clippers,4,1,6,Made Shot,Driving Layup Shot,2PT Field Goal,In The Paint (Non-RA),Center(C),Less Than 8 ft.,4.0,-42.0,25.0,1,1,20260119,WAS,LAC,James Harden,2026,WAS,Made,4.887739763939974,James Harden
Shot Chart Detail,22500614,10,201935,James Harden,1610612746,LA Clippers,1,11,32,Made Shot,Driving Finger Roll Layup Shot,2PT Field Goal,Restricted Area,Center(C),Less Than 8 ft.,1.0,6.0,10.0,1,1,20260120,CHI,LAC,James Harden,2026,CHI,Made,1.1661903789690602,James Harden
Shot Chart Detail,22500614,30,201935,James Harden,1610612746,LA Clippers,1,9,27,Made Shot,Driving Layup Shot,2PT Field Goal,In The Paint (Non-RA),Center(C),Less Than 8 ft.,5.0,-47.0,26.0,1,1,20260120,CHI,LAC,James Harden,2026,CHI,Made,5.371219600798314,James Harden
Shot Chart Detail,22500614,36,201935,James Harden,1610612746,LA Clippers,1,8,20,Missed Shot,Step Back Jump shot,3PT Field Goal,Above the Break 3,Left Side Center(LC),24+ ft.,24.0,-178.0,174.0,1,0,20260120,CHI,LAC,James Harden,2026,CHI,Missed,24.891765706755315,James Harden
Shot Chart Detail,22500614,43,201935,James Harden,1610612746,LA Clippers,1,7,37,Missed Shot,Step Back Jump shot,3PT Field Goal,Above the Break 3,Center(C),24+ ft.,26.0,29.0,260.0,1,0,20260120,CHI,LAC,James Harden,2026,CHI,Missed,26.16123085789352,James Harden
Shot Chart Detail,22500614,102,201935,James Harden,1610612746,LA Clippers,1,3,19,Made Shot,Driving Floating Jump Shot,2PT Field Goal,In The Paint (Non-RA),Center(C),Less Than 8 ft.,4.0,-5.0,40.0,1,1,20260120,CHI,LAC,James Harden,2026,CHI,Made,4.031128874149275,James Harden
Shot Chart Detail,22500614,110,201935,James Harden,1610612746,LA Clippers,1,2,42,Missed Shot,Pullup Jump shot,2PT Field Goal,Mid-Range,Right Side Center(RC),16-24 ft.,21.0,100.0,195.0,1,0,20260120,CHI,LAC,James Harden,2026,CHI,Missed,21.914607000811124,James Harden
Shot Chart Detail,22500614,118,201935,James Harden,1610612746,LA Clippers,1,2,38,Made Shot,Jump Shot,3PT Field Goal,Left Corner 3,Left Side(L),24+ ft.,23.0,-230.0,3.0,1,1,20260120,CHI,LAC,James Harden,2026,CHI,Made,23.001956438529312,James Harden
Shot Chart Detail,22500614,140,201935,James Harden,1610612746,LA Clippers,1,1,15,Missed Shot,Driving Layup Shot,2PT Field Goal,In The Paint (Non-RA),Center(C),Less Than 8 ft.,4.0,-42.0,13.0,1,0,20260120,CHI,LAC,James Harden,2026,CHI,Missed,4.396589587396122,James Harden
Shot Chart Detail,22500614,149,201935,James Harden,1610612746,LA Clippers,1,0,55,Missed Shot,Running Layup Shot,2PT Field Goal,Restricted Area,Center(C),Less Than 8 ft.,1.0,-17.0,4.0,1,0,20260120,CHI,LAC,James Harden,2026,CHI,Missed,1.7464249196572978,James Harden
Shot Chart Detail,22500614,241,201935,James Harden,1610612746,LA Clippers,2,6,13,Missed Shot,Step Back Jump shot,3PT Field Goal,Above the Break 3,Center(C),24+ ft.,24.0,-51.0,242.0,1,0,20260120,CHI,LAC,James Harden,2026,CHI,Missed,24.7315587862957,James Harden
Shot Chart Detail,22500614,246,201935,James Harden,1610612746,LA Clippers,2,5,47,Made Shot,Driving Finger Roll Layup Shot,2PT Field Goal,Restricted Area,Center(C),Less Than 8 ft.,3.0,-25.0,22.0,1,1,20260120,CHI,LAC,James Harden,2026,CHI,Made,3.330165161069343,James Harden
Shot Chart Detail,22500614,259,201935,James Harden,1610612746,LA Clippers,2,4,47,Missed Shot,Driving Floating Jump Shot,2PT Field Goal,In The Paint (Non-RA),Center(C),Less Than 8 ft.,4.0,7.0,46.0,1,0,20260120,CHI,LAC,James Harden,2026,CHI,Missed,4.652956049652737,James Harden
Shot Chart Detail,22500614,284,201935,James Harden,1610612746,LA Clippers,2,3,7,Missed Shot,Pullup Jump shot,3PT Field Goal,Above the Break 3,Right Side Center(RC),24+ ft.,25.0,178.0,183.0,1,0,20260120,CHI,LAC,James Harden,2026,CHI,Missed,25.529003114105336,James Harden
Shot Chart Detail,22500614,297,201935,James Harden,1610612746,LA Clippers,2,1,45,Missed Shot,Driving Finger Roll Layup Shot,2PT Field Goal,Restricted Area,Center(C),Less Than 8 ft.,2.0,-10.0,27.0,1,0,20260120,CHI,LAC,James Harden,2026,CHI,Missed,2.8792360097775935,James Harden
Shot Chart Detail,22500614,314,201935,James Harden,1610612746,LA Clippers,2,0,47,Missed Shot,Step Back Jump shot,3PT Field Goal,Above the Break 3,Right Side Center(RC),24+ ft.,26.0,154.0,216.0,1,0,20260120,CHI,LAC,James Harden,2026,CHI,Missed,26.52772134956186,James Harden
Shot Chart Detail,22500614,368,201935,James Harden,1610612746,LA Clippers,3,9,9,Made Shot,Step Back Jump shot,3PT Field Goal,Above the Break 3,Right Side Center(RC),24+ ft.,26.0,97.0,247.0,1,1,20260120,CHI,LAC,James Harden,2026,CHI,Made,26.536390108679065,James Harden
Shot Chart Detail,22500614,383,201935,James Harden,1610612746,LA Clippers,3,8,4,Missed Shot,Driving Floating Jump Shot,2PT Field Goal,In The Paint (Non-RA),Center(C),Less Than 8 ft.,5.0,43.0,38.0,1,0,20260120,CHI,LAC,James Harden,2026,CHI,Missed,5.7384666941614295,James Harden
Shot Chart Detail,22500614,398,201935,James Harden,1610612746,LA Clippers,3,6,51,Missed Shot,Driving Layup Shot,2PT Field Goal,Restricted Area,Center(C),Less Than 8 ft.,0.0,2.0,8.0,1,0,20260120,CHI,LAC,James Harden,2026,CHI,Missed,0.8246211251235321,James Harden
Shot Chart Detail,22500614,403,201935,James Harden,1610612746,LA Clippers,3,6,38,Missed Shot,Step Back Jump shot,2PT Field Goal,Mid-Range,Left Side Center(LC),16-24 ft.,19.0,-93.0,174.0,1,0,20260120,CHI,LAC,James Harden,2026,CHI,Missed,19.729419656948856,James Harden
Shot Chart Detail,22500614,427,201935,James Harden,1610612746,LA Clippers,3,4,38,Made Shot,Pullup Jump shot,3PT Field Goal,Above the Break 3,Center(C),24+ ft.,26.0,-1.0,264.0,1,1,20260120,CHI,LAC,James Harden,2026,CHI,Made,26.400189393260042,James Harden
Shot Chart Detail,22500614,434,201935,James Harden,1610612746,LA Clippers,3,4,7,Missed Shot,Driving Layup Shot,2PT Field Goal,Restricted Area,Center(C),Less Than 8 ft.,0.0,-5.0,6.0,1,0,20260120,CHI,LAC,James Harden,2026,CHI,Missed,0.7810249675906654,James Harden
Shot Chart Detail,22500614,451,201935,James Harden,1610612746,LA Clippers,3,2,31,Missed Shot,Jump Shot,3PT Field Goal,Above the Break 3,Right Side Center(RC),24+ ft.,24.0,192.0,153.0,1,0,20260120,CHI,LAC,James Harden,2026,CHI,Missed,24.55056007507772,James Harden
Shot Chart Detail,22500614,466,201935,James Harden,1610612746,LA Clippers,3,1,24,Missed Shot,Driving Floating Jump Shot,2PT Field Goal,In The Paint (Non-RA),Center(C),Less Than 8 ft.,6.0,-33.0,54.0,1,0,20260120,CHI,LAC,James Harden,2026,CHI,Missed,6.328506932918696,James Harden
Shot Chart Detail,22500614,474,201935,James Harden,1610612746,LA Clippers,3,0,28,Made Shot,Step Back Jump shot,2PT Field Goal,Mid-Range,Right Side(R),8-16 ft.,12.0,125.0,-1.0,1,1,20260120,CHI,LAC,James Harden,2026,CHI,Made,12.500399993600205,James Harden
Shot Chart Detail,22500614,478,201935,James Harden,1610612746,LA Clippers,3,0,2,Made Shot,Step Back Jump shot,2PT Field Goal,Mid-Range,Left Side Center(LC),16-24 ft.,17.0,-110.0,137.0,1,1,20260120,CHI,LAC,James Harden,2026,CHI,Made,17.56957597667058,James Harden
Shot Chart Detail,22500633,43,201935,James Harden,1610612746,LA Clippers,1,7,22,Missed Shot,Running Layup Shot,2PT Field Goal,Restricted Area,Center(C),Less Than 8 ft.,3.0,-15.0,32.0,1,0,20260122,LAC,LAL,James Harden,2026,LAC,Missed,3.5341194094144583,James Harden
Shot Chart Detail,22500633,75,201935,James Harden,1610612746,LA Clippers,1,5,40,Missed Shot,Driving Floating Jump Shot,2PT Field Goal,In The Paint (Non-RA),Center(C),Less Than 8 ft.,6.0,7.0,67.0,1,0,20260122,LAC,LAL,James Harden,2026,LAC,Missed,6.736467917239716,James Harden
Shot Chart Detail,22500633,107,201935,James Harden,1610612746,LA Clippers,1,3,17,Made Shot,Step Back Jump shot,3PT Field Goal,Above the Break 3,Right Side Center(RC),24+ ft.,26.0,125.0,231.0,1,1,20260122,LAC,LAL,James Harden,2026,LAC,Made,26.265186083483208,James Harden
Shot Chart Detail,22500633,114,201935,James Harden,1610612746,LA Clippers,1,2,20,Made Shot,Running Finger Roll Layup Shot,2PT Field Goal,Restricted Area,Center(C),Less Than 8 ft.,3.0,11.0,32.0,1,1,20260122,LAC,LAL,James Harden,2026,LAC,Made,3.383784863137726,James Harden
Shot Chart Detail,22500633,118,201935,James Harden,1610612746,LA Clippers,1,1,43,Missed Shot,Pullup Jump shot,3PT Field Goal,Above the Break 3,Left Side Center(LC),24+ ft.,28.0,-157.0,232.0,1,0,20260122,LAC,LAL,James Harden,2026,LAC,Missed,28.01303268123607,James Harden
Shot Chart Detail,22500633,130,201935,James Harden,1610612746,LA Clippers,1,0,6,Missed Shot,Pullup Jump shot,3PT Field Goal,Above the Break 3,Center(C),24+ ft.,26.0,-7.0,263.0,1,0,20260122,LAC,LAL,James Harden,2026,LAC,Missed,26.30931394012394,James Harden
Shot Chart Detail,22500633,238,201935,James Harden,1610612746,LA Clippers,2,4,16,Missed Shot,Driving Layup Shot,2PT Field Goal,In The Paint (Non-RA),Center(C),8-16 ft.,8.0,-25.0,78.0,1,0,20260122,LAC,LAL,James Harden,2026,LAC,Missed,8.19084855189009,James Harden
Shot Chart Detail,22500633,246,201935,James Harden,1610612746,LA Clippers,2,3,28,Missed Shot,Driving Floating Bank Jump Shot,2PT Field Goal,In The Paint (Non-RA),Center(C),Less Than 8 ft.,4.0,34.0,32.0,1,0,20260122,LAC,LAL,James Harden,2026,LAC,Missed,4.669047011971501,James Harden
Shot Chart Detail,22500633,261,201935,James Harden,1610612746,LA Clippers,2,2,41,Made Shot,Driving Layup Shot,2PT Field Goal,Restricted Area,Center(C),Less Than 8 ft.,3.0,-9.0,36.0,1,1,20260122,LAC,LAL,James Harden,2026,LAC,Made,3.710795063055895,James Harden
Shot Chart Detail,22500633,275,201935,James Harden,1610612746,LA Clippers,2,2,11,Missed Shot,Running Pull-Up Jump Shot,3PT Field Goal,Above the Break 3,Center(C),24+ ft.,25.0,25.0,256.0,1,0,20260122,LAC,LAL,James Harden,2026,LAC,Missed,25.721780653757236,James Harden
Shot Chart Detail,22500633,279,201935,James Harden,1610612746,LA Clippers,2,2,5,Missed Shot,Pullup Jump shot,3PT Field Goal,Right Corner 3,Right Side(R),24+ ft.,24.0,237.0,60.0,1,0,20260122,LAC,LAL,James Harden,2026,LAC,Missed,24.447699278255204,James Harden
Shot Chart Detail,22500633,292,201935,James Harden,1610612746,LA Clippers,2,0,47,Made Shot,Driving Floating Jump Shot,2PT Field Goal,In The Paint (Non-RA),Center(C),Less Than 8 ft.,5.0,-10.0,50.0,1,1,20260122,LAC,LAL,James Harden,2026,LAC,Made,5.0990195135927845,James Harden
Shot Chart Detail,22500633,304,201935,James Harden,1610612746,LA Clippers,2,0,2,Missed Shot,Pullup Jump shot,2PT Field Goal,In The Paint (Non-RA),Center(C),8-16 ft.,13.0,43.0,125.0,1,0,20260122,LAC,LAL,James Harden,2026,LAC,Missed,13.218925826253813,James Harden
Shot Chart Detail,22500633,321,201935,James Harden,1610612746,LA Clippers,3,11,4,Missed Shot,Driving Floating Jump Shot,2PT Field Goal,In The Paint (Non-RA),Center(C),Less Than 8 ft.,7.0,-2.0,77.0,1,0,20260122,LAC,LAL,James Harden,2026,LAC,Missed,7.702596964660685,James Harden
Shot Chart Detail,22500633,327,201935,James Harden,1610612746,LA Clippers,3,10,44,Made Shot,Driving Floating Jump Shot,2PT Field Goal,Restricted Area,Center(C),Less Than 8 ft.,3.0,11.0,31.0,1,1,20260122,LAC,LAL,James Harden,2026,LAC,Made,3.2893768406797053,James Harden
Shot Chart Detail,22500633,335,201935,James Harden,1610612746,LA Clippers,3,9,52,Missed Shot,Driving Floating Bank Jump Shot,2PT Field Goal,In The Paint (Non-RA),Center(C),Less Than 8 ft.,7.0,-70.0,16.0,1,0,20260122,LAC,LAL,James Harden,2026,LAC,Missed,7.180529228406496,James Harden
Shot Chart Detail,22500633,401,201935,James Harden,1610612746,LA Clippers,3,4,48,Missed Shot,Driving Layup Shot,2PT Field Goal,In The Paint (Non-RA),Center(C),Less Than 8 ft.,4.0,-32.0,26.0,1,0,20260122,LAC,LAL,James Harden,2026,LAC,Missed,4.123105625617661,James Harden
Shot Chart Detail,22500633,437,201935,James Harden,1610612746,LA Clippers,3,2,27,Missed Shot,Driving Floating Bank Jump Shot,2PT Field Goal,Restricted Area,Center(C),Less Than 8 ft.,3.0,-34.0,15.0,1,0,20260122,LAC,LAL,James Harden,2026,LAC,Missed,3.716180835212409,James Harden
Shot Chart Detail,22500633,545,201935,James Harden,1610612746,LA Clippers,4,6,25,Missed Shot,Driving Floating Jump Shot,2PT Field Goal,Restricted Area,Center(C),Less Than 8 ft.,2.0,6.0,27.0,1,0,20260122,LAC,LAL,James Harden,2026,LAC,Missed,2.765863337187866,James Harden
Shot Chart Detail,22500633,555,201935,James Harden,1610612746,LA Clippers,4,5,34,Made Shot,Jump Shot,3PT Field Goal,Above the Break 3,Right Side Center(RC),24+ ft.,26.0,131.0,231.0,1,1,20260122,LAC,LAL,James Harden,2026,LAC,Made,26.555978611228017,James Harden
Shot Chart Detail,22500633,605,201935,James Harden,1610612746,LA Clippers,4,2,49,Missed Shot,Driving Floating Jump Shot,2PT Field Goal,In The Paint (Non-RA),Center(C),Less Than 8 ft.,4.0,-21.0,43.0,1,0,20260122,LAC,LAL,James Harden,2026,LAC,Missed,4.78539444560216,James Harden
Shot Chart Detail,22500656,18,201935,James Harden,1610612746,LA Clippers,1,10,16,Missed Shot,Running Layup Shot,2PT Field Goal,Restricted Area,Center(C),Less Than 8 ft.,2.0,-15.0,21.0,1,0,20260125,LAC,BKN,James Harden,2026,LAC,Missed,2.580697580112788,James Harden
Shot Chart Detail,22500656,89,201935,James Harden,1610612746,LA Clippers,1,4,51,Made Shot,Step Back Jump shot,3PT Field Goal,Above the Break 3,Left Side Center(LC),24+ ft.,28.0,-141.0,242.0,1,1,20260125,LAC,BKN,James Harden,2026,LAC,Made,28.00803456153252,James Harden
Shot Chart Detail,22500656,120,201935,James Harden,1610612746,LA Clippers,1,3,25,Made Shot,Step Back Jump shot,3PT Field Goal,Above the Break 3,Right Side Center(RC),24+ ft.,27.0,190.0,199.0,1,1,20260125,LAC,BKN,James Harden,2026,LAC,Made,27.513814711886102,James Harden
Shot Chart Detail,22500656,144,201935,James Harden,1610612746,LA Clippers,1,1,10,Made Shot,Step Back Jump shot,3PT Field Goal,Above the Break 3,Left Side Center(LC),24+ ft.,27.0,-130.0,244.0,1,1,20260125,LAC,BKN,James Harden,2026,LAC,Made,27.64706132665821,James Harden
Shot Chart Detail,22500656,260,201935,James Harden,1610612746,LA Clippers,2,5,34,Missed Shot,Jump Shot,3PT Field Goal,Above the Break 3,Right Side Center(RC),24+ ft.,27.0,129.0,246.0,1,0,20260125,LAC,BKN,James Harden,2026,LAC,Missed,27.777148881769705,James Harden
Shot Chart Detail,22500656,282,201935,James Harden,1610612746,LA Clippers,2,3,15,Missed Shot,Driving Floating Bank Jump Shot,2PT Field Goal,In The Paint (Non-RA),Center(C),8-16 ft.,8.0,33.0,78.0,1,0,20260125,LAC,BKN,James Harden,2026,LAC,Missed,8.469356528095862,James Harden
Shot Chart Detail,22500656,311,201935,James Harden,1610612746,LA Clippers,2,1,27,Missed Shot,Turnaround Jump Shot,2PT Field Goal,Mid-Range,Center(C),8-16 ft.,15.0,22.0,157.0,1,0,20260125,LAC,BKN,James Harden,2026,LAC,Missed,15.853390804493529,James Harden
Shot Chart Detail,22500656,466,201935,James Harden,1610612746,LA Clippers,3,2,54,Missed Shot,Step Back Jump shot,3PT Field Goal,Above the Break 3,Center(C),24+ ft.,25.0,-66.0,250.0,1,0,20260125,LAC,BKN,James Harden,2026,LAC,Missed,25.85652722234755,James Harden
Shot Chart Detail,22500670,48,201935,James Harden,1610612746,LA Clippers,1,7,11,Missed Shot,Running Pull-Up Jump Shot,3PT Field Goal,Above the Break 3,Center(C),24+ ft.,26.0,-6.0,262.0,1,0,20260127,UTA,LAC,James Harden,2026,UTA,Missed,26.206869328479506,James Harden
Shot Chart Detail,22500670,99,201935,James Harden,1610612746,LA Clippers,1,3,17,Made Shot,Floating Jump shot,2PT Field Goal,In The Paint (Non-RA),Center(C),Less Than 8 ft.,4.0,-13.0,44.0,1,1,20260127,UTA,LAC,James Harden,2026,UTA,Made,4.588027898781784,James Harden
Shot Chart Detail,22500670,117,201935,James Harden,1610612746,LA Clippers,1,2,19,Missed Shot,Pullup Jump shot,3PT Field Goal,Above the Break 3,Left Side Center(LC),24+ ft.,26.0,-114.0,237.0,1,0,20260127,UTA,LAC,James Harden,2026,UTA,Missed,26.29923953273174,James Harden
Shot Chart Detail,22500670,146,201935,James Harden,1610612746,LA Clippers,1,0,0,Missed Shot,Pullup Jump shot,3PT Field Goal,Above the Break 3,Right Side Center(RC),24+ ft.,30.0,123.0,278.0,1,0,20260127,UTA,LAC,James Harden,2026,UTA,Missed,30.399506574942954,James Harden
Shot Chart Detail,22500670,273,201935,James Harden,1610612746,LA Clippers,2,2,52,Missed Shot,Running Layup Shot,2PT Field Goal,In The Paint (Non-RA),Center(C),Less Than 8 ft.,5.0,38.0,46.0,1,0,20260127,UTA,LAC,James Harden,2026,UTA,Missed,5.96657355607052,James Harden
Shot Chart Detail,22500670,290,201935,James Harden,1610612746,LA Clippers,2,2,3,Made Shot,Jump Shot,3PT Field Goal,Above the Break 3,Right Side Center(RC),24+ ft.,25.0,112.0,227.0,1,1,20260127,UTA,LAC,James Harden,2026,UTA,Made,25.312645061312736,James Harden
Shot Chart Detail,22500670,301,201935,James Harden,1610612746,LA Clippers,2,1,38,Made Shot,Jump Shot,3PT Field Goal,Above the Break 3,Left Side Center(LC),24+ ft.,26.0,-99.0,248.0,1,1,20260127,UTA,LAC,James Harden,2026,UTA,Made,26.70299608658174,James Harden
Shot Chart Detail,22500670,307,201935,James Harden,1610612746,LA Clippers,2,1,7,Made Shot,Driving Floating Jump Shot,2PT Field Goal,In The Paint (Non-RA),Left Side(L),8-16 ft.,12.0,-71.0,100.0,1,1,20260127,UTA,LAC,James Harden,2026,UTA,Made,12.264175471673585,James Harden
Shot Chart Detail,22500670,426,201935,James Harden,1610612746,LA Clippers,3,3,49,Made Shot,Pullup Jump shot,3PT Field Goal,Above the Break 3,Left Side Center(LC),24+ ft.,26.0,-108.0,243.0,1,1,20260127,UTA,LAC,James Harden,2026,UTA,Made,26.59191606484948,James Harden
Shot Chart Detail,22500670,448,201935,James Harden,1610612746,LA Clippers,3,2,25,Missed Shot,Turnaround Jump Shot,2PT Field Goal,In The Paint (Non-RA),Center(C),8-16 ft.,8.0,16.0,80.0,1,0,20260127,UTA,LAC,James Harden,2026,UTA,Missed,8.158431221748454,James Harden
Shot Chart Detail,22500670,461,201935,James Harden,1610612746,LA Clippers,3,1,49,Missed Shot,Pullup Jump shot,3PT Field Goal,Above the Break 3,Left Side Center(LC),24+ ft.,25.0,-88.0,237.0,1,0,20260127,UTA,LAC,James Harden,2026,UTA,Missed,25.281020549020564,James Harden
Shot Chart Detail,22500670,480,201935,James Harden,1610612746,LA Clippers,3,0,9,Missed Shot,Pullup Jump shot,3PT Field Goal,Right Corner 3,Right Side(R),24+ ft.,23.0,233.0,32.0,1,0,20260127,UTA,LAC,James Harden,2026,UTA,Missed,23.518715951343943,James Harden
Shot Chart Detail,22500670,483,201935,James Harden,1610612746,LA Clippers,3,0,2,Missed Shot,Driving Floating Jump Shot,2PT Field Goal,In The Paint (Non-RA),Center(C),Less Than 8 ft.,7.0,-62.0,41.0,1,0,20260127,UTA,LAC,James Harden,2026,UTA,Missed,7.433034373659252,James Harden
Shot Chart Detail,22500670,485,201935,James Harden,1610612746,LA Clippers,3,0,0,Missed Shot,Putback Layup Shot,2PT Field Goal,In The Paint (Non-RA),Center(C),Less Than 8 ft.,4.0,-40.0,14.0,1,0,20260127,UTA,LAC,James Harden,2026,UTA,Missed,4.237924020083418,James Harden
Shot Chart Detail,22500695,48,201935,James Harden,1610612746,LA Clippers,1,7,46,Missed Shot,Pullup Jump shot,2PT Field Goal,Mid-Range,Center(C),8-16 ft.,15.0,-38.0,154.0,1,0,20260130,DEN,LAC,James Harden,2026,DEN,Missed,15.861904047118681,James Harden
Shot Chart Detail,22500695,67,201935,James Harden,1610612746,LA Clippers,1,5,57,Made Shot,Driving Finger Roll Layup Shot,2PT Field Goal,Restricted Area,Center(C),Less Than 8 ft.,0.0,1.0,7.0,1,1,20260130,DEN,LAC,James Harden,2026,DEN,Made,0.7071067811865476,James Harden
Shot Chart Detail,22500695,113,201935,James Harden,1610612746,LA Clippers,1,2,40,Missed Shot,Driving Layup Shot,2PT Field Goal,In The Paint (Non-RA),Center(C),Less Than 8 ft.,4.0,-37.0,31.0,1,0,20260130,DEN,LAC,James Harden,2026,DEN,Missed,4.8270073544588685,James Harden
Shot Chart Detail,22500695,124,201935,James Harden,1610612746,LA Clippers,1,1,32,Missed Shot,Driving Floating Jump Shot,2PT Field Goal,In The Paint (Non-RA),Center(C),Less Than 8 ft.,5.0,-2.0,57.0,1,0,20260130,DEN,LAC,James Harden,2026,DEN,Missed,5.70350769263968,James Harden
Shot Chart Detail,22500695,128,201935,James Harden,1610612746,LA Clippers,1,1,4,Missed Shot,Step Back Jump shot,3PT Field Goal,Above the Break 3,Left Side Center(LC),24+ ft.,25.0,-113.0,232.0,1,0,20260130,DEN,LAC,James Harden,2026,DEN,Missed,25.805619543037523,James Harden
Shot Chart Detail,22500695,140,201935,James Harden,1610612746,LA Clippers,1,0,23,Missed Shot,Pullup Jump shot,3PT Field Goal,Above the Break 3,Right Side Center(RC),24+ ft.,27.0,92.0,259.0,1,0,20260130,DEN,LAC,James Harden,2026,DEN,Missed,27.485450696686787,James Harden
Shot Chart Detail,22500695,256,201935,James Harden,1610612746,LA Clippers,2,4,8,Made Shot,Running Pull-Up Jump Shot,3PT Field Goal,Above the Break 3,Right Side Center(RC),24+ ft.,24.0,104.0,222.0,1,1,20260130,DEN,LAC,James Harden,2026,DEN,Made,24.515301344262525,James Harden
Shot Chart Detail,22500695,259,201935,James Harden,1610612746,LA Clippers,2,3,38,Made Shot,Running Pull-Up Jump Shot,3PT Field Goal,Above the Break 3,Left Side Center(LC),24+ ft.,26.0,-108.0,239.0,1,1,20260130,DEN,LAC,James Harden,2026,DEN,Made,26.226894593146177,James Harden
Shot Chart Detail,22500695,271,201935,James Harden,1610612746,LA Clippers,2,2,59,Made Shot,Pullup Jump shot,3PT Field Goal,Above the Break 3,Center(C),24+ ft.,26.0,-71.0,259.0,1,1,20260130,DEN,LAC,James Harden,2026,DEN,Made,26.855539465815987,James Harden
Shot Chart Detail,22500695,297,201935,James Harden,1610612746,LA Clippers,2,0,59,Missed Shot,Pullup Jump shot,3PT Field Goal,Above the Break 3,Left Side Center(LC),24+ ft.,26.0,-229.0,137.0,1,0,20260130,DEN,LAC,James Harden,2026,DEN,Missed,26.68520189168521,James Harden
Shot Chart Detail,22500695,311,201935,James Harden,1610612746,LA Clippers,2,0,29,Missed Shot,Pullup Jump shot,3PT Field Goal,Above the Break 3,Right Side Center(RC),24+ ft.,26.0,98.0,242.0,1,0,20260130,DEN,LAC,James Harden,2026,DEN,Missed,26.10900227890756,James Harden
Shot Chart Detail,22500695,334,201935,James Harden,1610612746,LA Clippers,3,11,39,Made Shot,Pullup Jump shot,2PT Field Goal,Mid-Range,Center(C),16-24 ft.,17.0,45.0,172.0,1,1,20260130,DEN,LAC,James Harden,2026,DEN,Made,17.778920102188433,James Harden
Shot Chart Detail,22500695,352,201935,James Harden,1610612746,LA Clippers,3,10,8,Made Shot,Driving Floating Jump Shot,2PT Field Goal,In The Paint (Non-RA),Center(C),Less Than 8 ft.,7.0,12.0,75.0,1,1,20260130,DEN,LAC,James Harden,2026,DEN,Made,7.595393340703298,James Harden
Shot Chart Detail,22500695,374,201935,James Harden,1610612746,LA Clippers,3,8,24,Made Shot,Fadeaway Jump Shot,2PT Field Goal,Mid-Range,Right Side(R),8-16 ft.,11.0,87.0,71.0,1,1,20260130,DEN,LAC,James Harden,2026,DEN,Made,11.229425630903837,James Harden
Shot Chart Detail,22500695,386,201935,James Harden,1610612746,LA Clippers,3,7,53,Missed Shot,Pullup Jump shot,3PT Field Goal,Above the Break 3,Center(C),24+ ft.,25.0,7.0,250.0,1,0,20260130,DEN,LAC,James Harden,2026,DEN,Missed,25.009798079952585,James Harden
Shot Chart Detail,22500695,394,201935,James Harden,1610612746,LA Clippers,3,7,19,Made Shot,Pullup Jump shot,3PT Field Goal,Above the Break 3,Center(C),24+ ft.,24.0,-61.0,242.0,1,1,20260130,DEN,LAC,James Harden,2026,DEN,Made,24.956962956257318,James Harden
Shot Chart Detail,22500695,459,201935,James Harden,1610612746,LA Clippers,3,1,1,Missed Shot,Pullup Jump shot,3PT Field Goal,Above the Break 3,Center(C),24+ ft.,26.0,-54.0,255.0,1,0,20260130,DEN,LAC,James Harden,2026,DEN,Missed,26.06549443229497,James Harden
Shot Chart Detail,22500756,34,201935,James Harden,1610612739,Cleveland Cavaliers,1,9,21,Missed Shot,Running Layup Shot,2PT Field Goal,In The Paint (Non-RA),Left Side(L),8-16 ft.,8.0,-44.0,73.0,1,0,20260207,SAC,CLE,James Harden,2026,SAC,Missed,8.523496934944014,James Harden
Shot Chart Detail,22500756,84,201935,James Harden,1610612739,Cleveland Cavaliers,1,6,21,Missed Shot,Running Jump Shot,3PT Field Goal,Above the Break 3,Right Side Center(RC),24+ ft.,24.0,78.0,229.0,1,0,20260207,SAC,CLE,James Harden,2026,SAC,Missed,24.19194080680589,James Harden
Shot Chart Detail,22500756,99,201935,James Harden,1610612739,Cleveland Cavaliers,1,5,4,Missed Shot,Step Back Jump shot,2PT Field Goal,Mid-Range,Left Side(L),8-16 ft.,15.0,-132.0,78.0,1,0,20260207,SAC,CLE,James Harden,2026,SAC,Missed,15.332318807016765,James Harden
Shot Chart Detail,22500756,267,201935,James Harden,1610612739,Cleveland Cavaliers,2,5,18,Made Shot,Step Back Jump shot,3PT Field Goal,Above the Break 3,Left Side Center(LC),24+ ft.,24.0,-83.0,234.0,1,1,20260207,SAC,CLE,James Harden,2026,SAC,Made,24.828411145298848,James Harden
Shot Chart Detail,22500756,299,201935,James Harden,1610612739,Cleveland Cavaliers,2,2,53,Missed Shot,Driving Layup Shot,2PT Field Goal,In The Paint (Non-RA),Center(C),Less Than 8 ft.,7.0,-58.0,52.0,1,0,20260207,SAC,CLE,James Harden,2026,SAC,Missed,7.789736837660179,James Harden
Shot Chart Detail,22500756,324,201935,James Harden,1610612739,Cleveland Cavaliers,2,1,11,Missed Shot,Jump Shot,3PT Field Goal,Above the Break 3,Right Side Center(RC),24+ ft.,24.0,131.0,209.0,1,0,20260207,SAC,CLE,James Harden,2026,SAC,Missed,24.6661711661944,James Harden
Shot Chart Detail,22500756,380,201935,James Harden,1610612739,Cleveland Cavaliers,3,8,24,Made Shot,Step Back Jump shot,3PT Field Goal,Above the Break 3,Right Side Center(RC),24+ ft.,25.0,210.0,152.0,1,1,20260207,SAC,CLE,James Harden,2026,SAC,Made,25.92373429890069,James Harden
Shot Chart Detail,22500756,395,201935,James Harden,1610612739,Cleveland Cavaliers,3,7,12,Missed Shot,Jump Shot,3PT Field Goal,Above the Break 3,Center(C),24+ ft.,27.0,71.0,265.0,1,0,20260207,SAC,CLE,James Harden,2026,SAC,Missed,27.434649624152303,James Harden
Shot Chart Detail,22500756,436,201935,James Harden,1610612739,Cleveland Cavaliers,3,4,41,Made Shot,Driving Floating Bank Jump Shot,2PT Field Goal,In The Paint (Non-RA),Center(C),Less Than 8 ft.,6.0,-49.0,38.0,1,1,20260207,SAC,CLE,James Harden,2026,SAC,Made,6.2008063991709985,James Harden
Shot Chart Detail,22500756,574,201935,James Harden,1610612739,Cleveland Cavaliers,4,7,7,Made Shot,Running Jump Shot,3PT Field Goal,Above the Break 3,Center(C),24+ ft.,26.0,-58.0,258.0,1,1,20260207,SAC,CLE,James Harden,2026,SAC,Made,26.44390288894588,James Harden
Shot Chart Detail,22500756,596,201935,James Harden,1610612739,Cleveland Cavaliers,4,5,18,Made Shot,Driving Floating Bank Jump Shot,2PT Field Goal,In The Paint (Non-RA),Right Side(R),8-16 ft.,9.0,70.0,59.0,1,1,20260207,SAC,CLE,James Harden,2026,SAC,Made,9.154780172128657,James Harden
Shot Chart Detail,22500756,625,201935,James Harden,1610612739,Cleveland Cavaliers,4,3,10,Made Shot,Pullup Jump shot,3PT Field Goal,Above the Break 3,Right Side Center(RC),24+ ft.,26.0,173.0,202.0,1,1,20260207,SAC,CLE,James Harden,2026,SAC,Made,26.59567634033773,James Harden
Shot Chart Detail,22500756,628,201935,James Harden,1610612739,Cleveland Cavaliers,4,2,39,Made Shot,Jump Shot,3PT Field Goal,Above the Break 3,Right Side Center(RC),24+ ft.,27.0,172.0,209.0,1,1,20260207,SAC,CLE,James Harden,2026,SAC,Made,27.0675081970986,James Harden
Shot Chart Detail,22500767,62,201935,James Harden,1610612739,Cleveland Cavaliers,1,7,46,Missed Shot,Driving Floating Jump Shot,2PT Field Goal,In The Paint (Non-RA),Center(C),Less Than 8 ft.,7.0,32.0,67.0,1,0,20260209,DEN,CLE,James Harden,2026,DEN,Missed,7.424957912338629,James Harden
Shot Chart Detail,22500767,64,201935,James Harden,1610612739,Cleveland Cavaliers,1,7,42,Missed Shot,Putback Layup Shot,2PT Field Goal,Restricted Area,Center(C),Less Than 8 ft.,0.0,0.0,0.0,1,0,20260209,DEN,CLE,James Harden,2026,DEN,Missed,0.0,James Harden
Shot Chart Detail,22500767,73,201935,James Harden,1610612739,Cleveland Cavaliers,1,7,25,Made Shot,Driving Layup Shot,2PT Field Goal,In The Paint (Non-RA),Center(C),Less Than 8 ft.,4.0,-34.0,26.0,1,1,20260209,DEN,CLE,James Harden,2026,DEN,Made,4.280186911806539,James Harden
Shot Chart Detail,22500767,94,201935,James Harden,1610612739,Cleveland Cavaliers,1,5,27,Missed Shot,Pullup Jump shot,3PT Field Goal,Above the Break 3,Left Side Center(LC),24+ ft.,26.0,-142.0,218.0,1,0,20260209,DEN,CLE,James Harden,2026,DEN,Missed,26.016917572994693,James Harden
Shot Chart Detail,22500767,269,201935,James Harden,1610612739,Cleveland Cavaliers,2,6,17,Missed Shot,Driving Reverse Layup Shot,2PT Field Goal,Restricted Area,Center(C),Less Than 8 ft.,2.0,-20.0,10.0,1,0,20260209,DEN,CLE,James Harden,2026,DEN,Missed,2.23606797749979,James Harden
Shot Chart Detail,22500767,302,201935,James Harden,1610612739,Cleveland Cavaliers,2,3,47,Made Shot,Driving Floating Jump Shot,2PT Field Goal,In The Paint (Non-RA),Left Side(L),8-16 ft.,8.0,-55.0,59.0,1,1,20260209,DEN,CLE,James Harden,2026,DEN,Made,8.065977932030313,James Harden
Shot Chart Detail,22500767,328,201935,James Harden,1610612739,Cleveland Cavaliers,2,1,37,Made Shot,Driving Floating Jump Shot,2PT Field Goal,In The Paint (Non-RA),Left Side(L),8-16 ft.,12.0,-65.0,106.0,1,1,20260209,DEN,CLE,James Harden,2026,DEN,Made,12.434226956268734,James Harden
Shot Chart Detail,22500767,344,201935,James Harden,1610612739,Cleveland Cavaliers,2,0,3,Missed Shot,Step Back Jump shot,3PT Field Goal,Above the Break 3,Right Side Center(RC),24+ ft.,25.0,159.0,196.0,1,0,20260209,DEN,CLE,James Harden,2026,DEN,Missed,25.23826459961144,James Harden
Shot Chart Detail,22500767,356,201935,James Harden,1610612739,Cleveland Cavaliers,3,11,44,Missed Shot,Jump Shot,3PT Field Goal,Above the Break 3,Center(C),24+ ft.,25.0,-60.0,247.0,1,0,20260209,DEN,CLE,James Harden,2026,DEN,Missed,25.41830049393547,James Harden
Shot Chart Detail,22500767,398,201935,James Harden,1610612739,Cleveland Cavaliers,3,8,13,Made Shot,Driving Floating Jump Shot,2PT Field Goal,In The Paint (Non-RA),Center(C),8-16 ft.,9.0,-39.0,85.0,1,1,20260209,DEN,CLE,James Harden,2026,DEN,Made,9.35200513259055,James Harden
Shot Chart Detail,22500767,441,201935,James Harden,1610612739,Cleveland Cavaliers,3,5,9,Made Shot,Driving Layup Shot,2PT Field Goal,Restricted Area,Center(C),Less Than 8 ft.,2.0,-21.0,-1.0,1,1,20260209,DEN,CLE,James Harden,2026,DEN,Made,2.1023796041628637,James Harden
Shot Chart Detail,22500767,580,201935,James Harden,1610612739,Cleveland Cavaliers,4,8,27,Made Shot,Jump Shot,3PT Field Goal,Above the Break 3,Center(C),24+ ft.,27.0,23.0,276.0,1,1,20260209,DEN,CLE,James Harden,2026,DEN,Made,27.695667531222277,James Harden
Shot Chart Detail,22500767,591,201935,James Harden,1610612739,Cleveland Cavaliers,4,8,1,Missed Shot,Pullup Jump shot,3PT Field Goal,Above the Break 3,Right Side Center(RC),24+ ft.,24.0,91.0,231.0,1,0,20260209,DEN,CLE,James Harden,2026,DEN,Missed,24.82780699135548,James Harden
Shot Chart Detail,22500767,595,201935,James Harden,1610612739,Cleveland Cavaliers,4,7,44,Missed Shot,Pullup Jump shot,3PT Field Goal,Above the Break 3,Center(C),24+ ft.,25.0,-59.0,247.0,1,0,20260209,DEN,CLE,James Harden,2026,DEN,Missed,25.39488137400921,James Harden
Shot Chart Detail,22500767,609,201935,James Harden,1610612739,Cleveland Cavaliers,4,6,45,Missed Shot,Driving Layup Shot,2PT Field Goal,In The Paint (Non-RA),Center(C),Less Than 8 ft.,4.0,-47.0,6.0,1,0,20260209,DEN,CLE,James Harden,2026,DEN,Missed,4.738143096192854,James Harden
Shot Chart Detail,22500767,698,201935,James Harden,1610612739,Cleveland Cavaliers,4,0,32,Made Shot,Step Back Jump shot,3PT Field Goal,Above the Break 3,Left Side Center(LC),24+ ft.,24.0,-158.0,189.0,1,1,20260209,DEN,CLE,James Harden,2026,DEN,Made,24.634325645326687,James Harden
Shot Chart Detail,22500776,92,201935,James Harden,1610612739,Cleveland Cavaliers,1,6,30,Made Shot,Pullup Jump shot,3PT Field Goal,Above the Break 3,Left Side Center(LC),24+ ft.,33.0,-135.0,304.0,1,1,20260211,CLE,WAS,James Harden,2026,CLE,Made,33.26274191945096,James Harden
Shot Chart Detail,22500776,121,201935,James Harden,1610612739,Cleveland Cavaliers,1,4,13,Missed Shot,Step Back Jump shot,3PT Field Goal,Above the Break 3,Left Side Center(LC),24+ ft.,26.0,-93.0,248.0,1,0,20260211,CLE,WAS,James Harden,2026,CLE,Missed,26.486411610484346,James Harden
Shot Chart Detail,22500776,291,201935,James Harden,1610612739,Cleveland Cavaliers,2,5,50,Missed Shot,Jump Shot,3PT Field Goal,Above the Break 3,Left Side Center(LC),24+ ft.,25.0,-233.0,113.0,1,0,20260211,CLE,WAS,James Harden,2026,CLE,Missed,25.895559464896678,James Harden
Shot Chart Detail,22500776,629,201935,James Harden,1610612739,Cleveland Cavaliers,4,7,13,Missed Shot,Pullup Jump shot,3PT Field Goal,Above the Break 3,Left Side Center(LC),24+ ft.,24.0,-162.0,183.0,1,0,20260211,CLE,WAS,James Harden,2026,CLE,Missed,24.440335513245312,James Harden
Shot Chart Detail,22500793,103,201935,James Harden,1610612739,Cleveland Cavaliers,1,5,10,Made Shot,Driving Layup Shot,2PT Field Goal,Restricted Area,Center(C),Less Than 8 ft.,1.0,7.0,10.0,1,1,20260219,CLE,BKN,James Harden,2026,CLE,Made,1.2206555615733703,James Harden
Shot Chart Detail,22500793,269,201935,James Harden,1610612739,Cleveland Cavaliers,2,5,12,Made Shot,Driving Layup Shot,2PT Field Goal,Restricted Area,Center(C),Less Than 8 ft.,0.0,4.0,-3.0,1,1,20260219,CLE,BKN,James Harden,2026,CLE,Made,0.5,James Harden
Shot Chart Detail,22500793,285,201935,James Harden,1610612739,Cleveland Cavaliers,2,4,2,Made Shot,Pullup Jump shot,3PT Field Goal,Above the Break 3,Left Side Center(LC),24+ ft.,27.0,-120.0,251.0,1,1,20260219,CLE,BKN,James Harden,2026,CLE,Made,27.82103520719529,James Harden
Shot Chart Detail,22500793,296,201935,James Harden,1610612739,Cleveland Cavaliers,2,3,20,Made Shot,Driving Layup Shot,2PT Field Goal,Restricted Area,Center(C),Less Than 8 ft.,0.0,-1.0,2.0,1,1,20260219,CLE,BKN,James Harden,2026,CLE,Made,0.223606797749979,James Harden
Shot Chart Detail,22500793,303,201935,James Harden,1610612739,Cleveland Cavaliers,2,2,16,Made Shot,Jump Shot,3PT Field Goal,Above the Break 3,Right Side Center(RC),24+ ft.,24.0,205.0,141.0,1,1,20260219,CLE,BKN,James Harden,2026,CLE,Made,24.880916381837707,James Harden
Shot Chart Detail,22500793,377,201935,James Harden,1610612739,Cleveland Cavaliers,3,8,40,Made Shot,Step Back Jump shot,3PT Field Goal,Above the Break 3,Center(C),24+ ft.,25.0,22.0,259.0,1,1,20260219,CLE,BKN,James Harden,2026,CLE,Made,25.993268359327192,James Harden
Shot Chart Detail,22500793,380,201935,James Harden,1610612739,Cleveland Cavaliers,3,8,14,Missed Shot,Jump Shot,3PT Field Goal,Above the Break 3,Left Side Center(LC),24+ ft.,25.0,-147.0,213.0,1,0,20260219,CLE,BKN,James Harden,2026,CLE,Missed,25.880108191427638,James Harden
Shot Chart Detail,22500793,480,201935,James Harden,1610612739,Cleveland Cavaliers,3,0,39,Missed Shot,Jump Shot,3PT Field Goal,Above the Break 3,Center(C),24+ ft.,26.0,-4.0,262.0,1,0,20260219,CLE,BKN,James Harden,2026,CLE,Missed,26.203053257206495,James Harden
Shot Chart Detail,22500802,64,201935,James Harden,1610612739,Cleveland Cavaliers,1,7,2,Made Shot,Pullup Jump shot,3PT Field Goal,Above the Break 3,Left Side Center(LC),24+ ft.,26.0,-110.0,239.0,1,1,20260220,CHA,CLE,James Harden,2026,CHA,Made,26.309884074240994,James Harden
Shot Chart Detail,22500802,69,201935,James Harden,1610612739,Cleveland Cavaliers,1,6,20,Missed Shot,Pullup Jump shot,2PT Field Goal,Mid-Range,Center(C),16-24 ft.,16.0,42.0,158.0,1,0,20260220,CHA,CLE,James Harden,2026,CHA,Missed,16.348700254148646,James Harden
Shot Chart Detail,22500802,222,201935,James Harden,1610612739,Cleveland Cavaliers,2,8,25,Made Shot,Step Back Jump shot,2PT Field Goal,Mid-Range,Left Side(L),8-16 ft.,15.0,-126.0,96.0,1,1,20260220,CHA,CLE,James Harden,2026,CHA,Made,15.840454538932903,James Harden
Shot Chart Detail,22500802,265,201935,James Harden,1610612739,Cleveland Cavaliers,2,5,10,Missed Shot,Step Back Jump shot,2PT Field Goal,In The Paint (Non-RA),Center(C),8-16 ft.,13.0,-28.0,127.0,1,0,20260220,CHA,CLE,James Harden,2026,CHA,Missed,13.004999038831183,James Harden
Shot Chart Detail,22500802,279,201935,James Harden,1610612739,Cleveland Cavaliers,2,3,46,Missed Shot,Driving Floating Jump Shot,2PT Field Goal,Restricted Area,Center(C),Less Than 8 ft.,3.0,-27.0,27.0,1,0,20260220,CHA,CLE,James Harden,2026,CHA,Missed,3.818376618407357,James Harden
Shot Chart Detail,22500802,309,201935,James Harden,1610612739,Cleveland Cavaliers,2,1,23,Missed Shot,Driving Layup Shot,2PT Field Goal,Restricted Area,Center(C),Less Than 8 ft.,3.0,-28.0,27.0,1,0,20260220,CHA,CLE,James Harden,2026,CHA,Missed,3.8897300677553446,James Harden
Shot Chart Detail,22500802,338,201935,James Harden,1610612739,Cleveland Cavaliers,2,0,0,Made Shot,Driving Floating Bank Jump Shot,2PT Field Goal,Restricted Area,Center(C),Less Than 8 ft.,2.0,-1.0,26.0,1,1,20260220,CHA,CLE,James Harden,2026,CHA,Made,2.6019223662515376,James Harden
Shot Chart Detail,22500802,422,201935,James Harden,1610612739,Cleveland Cavaliers,3,6,8,Made Shot,Driving Floating Jump Shot,2PT Field Goal,In The Paint (Non-RA),Center(C),Less Than 8 ft.,5.0,18.0,50.0,1,1,20260220,CHA,CLE,James Harden,2026,CHA,Made,5.314132102234569,James Harden
Shot Chart Detail,22500802,563,201935,James Harden,1610612739,Cleveland Cavaliers,4,8,33,Made Shot,Pullup Jump shot,3PT Field Goal,Above the Break 3,Center(C),24+ ft.,24.0,76.0,236.0,1,1,20260220,CHA,CLE,James Harden,2026,CHA,Made,24.793547547698775,James Harden
Shot Chart Detail,22500802,574,201935,James Harden,1610612739,Cleveland Cavaliers,4,7,47,Missed Shot,Driving Floating Jump Shot,2PT Field Goal,Restricted Area,Center(C),Less Than 8 ft.,1.0,-6.0,8.0,1,0,20260220,CHA,CLE,James Harden,2026,CHA,Missed,1.0,James Harden
Shot Chart Detail,22500802,582,201935,James Harden,1610612739,Cleveland Cavaliers,4,7,18,Missed Shot,Pullup Jump shot,3PT Field Goal,Above the Break 3,Center(C),24+ ft.,26.0,81.0,252.0,1,0,20260220,CHA,CLE,James Harden,2026,CHA,Missed,26.469794105734934,James Harden
Shot Chart Detail,22500802,593,201935,James Harden,1610612739,Cleveland Cavaliers,4,6,11,Made Shot,Driving Floating Jump Shot,2PT Field Goal,In The Paint (Non-RA),Center(C),Less Than 8 ft.,4.0,-33.0,31.0,1,1,20260220,CHA,CLE,James Harden,2026,CHA,Made,4.527692569068709,James Harden
Shot Chart Detail,22500802,628,201935,James Harden,1610612739,Cleveland Cavaliers,4,2,47,Missed Shot,Jump Bank Shot,2PT Field Goal,Mid-Range,Left Side(L),8-16 ft.,9.0,-83.0,40.0,1,0,20260220,CHA,CLE,James Harden,2026,CHA,Missed,9.213576938409968,James Harden
Shot Chart Detail,22500802,633,201935,James Harden,1610612739,Cleveland Cavaliers,4,2,36,Missed Shot,Pullup Jump shot,2PT Field Goal,Mid-Range,Center(C),8-16 ft.,14.0,-25.0,146.0,1,0,20260220,CHA,CLE,James Harden,2026,CHA,Missed,14.812494725737457,James Harden
Shot Chart Detail,22500817,34,201935,James Harden,1610612739,Cleveland Cavaliers,1,9,3,Made Shot,Driving Floating Jump Shot,2PT Field Goal,In The Paint (Non-RA),Center(C),Less Than 8 ft.,7.0,47.0,55.0,1,1,20260222,OKC,CLE,James Harden,2026,OKC,Made,7.234638899074369,James Harden
Shot Chart Detail,22500817,48,201935,James Harden,1610612739,Cleveland Cavaliers,1,8,2,Made Shot,Pullup Jump shot,3PT Field Goal,Above the Break 3,Center(C),24+ ft.,25.0,10.0,252.0,1,1,20260222,OKC,CLE,James Harden,2026,OKC,Made,25.21983346495373,James Harden
Shot Chart Detail,22500817,53,201935,James Harden,1610612739,Cleveland Cavaliers,1,7,37,Missed Shot,Step Back Jump shot,3PT Field Goal,Above the Break 3,Right Side Center(RC),24+ ft.,24.0,212.0,130.0,1,0,20260222,OKC,CLE,James Harden,2026,OKC,Missed,24.86845391253747,James Harden
Shot Chart Detail,22500817,95,201935,James Harden,1610612739,Cleveland Cavaliers,1,4,36,Missed Shot,Step Back Jump shot,2PT Field Goal,In The Paint (Non-RA),Center(C),Less Than 8 ft.,7.0,-77.0,-8.0,1,0,20260222,OKC,CLE,James Harden,2026,OKC,Missed,7.741446893184762,James Harden
Shot Chart Detail,22500817,245,201935,James Harden,1610612739,Cleveland Cavaliers,2,6,22,Missed Shot,Pullup Jump shot,3PT Field Goal,Above the Break 3,Right Side Center(RC),24+ ft.,25.0,178.0,178.0,1,0,20260222,OKC,CLE,James Harden,2026,OKC,Missed,25.173001410241092,James Harden
Shot Chart Detail,22500817,268,201935,James Harden,1610612739,Cleveland Cavaliers,2,4,59,Missed Shot,Pullup Jump shot,3PT Field Goal,Above the Break 3,Left Side Center(LC),24+ ft.,24.0,-211.0,127.0,1,0,20260222,OKC,CLE,James Harden,2026,OKC,Missed,24.6272207120495,James Harden
Shot Chart Detail,22500817,270,201935,James Harden,1610612739,Cleveland Cavaliers,2,4,49,Made Shot,Driving Floating Bank Jump Shot,2PT Field Goal,In The Paint (Non-RA),Center(C),Less Than 8 ft.,4.0,-45.0,11.0,1,1,20260222,OKC,CLE,James Harden,2026,OKC,Made,4.632493928760188,James Harden
Shot Chart Detail,22500817,310,201935,James Harden,1610612739,Cleveland Cavaliers,2,2,33,Made Shot,Driving Hook Shot,2PT Field Goal,In The Paint (Non-RA),Center(C),Less Than 8 ft.,4.0,-10.0,40.0,1,1,20260222,OKC,CLE,James Harden,2026,OKC,Made,4.123105625617661,James Harden
Shot Chart Detail,22500817,345,201935,James Harden,1610612739,Cleveland Cavaliers,2,0,31,Missed Shot,Pullup Jump shot,3PT Field Goal,Above the Break 3,Center(C),24+ ft.,25.0,0.0,256.0,1,0,20260222,OKC,CLE,James Harden,2026,OKC,Missed,25.6,James Harden
Shot Chart Detail,22500817,581,201935,James Harden,1610612739,Cleveland Cavaliers,4,8,44,Made Shot,Driving Floating Jump Shot,2PT Field Goal,In The Paint (Non-RA),Center(C),Less Than 8 ft.,4.0,39.0,17.0,1,1,20260222,OKC,CLE,James Harden,2026,OKC,Made,4.25440947723653,James Harden
Shot Chart Detail,22500817,594,201935,James Harden,1610612739,Cleveland Cavaliers,4,7,47,Made Shot,Pullup Jump shot,3PT Field Goal,Above the Break 3,Center(C),24+ ft.,26.0,18.0,263.0,1,1,20260222,OKC,CLE,James Harden,2026,OKC,Made,26.36152499382386,James Harden
Shot Chart Detail,22500817,630,201935,James Harden,1610612739,Cleveland Cavaliers,4,4,52,Missed Shot,Driving Floating Jump Shot,2PT Field Goal,In The Paint (Non-RA),Left Side(L),8-16 ft.,12.0,-78.0,99.0,1,0,20260222,OKC,CLE,James Harden,2026,OKC,Missed,12.603570922560003,James Harden
Shot Chart Detail,22500817,676,201935,James Harden,1610612739,Cleveland Cavaliers,4,1,30,Made Shot,Driving Finger Roll Layup Shot,2PT Field Goal,Restricted Area,Center(C),Less Than 8 ft.,1.0,-16.0,10.0,1,1,20260222,OKC,CLE,James Harden,2026,OKC,Made,1.8867962264113207,James Harden
Shot Chart Detail,22500817,679,201935,James Harden,1610612739,Cleveland Cavaliers,4,1,9,Made Shot,Pullup Jump shot,3PT Field Goal,Above the Break 3,Right Side Center(RC),24+ ft.,26.0,183.0,188.0,1,1,20260222,OKC,CLE,James Harden,2026,OKC,Made,26.23604390909575,James Harden
Shot Chart Detail,22501205,46,201935,James Harden,1610612746,LA Clippers,1,8,12,Missed Shot,Running Jump Shot,3PT Field Goal,Above the Break 3,Right Side Center(RC),24+ ft.,26.0,173.0,199.0,1,0,20251211,HOU,LAC,James Harden,2025,HOU,Missed,26.368541863364385,James Harden
Shot Chart Detail,22501205,96,201935,James Harden,1610612746,LA Clippers,1,4,20,Missed Shot,Pullup Jump shot,2PT Field Goal,In The Paint (Non-RA),Center(C),8-16 ft.,12.0,-48.0,115.0,1,0,20251211,HOU,LAC,James Harden,2025,HOU,Missed,12.461540835707277,James Harden
Shot Chart Detail,22501205,101,201935,James Harden,1610612746,LA Clippers,1,4,6,Made Shot,Driving Layup Shot,2PT Field Goal,Restricted Area,Center(C),Less Than 8 ft.,3.0,-22.0,33.0,1,1,20251211,HOU,LAC,James Harden,2025,HOU,Made,3.966106403010388,James Harden
Shot Chart Detail,22501205,111,201935,James Harden,1610612746,LA Clippers,1,3,25,Missed Shot,Pullup Jump shot,3PT Field Goal,Above the Break 3,Center(C),24+ ft.,25.0,1.0,252.0,1,0,20251211,HOU,LAC,James Harden,2025,HOU,Missed,25.200198411917317,James Harden
Shot Chart Detail,22501205,113,201935,James Harden,1610612746,LA Clippers,1,3,20,Made Shot,Jump Shot,3PT Field Goal,Above the Break 3,Center(C),24+ ft.,25.0,-33.0,253.0,1,1,20251211,HOU,LAC,James Harden,2025,HOU,Made,25.514309710435043,James Harden
Shot Chart Detail,22501205,137,201935,James Harden,1610612746,LA Clippers,1,1,39,Missed Shot,Driving Layup Shot,2PT Field Goal,In The Paint (Non-RA),Center(C),Less Than 8 ft.,7.0,-59.0,44.0,1,0,20251211,HOU,LAC,James Harden,2025,HOU,Missed,7.360027173862879,James Harden
Shot Chart Detail,22501205,286,201935,James Harden,1610612746,LA Clippers,2,2,28,Made Shot,Pullup Jump shot,3PT Field Goal,Above the Break 3,Left Side Center(LC),24+ ft.,25.0,-165.0,191.0,1,1,20251211,HOU,LAC,James Harden,2025,HOU,Made,25.24004754353684,James Harden
Shot Chart Detail,22501205,318,201935,James Harden,1610612746,LA Clippers,2,0,3,Missed Shot,Driving Layup Shot,2PT Field Goal,Restricted Area,Center(C),Less Than 8 ft.,2.0,-20.0,16.0,1,0,20251211,HOU,LAC,James Harden,2025,HOU,Missed,2.5612496949731396,James Harden
Shot Chart Detail,22501205,349,201935,James Harden,1610612746,LA Clippers,3,10,6,Missed Shot,Step Back Jump shot,3PT Field Goal,Above the Break 3,Left Side Center(LC),24+ ft.,25.0,-102.0,231.0,1,0,20251211,HOU,LAC,James Harden,2025,HOU,Missed,25.25173261382276,James Harden
Shot Chart Detail,22501205,395,201935,James Harden,1610612746,LA Clippers,3,5,17,Made Shot,Driving Floating Bank Jump Shot,2PT Field Goal,In The Paint (Non-RA),Center(C),Less Than 8 ft.,5.0,-42.0,37.0,1,1,20251211,HOU,LAC,James Harden,2025,HOU,Made,5.597320787662612,James Harden
Shot Chart Detail,22501205,398,201935,James Harden,1610612746,LA Clippers,3,4,30,Missed Shot,Driving Layup Shot,2PT Field Goal,In The Paint (Non-RA),Center(C),8-16 ft.,10.0,-4.0,105.0,1,0,20251211,HOU,LAC,James Harden,2025,HOU,Missed,10.507616285342742,James Harden
Shot Chart Detail,22501205,412,201935,James Harden,1610612746,LA Clippers,3,3,16,Missed Shot,Pullup Jump shot,3PT Field Goal,Above the Break 3,Center(C),24+ ft.,24.0,-72.0,230.0,1,0,20251211,HOU,LAC,James Harden,2025,HOU,Missed,24.100622398602077,James Harden
Shot Chart Detail,22501205,445,201935,James Harden,1610612746,LA Clippers,3,1,38,Made Shot,Driving Finger Roll Layup Shot,2PT Field Goal,Restricted Area,Center(C),Less Than 8 ft.,3.0,10.0,34.0,1,1,20251211,HOU,LAC,James Harden,2025,HOU,Made,3.54400902933387,James Harden
Shot Chart Detail,22501205,466,201935,James Harden,1610612746,LA Clippers,3,0,8,Missed Shot,Step Back Jump shot,3PT Field Goal,Right Corner 3,Right Side(R),24+ ft.,22.0,228.0,22.0,1,0,20251211,HOU,LAC,James Harden,2025,HOU,Missed,22.90589443789524,James Harden
Shot Chart Detail,22501205,539,201935,James Harden,1610612746,LA Clippers,4,7,29,Made Shot,Step Back Jump shot,3PT Field Goal,Above the Break 3,Center(C),24+ ft.,24.0,5.0,241.0,1,1,20251211,HOU,LAC,James Harden,2025,HOU,Made,24.105186163977244,James Harden
Shot Chart Detail,22501205,571,201935,James Harden,1610612746,LA Clippers,4,4,20,Missed Shot,Step Back Jump shot,2PT Field Goal,In The Paint (Non-RA),Center(C),8-16 ft.,11.0,12.0,119.0,1,0,20251211,HOU,LAC,James Harden,2025,HOU,Missed,11.960351165413162,James Harden
Shot Chart Detail,22501205,614,201935,James Harden,1610612746,LA Clippers,4,1,33,Missed Shot,Pullup Jump shot,3PT Field Goal,Above the Break 3,Center(C),24+ ft.,28.0,10.0,284.0,1,0,20251211,HOU,LAC,James Harden,2025,HOU,Missed,28.417600180170034,James Harden
Shot Chart Detail,22501205,632,201935,James Harden,1610612746,LA Clippers,4,0,37,Made Shot,Jump Shot,3PT Field Goal,Above the Break 3,Right Side Center(RC),24+ ft.,25.0,165.0,193.0,1,1,20251211,HOU,LAC,James Harden,2025,HOU,Made,25.391730937452845,James Harden
Shot Chart Detail,22501226,230,201935,James Harden,1610612746,LA Clippers,2,6,14,Missed Shot,Driving Layup Shot,2PT Field Goal,In The Paint (Non-RA),Center(C),Less Than 8 ft.,5.0,-10.0,59.0,1,0,20251215,LAC,MEM,James Harden,2025,LAC,Missed,5.984145720150872,James Harden
Shot Chart Detail,22501226,253,201935,James Harden,1610612746,LA Clippers,2,4,50,Made Shot,Running Pull-Up Jump Shot,3PT Field Goal,Above the Break 3,Left Side Center(LC),24+ ft.,26.0,-129.0,230.0,1,1,20251215,LAC,MEM,James Harden,2025,LAC,Made,26.370627599660953,James Harden
Shot Chart Detail,22501226,264,201935,James Harden,1610612746,LA Clippers,2,3,38,Missed Shot,Step Back Jump shot,2PT Field Goal,Mid-Range,Left Side(L),8-16 ft.,15.0,-140.0,65.0,1,0,20251215,LAC,MEM,James Harden,2025,LAC,Missed,15.435349040433133,James Harden
Shot Chart Detail,22501226,296,201935,James Harden,1610612746,LA Clippers,2,0,36,Made Shot,Step Back Jump shot,3PT Field Goal,Above the Break 3,Center(C),24+ ft.,27.0,-9.0,277.0,1,1,20251215,LAC,MEM,James Harden,2025,LAC,Made,27.71461708196597,James Harden
Shot Chart Detail,22501226,303,201935,James Harden,1610612746,LA Clippers,2,0,1,Missed Shot,Pullup Jump shot,3PT Field Goal,Above the Break 3,Left Side Center(LC),24+ ft.,32.0,-127.0,296.0,1,0,20251215,LAC,MEM,James Harden,2025,LAC,Missed,32.20947065693567,James Harden
Shot Chart Detail,22501226,323,201935,James Harden,1610612746,LA Clippers,3,10,58,Missed Shot,Driving Floating Jump Shot,2PT Field Goal,In The Paint (Non-RA),Right Side(R),8-16 ft.,8.0,50.0,68.0,1,0,20251215,LAC,MEM,James Harden,2025,LAC,Missed,8.440379138403676,James Harden
Shot Chart Detail,22501226,401,201935,James Harden,1610612746,LA Clippers,3,5,9,Missed Shot,Jump Shot,3PT Field Goal,Above the Break 3,Right Side Center(RC),24+ ft.,30.0,105.0,283.0,1,0,20251215,LAC,MEM,James Harden,2025,LAC,Missed,30.185095659944494,James Harden
Shot Chart Detail,22501226,438,201935,James Harden,1610612746,LA Clippers,3,2,24,Missed Shot,Driving Floating Jump Shot,2PT Field Goal,In The Paint (Non-RA),Center(C),Less Than 8 ft.,7.0,13.0,72.0,1,0,20251215,LAC,MEM,James Harden,2025,LAC,Missed,7.316419889536138,James Harden
Shot Chart Detail,22501226,448,201935,James Harden,1610612746,LA Clippers,3,1,46,Made Shot,Jump Shot,3PT Field Goal,Above the Break 3,Center(C),24+ ft.,26.0,-12.0,269.0,1,1,20251215,LAC,MEM,James Harden,2025,LAC,Made,26.92675249635574,James Harden
Shot Chart Detail,22501226,564,201935,James Harden,1610612746,LA Clippers,4,5,9,Made Shot,Running Jump Shot,3PT Field Goal,Above the Break 3,Left Side Center(LC),24+ ft.,26.0,-134.0,225.0,1,1,20251215,LAC,MEM,James Harden,2025,LAC,Made,26.187974339379515,James Harden
