PLAYER_ID,RANK,PLAYER,TEAM_ID,TEAM,GP,MIN,FGM,FGA,FG_PCT,FG3M,FG3A,FG3_PCT,FTM,FTA,FT_PCT,OREB,DREB,REB,AST,STL,BLK,TOV,PTS,EFF,SEASON
893,1,Michael Jordan,1610612741,CHI,82,37.9,11.2,23.1,0.486,1.4,3.6,0.374,5.9,7.0,0.833,1.4,4.5,5.9,4.3,1.7,0.5,2.0,29.6,27.0,1996-97
252,2,Karl Malone,1610612762,UTA,82,36.6,10.5,19.2,0.55,0.0,0.2,0.0,6.4,8.4,0.755,2.4,7.5,9.9,4.5,1.4,0.6,2.8,27.4,30.2,1996-97
779,3,Glen Rice,1610612766,CHH,79,42.5,9.1,19.2,0.477,2.6,5.6,0.47,5.9,6.8,0.867,0.8,3.2,4.0,2.0,0.9,0.3,2.2,26.8,20.9,1996-97
782,4,Mitch Richmond,1610612758,SAC,81,38.5,8.9,19.5,0.454,2.5,5.9,0.428,5.6,6.6,0.861,0.7,3.2,3.9,4.2,1.5,0.3,2.9,25.9,21.3,1996-97
84,5,Latrell Sprewell,1610612744,GSW,80,41.9,8.1,18.1,0.449,1.8,5.2,0.354,6.2,7.3,0.843,0.7,3.9,4.6,6.3,1.7,0.6,4.0,24.2,22.2,1996-97
947,6,Allen Iverson,1610612755,PHI,76,40.0,8.2,19.8,0.416,2.0,6.0,0.341,5.0,7.2,0.702,1.5,2.6,4.1,7.5,2.1,0.3,4.4,23.5,19.3,1996-97
165,7,Hakeem Olajuwon,1610612745,HOU,78,36.6,9.3,18.3,0.51,0.1,0.2,0.313,4.5,5.7,0.787,2.2,7.0,9.2,3.0,1.5,2.2,3.6,23.2,25.3,1996-97
121,8,Patrick Ewing,1610612752,NYK,78,37.0,8.4,17.2,0.488,0.0,0.1,0.222,5.6,7.5,0.754,2.2,8.4,10.7,2.0,0.9,2.4,3.4,22.4,24.4,1996-97
383,9,Kendall Gill,1610612751,NJN,82,39.0,7.9,17.7,0.443,0.9,2.7,0.336,5.2,6.5,0.797,2.2,3.9,6.1,4.0,1.9,0.6,2.7,21.8,20.5,1996-97
56,10,Gary Payton,1610612760,SEA,82,39.2,8.6,18.1,0.476,1.5,4.6,0.313,3.1,4.3,0.715,1.3,3.3,4.6,7.1,2.4,0.2,2.6,21.8,22.7,1996-97
397,11,Reggie Miller,1610612754,IND,81,36.6,6.8,15.4,0.444,2.8,6.6,0.427,5.2,5.9,0.88,0.7,2.9,3.5,3.4,0.9,0.3,2.0,21.6,18.5,1996-97
255,12,Grant Hill,1610612765,DET,80,39.3,7.8,15.7,0.496,0.1,0.4,0.303,5.6,7.9,0.711,1.5,7.5,9.0,7.3,1.8,0.6,3.2,21.4,26.6,1996-97
299,13,Glenn Robinson,1610612749,MIL,80,38.9,8.4,18.0,0.465,0.8,2.3,0.35,3.6,4.6,0.791,1.6,4.7,6.3,3.1,1.3,0.9,3.4,21.1,18.7,1996-97
452,14,Vin Baker,1610612749,MIL,78,40.5,8.1,16.0,0.505,0.2,0.7,0.278,4.6,6.7,0.687,3.4,6.9,10.3,2.7,1.0,1.4,3.1,21.0,23.3,1996-97
711,15,Jerry Stackhouse,1610612755,PHI,81,39.1,6.6,16.1,0.407,1.3,4.2,0.298,6.3,8.2,0.766,1.9,2.2,4.2,3.1,1.1,0.8,3.9,20.7,14.6,1996-97
339,16,Tom Gugliotta,1610612750,MIN,81,38.7,7.3,16.5,0.442,0.3,1.1,0.258,5.7,7.0,0.82,2.3,6.4,8.7,4.1,1.6,1.1,3.6,20.6,22.0,1996-97
896,17,Tim Hardaway,1610612748,MIA,81,38.8,7.1,17.1,0.415,2.5,7.3,0.344,3.6,4.5,0.799,0.6,2.8,3.4,8.6,1.9,0.1,2.8,20.3,20.5,1996-97
937,18,Scottie Pippen,1610612741,CHI,82,37.7,7.9,16.7,0.474,1.9,5.2,0.368,2.5,3.5,0.701,2.0,4.5,6.5,5.7,1.9,0.5,2.6,20.2,22.4,1996-97
757,19,Damon Stoudamire,1610612761,TOR,81,40.9,7.0,17.4,0.401,2.2,6.1,0.355,4.1,5.0,0.823,1.1,3.0,4.1,8.8,1.5,0.2,3.6,20.2,19.8,1996-97
134,20,Kevin Johnson,1610612756,PHX,70,37.9,6.3,12.7,0.496,1.3,2.9,0.441,6.3,7.4,0.852,0.8,2.8,3.6,9.3,1.5,0.2,3.1,20.1,24.1,1996-97
185,21,Chris Webber,1610612764,WAS,72,39.0,8.4,16.2,0.518,0.8,2.1,0.397,2.5,4.3,0.565,3.3,7.0,10.3,4.6,1.7,1.9,3.2,20.1,25.7,1996-97
120,21,Steven Smith,1610612737,ATL,72,39.2,6.8,15.9,0.429,1.8,5.4,0.335,4.6,5.5,0.847,1.3,2.1,3.3,4.2,0.9,0.3,2.4,20.1,16.4,1996-97
210,23,Terrell Brandon,1610612739,CLE,78,36.8,7.4,16.8,0.438,1.3,3.5,0.373,3.4,3.8,0.902,0.6,3.2,3.9,6.3,1.8,0.4,2.3,19.5,19.7,1996-97
436,24,Juwan Howard,1610612764,WAS,82,40.5,7.8,16.0,0.486,0.0,0.0,0.0,3.6,4.7,0.756,2.5,5.5,8.0,3.8,1.1,0.3,3.0,19.1,19.9,1996-97
431,25,Shawn Kemp,1610612760,SEA,81,34.0,6.5,12.7,0.51,0.1,0.4,0.364,5.6,7.5,0.742,3.4,6.6,10.0,1.9,1.5,1.0,3.5,18.7,21.5,1996-97
949,26,Shareef Abdur-Rahim,1610612763,VAN,80,35.1,6.9,15.2,0.453,0.1,0.3,0.259,4.8,6.5,0.746,2.7,4.2,6.9,2.2,1.0,1.0,2.8,18.7,17.0,1996-97
693,27,Joe Smith,1610612744,GSW,80,38.6,7.3,16.2,0.454,0.2,0.6,0.261,3.8,4.7,0.814,3.3,5.2,8.5,1.6,0.9,1.1,2.4,18.7,18.6,1996-97
686,28,Antonio McDyess,1610612743,DEN,74,34.7,7.2,15.6,0.463,0.1,0.5,0.171,3.7,5.2,0.708,2.1,5.2,7.3,1.4,0.8,1.7,2.7,18.3,16.9,1996-97
363,29,Christian Laettner,1610612737,ATL,82,38.2,6.7,13.8,0.486,0.4,1.1,0.352,4.4,5.4,0.816,2.6,6.2,8.8,2.7,1.2,0.8,2.7,18.1,20.9,1996-97
72,30,Kenny Anderson,1610612757,POR,82,37.6,5.9,13.9,0.427,1.6,4.5,0.361,4.1,5.3,0.768,1.1,3.3,4.4,7.1,2.0,0.2,2.4,17.5,19.7,1996-97
952,31,Antoine Walker,1610612738,BOS,82,36.2,7.0,16.5,0.425,0.6,1.9,0.327,2.8,4.5,0.631,3.5,5.5,9.0,3.2,1.3,0.6,2.8,17.5,17.7,1996-97
302,32,Mookie Blaylock,1610612737,ATL,78,39.2,6.4,14.9,0.432,2.8,7.7,0.366,1.7,2.2,0.753,1.5,3.8,5.3,5.9,2.7,0.3,2.4,17.4,20.2,1996-97
938,33,Rony Seikaly,1610612753,ORL,74,35.3,6.2,12.3,0.507,0.0,0.0,0.0,4.8,6.8,0.714,3.7,5.8,9.5,1.2,0.7,1.4,2.9,17.3,19.2,1996-97
393,34,Rod Strickland,1610612764,WAS,82,36.6,6.3,13.5,0.466,0.2,0.9,0.169,4.5,6.1,0.738,1.2,2.9,4.1,8.9,1.7,0.2,3.3,17.2,20.0,1996-97
224,35,Eddie Jones,1610612747,LAL,80,37.5,5.9,13.5,0.438,1.9,4.9,0.391,3.5,4.2,0.819,1.1,3.0,4.1,3.4,2.4,0.6,2.1,17.2,17.1,1996-97
708,36,Kevin Garnett,1610612750,MIN,77,38.8,7.1,14.3,0.499,0.1,0.3,0.286,2.7,3.5,0.754,2.5,5.6,8.0,3.1,1.4,2.1,2.3,17.0,21.3,1996-97
133,37,David Wesley,1610612738,BOS,74,40.4,6.2,13.2,0.468,1.4,3.9,0.36,3.0,3.9,0.781,0.9,2.7,3.6,7.3,2.2,0.2,2.9,16.8,19.2,1996-97
107,38,Dale Ellis,1610612743,DEN,82,35.9,5.8,14.0,0.414,2.3,6.4,0.364,2.6,3.2,0.817,1.2,2.4,3.6,2.0,0.7,0.1,1.8,16.6,12.4,1996-97
954,39,Kerry Kittles,1610612751,NJN,82,36.8,6.2,14.5,0.426,1.9,5.1,0.377,2.1,2.8,0.771,1.3,2.6,3.9,3.0,1.9,0.4,1.5,16.4,15.2,1996-97
1005,40,Walt Williams,1610612761,TOR,73,36.3,5.7,13.5,0.427,2.4,6.0,0.4,2.5,3.3,0.765,1.4,3.6,5.0,2.7,1.3,0.8,2.4,16.4,15.5,1996-97
193,41,Anthony Mason,1610612766,CHH,73,43.0,5.9,11.3,0.525,0.0,0.0,0.333,4.4,5.9,0.745,2.5,8.8,11.4,5.7,1.0,0.5,2.3,16.2,25.6,1996-97
735,42,Bryant Reeves,1610612763,VAN,75,37.0,6.6,13.7,0.486,0.0,0.1,0.091,2.9,4.1,0.704,2.3,5.8,8.1,2.1,0.4,0.9,2.3,16.2,17.1,1996-97
375,43,Isaiah Rider,1610612757,POR,76,33.8,6.0,12.9,0.464,1.3,3.4,0.385,2.8,3.4,0.812,1.2,2.8,4.0,2.6,0.6,0.3,2.8,16.1,13.2,1996-97
754,44,Jim Jackson,1610612751,NJN,77,36.8,5.8,13.4,0.431,1.1,3.2,0.348,3.3,4.0,0.813,1.7,3.6,5.3,4.1,1.1,0.4,2.7,15.9,15.8,1996-97
296,45,Rick Fox,1610612738,BOS,76,34.8,5.7,12.5,0.456,1.3,3.7,0.363,2.7,3.5,0.787,1.5,3.7,5.2,3.8,2.2,0.5,2.3,15.4,17.2,1996-97
89,46,Nick Van Exel,1610612747,LAL,79,37.3,5.5,13.6,0.402,2.2,5.9,0.378,2.1,2.5,0.825,0.6,2.3,2.9,8.5,0.9,0.1,2.7,15.3,16.4,1996-97
361,47,Clifford Robinson,1610612757,POR,81,38.0,5.5,12.9,0.426,1.5,4.3,0.346,2.7,3.8,0.696,1.1,2.9,4.0,3.2,1.2,0.8,2.1,15.1,13.7,1996-97
714,48,Michael Finley,1610612742,DAL,83,33.6,5.7,12.9,0.444,1.2,3.4,0.361,2.4,3.0,0.808,1.1,3.4,4.5,2.7,0.8,0.3,2.0,15.0,13.6,1996-97
677,49,Eric Williams,1610612738,BOS,72,33.8,5.2,11.4,0.456,0.0,0.1,0.25,4.6,6.1,0.752,1.8,2.8,4.6,1.8,1.0,0.2,1.9,15.0,12.9,1996-97
922,50,Elden Campbell,1610612747,LAL,77,32.6,5.7,12.2,0.469,0.0,0.1,0.25,3.4,4.8,0.711,2.7,5.3,8.0,1.6,0.6,1.5,1.7,14.9,17.1,1996-97
919,51,Loy Vaught,1610612746,LAC,82,34.6,6.6,13.2,0.5,0.0,0.1,0.167,1.6,2.3,0.702,2.7,7.3,10.0,1.3,1.0,0.3,1.7,14.9,18.5,1996-97
275,52,Allan Houston,1610612752,NYK,81,33.1,5.4,12.7,0.423,1.8,4.7,0.385,2.2,2.7,0.803,0.5,2.4,3.0,2.2,0.5,0.2,2.1,14.8,10.7,1996-97
247,53,Joe Dumars,1610612765,DET,79,37.0,4.9,11.1,0.44,2.1,4.9,0.432,2.8,3.3,0.864,0.5,1.9,2.4,4.0,0.7,0.0,1.6,14.7,13.6,1996-97
103,54,Todd Day,1610612738,BOS,81,28.1,4.9,12.3,0.398,1.6,4.3,0.362,3.2,4.1,0.773,1.3,2.7,4.1,1.4,1.3,0.6,1.6,14.5,12.1,1996-97
204,55,Jeff Hornacek,1610612762,UTA,82,31.6,5.0,10.4,0.482,0.9,2.4,0.369,3.6,4.0,0.899,0.7,2.2,2.9,4.4,1.5,0.3,1.6,14.5,16.3,1996-97
57,56,Doug Christie,1610612761,TOR,81,38.6,4.9,11.7,0.417,1.8,4.7,0.384,2.9,3.8,0.775,1.0,4.3,5.3,3.9,2.5,0.6,2.5,14.5,16.6,1996-97
904,57,Chris Mullin,1610612744,GSW,79,34.7,5.5,10.0,0.553,1.1,2.6,0.411,2.3,2.7,0.864,0.9,3.1,4.0,4.1,1.6,0.4,2.4,14.5,17.3,1996-97
324,58,Anthony Peeler,1610612763,VAN,72,31.8,5.6,14.0,0.398,1.8,4.8,0.373,1.5,1.8,0.82,0.8,2.7,3.4,3.6,1.5,0.2,2.2,14.5,12.2,1996-97
304,59,John Stockton,1610612762,UTA,82,35.3,5.1,9.3,0.548,0.9,2.2,0.422,3.4,4.0,0.846,0.5,2.2,2.8,10.5,2.0,0.2,3.0,14.4,22.1,1996-97
283,60,Lindsey Hunter,1610612765,DET,82,36.9,5.1,12.7,0.404,2.0,5.7,0.355,1.9,2.5,0.778,0.7,2.1,2.8,1.9,1.6,0.3,1.2,14.2,11.5,1996-97
765,61,Hersey Hawkins,1610612760,SEA,82,33.6,4.5,9.7,0.464,1.7,4.3,0.403,3.1,3.6,0.875,1.1,2.8,3.9,3.0,1.9,0.1,1.6,13.9,15.7,1996-97
317,62,John Starks,1610612752,NYK,77,26.6,4.8,11.1,0.431,1.9,5.3,0.369,2.2,2.9,0.769,0.5,2.2,2.7,2.8,1.2,0.1,2.1,13.8,11.5,1996-97
51,63,Mahmoud Abdul-Rauf,1610612758,SAC,75,28.4,5.5,12.3,0.445,1.3,3.3,0.382,1.5,1.8,0.846,0.2,1.4,1.6,2.5,0.7,0.1,1.6,13.7,10.0,1996-97
330,64,Danny Manning,1610612756,PHX,77,27.8,5.5,10.3,0.536,0.1,0.5,0.194,2.4,3.3,0.721,1.8,4.3,6.1,2.2,1.1,1.0,2.1,13.5,16.1,1996-97
445,65,Wesley Person,1610612756,PHX,80,29.1,5.1,11.3,0.453,2.1,5.2,0.413,1.1,1.4,0.798,0.9,2.8,3.7,1.5,1.1,0.3,1.0,13.5,12.6,1996-97
907,66,Malik Sealy,1610612746,LAC,80,30.8,4.7,11.8,0.396,1.0,2.8,0.356,3.2,3.6,0.876,0.7,2.2,3.0,2.1,1.6,0.6,1.9,13.5,11.2,1996-97
951,67,Ray Allen,1610612749,MIL,82,31.0,4.8,11.1,0.43,1.4,3.6,0.393,2.5,3.0,0.823,1.2,2.8,4.0,2.6,0.9,0.1,1.8,13.4,12.3,1996-97
168,68,Chris Mills,1610612739,CLE,80,39.6,5.1,11.2,0.453,1.1,2.8,0.391,2.2,2.6,0.842,1.5,4.7,6.2,2.5,1.1,0.5,1.5,13.4,15.7,1996-97
87,69,Dikembe Mutombo,1610612737,ATL,80,37.2,4.8,9.0,0.527,0.0,0.0,0.0,3.8,5.4,0.705,3.4,8.3,11.6,1.4,0.6,3.3,2.3,13.3,22.0,1996-97
915,70,Rodney Rogers,1610612746,LAC,81,30.5,5.0,10.9,0.462,0.8,2.2,0.361,2.4,3.6,0.663,1.7,3.4,5.1,2.7,1.1,0.8,2.7,13.2,13.1,1996-97
762,71,Shawn Bradley,1610612742,DAL,73,31.4,5.6,12.4,0.449,0.0,0.1,0.0,2.0,3.1,0.654,3.0,5.3,8.4,0.7,0.5,3.4,1.8,13.2,16.4,1996-97
901,72,Otis Thorpe,1610612765,DET,79,33.7,5.3,10.0,0.532,0.0,0.0,0.0,2.5,3.8,0.654,2.9,5.0,7.9,1.7,0.7,0.2,1.8,13.1,15.8,1996-97
238,73,Tyrone Hill,1610612739,CLE,74,34.9,4.8,8.0,0.6,0.0,0.0,0.0,3.3,5.1,0.633,3.5,6.4,9.9,1.2,0.9,0.4,2.0,12.9,18.3,1996-97
137,74,Vernon Maxwell,1610612759,SAS,72,28.8,4.7,12.6,0.375,1.6,5.2,0.309,1.9,2.5,0.744,0.4,1.8,2.2,2.1,1.2,0.3,1.7,12.9,8.5,1996-97
913,75,Larry Johnson,1610612752,NYK,76,34.4,4.9,9.7,0.512,0.4,1.4,0.324,2.5,3.6,0.693,2.2,3.0,5.2,2.3,0.8,0.5,1.8,12.8,14.0,1996-97
124,76,Vlade Divac,1610612766,CHH,81,35.1,5.2,10.5,0.494,0.1,0.6,0.234,2.2,3.2,0.683,3.0,6.0,9.0,3.7,1.3,2.2,2.4,12.6,20.1,1996-97
178,77,Olden Polynice,1610612758,SAC,82,35.2,5.4,11.8,0.457,0.0,0.1,0.0,1.7,3.1,0.562,3.3,6.1,9.4,2.2,0.6,1.0,2.0,12.5,15.9,1996-97
219,78,Vinny Del Negro,1610612759,SAS,72,31.1,5.1,10.8,0.467,0.6,1.9,0.314,1.6,1.8,0.868,0.5,2.4,2.9,3.2,0.8,0.1,1.3,12.3,12.1,1996-97
702,79,Voshon Lenard,1610612748,MIA,73,28.9,4.3,9.4,0.459,2.5,6.1,0.414,1.2,1.4,0.819,0.5,2.5,3.0,2.2,0.7,0.2,1.5,12.3,11.6,1996-97
221,80,Clar. Weatherspoon,1610612755,PHI,82,36.0,4.9,9.9,0.491,0.0,0.1,0.167,2.5,3.4,0.738,2.7,5.6,8.3,1.7,0.9,1.0,1.7,12.2,16.6,1996-97
53,81,Mario Elie,1610612745,HOU,78,34.5,3.7,7.5,0.497,1.5,3.7,0.42,2.7,3.0,0.896,0.8,2.2,3.0,4.0,1.2,0.2,1.7,11.7,14.2,1996-97
722,82,Corliss Williamson,1610612758,SAC,79,25.1,4.7,9.4,0.498,0.0,0.0,0.0,2.2,3.2,0.689,1.8,2.4,4.1,1.6,0.8,0.6,2.0,11.6,10.9,1996-97
899,83,Mark Price,1610612744,GSW,70,26.8,3.8,8.4,0.447,1.6,4.0,0.396,2.2,2.4,0.906,0.5,2.0,2.6,4.9,1.0,0.0,2.3,11.3,12.6,1996-97
788,84,Kevin Willis,1610612745,HOU,75,26.2,4.7,9.7,0.481,0.0,0.2,0.143,1.9,2.7,0.693,1.9,5.5,7.5,0.9,0.6,0.4,1.6,11.2,13.2,1996-97
64,85,Sam Perkins,1610612760,SEA,81,24.4,3.6,8.2,0.439,1.5,3.8,0.395,2.3,2.8,0.817,0.9,2.8,3.7,1.3,0.9,0.6,1.0,11.0,11.4,1996-97
239,86,Darrick Martin,1610612746,LAC,82,22.2,3.6,8.8,0.407,1.1,2.9,0.389,2.7,3.0,0.872,0.3,1.1,1.4,4.1,0.7,0.0,1.5,10.9,10.0,1996-97
371,87,Terry Mills,1610612765,DET,79,25.3,3.9,8.9,0.444,2.2,5.3,0.422,0.7,0.9,0.829,0.9,3.9,4.8,1.3,0.4,0.3,1.1,10.8,11.5,1996-97
891,88,Charles Oakley,1610612752,NYK,80,35.9,4.2,8.7,0.488,0.1,0.2,0.263,2.3,2.8,0.808,3.1,6.7,9.8,2.8,1.4,0.3,2.1,10.8,17.9,1996-97
935,89,Bryon Russell,1610612762,UTA,81,31.3,3.7,7.7,0.479,1.3,3.3,0.409,2.1,3.0,0.701,1.0,3.1,4.1,1.5,1.6,0.3,1.2,10.8,12.3,1996-97
718,90,Gary Trent,1610612757,POR,82,23.4,4.4,8.2,0.536,0.0,0.1,0.0,2.0,2.8,0.699,1.9,3.3,5.2,1.1,0.6,0.4,1.6,10.8,11.8,1996-97
49,91,Gheorghe Muresan,1610612764,WAS,73,25.2,4.5,7.4,0.604,0.0,0.0,0.0,1.7,2.7,0.618,1.9,4.7,6.6,0.4,0.6,1.3,1.6,10.6,14.0,1996-97
198,92,Danny Ferry,1610612739,CLE,82,32.1,4.2,9.7,0.429,1.4,3.5,0.401,0.9,1.1,0.851,1.0,3.1,4.1,1.8,0.7,0.4,1.1,10.6,10.8,1996-97
786,93,Gerald Wilkins,1610612753,ORL,80,27.6,4.0,9.5,0.426,0.8,2.5,0.325,1.7,2.4,0.716,0.7,1.4,2.2,2.2,0.7,0.2,1.5,10.6,8.1,1996-97
384,94,Calbert Cheaney,1610612764,WAS,79,30.6,4.7,9.2,0.505,0.1,0.4,0.133,1.2,1.7,0.693,0.9,2.5,3.4,1.4,1.0,0.2,1.2,10.6,10.3,1996-97
422,95,Avery Johnson,1610612759,SAS,76,32.5,4.3,9.0,0.477,0.1,0.3,0.231,1.8,2.7,0.69,0.4,1.5,1.9,6.8,1.3,0.2,1.9,10.5,13.2,1996-97
213,96,Antonio Davis,1610612754,IND,82,28.5,3.8,7.8,0.48,0.0,0.2,0.071,2.9,4.4,0.666,2.3,5.0,7.3,0.8,0.5,1.0,1.7,10.5,12.8,1996-97
905,97,Dale Davis,1610612754,IND,80,32.4,4.6,8.6,0.538,0.0,0.0,0.0,1.2,2.7,0.428,3.8,5.9,9.7,0.7,0.8,1.0,1.4,10.4,15.6,1996-97
157,98,Derek Harper,1610612742,DAL,75,29.3,4.0,9.0,0.444,0.8,2.3,0.341,1.3,1.7,0.742,0.4,1.4,1.8,4.3,1.2,0.2,1.8,10.0,10.3,1996-97
145,99,Tracy Murray,1610612764,WAS,82,22.2,3.5,8.3,0.425,1.3,3.7,0.353,1.6,2.0,0.839,1.0,2.1,3.1,1.0,0.8,0.2,1.0,10.0,9.0,1996-97
696,100,Travis Best,1610612754,IND,76,27.2,3.6,8.2,0.442,0.8,2.0,0.368,2.0,2.6,0.756,0.5,1.7,2.2,4.2,1.3,0.1,2.0,9.9,10.4,1996-97
349,101,Mark Jackson,1610612754,IND,82,37.2,3.5,8.3,0.426,0.8,2.2,0.371,2.0,2.6,0.789,1.1,3.7,4.8,11.4,1.2,0.1,3.3,9.9,18.8,1996-97
428,102,Sherman Douglas,1610612749,MIL,79,29.3,3.9,7.7,0.502,0.5,1.4,0.333,1.4,2.2,0.667,0.7,1.7,2.4,5.4,1.0,0.1,1.9,9.7,12.1,1996-97
1134,103,Ike Austin,1610612748,MIA,82,22.9,3.9,7.8,0.502,0.0,0.0,0.0,1.8,2.8,0.664,1.7,4.2,5.8,1.2,0.5,0.5,2.0,9.7,11.0,1996-97
895,104,Tyrone Corbin,1610612737,ATL,70,33.0,3.6,8.6,0.422,1.1,3.0,0.356,1.2,1.5,0.796,1.1,3.1,4.2,1.8,1.3,0.1,1.2,9.5,10.4,1996-97
136,105,P.J. Brown,1610612748,MIA,80,32.4,3.8,8.2,0.457,0.0,0.0,0.0,2.0,2.8,0.732,3.0,5.4,8.4,1.2,1.1,1.2,1.4,9.5,14.7,1996-97
1074,106,Matt Maloney,1610612745,HOU,82,29.1,3.3,7.5,0.441,1.9,4.6,0.404,0.9,1.1,0.763,0.2,1.7,2.0,3.7,1.0,0.0,1.5,9.4,10.1,1996-97
417,107,Sam Mitchell,1610612750,MIN,82,25.0,3.3,7.4,0.446,0.0,0.3,0.16,2.7,3.6,0.759,1.4,2.6,4.0,1.0,0.6,0.2,1.1,9.3,9.1,1996-97
682,108,Bob Sura,1610612739,CLE,82,27.7,3.1,7.2,0.431,0.6,2.0,0.323,2.4,3.9,0.614,0.9,2.8,3.8,4.8,1.1,0.4,2.2,9.2,11.4,1996-97
271,109,Johnny Newman,1610612749,MIL,82,25.1,3.0,6.7,0.45,0.4,1.2,0.347,2.3,3.0,0.765,0.8,1.5,2.3,1.4,0.9,0.2,1.4,8.7,7.7,1996-97
288,110,Armen Gilliam,1610612749,MIL,80,25.7,3.1,6.5,0.471,0.0,0.0,0.0,2.5,3.2,0.768,1.7,4.5,6.2,0.7,0.8,0.5,1.3,8.6,11.3,1996-97
400,111,Derek Strong,1610612753,ORL,82,24.5,3.2,7.1,0.447,0.0,0.2,0.0,2.1,2.7,0.803,2.1,4.2,6.3,0.9,0.6,0.2,1.2,8.5,10.8,1996-97
707,112,Mark Davis,1610612755,PHI,75,22.8,3.3,7.1,0.469,0.3,1.2,0.258,1.5,2.2,0.673,1.8,2.5,4.3,1.8,1.1,0.4,1.6,8.5,10.1,1996-97
70,113,Steve Kerr,1610612741,CHI,82,22.7,3.0,5.7,0.533,1.3,2.9,0.464,0.7,0.8,0.806,0.4,1.2,1.6,2.1,0.8,0.0,0.5,8.1,9.3,1996-97
61,114,Carl Herrera,1610612759,SAS,75,24.4,3.4,7.9,0.433,0.0,0.1,0.333,1.1,1.6,0.686,1.6,3.0,4.5,0.7,0.8,0.7,1.3,8.0,8.5,1996-97
461,115,Popeye Jones,1610612761,TOR,79,30.7,3.3,6.8,0.48,0.0,0.2,0.077,1.3,1.5,0.818,3.4,5.2,8.6,1.1,0.7,0.5,1.5,7.8,13.4,1996-97
55,116,Marty Conlon,1610612738,BOS,74,21.8,2.9,6.1,0.471,0.0,0.1,0.2,1.9,2.3,0.842,1.7,2.6,4.4,1.4,0.6,0.2,1.5,7.8,9.3,1996-97
448,117,Bo Outlaw,1610612746,LAC,82,26.8,3.1,5.1,0.609,0.0,0.1,0.0,1.4,2.8,0.504,2.1,3.4,5.5,1.9,1.1,1.7,1.3,7.6,13.3,1996-97
977,118,Kobe Bryant,1610612747,LAL,71,15.5,2.5,5.9,0.417,0.7,1.9,0.375,1.9,2.3,0.819,0.7,1.2,1.9,1.3,0.7,0.3,1.6,7.6,6.3,1996-97
441,119,Lamond Murray,1610612746,LAC,74,17.5,2.4,5.9,0.416,0.4,1.2,0.341,2.1,2.9,0.739,1.1,2.0,3.1,0.8,0.7,0.4,1.2,7.4,7.1,1996-97
156,120,Antoine Carr,1610612762,UTA,82,17.8,3.1,6.4,0.483,0.0,0.0,0.0,1.2,1.5,0.78,0.7,1.6,2.4,0.9,0.3,0.8,0.9,7.4,7.1,1996-97
679,121,Jason Caffey,1610612741,CHI,75,18.8,2.7,5.1,0.532,0.0,0.0,0.0,1.9,2.8,0.659,1.8,2.2,4.0,1.2,0.3,0.1,1.3,7.3,8.3,1996-97
953,122,Lorenzen Wright,1610612746,LAC,77,25.2,3.1,6.4,0.481,0.0,0.1,0.25,1.1,1.9,0.587,2.7,3.4,6.1,0.6,0.6,0.8,1.0,7.3,10.3,1996-97
731,123,Greg Ostertag,1610612762,UTA,77,23.6,2.7,5.3,0.515,0.0,0.1,0.0,1.8,2.7,0.678,2.3,5.0,7.3,0.4,0.3,2.0,1.0,7.3,12.8,1996-97
724,124,Cory Alexander,1610612759,SAS,80,18.1,2.4,6.1,0.396,1.2,3.2,0.373,1.2,1.6,0.736,0.4,1.2,1.5,3.2,1.0,0.2,1.8,7.2,7.2,1996-97
920,125,A.C. Green,1610612742,DAL,83,30.0,2.8,5.8,0.483,0.0,0.2,0.05,1.5,2.4,0.65,2.7,5.2,7.9,0.8,0.8,0.2,0.9,7.2,12.2,1996-97
763,126,Tony Massenburg,1610612751,NJN,79,24.7,2.8,5.7,0.485,0.0,0.0,0.0,1.6,2.6,0.631,2.8,3.7,6.5,0.3,0.5,0.6,1.2,7.2,10.1,1996-97
216,127,Brian Shaw,1610612753,ORL,77,24.3,2.5,6.7,0.366,0.8,2.5,0.325,1.4,1.8,0.793,0.6,1.9,2.5,4.1,0.9,0.3,2.2,7.2,8.2,1996-97
911,128,Ervin Johnson,1610612743,DEN,82,31.7,3.0,5.7,0.52,0.0,0.0,0.0,1.2,1.9,0.615,2.8,8.3,11.1,0.9,0.8,2.8,1.4,7.1,17.8,1996-97
721,129,Tyus Edney,1610612758,SAC,70,19.6,2.1,5.6,0.384,0.1,0.6,0.19,2.5,3.1,0.823,0.5,1.1,1.6,3.2,0.9,0.0,1.6,6.9,7.1,1996-97
345,130,Terry Porter,1610612750,MIN,82,19.2,2.3,5.5,0.416,0.8,2.4,0.335,1.5,2.0,0.765,0.4,1.8,2.1,3.6,0.7,0.1,1.6,6.9,8.2,1996-97
386,131,Elliot Perry,1610612749,MIL,82,19.5,2.6,5.6,0.474,0.6,1.7,0.358,1.0,1.3,0.745,0.3,1.2,1.5,3.0,1.2,0.0,1.4,6.9,8.0,1996-97
760,132,Jerome Kersey,1610612747,LAL,70,25.2,2.8,6.4,0.432,0.2,0.9,0.262,1.0,1.7,0.602,1.6,3.6,5.2,1.3,1.7,0.7,1.1,6.8,10.3,1996-97
2,133,Byron Scott,1610612747,LAL,79,18.2,2.1,4.8,0.43,0.9,2.4,0.388,1.6,1.9,0.841,0.3,1.2,1.5,1.3,0.6,0.2,0.7,6.7,6.5,1996-97
63,135,Michael Smith,1610612758,SAC,81,31.1,2.5,4.6,0.539,0.0,0.0,0.0,1.6,3.2,0.496,3.2,6.3,9.5,2.4,1.0,0.7,1.6,6.6,14.8,1996-97
143,136,Terry Dehere,1610612746,LAC,73,14.4,2.0,5.2,0.386,0.7,2.2,0.325,1.7,2.0,0.824,0.2,1.1,1.3,2.2,0.4,0.0,1.3,6.4,5.4,1996-97
166,137,Ron Harper,1610612741,CHI,76,22.9,2.3,5.3,0.436,0.9,2.5,0.362,0.8,1.1,0.707,0.6,1.9,2.5,2.5,1.1,0.5,0.7,6.3,9.0,1996-97
433,138,Buck Williams,1610612752,NYK,74,20.3,2.4,4.4,0.537,0.0,0.0,0.0,1.6,2.4,0.642,2.2,3.1,5.4,0.7,0.5,0.5,1.1,6.3,9.4,1996-97
67,139,Tom Hammonds,1610612743,DEN,81,21.7,2.4,4.9,0.48,0.0,0.0,0.0,1.5,2.1,0.721,1.7,3.3,5.0,0.8,0.2,0.3,1.1,6.2,8.2,1996-97
958,140,Vitaly Potapenko,1610612739,CLE,80,15.5,2.3,5.3,0.44,0.0,0.0,0.5,1.2,1.6,0.736,1.3,1.4,2.7,0.5,0.3,0.4,1.4,5.8,5.0,1996-97
689,141,Theo Ratliff,1610612765,DET,76,17.0,2.4,4.4,0.531,0.0,0.0,0.0,1.1,1.5,0.698,1.4,1.9,3.4,0.2,0.4,1.5,0.7,5.8,7.9,1996-97
695,142,Eldridge Recasner,1610612737,ATL,71,16.9,2.1,4.9,0.423,0.8,2.0,0.414,0.7,0.8,0.879,0.5,1.1,1.6,1.3,0.5,0.1,0.9,5.7,5.4,1996-97
692,143,Andrew DeClercq,1610612744,GSW,71,14.9,2.0,3.8,0.52,0.0,0.0,0.0,1.3,2.1,0.603,1.7,2.5,4.2,0.5,0.5,0.4,1.1,5.3,7.0,1996-97
43,144,Chris Whitney,1610612764,WAS,82,13.6,1.7,4.0,0.421,0.7,2.0,0.356,1.1,1.4,0.832,0.2,1.1,1.3,2.2,0.6,0.0,0.8,5.2,6.0,1996-97
243,145,Aaron McKie,1610612765,DET,83,19.6,1.8,4.4,0.411,0.5,1.2,0.398,1.1,1.3,0.836,0.5,2.2,2.7,1.9,0.9,0.3,1.1,5.2,7.1,1996-97
369,146,Charlie Ward,1610612752,NYK,79,22.3,1.7,4.3,0.395,0.6,1.9,0.312,1.2,1.6,0.76,0.6,2.2,2.8,4.1,1.1,0.2,1.9,5.2,8.5,1996-97
956,147,Erick Dampier,1610612754,IND,72,14.6,1.8,4.7,0.39,0.0,0.0,1.0,1.5,2.3,0.637,1.3,2.8,4.1,0.6,0.3,1.0,1.2,5.1,6.2,1996-97
195,148,Lee Mayberry,1610612763,VAN,80,24.5,1.9,4.6,0.403,1.0,2.8,0.376,0.4,0.6,0.63,0.4,1.3,1.7,4.1,0.8,0.1,1.1,5.1,7.7,1996-97
280,149,Felton Spencer,1610612744,GSW,73,21.4,1.9,3.9,0.489,0.0,0.0,0.0,1.3,2.2,0.584,2.2,3.5,5.7,0.3,0.5,0.7,1.2,5.1,8.1,1996-97
1114,150,Jaren Jackson,1610612764,WAS,75,15.1,1.8,4.4,0.407,0.7,2.1,0.335,0.7,0.9,0.768,0.4,1.3,1.8,0.9,0.6,0.2,0.8,5.0,4.8,1996-97
173,151,Keith Askins,1610612748,MIA,78,22.7,1.8,4.1,0.433,0.9,2.2,0.401,0.5,0.7,0.672,1.1,2.4,3.5,1.0,0.7,0.2,0.8,4.9,7.0,1996-97
969,152,Travis Knight,1610612747,LAL,71,16.3,2.0,3.9,0.509,0.0,0.0,0.0,0.9,1.4,0.62,1.8,2.7,4.5,0.5,0.4,0.8,0.7,4.8,8.0,1996-97
753,153,Randy Brown,1610612741,CHI,72,14.7,1.9,4.6,0.42,0.1,0.3,0.182,0.8,1.2,0.679,0.5,1.1,1.5,1.8,1.1,0.2,0.8,4.7,5.6,1996-97
672,154,Matt Bullard,1610612745,HOU,71,14.4,1.6,4.0,0.401,0.9,2.6,0.366,0.4,0.5,0.735,0.2,1.5,1.6,0.9,0.3,0.3,0.5,4.5,4.6,1996-97
458,155,Howard Eisley,1610612762,UTA,82,13.2,1.7,3.8,0.451,0.2,0.9,0.278,0.9,1.1,0.787,0.2,0.8,1.0,2.4,0.5,0.1,1.3,4.5,5.0,1996-97
376,156,Eric Montross,1610612751,NJN,78,23.4,2.0,4.5,0.456,0.0,0.0,0.0,0.3,0.8,0.339,2.3,4.3,6.6,0.8,0.3,0.9,1.0,4.3,9.0,1996-97
356,157,Chris Morris,1610612762,UTA,73,13.4,1.7,4.1,0.408,0.4,1.5,0.274,0.5,0.7,0.722,0.5,1.7,2.2,0.6,0.4,0.3,0.6,4.3,4.6,1996-97
1125,158,Larry Stewart,1610612760,SEA,70,14.0,1.6,3.6,0.444,0.1,0.5,0.243,1.0,1.3,0.72,1.1,1.4,2.4,0.7,0.4,0.3,0.9,4.3,5.0,1996-97
957,159,Todd Fuller,1610612744,GSW,75,12.6,1.5,3.5,0.429,0.0,0.0,0.0,1.0,1.5,0.691,1.4,1.9,3.3,0.3,0.1,0.3,0.7,4.1,4.9,1996-97
265,160,Harvey Grant,1610612764,WAS,78,20.6,1.7,4.0,0.411,0.4,1.1,0.315,0.4,0.5,0.769,0.8,2.5,3.3,0.9,0.6,0.6,0.4,4.1,6.5,1996-97
246,161,Greg Anderson,1610612759,SAS,82,20.3,1.6,3.2,0.496,0.0,0.0,0.0,0.8,1.1,0.667,1.9,3.5,5.5,0.4,0.8,0.8,0.9,3.9,8.5,1996-97
688,162,Michael Curry,1610612765,DET,81,15.0,1.2,2.7,0.448,0.3,1.0,0.299,1.2,1.3,0.898,0.3,1.2,1.5,0.5,0.4,0.1,0.3,3.9,4.5,1996-97
201,163,Chris Dudley,1610612757,POR,81,22.7,1.6,3.6,0.43,0.0,0.0,0.0,0.8,1.7,0.474,2.5,4.8,7.3,0.5,0.5,1.2,1.0,3.9,9.5,1996-97
965,164,Derek Fisher,1610612747,LAL,80,11.5,1.3,3.3,0.397,0.3,0.9,0.301,1.0,1.5,0.658,0.3,0.9,1.2,1.5,0.5,0.1,0.9,3.9,3.8,1996-97
29,165,Jim McIlvaine,1610612760,SEA,82,18.1,1.6,3.4,0.471,0.0,0.1,0.143,0.6,1.3,0.495,1.6,2.4,4.0,0.3,0.5,2.0,0.8,3.8,7.4,1996-97
323,166,Greg Foster,1610612762,UTA,79,11.6,1.4,3.1,0.453,0.0,0.0,0.667,0.7,0.8,0.831,0.7,1.7,2.4,0.4,0.1,0.3,0.7,3.5,4.1,1996-97
685,167,Cherokee Parks,1610612750,MIN,76,12.7,1.4,2.7,0.51,0.0,0.0,0.0,0.6,1.0,0.605,1.1,1.5,2.6,0.4,0.5,0.6,0.4,3.3,5.4,1996-97
770,168,Mark West,1610612739,CLE,70,13.7,1.4,2.6,0.556,0.0,0.0,0.0,0.4,0.8,0.482,1.0,1.7,2.7,0.3,0.2,0.8,0.7,3.2,4.8,1996-97
706,169,Jerome Allen,1610612743,DEN,76,12.4,1.0,2.9,0.353,0.4,1.2,0.323,0.6,0.9,0.583,0.3,1.0,1.3,2.0,0.4,0.1,0.9,3.0,3.6,1996-97
359,170,Chucky Brown,1610612749,MIL,70,10.8,1.1,2.2,0.506,0.0,0.1,0.167,0.7,1.0,0.671,0.6,1.5,2.1,0.4,0.1,0.3,0.3,2.9,4.2,1996-97
1136,171,Brett Szabo,1610612738,BOS,70,9.5,0.8,1.7,0.446,0.0,0.0,0.0,0.6,0.9,0.738,0.8,1.6,2.4,0.2,0.2,0.5,0.6,2.2,3.7,1996-97
262,172,Michael Cage,1610612755,PHI,82,15.1,0.8,1.7,0.468,0.0,0.0,0.0,0.2,0.5,0.463,1.4,2.5,3.9,0.5,0.6,0.5,0.2,1.8,6.0,1996-97
146,173,Jud Buechler,1610612741,CHI,76,9.2,0.8,2.1,0.367,0.2,0.7,0.333,0.1,0.2,0.357,0.6,1.1,1.7,0.8,0.3,0.3,0.4,1.8,3.1,1996-97
1096,174,Ivano Newbill,1610612737,ATL,72,11.8,0.6,1.3,0.44,0.0,0.0,0.0,0.3,0.7,0.385,1.1,1.8,2.8,0.3,0.4,0.2,0.6,1.4,3.4,1996-97
406,1,Shaquille O'Neal,1610612747,LAL,79,40.0,12.1,21.1,0.574,0.0,0.0,0.0,5.5,10.4,0.524,4.3,9.4,13.6,3.8,0.5,3.0,2.8,29.7,33.8,1999-00
947,2,Allen Iverson,1610612755,PHI,70,40.8,10.4,24.8,0.421,1.3,3.7,0.341,6.3,8.9,0.713,1.0,2.8,3.8,4.7,2.1,0.1,3.3,28.4,18.9,1999-00
255,3,Grant Hill,1610612765,DET,74,37.5,9.4,19.2,0.489,0.5,1.3,0.347,6.5,8.2,0.795,1.3,5.3,6.6,5.2,1.4,0.6,3.2,25.8,24.8,1999-00
1713,4,Vince Carter,1610612761,TOR,82,38.1,9.6,20.7,0.465,1.2,2.9,0.403,5.3,6.7,0.791,1.8,4.0,5.8,3.9,1.3,1.1,2.2,25.7,23.2,1999-00
252,5,Karl Malone,1610612762,UTA,82,35.9,9.2,18.0,0.509,0.0,0.1,0.25,7.2,9.0,0.797,2.1,7.4,9.5,3.7,1.0,0.9,2.8,25.5,27.1,1999-00
185,6,Chris Webber,1610612758,SAC,75,38.4,10.0,20.6,0.483,0.4,1.3,0.284,4.1,5.5,0.751,2.5,8.0,10.5,4.6,1.6,1.7,2.9,24.5,27.9,1999-00
56,7,Gary Payton,1610612760,SEA,82,41.8,9.1,20.3,0.448,2.2,6.3,0.34,3.8,5.2,0.735,1.2,5.2,6.5,8.9,1.9,0.2,2.7,24.2,26.3,1999-00
711,8,Jerry Stackhouse,1610612765,DET,82,38.4,7.5,17.6,0.428,1.0,3.5,0.288,7.5,9.2,0.815,1.4,2.4,3.8,4.5,1.3,0.4,3.8,23.6,18.0,1999-00
1495,9,Tim Duncan,1610612759,SAS,74,38.9,8.5,17.3,0.49,0.0,0.1,0.091,6.2,8.1,0.761,3.5,8.9,12.4,3.2,0.9,2.2,3.3,23.2,27.8,1999-00
708,10,Kevin Garnett,1610612750,MIN,81,40.0,9.4,18.8,0.497,0.4,1.0,0.37,3.8,5.0,0.765,2.8,9.0,11.8,5.0,1.5,1.6,3.3,22.9,28.8,1999-00
714,11,Michael Finley,1610612742,DAL,82,42.2,9.1,20.0,0.457,1.2,3.0,0.401,3.2,3.9,0.82,1.5,4.8,6.3,5.3,1.3,0.4,2.4,22.6,22.1,1999-00
977,12,Kobe Bryant,1610612747,LAL,66,38.2,8.4,17.9,0.468,0.7,2.2,0.319,5.0,6.1,0.821,1.6,4.7,6.3,4.9,1.6,0.9,2.8,22.5,22.9,1999-00
950,13,Stephon Marbury,1610612751,NJN,74,38.9,7.7,17.8,0.432,0.9,3.1,0.283,5.9,7.2,0.813,0.8,2.4,3.2,8.4,1.5,0.2,3.6,22.2,20.4,1999-00
951,14,Ray Allen,1610612749,MIL,82,37.4,7.8,17.2,0.455,2.1,5.0,0.423,4.3,4.9,0.887,1.0,3.4,4.4,3.8,1.3,0.2,2.2,22.1,19.6,1999-00
297,15,Alonzo Mourning,1610612748,MIA,79,34.8,8.3,15.0,0.551,0.0,0.1,0.0,5.2,7.4,0.711,2.7,6.8,9.5,1.6,0.5,3.7,2.7,21.7,25.5,1999-00
299,16,Glenn Robinson,1610612749,MIL,81,35.9,8.5,18.0,0.472,1.1,2.9,0.363,2.8,3.5,0.802,1.3,4.7,6.0,2.4,1.0,0.5,2.8,20.9,17.8,1999-00
952,17,Antoine Walker,1610612738,BOS,82,36.6,7.9,18.4,0.43,0.9,3.5,0.256,3.8,5.4,0.699,2.4,5.5,8.0,3.7,1.4,0.4,3.2,20.5,18.7,1999-00
949,18,Shareef Abdur-Rahim,1610612763,VAN,82,39.3,7.2,15.6,0.465,0.4,1.2,0.302,5.4,6.7,0.809,2.7,7.4,10.1,3.3,1.1,1.1,3.0,20.3,23.1,1999-00
1882,19,Elton Brand,1610612741,CHI,81,37.0,7.8,16.1,0.482,0.0,0.0,0.0,4.5,6.6,0.685,4.3,5.7,10.0,1.9,0.8,1.6,2.8,20.1,21.2,1999-00
224,20,Eddie Jones,1610612766,CHH,72,39.0,6.6,15.5,0.427,1.8,4.7,0.375,5.0,5.8,0.864,1.1,3.6,4.8,4.2,2.7,0.7,2.2,20.1,20.5,1999-00
275,21,Allan Houston,1610612752,NYK,82,38.6,7.5,15.5,0.483,1.3,3.0,0.436,3.4,4.1,0.838,0.5,2.8,3.3,2.7,0.8,0.2,2.3,19.7,15.7,1999-00
1718,22,Paul Pierce,1610612738,BOS,73,35.4,6.7,15.1,0.442,1.3,3.8,0.343,4.9,6.2,0.798,1.1,4.3,5.4,3.0,2.1,0.8,2.4,19.5,18.8,1999-00
1496,23,Keith Van Horn,1610612751,NJN,80,34.8,7.0,15.7,0.445,1.1,2.9,0.368,4.2,4.9,0.847,2.5,6.0,8.5,2.0,0.8,0.8,3.1,19.2,18.6,1999-00
686,24,Antonio McDyess,1610612743,DEN,81,33.3,7.6,15.0,0.507,0.0,0.0,0.0,4.0,6.4,0.626,2.9,5.6,8.5,2.0,0.9,1.7,2.8,19.1,19.5,1999-00
208,25,Sam Cassell,1610612749,MIL,81,35.8,6.7,14.4,0.466,0.3,1.1,0.289,4.8,5.5,0.876,0.9,2.9,3.7,9.0,1.3,0.1,3.3,18.6,21.0,1999-00
84,26,Latrell Sprewell,1610612752,NYK,82,40.0,6.9,15.9,0.435,0.5,1.5,0.346,4.2,4.8,0.866,0.6,3.7,4.3,4.0,1.3,0.3,2.8,18.6,16.1,1999-00
361,27,Clifford Robinson,1610612756,PHX,80,35.5,6.6,14.3,0.464,1.5,4.1,0.37,3.7,4.8,0.782,1.3,3.2,4.5,2.8,1.1,0.8,2.1,18.5,16.9,1999-00
1722,28,Michael Dickerson,1610612763,VAN,82,37.8,6.8,15.5,0.436,1.5,3.5,0.409,3.3,4.0,0.83,1.0,2.5,3.4,2.5,1.4,0.5,2.0,18.2,14.7,1999-00
147,29,Jalen Rose,1610612754,IND,80,37.2,7.0,15.0,0.471,1.0,2.5,0.393,3.2,3.8,0.827,0.5,4.3,4.8,4.0,1.1,0.6,2.4,18.2,17.8,1999-00
397,30,Reggie Miller,1610612754,IND,81,36.9,5.8,12.9,0.448,2.0,5.0,0.408,4.6,5.0,0.919,0.6,2.3,3.0,2.3,1.0,0.3,1.6,18.1,15.7,1999-00
1883,31,Steve Francis,1610612745,HOU,77,36.1,6.5,14.5,0.445,1.4,4.0,0.345,3.7,4.7,0.786,2.0,3.3,5.3,6.6,1.5,0.4,4.0,18.0,18.8,1999-00
431,32,Shawn Kemp,1610612739,CLE,82,30.4,5.9,14.1,0.417,0.0,0.1,0.333,6.0,7.7,0.776,2.8,6.0,8.8,1.7,1.2,1.2,3.5,17.8,17.2,1999-00
764,33,David Robinson,1610612759,SAS,80,32.0,6.6,12.9,0.512,0.0,0.0,0.0,4.6,6.4,0.726,2.4,7.2,9.6,1.8,1.2,2.3,2.1,17.8,22.7,1999-00
1717,34,Dirk Nowitzki,1610612742,DAL,82,35.8,6.3,13.6,0.461,1.4,3.7,0.379,3.5,4.2,0.83,1.2,5.2,6.5,2.5,0.8,0.8,1.7,17.5,18.3,1999-00
469,35,Jamal Mashburn,1610612748,MIA,76,37.2,6.8,15.2,0.445,1.5,3.7,0.403,2.4,3.1,0.778,0.8,4.2,5.0,3.9,1.0,0.2,2.4,17.5,16.1,1999-00
782,36,Mitch Richmond,1610612764,WAS,74,32.4,6.0,14.2,0.426,1.3,3.3,0.386,4.0,4.6,0.876,0.5,2.4,2.9,2.5,1.5,0.2,2.1,17.4,13.6,1999-00
210,37,Terrell Brandon,1610612750,MIN,71,36.4,6.8,14.7,0.466,0.7,1.9,0.402,2.6,2.9,0.899,0.6,2.7,3.4,8.9,1.9,0.4,2.6,17.1,20.9,1999-00
934,38,Derrick Coleman,1610612766,CHH,74,31.7,6.0,13.2,0.456,0.7,1.9,0.362,4.0,5.1,0.785,1.7,6.9,8.5,2.4,0.5,1.8,2.3,16.7,19.2,1999-00
754,39,Jim Jackson,1610612737,ATL,79,35.0,6.4,15.6,0.411,1.5,3.8,0.386,2.4,2.7,0.877,1.3,3.7,5.0,2.9,0.7,0.1,2.3,16.7,13.5,1999-00
452,40,Vin Baker,1610612760,SEA,79,36.1,6.5,14.3,0.455,0.0,0.1,0.25,3.6,5.2,0.682,2.9,4.8,7.7,1.9,0.6,0.8,2.7,16.6,15.4,1999-00
1885,41,Lamar Odom,1610612746,LAC,76,36.4,5.9,13.5,0.438,0.8,2.2,0.36,4.0,5.5,0.719,2.1,5.7,7.8,4.2,1.2,1.3,3.4,16.6,18.5,1999-00
739,42,Rasheed Wallace,1610612757,POR,81,35.1,6.7,12.9,0.519,0.1,0.6,0.16,2.9,4.1,0.704,1.6,5.4,7.0,1.8,1.1,1.3,1.9,16.4,18.1,1999-00
353,43,Darrell Armstrong,1610612753,ORL,82,31.6,5.9,13.6,0.433,1.7,4.9,0.34,2.7,3.0,0.911,0.8,2.5,3.3,6.1,2.1,0.1,3.0,16.2,16.8,1999-00
89,44,Nick Van Exel,1610612743,DEN,79,37.3,6.0,15.4,0.39,1.7,5.1,0.332,2.5,3.0,0.817,0.4,3.5,3.9,9.0,0.9,0.1,2.8,16.1,17.4,1999-00
779,45,Glen Rice,1610612747,LAL,80,31.6,5.3,12.3,0.43,1.1,2.9,0.367,4.3,5.0,0.874,0.7,3.4,4.1,2.2,0.6,0.2,1.4,15.9,13.9,1999-00
441,46,Lamond Murray,1610612739,CLE,74,32.0,6.2,13.8,0.451,0.7,1.9,0.367,2.8,3.6,0.761,1.7,4.0,5.7,1.8,1.4,0.5,2.5,15.9,14.4,1999-00
1749,47,Cuttino Mobley,1610612745,HOU,81,30.8,5.4,12.5,0.43,1.3,3.6,0.356,3.7,4.4,0.847,0.7,2.8,3.6,2.6,1.1,0.4,2.3,15.8,13.2,1999-00
1503,48,Tracy McGrady,1610612761,TOR,79,31.2,5.8,12.9,0.451,0.2,0.8,0.277,3.5,5.0,0.707,2.4,4.0,6.3,3.3,1.1,1.9,2.0,15.4,17.5,1999-00
1716,49,Larry Hughes,1610612744,GSW,82,28.3,5.6,14.0,0.4,0.4,1.5,0.232,3.4,4.6,0.74,1.4,2.9,4.3,2.5,1.4,0.3,2.4,15.0,11.5,1999-00
120,50,Steven Smith,1610612757,POR,82,32.8,5.1,11.0,0.467,1.2,2.9,0.398,3.5,4.1,0.85,1.5,2.3,3.8,2.5,0.9,0.4,1.4,14.9,14.6,1999-00
436,51,Juwan Howard,1610612764,WAS,82,35.5,6.2,13.5,0.459,0.0,0.1,0.0,2.5,3.4,0.735,1.6,4.1,5.7,3.0,0.8,0.3,2.7,14.9,13.8,1999-00
1710,52,Mike Bibby,1610612763,VAN,82,38.5,5.6,12.6,0.445,0.9,2.6,0.363,2.4,3.0,0.78,0.9,2.8,3.7,8.1,1.6,0.2,3.0,14.5,17.5,1999-00
935,53,Bryon Russell,1610612762,UTA,82,35.4,5.0,11.1,0.446,1.3,3.3,0.396,2.9,3.9,0.75,1.2,4.0,5.2,1.9,1.6,0.3,1.2,14.1,14.7,1999-00
72,54,Kenny Anderson,1610612738,BOS,82,31.6,5.3,12.0,0.44,1.0,2.7,0.386,2.4,3.1,0.775,0.7,2.1,2.7,5.1,1.7,0.1,1.6,14.0,14.7,1999-00
682,55,Bob Sura,1610612739,CLE,73,30.4,4.9,11.2,0.437,1.7,4.5,0.367,2.4,3.4,0.697,0.7,3.3,3.9,3.9,1.2,0.3,2.0,13.8,13.8,1999-00
915,56,Rodney Rogers,1610612756,PHX,82,27.9,5.2,10.7,0.486,1.4,3.2,0.439,1.9,3.0,0.639,1.7,3.8,5.5,2.1,1.1,0.6,2.0,13.8,14.4,1999-00
133,57,David Wesley,1610612766,CHH,82,33.7,5.0,11.6,0.426,1.1,3.0,0.355,2.6,3.4,0.778,0.5,2.3,2.7,5.6,1.3,0.1,1.9,13.6,14.1,1999-00
1838,58,Tyrone Nesby,1610612746,LAC,73,31.7,5.0,12.5,0.398,1.3,3.8,0.335,2.1,2.6,0.791,1.1,2.6,3.8,1.7,1.0,0.4,1.4,13.3,10.7,1999-00
673,59,Alan Henderson,1610612737,ATL,82,33.8,5.2,11.3,0.461,0.0,0.1,0.1,2.7,4.1,0.671,3.2,3.7,7.0,0.9,1.0,0.7,1.7,13.2,13.6,1999-00
970,60,Othella Harrington,1610612763,VAN,82,32.6,5.1,10.1,0.506,0.0,0.0,0.0,2.9,3.6,0.792,2.4,4.5,6.9,1.2,0.4,0.7,2.6,13.1,13.9,1999-00
383,61,Kendall Gill,1610612751,NJN,76,31.0,5.2,12.6,0.414,0.3,1.0,0.256,2.4,3.4,0.71,1.1,2.6,3.7,2.8,1.8,0.5,1.2,13.1,12.4,1999-00
22,62,Rik Smits,1610612754,IND,79,23.4,5.5,11.3,0.484,0.0,0.0,0.0,2.0,2.7,0.739,1.2,3.9,5.1,1.1,0.3,1.3,1.4,12.9,12.7,1999-00
283,63,Lindsey Hunter,1610612765,DET,82,35.6,4.6,10.9,0.425,2.0,4.7,0.432,1.4,1.9,0.76,0.4,2.6,3.0,4.0,1.6,0.3,1.8,12.7,13.1,1999-00
922,64,Elden Campbell,1610612766,CHH,78,32.5,4.7,10.6,0.446,0.0,0.1,0.0,3.2,4.6,0.69,2.2,5.4,7.6,1.7,0.7,1.9,1.6,12.7,15.6,1999-00
757,65,Damon Stoudamire,1610612757,POR,78,30.4,4.9,11.5,0.432,1.0,2.7,0.377,1.6,1.9,0.841,0.8,2.3,3.1,5.2,1.0,0.0,1.9,12.5,13.1,1999-00
937,66,Scottie Pippen,1610612757,POR,82,33.5,4.7,10.5,0.451,1.0,3.2,0.327,2.0,2.7,0.717,1.4,4.9,6.3,5.0,1.4,0.5,2.5,12.5,16.5,1999-00
1711,67,Raef LaFrentz,1610612743,DEN,81,30.1,4.8,10.9,0.446,0.7,2.3,0.328,2.0,2.9,0.686,2.1,5.8,7.9,1.2,0.5,2.2,1.2,12.4,16.2,1999-00
204,68,Jeff Hornacek,1610612762,UTA,77,27.7,4.6,9.5,0.492,0.9,1.8,0.478,2.2,2.3,0.95,0.6,1.7,2.4,2.6,0.9,0.2,1.5,12.4,12.0,1999-00
57,69,Doug Christie,1610612761,TOR,73,31.0,4.3,10.5,0.407,1.4,3.8,0.36,2.5,3.0,0.843,0.9,3.0,3.9,4.4,1.4,0.6,2.0,12.4,14.0,1999-00
1715,70,Jason Williams,1610612758,SAC,81,34.1,4.5,12.0,0.373,1.8,6.2,0.287,1.6,2.1,0.753,0.3,2.6,2.8,7.3,1.4,0.1,3.7,12.3,12.3,1999-00
1000,71,Shandon Anderson,1610612745,HOU,82,32.9,4.5,9.5,0.473,1.0,2.7,0.351,2.4,3.1,0.767,1.1,3.6,4.7,2.9,1.2,0.4,2.4,12.3,13.4,1999-00
124,72,Vlade Divac,1610612758,SAC,82,29.0,4.7,9.3,0.503,0.1,0.3,0.269,2.8,4.1,0.691,2.1,5.9,8.0,3.0,1.3,1.3,2.3,12.3,17.5,1999-00
363,73,Christian Laettner,1610612765,DET,82,29.8,4.6,9.8,0.473,0.1,0.3,0.292,2.9,3.6,0.812,2.1,4.6,6.7,2.3,1.0,0.5,2.3,12.2,14.7,1999-00
304,74,John Stockton,1610612762,UTA,82,29.7,4.4,8.8,0.501,0.5,1.5,0.355,2.7,3.1,0.86,0.5,2.1,2.6,8.6,1.7,0.2,2.2,12.1,18.2,1999-00
1897,75,Metta World Peace,1610612741,CHI,72,31.1,4.3,10.5,0.407,0.8,2.7,0.314,2.6,3.9,0.674,0.9,3.4,4.3,2.8,1.7,0.5,2.3,12.0,11.5,1999-00
679,76,Jason Caffey,1610612744,GSW,71,30.4,4.5,9.5,0.479,0.0,0.0,0.0,2.9,4.9,0.597,2.7,4.1,6.8,1.7,0.9,0.3,2.4,12.0,12.3,1999-00
423,77,Chris Gatling,1610612743,DEN,85,21.3,4.3,9.4,0.455,0.2,0.8,0.257,3.1,4.4,0.713,1.8,4.1,5.9,0.8,1.0,0.3,2.0,11.9,11.5,1999-00
978,78,Peja Stojakovic,1610612758,SAC,74,23.6,4.3,9.7,0.448,1.4,3.6,0.375,1.8,2.1,0.882,1.0,2.7,3.7,1.4,0.7,0.1,1.2,11.9,11.0,1999-00
699,79,Brent Barry,1610612760,SEA,80,34.1,4.1,8.8,0.463,2.1,5.0,0.411,1.6,2.0,0.809,0.6,4.0,4.7,3.6,1.3,0.4,1.8,11.8,14.9,1999-00
1501,79,Tim Thomas,1610612749,MIL,80,26.2,4.3,9.4,0.461,0.8,2.3,0.346,2.4,3.0,0.774,1.3,2.9,4.2,1.4,0.7,0.4,1.6,11.8,11.1,1999-00
1739,81,Ruben Patterson,1610612760,SEA,81,25.9,4.4,8.2,0.536,0.1,0.3,0.444,2.7,4.0,0.692,2.7,2.7,5.4,1.6,1.2,0.5,1.8,11.6,13.4,1999-00
1887,82,Wally Szczerbiak,1610612750,MIN,73,29.7,4.7,9.2,0.511,0.4,1.1,0.359,1.8,2.2,0.826,1.2,2.5,3.7,2.8,0.8,0.3,1.1,11.6,13.2,1999-00
193,83,Anthony Mason,1610612766,CHH,82,38.2,3.9,8.1,0.48,0.0,0.0,0.0,3.8,5.1,0.746,1.8,6.8,8.5,4.5,0.9,0.4,2.0,11.6,18.4,1999-00
213,84,Antonio Davis,1610612761,TOR,79,31.4,4.0,9.0,0.44,0.0,0.0,0.0,3.6,4.7,0.765,3.0,5.8,8.8,1.3,0.5,1.3,1.5,11.5,15.7,1999-00
87,85,Dikembe Mutombo,1610612737,ATL,82,36.4,3.9,7.0,0.562,0.0,0.0,0.0,3.6,5.1,0.708,3.7,10.4,14.1,1.3,0.3,3.3,2.1,11.5,23.8,1999-00
907,86,Malik Sealy,1610612750,MIN,82,29.2,4.5,9.5,0.476,0.1,0.4,0.286,2.2,2.7,0.812,1.5,2.8,4.3,2.4,0.9,0.2,1.3,11.3,12.4,1999-00
302,87,Mookie Blaylock,1610612744,GSW,73,33.7,4.5,11.5,0.391,1.4,4.1,0.336,0.9,1.3,0.705,0.8,2.9,3.7,6.7,2.0,0.3,2.0,11.3,14.6,1999-00
422,88,Avery Johnson,1610612759,SAS,82,31.4,4.9,10.4,0.473,0.0,0.1,0.111,1.4,1.9,0.735,0.4,1.5,1.9,6.0,0.9,0.2,1.7,11.2,12.6,1999-00
1889,89,Andre Miller,1610612739,CLE,82,25.5,4.1,9.2,0.449,0.1,0.6,0.204,2.8,3.6,0.774,1.0,2.4,3.4,5.8,1.0,0.2,2.0,11.1,13.7,1999-00
1005,90,Walt Williams,1610612745,HOU,76,24.5,4.1,9.0,0.458,1.3,3.4,0.391,1.3,1.6,0.821,0.9,3.1,4.0,2.1,0.6,0.6,1.5,10.9,11.6,1999-00
98,91,Nick Anderson,1610612758,SAC,72,29.1,4.3,10.9,0.391,1.8,5.5,0.332,0.5,1.1,0.487,1.2,3.6,4.7,1.7,1.3,0.2,1.3,10.8,10.3,1999-00
913,92,Larry Johnson,1610612752,NYK,70,32.6,4.0,9.3,0.433,0.8,2.5,0.333,1.8,2.4,0.766,1.2,4.2,5.4,2.5,0.6,0.1,1.3,10.7,12.2,1999-00
680,93,John Amaechi,1610612753,ORL,80,21.1,3.8,8.8,0.437,0.0,0.1,0.167,2.8,3.6,0.766,0.8,2.6,3.3,1.2,0.4,0.5,1.7,10.5,8.4,1999-00
722,94,Corliss Williamson,1610612758,SAC,76,22.5,4.1,8.2,0.5,0.0,0.0,0.0,2.1,2.8,0.769,1.6,2.2,3.8,1.1,0.5,0.3,1.4,10.3,9.8,1999-00
1506,95,Austin Croshere,1610612754,IND,81,23.3,3.6,8.1,0.441,0.8,2.1,0.362,2.4,2.9,0.848,1.7,4.7,6.4,1.1,0.5,0.7,1.5,10.3,12.6,1999-00
145,96,Tracy Murray,1610612764,WAS,80,22.9,3.6,8.4,0.433,1.4,3.3,0.43,1.5,1.8,0.851,0.8,2.6,3.4,0.9,0.6,0.3,1.1,10.2,9.3,1999-00
45,97,George McCloud,1610612743,DEN,78,27.2,3.4,8.2,0.417,1.4,3.6,0.378,1.9,2.3,0.818,0.9,2.7,3.7,3.2,0.6,0.3,1.7,10.1,10.9,1999-00
905,98,Dale Davis,1610612754,IND,74,28.7,4.1,8.1,0.502,0.0,0.0,0.0,1.9,2.7,0.685,3.5,6.4,9.9,0.9,0.7,1.3,1.2,10.0,16.6,1999-00
271,99,Johnny Newman,1610612751,NJN,82,21.5,3.4,7.6,0.446,0.9,2.3,0.379,2.3,2.8,0.838,0.5,1.4,1.9,0.8,0.6,0.1,1.1,10.0,7.7,1999-00
693,100,Joe Smith,1610612750,MIN,78,25.3,3.7,8.0,0.464,0.0,0.0,1.0,2.5,3.3,0.756,2.4,3.8,6.2,1.1,0.6,1.1,1.5,9.9,12.3,1999-00
324,101,Anthony Peeler,1610612750,MIN,82,25.3,3.9,8.8,0.436,1.0,3.1,0.333,1.1,1.3,0.798,0.7,2.1,2.8,2.4,0.8,0.1,1.0,9.8,9.6,1999-00
1709,102,Michael Olowokandi,1610612746,LAC,80,31.2,4.1,9.5,0.437,0.0,0.0,0.0,1.5,2.4,0.651,2.4,5.8,8.2,0.5,0.4,1.8,2.2,9.8,12.3,1999-00
248,103,George Lynch,1610612755,PHI,75,32.2,4.0,8.6,0.461,0.2,0.5,0.417,1.5,2.4,0.617,2.9,4.9,7.8,1.8,1.6,0.5,1.6,9.6,14.1,1999-00
136,104,P.J. Brown,1610612748,MIA,80,28.8,4.0,8.4,0.48,0.0,0.0,0.0,1.5,2.0,0.755,2.7,4.8,7.5,1.8,0.8,0.8,1.3,9.6,14.3,1999-00
1088,105,Chucky Atkins,1610612753,ORL,82,19.8,3.8,9.0,0.424,0.7,2.0,0.35,1.2,1.6,0.729,0.2,1.3,1.5,3.7,0.6,0.0,1.7,9.5,8.1,1999-00
1907,106,Vonteego Cummings,1610612744,GSW,75,23.9,3.5,8.7,0.405,0.7,2.0,0.325,1.7,2.3,0.751,0.8,1.7,2.5,3.3,1.2,0.2,1.8,9.4,9.0,1999-00
445,107,Wesley Person,1610612739,CLE,79,26.0,3.5,8.3,0.428,1.3,3.2,0.424,0.8,1.0,0.792,0.6,2.8,3.4,1.8,0.5,0.2,0.8,9.2,9.5,1999-00
958,108,Vitaly Potapenko,1610612738,BOS,79,22.7,3.9,7.8,0.499,0.0,0.0,0.0,1.4,2.0,0.681,2.3,4.0,6.3,1.0,0.5,0.4,1.8,9.2,10.9,1999-00
1888,109,Richard Hamilton,1610612764,WAS,71,19.3,3.6,8.5,0.42,0.4,1.1,0.364,1.5,1.9,0.774,0.5,1.3,1.8,1.5,0.4,0.1,1.2,9.0,6.3,1999-00
696,110,Travis Best,1610612754,IND,82,20.6,3.3,6.8,0.483,0.4,1.1,0.376,1.9,2.3,0.821,0.2,1.5,1.7,3.3,0.9,0.1,1.3,8.9,9.7,1999-00
15,111,Eric Piatkowski,1610612746,LAC,75,22.8,3.2,7.6,0.415,1.2,3.2,0.383,1.1,1.3,0.85,1.0,2.0,3.0,1.1,0.6,0.2,0.8,8.7,8.1,1999-00
42,112,Monty Williams,1610612753,ORL,75,20.0,3.5,7.2,0.489,0.0,0.1,0.4,1.6,2.2,0.741,1.3,2.1,3.3,1.4,0.6,0.2,1.5,8.7,8.6,1999-00
458,113,Howard Eisley,1610612762,UTA,82,25.6,3.4,8.2,0.418,0.7,2.0,0.368,1.0,1.2,0.824,0.3,1.8,2.1,4.2,0.7,0.1,1.6,8.6,9.1,1999-00
1721,114,Keon Clark,1610612743,DEN,81,22.8,3.5,6.5,0.542,0.0,0.1,0.125,1.5,2.2,0.688,2.0,4.2,6.2,0.9,0.6,1.4,1.5,8.6,12.4,1999-00
762,115,Shawn Bradley,1610612742,DAL,77,24.7,3.5,7.2,0.479,0.0,0.1,0.2,1.5,1.9,0.765,2.1,4.4,6.5,0.8,0.9,2.5,1.0,8.4,13.9,1999-00
966,116,Jerome Williams,1610612765,DET,82,25.6,3.1,5.6,0.564,0.0,0.0,0.0,2.1,3.5,0.616,3.4,6.2,9.6,0.8,1.2,0.3,1.3,8.4,15.2,1999-00
1894,117,Corey Maggette,1610612753,ORL,77,17.8,2.9,6.1,0.478,0.0,0.1,0.182,2.5,3.4,0.751,1.6,2.3,3.9,0.8,0.3,0.3,1.8,8.4,7.9,1999-00
1903,118,Kenny Thomas,1610612745,HOU,72,25.0,2.9,7.4,0.399,0.4,1.7,0.262,1.9,2.9,0.66,2.0,4.0,6.1,1.6,0.8,0.3,1.6,8.3,10.0,1999-00
1727,119,Pat Garrity,1610612753,ORL,82,18.0,3.1,7.1,0.441,1.0,2.4,0.401,1.0,1.4,0.721,0.5,2.0,2.6,0.7,0.4,0.2,1.0,8.2,6.7,1999-00
1740,120,Rashard Lewis,1610612760,SEA,82,19.2,3.4,6.9,0.486,0.5,1.5,0.333,1.0,1.5,0.683,1.5,2.5,4.1,0.9,0.8,0.4,1.0,8.2,9.4,1999-00
1899,121,James Posey,1610612743,DEN,81,25.3,2.8,6.6,0.429,1.0,2.7,0.373,1.5,1.9,0.8,1.0,2.9,3.9,1.8,1.2,0.4,1.2,8.2,10.2,1999-00
349,122,Mark Jackson,1610612754,IND,81,27.0,3.0,7.0,0.432,1.1,2.7,0.403,1.0,1.2,0.806,0.8,2.9,3.7,8.0,0.9,0.1,2.1,8.1,14.5,1999-00
1891,123,Jason Terry,1610612737,ATL,81,23.3,3.1,7.4,0.415,0.6,1.9,0.293,1.4,1.7,0.807,0.3,1.8,2.0,4.3,1.1,0.1,1.9,8.1,9.1,1999-00
902,124,Bimbo Coles,1610612737,ATL,80,24.1,3.5,7.6,0.455,0.1,0.5,0.205,1.1,1.3,0.817,0.4,1.8,2.2,3.6,0.7,0.1,1.3,8.1,9.0,1999-00
270,125,Horace Grant,1610612760,SEA,76,35.4,3.5,7.9,0.444,0.0,0.1,0.0,1.1,1.5,0.721,2.2,5.6,7.8,2.5,0.7,0.8,0.8,8.1,14.2,1999-00
703,126,Kurt Thomas,1610612752,NYK,80,24.6,3.4,6.7,0.505,0.0,0.0,0.333,1.3,1.6,0.781,1.8,4.5,6.3,1.0,0.6,0.5,1.3,8.0,11.5,1999-00
243,127,Aaron McKie,1610612755,PHI,82,23.8,3.0,7.2,0.411,0.5,1.5,0.364,1.5,1.8,0.829,0.6,2.4,3.0,2.9,1.3,0.2,1.4,8.0,9.5,1999-00
727,128,Eric Snow,1610612755,PHI,82,35.0,3.1,7.3,0.43,0.1,0.5,0.244,1.5,2.2,0.712,0.5,2.7,3.2,7.6,1.7,0.1,2.0,7.9,13.8,1999-00
43,129,Chris Whitney,1610612764,WAS,82,19.8,2.6,6.4,0.417,1.2,3.1,0.376,1.4,1.6,0.848,0.2,1.4,1.6,3.8,0.7,0.1,1.3,7.8,8.8,1999-00
788,130,Kevin Willis,1610612761,TOR,79,21.3,3.0,7.2,0.415,0.0,0.0,0.333,1.7,2.1,0.799,2.5,3.6,6.1,0.6,0.5,0.6,1.2,7.6,9.6,1999-00
1425,131,Aaron Williams,1610612764,WAS,81,19.1,2.9,5.6,0.522,0.0,0.0,0.0,1.8,2.5,0.726,2.0,3.1,5.0,0.7,0.5,1.1,1.0,7.6,10.7,1999-00
53,132,Mario Elie,1610612759,SAS,79,28.1,2.5,5.8,0.427,0.9,2.4,0.398,1.6,1.9,0.846,0.6,2.5,3.2,2.4,0.9,0.1,1.6,7.5,8.8,1999-00
96,133,Detlef Schrempf,1610612757,POR,77,21.6,2.4,5.6,0.432,0.3,0.7,0.404,2.3,2.8,0.833,1.0,3.3,4.3,2.6,0.5,0.2,1.3,7.5,10.1,1999-00
93,134,Hubert Davis,1610612742,DAL,79,23.0,2.7,5.9,0.468,1.0,2.1,0.491,0.8,1.0,0.87,0.2,1.5,1.7,1.8,0.3,0.0,0.9,7.4,7.1,1999-00
369,135,Charlie Ward,1610612752,NYK,72,27.6,2.6,6.2,0.423,1.4,3.7,0.386,0.7,0.8,0.828,0.3,2.9,3.2,4.2,1.3,0.2,1.4,7.3,11.1,1999-00
221,136,Clar. Weatherspoon,1610612748,MIA,78,20.7,2.8,5.4,0.513,0.0,0.0,0.0,1.7,2.3,0.738,1.6,4.1,5.8,1.2,0.7,0.6,1.3,7.2,11.0,1999-00
344,137,Dana Barros,1610612738,BOS,72,15.8,2.7,6.0,0.451,0.8,2.0,0.41,0.9,1.1,0.868,0.2,1.2,1.4,1.8,0.4,0.1,0.9,7.2,6.5,1999-00
1751,138,Jahidi White,1610612764,WAS,80,19.2,2.9,5.6,0.507,0.0,0.0,0.0,1.4,2.6,0.536,2.5,4.4,6.9,0.2,0.4,1.0,1.2,7.1,10.5,1999-00
1720,139,Michael Doleac,1610612753,ORL,81,16.5,3.0,6.6,0.452,0.0,0.0,0.5,1.0,1.2,0.842,1.1,3.0,4.1,0.8,0.4,0.4,0.8,7.0,8.0,1999-00
166,140,Ron Harper,1610612747,LAL,80,25.5,2.7,6.6,0.399,0.4,1.3,0.311,1.3,1.8,0.68,1.2,3.0,4.2,3.4,1.1,0.5,1.7,7.0,9.9,1999-00
891,141,Charles Oakley,1610612761,TOR,80,30.4,2.9,7.0,0.418,0.2,0.5,0.341,0.8,1.1,0.776,1.5,5.3,6.8,3.2,1.3,0.6,1.9,6.9,12.4,1999-00
1559,142,Adrian Griffin,1610612738,BOS,72,26.8,2.4,5.7,0.424,0.2,0.8,0.281,1.7,2.2,0.753,1.8,3.4,5.2,2.5,1.6,0.2,1.3,6.7,11.0,1999-00
990,143,Malik Rose,1610612759,SAS,74,18.1,2.4,5.2,0.457,0.0,0.0,0.333,1.9,2.7,0.722,1.8,2.7,4.5,0.6,0.5,0.7,1.3,6.7,8.1,1999-00
371,144,Terry Mills,1610612765,DET,82,22.5,2.6,6.0,0.439,1.2,3.0,0.393,0.3,0.4,0.735,0.6,4.1,4.8,1.0,0.5,0.3,0.6,6.7,9.2,1999-00
446,145,Lucious Harris,1610612751,NJN,77,19.6,2.6,6.0,0.428,0.5,1.5,0.33,1.0,1.3,0.798,0.7,1.7,2.4,1.3,0.8,0.1,0.5,6.7,7.1,1999-00
692,146,Andrew DeClercq,1610612739,CLE,82,22.3,2.7,5.4,0.508,0.0,0.0,0.0,1.1,2.0,0.588,1.9,3.5,5.4,0.7,0.8,0.8,1.3,6.6,9.5,1999-00
64,147,Sam Perkins,1610612754,IND,81,20.0,2.3,5.4,0.417,1.1,2.7,0.408,1.0,1.2,0.825,0.8,2.8,3.6,0.8,0.4,0.4,0.8,6.6,7.7,1999-00
1499,148,Tony Battie,1610612738,BOS,82,18.4,2.7,5.6,0.477,0.0,0.1,0.125,1.2,1.8,0.675,1.9,3.1,5.0,0.8,0.6,0.9,0.8,6.6,9.5,1999-00
296,149,Rick Fox,1610612747,LAL,82,18.0,2.5,6.1,0.414,0.7,2.2,0.326,0.8,1.0,0.808,0.8,1.6,2.4,1.7,0.6,0.3,1.1,6.5,6.8,1999-00
1444,150,Lawrence Funderburke,1610612758,SAC,75,13.7,2.5,4.7,0.523,0.0,0.0,0.0,1.5,2.2,0.706,1.3,1.8,3.1,0.4,0.4,0.3,0.5,6.4,7.3,1999-00
1114,151,Jaren Jackson,1610612759,SAS,81,20.9,2.3,6.0,0.381,1.3,3.8,0.353,0.4,0.6,0.647,0.4,1.8,2.2,1.5,0.7,0.1,0.8,6.3,6.0,1999-00
1853,152,Anthony Carter,1610612748,MIA,79,23.5,2.5,6.4,0.395,0.0,0.3,0.13,1.2,1.6,0.75,0.6,1.9,2.5,4.8,1.2,0.1,2.2,6.3,8.4,1999-00
965,153,Derek Fisher,1610612747,LAL,78,23.1,2.1,6.2,0.346,0.7,2.1,0.313,1.3,1.9,0.724,0.3,1.6,1.8,2.8,1.0,0.0,1.0,6.3,6.4,1999-00
1108,154,Tony Farmer,1610612744,GSW,74,16.2,1.7,4.2,0.407,0.1,0.6,0.182,2.7,3.6,0.766,1.6,2.4,4.0,1.0,0.9,0.2,1.1,6.3,7.9,1999-00
26,155,Luc Longley,1610612756,PHX,72,19.7,2.6,5.5,0.466,0.0,0.0,0.0,1.1,1.3,0.825,1.4,3.1,4.5,1.1,0.3,0.6,1.9,6.3,7.6,1999-00
21,156,Greg Anthony,1610612757,POR,82,18.9,2.1,5.1,0.406,1.1,2.8,0.378,1.1,1.4,0.772,0.2,1.4,1.6,2.5,0.7,0.1,1.0,6.3,6.9,1999-00
688,157,Michael Curry,1610612765,DET,82,19.6,2.2,4.6,0.48,0.0,0.1,0.2,1.7,2.0,0.839,0.3,1.0,1.3,1.1,0.4,0.1,0.9,6.2,5.3,1999-00
197,158,Scott Burrell,1610612751,NJN,74,18.1,2.2,5.7,0.394,1.1,3.1,0.353,0.5,0.7,0.78,0.9,2.6,3.5,1.0,0.9,0.6,0.5,6.1,7.9,1999-00
1512,159,Chris Anstey,1610612741,CHI,73,13.8,2.2,5.0,0.442,0.0,0.1,0.167,1.6,2.0,0.789,1.2,2.6,3.8,0.9,0.4,0.3,1.1,6.0,7.2,1999-00
448,160,Bo Outlaw,1610612753,ORL,82,28.4,2.5,4.1,0.602,0.0,0.0,0.0,1.0,2.0,0.506,2.5,3.9,6.4,3.0,1.4,1.8,1.6,6.0,14.3,1999-00
953,161,Lorenzen Wright,1610612737,ATL,75,16.1,2.4,4.8,0.499,0.0,0.0,0.333,1.2,1.8,0.644,1.6,2.5,4.1,0.3,0.4,0.5,0.9,6.0,7.3,1999-00
1884,162,Baron Davis,1610612766,CHH,82,18.6,2.2,5.3,0.42,0.3,1.4,0.225,1.2,1.9,0.634,0.6,1.4,2.0,3.8,1.2,0.2,1.7,5.9,7.7,1999-00
1724,163,Bryce Drew,1610612745,HOU,72,18.0,2.2,5.7,0.383,0.8,2.3,0.362,0.6,0.7,0.849,0.3,1.1,1.4,2.3,0.6,0.0,0.9,5.8,5.5,1999-00
1725,164,Rasho Nesterovic,1610612750,MIN,82,21.0,2.5,5.3,0.476,0.0,0.0,0.0,0.7,1.3,0.573,1.6,3.0,4.6,1.1,0.3,1.0,0.9,5.7,8.6,1999-00
109,165,Robert Horry,1610612747,LAL,76,22.2,2.1,4.8,0.438,0.4,1.2,0.309,1.2,1.5,0.788,1.8,3.0,4.8,1.6,1.1,1.1,1.0,5.7,10.2,1999-00
994,166,Jamie Feick,1610612751,NJN,81,27.7,2.2,5.2,0.428,0.0,0.0,1.0,1.2,1.6,0.707,3.3,6.1,9.3,0.8,0.5,0.5,0.7,5.7,12.6,1999-00
239,167,Darrick Martin,1610612758,SAC,71,12.6,1.9,4.9,0.38,0.5,1.7,0.306,1.4,1.7,0.824,0.1,0.5,0.6,1.7,0.4,0.0,0.9,5.7,4.2,1999-00
95,168,Mark Bryant,1610612739,CLE,75,22.8,2.3,4.6,0.503,0.0,0.0,0.0,1.0,1.3,0.809,1.7,3.0,4.7,0.8,0.4,0.4,1.2,5.7,8.3,1999-00
1502,169,Adonal Foyle,1610612744,GSW,76,21.8,2.5,5.0,0.508,0.0,0.0,0.0,0.4,1.2,0.378,2.3,3.3,5.6,0.6,0.3,1.8,0.9,5.5,9.7,1999-00
1513,170,Scot Pollard,1610612758,SAC,76,17.6,2.0,3.7,0.527,0.0,0.0,0.0,1.5,2.1,0.717,2.2,3.1,5.3,0.6,0.7,0.8,0.7,5.4,9.8,1999-00
178,171,Olden Polynice,1610612762,UTA,82,22.2,2.5,4.9,0.51,0.0,0.0,0.5,0.3,1.1,0.311,2.0,3.5,5.5,0.5,0.4,1.0,0.9,5.3,8.7,1999-00
164,172,Chris Childs,1610612752,NYK,71,23.6,2.1,5.0,0.409,0.5,1.5,0.356,0.7,0.8,0.797,0.2,1.8,2.1,4.0,0.5,0.1,1.5,5.3,7.3,1999-00
177,173,Muggsy Bogues,1610612761,TOR,80,21.6,2.0,4.5,0.439,0.2,0.6,0.333,1.0,1.1,0.908,0.3,1.4,1.7,3.7,0.8,0.1,0.7,5.1,8.1,1999-00
955,174,Samaki Walker,1610612759,SAS,71,13.8,1.9,4.3,0.449,0.0,0.0,0.0,1.2,1.8,0.683,1.1,2.7,3.8,0.5,0.1,0.5,0.9,5.1,6.2,1999-00
1517,175,Bobby Jackson,1610612750,MIN,73,14.2,1.9,4.7,0.405,0.2,0.6,0.283,1.0,1.3,0.776,0.7,1.4,2.1,2.4,0.7,0.1,0.8,5.1,6.3,1999-00
920,176,A.C. Green,1610612747,LAL,82,23.5,2.1,4.7,0.447,0.0,0.0,0.25,0.8,1.2,0.695,2.0,4.0,5.9,1.0,0.6,0.2,0.6,5.0,9.2,1999-00
988,177,Randy Livingston,1610612756,PHX,79,13.7,2.0,4.7,0.416,0.2,0.7,0.345,0.7,0.8,0.839,0.3,1.3,1.6,2.2,0.6,0.2,1.2,4.8,5.4,1999-00
1112,178,Ben Wallace,1610612753,ORL,81,24.2,2.1,4.1,0.503,0.0,0.0,0.0,0.7,1.4,0.474,2.6,5.6,8.2,0.8,0.9,1.6,0.8,4.8,12.7,1999-00
911,179,Ervin Johnson,1610612749,MIL,80,26.6,1.8,3.5,0.516,0.0,0.0,0.0,1.2,2.0,0.605,2.9,5.2,8.1,0.6,1.0,1.6,1.0,4.8,12.6,1999-00
330,180,Danny Manning,1610612749,MIL,72,16.9,2.1,4.7,0.44,0.0,0.1,0.25,0.5,0.7,0.654,0.7,2.2,2.9,1.0,0.9,0.4,0.8,4.6,6.1,1999-00
731,181,Greg Ostertag,1610612762,UTA,81,19.8,1.5,3.3,0.464,0.0,0.0,0.0,1.5,2.3,0.636,2.1,3.8,6.0,0.2,0.2,2.1,1.0,4.5,9.5,1999-00
760,182,Jerome Kersey,1610612759,SAS,72,18.2,2.0,4.9,0.412,0.0,0.1,0.0,0.4,0.6,0.707,0.8,2.3,3.1,1.0,0.9,0.7,0.7,4.5,6.4,1999-00
399,183,Sean Rooks,1610612742,DAL,71,14.1,1.7,4.0,0.431,0.0,0.0,0.0,0.9,1.3,0.73,1.2,2.3,3.5,1.0,0.4,0.7,1.0,4.4,6.4,1999-00
216,184,Brian Shaw,1610612747,LAL,74,16.9,1.7,4.4,0.382,0.2,0.8,0.31,0.6,0.7,0.759,0.6,2.3,2.9,2.7,0.5,0.2,1.0,4.1,6.5,1999-00
979,185,Jermaine O'Neal,1610612757,POR,70,12.3,1.5,3.2,0.486,0.0,0.0,0.0,0.8,1.4,0.582,1.4,1.9,3.3,0.3,0.2,0.8,0.7,3.9,5.5,1999-00
1900,186,Quincy Lewis,1610612762,UTA,74,12.1,1.5,4.0,0.372,0.3,0.9,0.365,0.5,0.7,0.731,0.6,0.9,1.5,0.5,0.3,0.2,0.6,3.8,3.1,1999-00
1521,187,Jacque Vaughn,1610612762,UTA,78,11.3,1.4,3.4,0.416,0.2,0.4,0.412,0.7,1.0,0.75,0.1,0.7,0.8,1.6,0.4,0.0,1.0,3.7,3.3,1999-00
1913,188,Michael Ruffin,1610612741,CHI,71,13.7,0.8,1.9,0.42,0.0,0.0,0.0,0.6,1.2,0.489,1.6,1.9,3.5,0.6,0.4,0.4,0.8,2.2,4.5,1999-00
1503,1,Tracy McGrady,1610612753,ORL,67,39.9,9.7,23.4,0.417,2.6,7.7,0.339,5.9,7.5,0.796,1.4,4.6,6.0,5.5,1.4,0.6,2.7,28.0,23.7,2003-04
978,2,Peja Stojakovic,1610612758,SAC,81,40.3,8.2,17.1,0.48,3.0,6.8,0.433,4.9,5.2,0.927,1.1,5.1,6.3,2.1,1.3,0.2,1.9,24.2,23.0,2003-04
708,3,Kevin Garnett,1610612750,MIN,82,39.4,9.8,19.6,0.499,0.1,0.5,0.256,4.5,5.7,0.791,3.0,10.9,13.9,5.0,1.5,2.2,2.6,24.2,33.1,2003-04
977,4,Kobe Bryant,1610612747,LAL,65,37.7,7.9,18.1,0.438,1.1,3.3,0.327,7.0,8.2,0.852,1.6,3.9,5.5,5.1,1.7,0.4,2.6,24.0,22.7,2003-04
1718,5,Paul Pierce,1610612738,BOS,80,38.8,7.5,18.7,0.402,1.4,4.8,0.299,6.5,7.9,0.819,0.9,5.7,6.5,5.1,1.6,0.7,3.8,23.0,20.5,2003-04
1884,6,Baron Davis,1610612740,NOH,67,40.1,8.3,20.9,0.395,2.8,8.7,0.321,3.5,5.3,0.673,1.0,3.3,4.3,7.5,2.4,0.4,3.2,22.9,19.8,2003-04
1713,7,Vince Carter,1610612761,TOR,73,38.2,8.3,20.0,0.417,1.3,3.3,0.383,4.6,5.7,0.806,1.3,3.5,4.8,4.8,1.2,0.9,3.1,22.5,18.4,2003-04
1495,8,Tim Duncan,1610612759,SAS,69,36.6,8.6,17.1,0.501,0.0,0.2,0.167,5.1,8.5,0.599,3.3,9.2,12.4,3.1,0.9,2.7,2.7,22.3,26.8,2003-04
1717,9,Dirk Nowitzki,1610612742,DAL,77,37.8,7.9,17.0,0.462,1.3,3.8,0.341,4.8,5.5,0.877,1.2,7.5,8.7,2.7,1.2,1.4,1.8,21.8,24.2,2003-04
2072,10,Michael Redd,1610612749,MIL,82,36.8,7.7,17.5,0.44,1.5,4.4,0.35,4.7,5.4,0.868,1.4,3.5,5.0,2.3,1.0,0.1,1.4,21.7,18.0,2003-04
406,11,Shaquille O'Neal,1610612747,LAL,67,36.8,8.3,14.1,0.584,0.0,0.0,0.0,4.9,10.1,0.49,3.7,7.8,11.5,2.9,0.5,2.5,2.9,21.5,24.9,2003-04
2546,12,Carmelo Anthony,1610612743,DEN,82,36.5,7.6,17.9,0.426,0.8,2.6,0.322,5.0,6.4,0.777,2.2,3.8,6.1,2.8,1.2,0.5,3.0,21.0,16.9,2003-04
2544,13,LeBron James,1610612739,CLE,79,39.5,7.9,18.9,0.417,0.8,2.7,0.29,4.4,5.8,0.754,1.3,4.2,5.5,5.9,1.6,0.7,3.5,20.9,18.8,2003-04
1894,14,Corey Maggette,1610612746,LAC,73,36.0,6.2,13.9,0.447,1.0,3.2,0.329,7.2,8.5,0.848,1.3,4.6,5.9,3.1,0.9,0.2,2.8,20.7,18.9,2003-04
950,15,Stephon Marbury,1610612752,NYK,81,40.2,7.4,17.1,0.431,1.1,3.4,0.318,4.4,5.4,0.817,0.7,2.5,3.2,8.9,1.6,0.1,3.1,20.2,20.3,2003-04
979,16,Jermaine O'Neal,1610612754,IND,78,35.8,7.8,17.9,0.434,0.0,0.2,0.111,4.5,5.9,0.757,2.5,7.5,10.0,2.1,0.8,2.6,2.3,20.1,21.6,2003-04
2216,17,Zach Randolph,1610612757,POR,81,37.9,8.2,16.9,0.485,0.0,0.1,0.2,3.7,4.9,0.761,3.0,7.5,10.5,2.0,0.8,0.5,3.0,20.1,21.0,2003-04
208,18,Sam Cassell,1610612750,MIN,81,35.0,7.7,15.7,0.488,0.9,2.3,0.398,3.6,4.1,0.873,0.5,2.8,3.3,7.3,1.3,0.2,2.7,19.8,20.7,2003-04
1890,19,Shawn Marion,1610612756,PHX,79,40.7,7.5,17.0,0.44,1.1,3.4,0.34,2.9,3.4,0.851,2.7,6.6,9.3,2.7,2.1,1.3,2.0,19.0,22.4,2003-04
2202,20,Jason Richardson,1610612744,GSW,78,37.7,7.2,16.5,0.438,1.0,3.5,0.282,3.3,4.8,0.684,1.6,5.1,6.7,2.9,1.1,0.5,2.5,18.7,16.7,2003-04
714,21,Michael Finley,1610612742,DAL,72,38.6,7.1,16.1,0.443,2.1,5.1,0.405,2.3,2.7,0.85,1.1,3.4,4.5,2.9,1.2,0.5,1.2,18.6,17.3,2003-04
2210,22,Richard Jefferson,1610612751,NJN,82,38.2,6.8,13.6,0.498,0.6,1.6,0.364,4.4,5.7,0.763,1.3,4.3,5.7,3.8,1.1,0.3,2.4,18.5,18.8,2003-04
1710,23,Mike Bibby,1610612758,SAC,82,36.3,6.4,14.3,0.45,1.8,4.6,0.392,3.7,4.5,0.815,0.8,2.6,3.4,5.4,1.4,0.2,2.1,18.4,17.9,2003-04
1897,24,Metta World Peace,1610612754,IND,73,37.2,6.4,15.2,0.421,1.0,3.3,0.31,4.4,6.0,0.733,1.4,3.9,5.3,3.7,2.1,0.7,2.8,18.3,16.8,2003-04
1536,25,Stephen Jackson,1610612737,ATL,80,36.8,6.7,15.8,0.425,1.8,5.3,0.34,2.9,3.7,0.785,1.2,3.4,4.6,3.1,1.8,0.3,2.8,18.1,15.2,2003-04
1740,26,Rashard Lewis,1610612760,SEA,80,36.7,6.7,15.4,0.435,1.8,4.8,0.376,2.6,3.4,0.763,1.7,4.8,6.5,2.2,1.2,0.7,1.7,17.8,17.2,2003-04
2200,27,Pau Gasol,1610612763,MEM,78,31.5,6.5,13.4,0.482,0.1,0.2,0.267,4.7,6.6,0.714,2.6,5.1,7.7,2.5,0.6,1.7,2.4,17.7,19.0,2003-04
1888,28,Richard Hamilton,1610612765,DET,78,35.6,6.8,14.9,0.455,0.2,0.9,0.265,3.8,4.4,0.868,1.0,2.6,3.6,4.0,1.3,0.2,2.7,17.6,15.3,2003-04
2397,29,Yao Ming,1610612745,HOU,82,32.8,6.5,12.5,0.522,0.0,0.0,0.0,4.4,5.4,0.809,2.4,6.6,9.0,1.5,0.3,1.9,2.5,17.5,20.6,2003-04
224,30,Eddie Jones,1610612748,MIA,81,37.0,5.8,14.3,0.409,2.2,5.9,0.37,3.4,4.1,0.835,0.5,3.3,3.8,3.2,1.1,0.4,1.6,17.3,15.1,2003-04
2037,31,Jamal Crawford,1610612741,CHI,80,35.1,6.4,16.5,0.386,2.1,6.5,0.317,2.5,3.0,0.833,0.6,3.0,3.5,5.1,1.4,0.4,2.4,17.3,14.6,2003-04
1885,32,Lamar Odom,1610612748,MIA,80,37.5,6.1,14.1,0.43,0.8,2.6,0.298,4.3,5.7,0.742,2.0,7.7,9.7,4.1,1.1,0.9,3.0,17.1,20.4,2003-04
436,33,Juwan Howard,1610612753,ORL,81,35.5,6.5,14.4,0.453,0.0,0.0,0.0,3.9,4.9,0.809,2.1,4.9,7.0,2.0,0.7,0.3,2.2,17.0,15.9,2003-04
1497,34,Chauncey Billups,1610612765,DET,78,35.4,5.0,12.8,0.394,1.7,4.3,0.388,5.2,5.9,0.878,0.4,3.1,3.5,5.7,1.1,0.1,2.4,16.9,16.4,2003-04
1891,35,Jason Terry,1610612737,ATL,81,37.2,6.2,14.8,0.417,1.8,5.2,0.347,2.7,3.2,0.827,0.6,3.5,4.1,5.4,1.5,0.2,2.8,16.8,16.1,2003-04
84,36,Latrell Sprewell,1610612750,MIN,82,37.8,6.3,15.4,0.409,1.2,3.6,0.331,2.9,3.6,0.814,0.7,3.1,3.8,3.5,1.1,0.3,1.9,16.8,13.6,2003-04
2207,37,Joe Johnson,1610612756,PHX,82,40.6,6.8,15.7,0.43,1.0,3.3,0.305,2.1,2.8,0.75,1.0,3.7,4.7,4.4,1.1,0.3,2.4,16.7,15.1,2003-04
1883,38,Steve Francis,1610612745,HOU,79,40.4,5.7,14.1,0.403,0.9,3.2,0.292,4.3,5.5,0.775,1.5,4.0,5.5,6.2,1.8,0.4,3.7,16.6,17.1,2003-04
1905,39,Andrei Kirilenko,1610612762,UTA,78,37.1,5.3,11.9,0.443,0.9,2.6,0.338,5.0,6.4,0.79,2.9,5.2,8.1,3.1,1.9,2.8,2.8,16.5,21.6,2003-04
949,40,Shareef Abdur-Rahim,1610612757,POR,85,31.6,5.9,12.4,0.475,0.1,0.4,0.265,4.4,5.0,0.869,2.2,5.3,7.5,2.0,0.8,0.4,2.2,16.3,17.8,2003-04
1496,41,Keith Van Horn,1610612749,MIL,72,32.6,5.7,12.5,0.454,1.3,3.2,0.399,3.5,4.0,0.859,2.1,4.9,7.0,1.7,0.9,0.5,2.3,16.1,16.4,2003-04
1749,42,Cuttino Mobley,1610612745,HOU,80,40.4,5.8,13.5,0.426,2.1,5.3,0.39,2.2,2.7,0.811,0.5,4.0,4.5,3.2,1.3,0.4,2.3,15.8,14.7,2003-04
2430,43,Carlos Boozer,1610612739,CLE,75,34.6,6.3,12.0,0.523,0.0,0.1,0.167,2.9,3.8,0.768,3.1,8.4,11.4,2.0,1.0,0.7,1.8,15.5,22.2,2003-04
980,44,Zydrunas Ilgauskas,1610612739,CLE,81,31.3,5.8,11.9,0.483,0.0,0.1,0.286,3.7,5.0,0.746,3.4,4.6,8.1,1.3,0.5,2.5,2.0,15.3,18.2,2003-04
1889,45,Andre Miller,1610612743,DEN,82,34.6,5.2,11.5,0.457,0.1,0.8,0.185,4.2,5.0,0.832,1.5,2.9,4.5,6.1,1.7,0.3,2.6,14.8,17.7,2003-04
1712,46,Antawn Jamison,1610612742,DAL,82,29.0,6.0,11.1,0.535,0.2,0.5,0.4,2.7,3.6,0.748,2.8,3.5,6.3,0.9,1.0,0.4,1.0,14.8,16.3,2003-04
923,47,Donyell Marshall,1610612761,TOR,82,36.4,5.7,12.4,0.461,1.6,4.0,0.403,1.6,2.2,0.736,2.6,7.3,9.9,1.5,1.1,1.5,1.4,14.7,20.0,2003-04
2201,48,Eddy Curry,1610612741,CHI,73,29.5,5.7,11.5,0.496,0.0,0.0,1.0,3.2,4.8,0.671,2.0,4.2,6.2,0.9,0.3,1.1,2.4,14.7,13.4,2003-04
2225,49,Tony Parker,1610612759,SAS,75,34.4,5.6,12.6,0.447,0.8,2.7,0.312,2.5,3.6,0.702,0.6,2.6,3.2,5.5,0.8,0.1,2.4,14.7,13.8,2003-04
56,50,Gary Payton,1610612747,LAL,82,34.5,5.9,12.5,0.471,0.7,2.0,0.333,2.2,3.1,0.714,0.9,3.3,4.2,5.5,1.2,0.2,1.8,14.6,16.3,2003-04
959,51,Steve Nash,1610612742,DAL,78,33.5,5.1,10.8,0.47,1.3,3.3,0.405,2.9,3.2,0.916,0.8,2.2,3.0,8.8,0.9,0.1,2.7,14.5,18.5,2003-04
1729,52,Ricky Davis,1610612738,BOS,79,31.3,5.6,12.0,0.469,0.7,1.8,0.371,2.5,3.5,0.718,1.0,3.6,4.5,3.3,1.2,0.3,2.4,14.4,14.0,2003-04
2046,53,Desmond Mason,1610612749,MIL,82,30.9,5.0,10.6,0.472,0.1,0.5,0.231,4.3,5.6,0.769,1.1,3.2,4.4,1.9,0.7,0.3,1.8,14.4,13.0,2003-04
702,54,Voshon Lenard,1610612743,DEN,73,30.6,5.4,12.8,0.422,1.5,4.0,0.367,2.0,2.5,0.791,0.6,2.1,2.7,2.1,0.8,0.2,1.4,14.2,10.7,2003-04
1802,55,Brad Miller,1610612758,SAC,72,36.4,5.2,10.2,0.51,0.2,0.5,0.316,3.6,4.6,0.778,2.7,7.7,10.3,4.3,0.9,1.2,2.0,14.1,22.9,2003-04
952,56,Antoine Walker,1610612742,DAL,82,34.6,5.9,13.8,0.428,1.0,3.7,0.269,1.3,2.3,0.554,2.4,5.9,8.3,4.5,0.8,0.8,2.5,14.0,17.1,2003-04
1899,57,James Posey,1610612763,MEM,82,29.9,4.5,9.4,0.478,1.4,3.5,0.386,3.4,4.1,0.83,1.1,3.8,4.9,1.5,1.7,0.5,1.4,13.7,15.3,2003-04
2048,58,Jamaal Magloire,1610612740,NOH,82,33.9,4.7,9.9,0.473,0.0,0.0,0.0,4.3,5.7,0.751,3.3,7.1,10.3,1.0,0.5,1.2,2.5,13.6,17.7,2003-04
1903,59,Kenny Thomas,1610612755,PHI,74,36.5,5.1,11.0,0.469,0.0,0.1,0.2,3.3,4.4,0.752,3.5,6.6,10.1,1.5,1.1,0.4,2.3,13.6,17.5,2003-04
757,60,Damon Stoudamire,1610612757,POR,82,38.0,5.0,12.4,0.401,1.9,5.2,0.365,1.5,1.8,0.876,0.6,3.1,3.8,6.1,1.2,0.1,2.2,13.4,14.7,2003-04
1733,61,Al Harrington,1610612754,IND,79,30.9,5.3,11.5,0.463,0.3,1.0,0.273,2.3,3.2,0.734,2.1,4.4,6.4,1.7,1.0,0.3,2.1,13.3,13.6,2003-04
954,62,Kerry Kittles,1610612751,NJN,82,34.7,5.3,11.7,0.453,1.2,3.4,0.351,1.3,1.7,0.787,0.7,3.3,4.0,2.5,1.5,0.5,1.2,13.1,13.7,2003-04
754,63,Jim Jackson,1610612745,HOU,80,39.0,4.8,11.3,0.424,2.0,5.1,0.4,1.3,1.6,0.843,0.7,5.4,6.1,2.8,1.1,0.3,2.2,12.9,14.3,2003-04
1938,64,Manu Ginobili,1610612759,SAS,77,29.3,4.3,10.2,0.418,1.1,3.2,0.359,3.1,3.9,0.802,1.1,3.4,4.5,3.8,1.8,0.2,2.1,12.8,14.2,2003-04
2306,65,Carlos Arroyo,1610612762,UTA,71,28.3,4.8,10.8,0.441,0.5,1.6,0.325,2.5,3.2,0.804,0.6,2.0,2.6,5.0,0.9,0.1,2.2,12.6,12.3,2003-04
2436,66,Flip Murray,1610612760,SEA,82,24.6,4.7,11.2,0.425,0.8,2.8,0.293,2.0,2.9,0.715,0.5,1.9,2.5,2.5,1.0,0.3,1.8,12.4,9.6,2003-04
956,67,Erick Dampier,1610612744,GSW,74,32.5,4.7,8.8,0.535,0.0,0.0,0.0,2.9,4.5,0.654,4.6,7.3,12.0,0.8,0.4,1.9,1.8,12.3,20.0,2003-04
1719,68,Bonzi Wells,1610612763,MEM,72,26.0,5.0,11.8,0.427,0.3,1.0,0.319,1.9,2.5,0.754,1.1,2.5,3.6,1.9,1.3,0.3,2.2,12.3,9.8,2003-04
2550,69,Kirk Hinrich,1610612741,CHI,76,35.6,4.2,10.8,0.386,1.9,4.9,0.39,1.8,2.2,0.804,0.6,2.9,3.4,6.8,1.3,0.3,2.7,12.0,14.1,2003-04
2209,70,Vladimir Radmanovic,1610612760,SEA,77,30.1,4.5,10.5,0.425,1.8,4.9,0.371,1.2,1.6,0.748,1.4,3.9,5.3,1.8,1.0,0.5,1.4,12.0,12.8,2003-04
976,71,Jeff McInnis,1610612739,CLE,70,33.8,4.8,10.7,0.447,0.7,1.8,0.362,1.6,2.0,0.797,0.5,2.0,2.5,6.1,1.0,0.1,1.7,11.8,13.6,2003-04
361,72,Clifford Robinson,1610612744,GSW,82,34.7,4.5,11.5,0.387,1.4,3.8,0.357,1.5,2.1,0.711,0.7,3.3,3.9,3.3,0.8,0.9,2.1,11.8,11.0,2003-04
2403,73,Nene,1610612743,DEN,77,32.5,4.3,8.2,0.53,0.0,0.0,0.0,3.1,4.6,0.682,2.0,4.5,6.5,2.2,1.5,0.5,2.4,11.8,14.9,2003-04
2399,74,Mike Dunleavy,1610612744,GSW,75,31.2,4.3,9.6,0.449,1.3,3.4,0.37,1.8,2.5,0.741,1.2,4.7,5.9,2.9,0.9,0.2,1.9,11.7,13.8,2003-04
2400,75,Drew Gooden,1610612753,ORL,79,27.0,4.7,10.5,0.445,0.1,0.5,0.214,2.1,3.3,0.637,2.0,4.5,6.5,1.1,0.8,0.9,1.6,11.6,12.3,2003-04
1508,76,Maurice Taylor,1610612745,HOU,75,27.8,4.9,10.2,0.48,0.0,0.0,0.0,1.7,2.3,0.736,1.7,3.4,5.1,1.4,0.6,0.6,2.0,11.5,11.3,2003-04
2547,77,Chris Bosh,1610612761,TOR,75,33.5,4.4,9.5,0.459,0.1,0.2,0.357,2.7,3.8,0.701,2.5,4.9,7.4,1.0,0.8,1.4,1.4,11.5,14.4,2003-04
2052,78,DeShawn Stevenson,1610612753,ORL,80,30.6,4.7,10.9,0.432,0.2,0.9,0.268,1.7,2.6,0.676,1.0,2.7,3.7,2.0,0.7,0.2,1.5,11.4,9.4,2003-04
1921,79,Gordan Giricek,1610612762,UTA,73,28.0,4.3,9.9,0.436,0.8,2.1,0.395,1.8,2.2,0.854,0.7,2.4,3.1,1.7,0.8,0.2,1.4,11.3,9.8,2003-04
1952,80,Raja Bell,1610612762,UTA,82,24.6,4.0,9.8,0.409,0.8,2.0,0.373,2.4,3.0,0.786,0.7,2.2,2.9,1.3,0.8,0.2,1.4,11.2,8.5,2003-04
703,81,Kurt Thomas,1610612752,NYK,80,31.9,4.9,10.4,0.473,0.0,0.0,0.0,1.3,1.6,0.835,1.8,6.5,8.3,1.9,0.7,1.0,1.7,11.1,15.6,2003-04
693,82,Joe Smith,1610612749,MIL,76,29.7,4.1,9.3,0.439,0.0,0.1,0.2,2.7,3.2,0.859,3.0,5.4,8.5,1.0,0.6,1.2,1.1,10.9,15.5,2003-04
2032,83,Darius Miles,1610612757,POR,79,26.3,4.6,9.5,0.485,0.1,0.5,0.175,1.6,2.4,0.642,1.4,3.1,4.5,2.1,0.8,0.8,1.6,10.9,11.7,2003-04
2198,84,Kwame Brown,1610612764,WAS,74,30.2,3.9,8.0,0.489,0.0,0.0,0.5,3.1,4.5,0.683,2.4,5.0,7.4,1.5,0.9,0.7,1.9,10.9,14.0,2003-04
1715,85,Jason Williams,1610612763,MEM,72,29.4,4.0,9.9,0.407,1.7,5.1,0.33,1.1,1.4,0.837,0.3,1.7,2.0,6.8,1.3,0.1,1.9,10.9,13.1,2003-04
353,86,Darrell Armstrong,1610612740,NOH,79,28.4,3.7,9.3,0.395,1.7,5.4,0.315,1.6,1.8,0.854,0.8,2.1,2.9,3.9,1.7,0.2,2.0,10.6,11.5,2003-04
1731,87,Tyronn Lue,1610612753,ORL,76,30.7,4.1,9.4,0.433,1.1,2.8,0.383,1.3,1.7,0.771,0.3,2.1,2.5,4.2,0.8,0.1,1.6,10.5,10.7,2003-04
136,88,P.J. Brown,1610612740,NOH,80,34.4,4.2,8.9,0.476,0.0,0.0,0.0,2.0,2.3,0.854,3.0,5.7,8.6,1.9,1.0,0.9,1.3,10.5,16.6,2003-04
727,89,Eric Snow,1610612755,PHI,82,36.2,3.6,8.7,0.413,0.0,0.2,0.111,3.1,3.9,0.797,0.8,2.7,3.4,6.9,1.2,0.1,2.3,10.3,13.7,2003-04
1548,90,Mark Blount,1610612738,BOS,82,29.3,4.2,7.4,0.566,0.0,0.0,0.0,1.9,2.7,0.719,2.5,4.7,7.2,0.9,1.0,1.3,1.8,10.3,14.9,2003-04
2419,91,Tayshaun Prince,1610612765,DET,82,33.0,4.1,8.8,0.467,0.7,1.9,0.363,1.3,1.7,0.766,1.1,3.6,4.8,2.3,0.8,0.8,1.5,10.3,12.4,2003-04
1863,92,Earl Boykins,1610612743,DEN,82,22.5,3.9,9.3,0.419,0.7,2.1,0.322,1.7,2.0,0.877,0.5,1.2,1.7,3.6,0.6,0.0,1.2,10.2,9.3,2003-04
1747,93,Rafer Alston,1610612748,MIA,82,31.5,3.5,9.3,0.376,2.0,5.3,0.371,1.3,1.6,0.769,0.3,2.4,2.8,4.5,1.4,0.2,1.6,10.2,11.4,2003-04
57,94,Doug Christie,1610612758,SAC,82,33.9,3.9,8.4,0.461,0.6,1.7,0.345,1.8,2.1,0.86,0.8,3.2,4.0,4.2,1.8,0.5,1.9,10.1,14.0,2003-04
677,95,Eric Williams,1610612739,CLE,71,26.5,3.3,8.4,0.386,0.5,1.8,0.276,3.0,4.0,0.76,0.9,3.1,4.0,1.7,1.0,0.1,1.2,10.0,9.5,2003-04
397,96,Reggie Miller,1610612754,IND,80,28.2,3.3,7.4,0.438,1.7,4.2,0.401,1.8,2.1,0.885,0.2,2.1,2.4,3.1,0.8,0.1,0.9,10.0,11.2,2003-04
124,97,Vlade Divac,1610612758,SAC,81,28.6,3.9,8.2,0.47,0.0,0.2,0.154,2.1,3.2,0.654,1.7,4.0,5.7,5.3,0.7,1.0,2.1,9.9,15.0,2003-04
2073,98,Brian Cardinal,1610612744,GSW,76,21.5,2.9,6.1,0.472,0.7,1.6,0.444,3.1,3.6,0.878,1.3,2.9,4.2,1.4,0.9,0.3,1.1,9.6,11.5,2003-04
2553,99,Jarvis Hayes,1610612764,WAS,70,29.2,4.0,9.9,0.4,0.6,1.9,0.305,1.1,1.4,0.786,1.0,2.8,3.8,1.5,1.0,0.2,1.6,9.6,8.2,2003-04
2246,100,Mehmet Okur,1610612765,DET,71,22.3,3.5,7.6,0.463,0.3,0.7,0.375,2.3,2.9,0.775,2.3,3.7,5.9,1.0,0.5,0.9,1.4,9.6,11.7,2003-04
1112,101,Ben Wallace,1610612765,DET,81,37.7,3.9,9.2,0.421,0.0,0.1,0.125,1.8,3.6,0.49,4.0,8.4,12.4,1.7,1.8,3.0,1.5,9.5,19.8,2003-04
722,102,Corliss Williamson,1610612765,DET,79,19.9,3.8,7.6,0.505,0.0,0.0,0.0,1.8,2.5,0.731,1.1,2.1,3.2,0.7,0.4,0.3,1.4,9.5,8.2,2003-04
2031,103,Stromile Swift,1610612763,MEM,77,19.8,3.5,7.4,0.469,0.0,0.1,0.25,2.5,3.4,0.725,1.8,3.1,4.9,0.5,0.7,1.5,1.1,9.4,11.1,2003-04
2413,104,Juan Dixon,1610612764,WAS,71,20.8,3.5,9.0,0.388,0.8,2.8,0.298,1.6,2.0,0.799,0.4,1.7,2.1,1.9,1.2,0.1,1.5,9.4,7.2,2003-04
2229,105,Mike James,1610612765,DET,81,27.1,3.4,8.1,0.414,1.3,3.5,0.377,1.3,1.6,0.811,0.3,2.5,2.9,4.2,1.2,0.0,1.5,9.3,11.0,2003-04
2045,106,Hedo Turkoglu,1610612759,SAS,80,25.9,3.3,8.1,0.406,1.3,3.0,0.419,1.4,2.0,0.708,0.7,3.8,4.5,1.9,1.0,0.4,1.2,9.2,10.5,2003-04
2412,107,Jiri Welsch,1610612738,BOS,81,26.9,3.2,7.6,0.428,0.9,2.2,0.381,1.9,2.5,0.743,0.7,2.9,3.7,2.3,1.2,0.1,1.6,9.2,9.9,2003-04
358,108,Anfernee Hardaway,1610612752,NYK,76,27.5,3.7,8.9,0.411,0.4,1.0,0.38,1.5,1.8,0.804,0.9,2.9,3.8,2.3,0.9,0.3,1.4,9.2,9.4,2003-04
243,109,Aaron McKie,1610612755,PHI,75,28.2,3.5,7.7,0.459,1.0,2.3,0.436,1.1,1.5,0.757,0.6,2.8,3.4,2.6,1.1,0.3,1.4,9.2,10.7,2003-04
2041,110,Etan Thomas,1610612764,WAS,79,24.1,3.3,6.7,0.489,0.0,0.0,0.0,2.4,3.7,0.647,2.3,4.4,6.7,0.9,0.5,1.6,1.4,8.9,12.3,2003-04
213,111,Antonio Davis,1610612741,CHI,80,32.2,3.3,8.3,0.403,0.0,0.0,0.0,2.2,2.9,0.765,2.6,5.8,8.4,1.7,0.5,0.8,1.4,8.9,13.2,2003-04
258,112,Brian Grant,1610612748,MIA,76,30.3,3.8,8.1,0.471,0.0,0.0,0.0,1.1,1.4,0.782,2.3,4.6,6.9,0.9,0.7,0.5,1.1,8.7,12.0,2003-04
1725,113,Rasho Nesterovic,1610612759,SAS,82,28.7,4.0,8.5,0.469,0.0,0.0,0.0,0.7,1.4,0.474,3.1,4.6,7.7,1.4,0.6,2.0,1.3,8.7,13.8,2003-04
948,114,Marcus Camby,1610612743,DEN,72,30.0,3.6,7.6,0.477,0.0,0.0,0.0,1.4,1.9,0.721,2.9,7.2,10.1,1.8,1.2,2.6,1.4,8.6,18.5,2003-04
2203,115,Shane Battier,1610612763,MEM,79,24.6,3.1,6.9,0.446,0.8,2.4,0.349,1.5,2.1,0.732,1.3,2.5,3.8,1.3,1.3,0.7,0.7,8.5,10.5,2003-04
389,116,Toni Kukoc,1610612749,MIL,73,20.8,2.9,6.9,0.417,0.7,2.3,0.292,2.0,2.7,0.729,0.8,2.9,3.7,2.7,0.8,0.3,1.5,8.4,9.7,2003-04
2050,117,Morris Peterson,1610612761,TOR,82,26.2,2.9,7.2,0.405,1.5,4.1,0.371,0.9,1.1,0.809,0.4,2.8,3.2,1.4,1.1,0.2,0.8,8.3,8.8,2003-04
1498,118,Antonio Daniels,1610612760,SEA,71,21.4,2.6,5.6,0.47,0.6,1.6,0.362,2.2,2.6,0.842,0.3,1.7,2.0,4.2,0.6,0.1,0.9,8.0,10.7,2003-04
2223,119,Samuel Dalembert,1610612755,PHI,82,26.8,3.3,6.1,0.541,0.0,0.0,0.0,1.4,2.1,0.644,2.4,5.3,7.6,0.3,0.5,2.3,1.0,8.0,14.1,2003-04
1000,120,Shandon Anderson,1610612752,NYK,80,24.7,3.0,7.1,0.422,0.5,1.6,0.281,1.5,2.0,0.764,0.7,2.1,2.8,1.5,0.9,0.2,1.5,7.9,7.3,2003-04
689,121,Theo Ratliff,1610612757,POR,85,12.0,3.1,6.5,0.485,0.0,0.0,0.0,1.6,2.6,0.645,2.3,4.9,7.2,0.8,0.6,3.6,1.4,7.9,14.6,2003-04
2571,122,Leandro Barbosa,1610612756,PHX,70,21.4,3.0,6.7,0.447,1.2,3.0,0.395,0.7,0.9,0.77,0.3,1.4,1.8,2.4,1.3,0.1,1.7,7.9,7.8,2003-04
962,122,Walter McCarty,1610612738,BOS,77,24.7,2.6,6.8,0.388,1.8,4.8,0.374,0.8,1.1,0.756,0.4,2.7,3.1,1.6,0.9,0.3,1.2,7.9,8.2,2003-04
384,124,Calbert Cheaney,1610612744,GSW,79,26.2,3.5,7.3,0.481,0.0,0.1,0.0,0.6,1.0,0.61,1.0,2.3,3.3,1.7,0.8,0.2,1.1,7.6,8.3,2003-04
2206,125,Rodney White,1610612743,DEN,72,13.7,3.0,6.5,0.459,0.5,1.2,0.379,1.1,1.4,0.75,0.6,1.7,2.3,0.8,0.4,0.3,1.1,7.5,6.4,2003-04
682,126,Bob Sura,1610612737,ATL,80,20.8,2.5,6.1,0.416,0.3,1.0,0.266,2.1,2.8,0.757,1.3,2.8,4.1,2.9,0.8,0.2,1.3,7.5,9.9,2003-04
1737,127,Nazr Mohammed,1610612752,NYK,80,20.1,3.1,5.9,0.521,0.0,0.0,0.0,1.3,2.1,0.592,2.2,3.7,5.9,0.5,0.7,0.7,1.2,7.4,10.2,2003-04
1904,128,Devean George,1610612747,LAL,82,23.8,2.8,7.0,0.408,0.8,2.3,0.349,0.9,1.2,0.76,1.1,3.0,4.0,1.4,1.0,0.5,1.1,7.4,8.8,2003-04
2617,129,Udonis Haslem,1610612748,MIA,75,24.0,2.7,6.0,0.459,0.0,0.0,0.0,1.9,2.4,0.765,2.5,3.8,6.3,0.7,0.4,0.3,1.0,7.3,10.3,2003-04
965,130,Derek Fisher,1610612747,LAL,82,21.5,2.5,7.0,0.352,0.6,2.2,0.291,1.5,1.9,0.797,0.4,1.5,1.9,2.3,1.3,0.0,1.0,7.1,6.6,2003-04
1800,131,Damon Jones,1610612749,MIL,82,24.6,2.6,6.4,0.401,1.2,3.3,0.359,0.7,0.9,0.764,0.2,1.9,2.1,5.8,0.4,0.0,1.3,7.0,10.0,2003-04
2221,132,Raul Lopez,1610612762,UTA,82,19.7,2.7,6.3,0.431,0.3,1.0,0.294,1.2,1.4,0.863,0.3,1.6,1.9,3.7,0.8,0.0,2.1,7.0,7.5,2003-04
2217,133,Brendan Haywood,1610612764,WAS,77,19.3,2.6,5.0,0.515,0.0,0.0,0.0,1.8,3.0,0.585,2.4,2.6,5.0,0.6,0.4,1.3,1.0,7.0,9.5,2003-04
1739,134,Ruben Patterson,1610612757,POR,73,22.6,2.7,5.4,0.506,0.0,0.2,0.167,1.4,2.6,0.553,1.8,1.9,3.7,1.9,1.2,0.3,1.4,6.9,8.7,2003-04
1477,135,Bruce Bowen,1610612759,SAS,82,32.0,2.6,6.1,0.42,0.9,2.6,0.363,0.8,1.4,0.579,0.5,2.5,3.1,1.4,1.0,0.4,1.1,6.9,7.5,2003-04
2586,136,Keith Bogans,1610612753,ORL,73,24.5,2.5,6.2,0.403,0.9,2.6,0.358,0.9,1.4,0.631,1.5,2.9,4.3,1.3,0.6,0.1,1.0,6.8,8.0,2003-04
731,137,Greg Ostertag,1610612762,UTA,78,27.6,2.7,5.6,0.476,0.0,0.0,0.0,1.4,2.5,0.579,2.8,4.6,7.4,1.6,0.4,1.8,1.3,6.8,12.7,2003-04
697,138,Fred Hoiberg,1610612750,MIN,79,22.8,2.3,4.8,0.465,1.0,2.2,0.442,1.2,1.5,0.845,0.3,3.1,3.4,1.4,0.8,0.1,0.6,6.7,9.1,2003-04
2416,139,Kareem Rush,1610612747,LAL,72,17.3,2.6,6.0,0.44,0.7,1.9,0.348,0.4,0.7,0.596,0.3,1.1,1.3,0.8,0.5,0.3,0.7,6.4,5.0,2003-04
2036,140,Chris Mihm,1610612738,BOS,76,17.5,2.4,5.0,0.488,0.0,0.0,0.0,1.4,2.2,0.663,2.1,3.4,5.4,0.3,0.5,0.8,1.2,6.3,8.9,2003-04
1425,141,Aaron Williams,1610612751,NJN,72,18.6,2.4,4.8,0.503,0.0,0.0,0.333,1.5,2.2,0.677,1.4,2.7,4.1,1.1,0.5,0.6,1.2,6.3,8.3,2003-04
1533,142,Anthony Johnson,1610612754,IND,73,21.9,2.3,5.6,0.406,0.6,1.7,0.336,1.0,1.3,0.798,0.4,1.4,1.8,2.8,0.9,0.1,1.0,6.2,7.1,2003-04
2549,143,Chris Kaman,1610612746,LAC,82,22.5,2.4,5.3,0.46,0.0,0.0,0.0,1.2,1.7,0.697,1.5,4.1,5.6,1.0,0.3,0.9,1.9,6.1,8.6,2003-04
1902,144,Jeff Foster,1610612754,IND,82,23.8,2.4,4.4,0.544,0.0,0.0,0.0,1.3,1.9,0.669,3.0,4.4,7.4,0.8,0.9,0.3,0.7,6.1,12.1,2003-04
2418,145,Casey Jacobsen,1610612756,PHX,78,23.4,1.9,4.6,0.417,1.0,2.3,0.417,1.2,1.4,0.82,0.5,2.0,2.6,1.3,0.6,0.1,0.9,6.0,6.7,2003-04
369,146,Charlie Ward,1610612759,SAS,71,17.6,2.3,5.5,0.41,1.2,2.9,0.408,0.3,0.4,0.741,0.2,1.9,2.0,3.0,0.9,0.2,1.4,6.0,7.4,2003-04
2260,147,Jarron Collins,1610612762,UTA,81,21.4,1.8,3.6,0.498,0.0,0.0,0.0,2.3,3.2,0.718,1.4,2.5,3.9,1.0,0.3,0.2,1.0,6.0,7.6,2003-04
2556,148,Marcus Banks,1610612738,BOS,81,17.1,2.2,5.5,0.4,0.3,1.1,0.314,1.2,1.6,0.756,0.4,1.3,1.6,2.2,1.1,0.2,1.5,5.9,5.8,2003-04
2215,149,Jason Collins,1610612751,NJN,78,28.5,2.1,4.9,0.424,0.0,0.0,0.0,1.7,2.4,0.739,1.8,3.3,5.1,2.0,0.9,0.7,1.2,5.9,9.9,2003-04
2581,150,Steve Blake,1610612764,WAS,75,18.5,2.1,5.4,0.386,1.0,2.7,0.371,0.7,0.9,0.821,0.2,1.3,1.6,2.8,0.8,0.1,1.7,5.9,5.9,2003-04
2422,151,John Salmons,1610612755,PHI,77,20.8,2.1,5.4,0.387,0.6,1.9,0.34,0.9,1.2,0.772,0.5,2.1,2.5,1.7,0.8,0.2,1.0,5.8,6.5,2003-04
324,152,Anthony Peeler,1610612758,SAC,75,18.5,2.1,4.6,0.448,0.9,1.9,0.482,0.7,0.8,0.836,0.4,1.6,2.0,1.6,0.7,0.1,1.0,5.7,6.5,2003-04
2407,153,Jared Jeffries,1610612764,WAS,82,23.4,2.2,5.7,0.377,0.1,0.4,0.167,1.3,2.1,0.614,2.2,3.0,5.2,1.1,0.6,0.3,1.3,5.7,7.2,2003-04
2248,154,Earl Watson,1610612763,MEM,81,20.6,2.1,5.7,0.371,0.3,1.3,0.245,1.1,1.7,0.652,0.6,1.6,2.2,5.0,1.1,0.2,1.8,5.7,8.2,2003-04
2429,155,Dan Gadzuric,1610612749,MIL,75,16.8,2.4,4.7,0.524,0.0,0.0,0.0,0.8,1.6,0.492,1.7,2.9,4.6,0.4,0.7,1.4,0.6,5.7,9.1,2003-04
1499,156,Tony Battie,1610612739,CLE,73,20.2,2.3,5.3,0.443,0.0,0.1,0.222,0.9,1.2,0.742,1.6,3.3,4.9,0.8,0.4,0.9,0.9,5.6,8.5,2003-04
1714,157,Robert Traylor,1610612740,NOH,71,13.3,2.0,4.0,0.505,0.0,0.1,0.4,1.0,1.8,0.547,1.5,2.2,3.7,0.6,0.5,0.5,0.9,5.1,6.8,2003-04
120,158,Steven Smith,1610612740,NOH,71,13.1,1.7,4.1,0.406,0.6,1.5,0.402,1.1,1.2,0.928,0.4,0.8,1.1,0.8,0.2,0.1,0.6,5.0,4.1,2003-04
1506,159,Austin Croshere,1610612754,IND,77,13.7,1.5,4.0,0.388,0.7,1.9,0.389,1.2,1.4,0.894,0.8,2.4,3.2,0.7,0.3,0.2,0.7,5.0,6.1,2003-04
2239,160,Trenton Hassell,1610612750,MIN,81,28.0,2.2,4.7,0.465,0.0,0.2,0.308,0.6,0.8,0.787,0.8,2.3,3.2,1.6,0.4,0.7,0.6,5.0,7.7,2003-04
2410,161,Fred Jones,1610612754,IND,81,18.6,1.5,3.8,0.395,0.3,1.1,0.303,1.5,1.8,0.832,0.3,1.2,1.6,2.1,0.8,0.2,0.9,4.9,6.1,2003-04
1916,162,Calvin Booth,1610612760,SEA,71,17.0,1.9,4.1,0.466,0.0,0.0,0.0,1.1,1.3,0.798,1.2,2.7,3.9,0.4,0.2,1.4,0.6,4.9,7.8,2003-04
109,163,Robert Horry,1610612759,SAS,81,15.9,1.7,4.3,0.405,0.5,1.3,0.38,0.9,1.3,0.645,1.3,2.0,3.4,1.2,0.6,0.6,0.7,4.8,6.9,2003-04
2562,164,Sasha Pavlovic,1610612762,UTA,79,14.5,1.9,4.8,0.396,0.2,0.9,0.271,0.8,1.1,0.774,0.6,1.5,2.0,0.8,0.5,0.2,0.8,4.8,4.4,2003-04
248,165,George Lynch,1610612740,NOH,78,21.8,1.9,4.8,0.397,0.6,1.8,0.309,0.4,0.7,0.667,1.2,2.8,4.0,1.5,0.6,0.2,0.8,4.8,7.2,2003-04
448,166,Bo Outlaw,1610612763,MEM,82,19.6,1.9,3.8,0.51,0.0,0.0,0.0,0.7,1.4,0.526,1.5,2.6,4.2,1.1,0.9,0.9,0.8,4.6,8.3,2003-04
2443,167,Darius Songaila,1610612758,SAC,73,13.4,1.8,3.7,0.487,0.0,0.0,0.0,1.0,1.2,0.807,1.2,1.8,3.1,0.7,0.6,0.2,0.6,4.6,6.4,2003-04
1720,168,Michael Doleac,1610612743,DEN,72,14.2,1.9,4.5,0.435,0.0,0.0,0.0,0.6,0.7,0.865,1.2,2.5,3.7,0.6,0.3,0.5,0.7,4.5,6.3,2003-04
2564,169,Boris Diaw,1610612737,ATL,76,25.3,1.8,4.1,0.447,0.1,0.3,0.231,0.7,1.2,0.602,1.5,3.0,4.5,2.4,0.8,0.5,1.7,4.5,8.2,2003-04
2594,170,Kyle Korver,1610612755,PHI,74,11.9,1.6,4.4,0.352,1.1,2.8,0.391,0.3,0.3,0.792,0.4,1.1,1.5,0.5,0.3,0.1,0.6,4.5,3.5,2003-04
905,171,Dale Davis,1610612757,POR,76,22.1,1.8,3.7,0.473,0.0,0.0,0.0,0.9,1.4,0.613,2.1,3.2,5.2,0.9,0.6,0.8,0.5,4.4,8.9,2003-04
1563,172,Kevin Ollie,1610612739,CLE,82,17.1,1.2,3.1,0.37,0.0,0.1,0.444,1.8,2.1,0.835,0.3,1.8,2.1,2.9,0.6,0.1,1.0,4.2,6.5,2003-04
935,173,Bryon Russell,1610612747,LAL,72,13.1,1.4,3.4,0.402,0.6,1.6,0.384,0.7,0.9,0.769,0.4,1.6,2.0,1.0,0.4,0.2,0.5,4.0,4.9,2003-04
2561,174,David West,1610612740,NOH,71,13.1,1.5,3.2,0.474,0.0,0.0,0.0,0.8,1.1,0.713,1.6,2.5,4.2,0.8,0.4,0.4,0.7,3.8,7.0,2003-04
1521,175,Jacque Vaughn,1610612737,ATL,71,18.0,1.5,3.9,0.386,0.0,0.3,0.15,0.7,1.0,0.779,0.2,1.5,1.6,2.7,0.6,0.0,1.2,3.8,5.0,2003-04
2058,176,Mark Madsen,1610612750,MIN,72,17.3,1.4,2.8,0.495,0.0,0.1,0.0,0.8,1.6,0.483,1.9,1.9,3.8,0.4,0.5,0.3,0.7,3.6,5.5,2003-04
2365,177,Chris Andersen,1610612743,DEN,71,14.5,1.3,2.9,0.443,0.0,0.0,0.0,0.9,1.5,0.589,1.3,2.9,4.2,0.5,0.5,1.6,0.7,3.4,7.3,2003-04
692,178,Andrew DeClercq,1610612753,ORL,71,17.0,1.3,2.7,0.477,0.0,0.0,0.0,0.6,0.8,0.815,1.8,2.6,4.5,0.6,0.7,0.5,0.8,3.2,7.1,2003-04
688,179,Michael Curry,1610612761,TOR,70,17.5,1.1,2.8,0.388,0.0,0.2,0.2,0.7,0.8,0.845,0.3,0.9,1.2,0.8,0.3,0.1,0.7,2.9,2.8,2003-04
2501,180,Reggie Evans,1610612760,SEA,75,17.1,0.9,2.2,0.406,0.0,0.0,0.0,1.1,2.0,0.561,2.1,3.4,5.4,0.4,0.7,0.1,0.9,2.9,6.6,2003-04
2575,181,Luke Walton,1610612747,LAL,72,10.1,0.9,2.1,0.425,0.2,0.5,0.333,0.4,0.6,0.705,0.5,1.2,1.8,1.6,0.4,0.1,0.6,2.4,4.2,2003-04
977,1,Kobe Bryant,1610612747,LAL,77,40.8,10.6,22.8,0.463,1.8,5.2,0.344,8.7,10.0,0.868,1.0,4.7,5.7,5.4,1.4,0.5,3.3,31.6,27.6,2006-07
2546,2,Carmelo Anthony,1610612743,DEN,65,38.2,10.6,22.4,0.476,0.6,2.3,0.268,7.1,8.7,0.808,2.2,3.8,6.0,3.8,1.2,0.4,3.6,28.9,23.3,2006-07
2240,3,Gilbert Arenas,1610612764,WAS,74,39.8,8.7,20.9,0.418,2.8,7.9,0.351,8.2,9.7,0.844,0.8,3.7,4.6,6.0,1.9,0.2,3.2,28.4,24.2,2006-07
2544,4,LeBron James,1610612739,CLE,78,40.9,9.9,20.8,0.476,1.3,4.0,0.319,6.3,9.0,0.698,1.1,5.7,6.7,6.0,1.6,0.7,3.2,27.3,25.6,2006-07
2072,5,Michael Redd,1610612749,MIL,53,38.4,9.0,19.3,0.465,2.2,5.8,0.382,6.5,7.8,0.829,0.8,2.9,3.7,2.3,1.2,0.2,2.3,26.7,20.1,2006-07
951,6,Ray Allen,1610612760,SEA,55,40.3,9.2,21.0,0.438,3.0,8.1,0.372,5.1,5.6,0.903,1.0,3.5,4.5,4.1,1.5,0.2,2.8,26.4,21.6,2006-07
947,7,Allen Iverson,1610612743,DEN,65,42.5,8.9,20.2,0.442,1.0,3.0,0.315,7.5,9.4,0.795,0.4,2.6,3.0,7.2,1.9,0.2,4.1,26.3,21.2,2006-07
1713,8,Vince Carter,1610612751,NJN,82,38.1,8.9,19.5,0.454,1.9,5.3,0.357,5.6,7.0,0.802,1.4,4.6,6.0,4.8,1.0,0.4,2.6,25.2,22.7,2006-07
2207,9,Joe Johnson,1610612737,ATL,57,41.4,9.4,20.0,0.471,2.1,5.5,0.381,4.1,5.5,0.748,0.9,3.3,4.2,4.4,1.1,0.2,3.1,25.0,19.8,2006-07
1503,10,Tracy McGrady,1610612745,HOU,71,35.8,9.0,20.8,0.431,1.8,5.4,0.331,4.9,6.9,0.707,0.8,4.5,5.3,6.5,1.3,0.5,3.0,24.6,21.3,2006-07
1717,11,Dirk Nowitzki,1610612742,DAL,78,36.2,8.6,17.2,0.502,0.9,2.2,0.416,6.4,7.1,0.904,1.6,7.3,8.9,3.4,0.7,0.8,2.1,24.6,26.9,2006-07
2216,12,Zach Randolph,1610612757,POR,68,35.7,8.8,18.9,0.467,0.2,0.7,0.292,5.8,7.1,0.819,2.9,7.2,10.1,2.2,0.8,0.2,3.2,23.6,22.4,2006-07
2547,13,Chris Bosh,1610612761,TOR,69,38.5,7.9,15.9,0.496,0.2,0.5,0.343,6.7,8.6,0.785,2.7,8.0,10.7,2.5,0.6,1.3,2.6,22.6,25.3,2006-07
708,14,Kevin Garnett,1610612750,MIN,76,39.4,8.4,17.6,0.476,0.2,0.7,0.214,5.5,6.6,0.835,2.4,10.4,12.8,4.1,1.2,1.7,2.7,22.4,29.2,2006-07
2732,15,Ben Gordon,1610612741,CHI,82,33.0,7.4,16.3,0.455,1.9,4.6,0.413,4.6,5.4,0.864,0.4,2.7,3.1,3.6,0.8,0.2,3.0,21.4,16.5,2006-07
2430,16,Carlos Boozer,1610612762,UTA,74,34.6,8.7,15.6,0.561,0.0,0.0,0.0,3.4,5.0,0.685,3.2,8.5,11.7,3.0,0.9,0.3,2.6,20.9,25.8,2006-07
1882,17,Elton Brand,1610612746,LAC,80,38.5,8.1,15.1,0.533,0.0,0.0,1.0,4.4,5.8,0.761,3.4,6.0,9.3,2.9,1.0,2.2,2.5,20.5,25.0,2006-07
2405,18,Amar'e Stoudemire,1610612756,PHX,82,32.8,7.4,12.9,0.575,0.0,0.0,0.0,5.6,7.1,0.781,2.7,6.9,9.6,1.0,1.0,1.3,2.8,20.4,23.4,2006-07
2755,19,Kevin Martin,1610612758,SAC,80,35.2,6.3,13.3,0.473,1.6,4.2,0.381,6.0,7.1,0.844,0.9,3.4,4.3,2.2,1.2,0.1,1.7,20.2,18.2,2006-07
1495,20,Tim Duncan,1610612759,SAS,80,34.1,7.7,14.1,0.546,0.0,0.1,0.111,4.5,7.1,0.637,2.7,7.9,10.6,3.4,0.8,2.4,2.8,20.0,25.4,2006-07
1712,21,Antawn Jamison,1610612764,WAS,70,38.0,7.3,16.3,0.45,2.0,5.4,0.364,3.2,4.4,0.736,1.9,6.1,8.0,1.9,1.1,0.5,1.5,19.8,19.9,2006-07
1888,22,Richard Hamilton,1610612765,DET,75,36.8,7.3,15.6,0.468,0.6,1.7,0.341,4.6,5.4,0.861,1.0,2.8,3.8,3.8,0.8,0.2,2.1,19.8,17.2,2006-07
2201,23,Eddy Curry,1610612752,NYK,81,35.2,7.2,12.5,0.576,0.0,0.0,1.0,5.0,8.1,0.615,2.4,4.6,7.0,0.8,0.4,0.5,3.6,19.5,16.2,2006-07
2572,24,Josh Howard,1610612742,DAL,70,35.1,7.0,15.4,0.459,1.3,3.4,0.385,3.5,4.2,0.827,1.9,4.9,6.8,1.8,1.2,0.8,1.8,18.9,18.6,2006-07
1897,25,Metta World Peace,1610612758,SAC,70,37.7,6.5,14.9,0.44,1.3,3.7,0.358,4.4,5.9,0.74,1.5,5.0,6.5,3.4,2.1,0.6,2.1,18.8,19.4,2006-07
2736,26,Luol Deng,1610612741,CHI,82,37.5,7.7,14.9,0.517,0.0,0.1,0.143,3.4,4.4,0.777,1.8,5.3,7.1,2.5,1.2,0.6,1.9,18.8,20.1,2006-07
959,27,Steve Nash,1610612756,PHX,76,35.3,6.8,12.8,0.532,2.1,4.5,0.455,2.9,3.3,0.899,0.4,3.1,3.5,11.6,0.8,0.1,3.8,18.6,24.5,2006-07
2225,28,Tony Parker,1610612759,SAS,77,32.5,7.4,14.2,0.52,0.2,0.5,0.395,3.6,4.5,0.783,0.4,2.8,3.2,5.5,1.1,0.1,2.5,18.6,18.1,2006-07
2034,29,Mike Miller,1610612763,MEM,70,39.1,6.6,14.4,0.46,2.9,7.1,0.406,2.3,2.9,0.793,0.7,4.7,5.4,4.3,0.8,0.3,2.6,18.5,18.2,2006-07
2738,30,Andre Iguodala,1610612755,PHI,76,40.3,5.8,13.0,0.447,0.6,2.0,0.31,5.9,7.3,0.82,1.0,4.7,5.7,5.7,2.0,0.4,3.4,18.2,20.1,2006-07
2222,31,Gerald Wallace,1610612766,CHA,72,36.7,6.6,13.2,0.502,0.5,1.7,0.325,4.3,6.2,0.691,2.0,5.2,7.2,2.6,2.0,1.0,2.2,18.1,20.1,2006-07
2571,32,Leandro Barbosa,1610612756,PHX,80,32.7,6.6,13.9,0.476,2.4,5.5,0.434,2.5,2.9,0.845,0.3,2.4,2.7,4.0,1.2,0.2,1.8,18.1,16.5,2006-07
2730,33,Dwight Howard,1610612753,ORL,82,36.9,6.4,10.6,0.603,0.0,0.0,0.5,4.8,8.1,0.586,3.5,8.8,12.3,1.9,0.9,1.9,3.9,17.6,23.1,2006-07
2246,34,Mehmet Okur,1610612762,UTA,80,33.3,6.1,13.3,0.462,1.6,4.2,0.384,3.7,4.8,0.765,2.0,5.2,7.2,2.0,0.5,0.5,1.6,17.6,17.8,2006-07
1890,35,Shawn Marion,1610612756,PHX,80,37.6,7.0,13.4,0.524,1.0,3.2,0.317,2.5,3.1,0.81,2.2,7.7,9.8,1.7,2.0,1.5,1.4,17.5,24.1,2006-07
1710,36,Mike Bibby,1610612758,SAC,82,34.0,5.7,14.2,0.404,2.1,5.9,0.36,3.5,4.2,0.83,0.5,2.7,3.2,4.7,1.1,0.1,2.4,17.1,14.6,2006-07
1497,37,Chauncey Billups,1610612765,DET,70,36.2,5.0,11.6,0.427,1.6,4.5,0.345,5.5,6.2,0.883,0.3,3.1,3.4,7.2,1.2,0.2,2.0,17.0,19.6,2006-07
1729,38,Ricky Davis,1610612750,MIN,81,37.3,6.2,13.4,0.465,1.5,3.8,0.397,3.0,3.5,0.839,0.7,3.2,3.9,4.8,1.0,0.3,2.6,17.0,16.5,2006-07
1894,39,Corey Maggette,1610612746,LAC,75,30.5,4.9,10.8,0.454,0.2,0.9,0.2,6.9,8.4,0.82,1.2,4.7,5.9,2.8,0.9,0.2,2.7,16.9,16.5,2006-07
1891,40,Jason Terry,1610612742,DAL,81,35.1,6.3,13.1,0.484,2.0,4.6,0.438,2.0,2.5,0.804,0.5,2.3,2.9,5.2,1.0,0.2,1.9,16.7,16.8,2006-07
2550,41,Kirk Hinrich,1610612741,CHI,80,35.5,5.9,13.3,0.448,1.8,4.2,0.415,3.0,3.6,0.835,0.4,3.0,3.4,6.3,1.3,0.3,2.4,16.6,17.5,2006-07
1938,42,Manu Ginobili,1610612759,SAS,75,27.5,5.3,11.4,0.464,1.7,4.3,0.396,4.3,5.0,0.86,0.8,3.6,4.4,3.5,1.5,0.4,2.1,16.5,17.3,2006-07
101145,43,Monta Ellis,1610612744,GSW,77,34.3,6.2,13.1,0.475,0.5,1.9,0.273,3.5,4.6,0.763,0.8,2.4,3.2,4.1,1.7,0.3,2.9,16.5,14.9,2006-07
1733,44,Al Harrington,1610612744,GSW,78,32.9,6.3,13.9,0.457,1.6,3.8,0.433,2.2,3.1,0.694,1.9,4.4,6.4,1.9,0.8,0.3,2.2,16.5,15.2,2006-07
2746,45,Josh Smith,1610612737,ATL,72,36.8,6.1,13.8,0.439,0.5,2.1,0.25,3.7,5.4,0.693,2.3,6.3,8.6,3.3,1.4,2.9,3.2,16.4,20.0,2006-07
950,46,Stephon Marbury,1610612752,NYK,74,37.1,5.3,12.9,0.415,1.7,4.7,0.357,4.0,5.2,0.769,0.5,2.4,2.9,5.4,1.0,0.1,2.4,16.4,14.6,2006-07
101114,47,Deron Williams,1610612762,UTA,80,36.9,6.2,13.5,0.456,1.0,3.2,0.322,2.8,3.7,0.767,0.5,2.8,3.3,9.3,1.0,0.2,3.1,16.2,18.7,2006-07
1536,48,Stephen Jackson,1610612744,GSW,75,33.1,5.5,12.6,0.433,1.3,4.1,0.322,3.2,4.0,0.813,0.8,2.1,3.0,3.8,1.1,0.5,2.4,15.5,13.5,2006-07
1716,49,Larry Hughes,1610612739,CLE,70,37.1,5.4,13.6,0.4,1.1,3.2,0.333,3.0,4.4,0.676,0.6,3.2,3.8,3.7,1.3,0.4,2.2,14.9,12.2,2006-07
1739,50,Ruben Patterson,1610612749,MIL,81,31.0,5.9,10.7,0.548,0.0,0.2,0.158,3.0,4.6,0.641,2.3,3.1,5.4,2.9,1.4,0.3,2.5,14.7,15.7,2006-07
1952,51,Raja Bell,1610612756,PHX,78,37.4,5.3,12.2,0.432,2.6,6.4,0.413,1.5,1.9,0.776,0.6,2.6,3.2,2.5,0.6,0.3,1.1,14.7,12.9,2006-07
2594,52,Kyle Korver,1610612755,PHI,74,30.9,5.0,11.4,0.44,1.8,4.1,0.43,2.6,2.8,0.914,0.4,3.1,3.5,1.4,0.8,0.3,1.6,14.4,12.2,2006-07
2419,53,Tayshaun Prince,1610612765,DET,82,36.6,5.6,12.2,0.46,1.0,2.6,0.386,2.1,2.7,0.768,1.8,3.5,5.2,2.8,0.6,0.7,1.2,14.3,15.2,2006-07
101109,54,Raymond Felton,1610612766,CHA,78,36.3,5.0,13.1,0.384,1.3,4.0,0.33,2.6,3.3,0.797,0.7,2.8,3.4,7.0,1.5,0.1,2.9,14.0,14.4,2006-07
2551,55,T.J. Ford,1610612761,TOR,75,29.9,5.2,12.0,0.436,0.3,0.9,0.304,3.2,3.9,0.819,0.7,2.4,3.1,7.9,1.3,0.1,3.1,14.0,15.9,2006-07
101122,56,Danny Granger,1610612754,IND,82,34.0,4.9,10.6,0.459,1.3,3.5,0.382,2.9,3.6,0.803,1.4,3.3,4.6,1.4,0.8,0.7,1.6,13.9,13.4,2006-07
1749,57,Cuttino Mobley,1610612746,LAC,78,36.4,5.0,11.3,0.44,1.3,3.2,0.411,2.6,3.1,0.837,0.7,2.8,3.4,2.5,1.2,0.3,1.9,13.8,12.6,2006-07
2046,58,Desmond Mason,1610612740,NOK,75,34.3,5.4,12.0,0.452,0.0,0.0,0.0,2.9,4.3,0.663,1.7,2.9,4.6,1.5,0.7,0.3,2.6,13.7,10.2,2006-07
2294,59,Charlie Bell,1610612749,MIL,82,34.7,5.2,11.9,0.437,1.5,4.4,0.352,1.6,2.0,0.78,0.7,2.2,2.9,3.0,1.2,0.0,1.3,13.5,12.3,2006-07
2404,60,Chris Wilcox,1610612760,SEA,82,31.5,5.3,10.0,0.529,0.0,0.1,0.0,2.9,4.3,0.684,2.2,5.5,7.7,1.0,0.9,0.5,1.5,13.5,15.9,2006-07
1889,61,Andre Miller,1610612755,PHI,80,37.1,5.3,11.4,0.466,0.1,0.4,0.143,2.8,3.5,0.784,1.2,3.2,4.4,7.8,1.4,0.1,2.8,13.4,17.6,2006-07
2045,62,Hedo Turkoglu,1610612753,ORL,73,31.1,4.7,11.3,0.419,1.5,3.8,0.388,2.3,3.0,0.781,0.8,3.2,4.0,3.2,1.0,0.2,2.0,13.3,12.5,2006-07
1747,63,Rafer Alston,1610612745,HOU,82,37.1,4.7,12.4,0.375,2.3,6.5,0.363,1.6,2.2,0.734,0.4,3.1,3.4,5.4,1.6,0.1,2.1,13.3,13.4,2006-07
1088,64,Chucky Atkins,1610612763,MEM,75,27.5,4.1,9.5,0.434,1.5,4.1,0.379,3.4,4.1,0.81,0.2,1.6,1.9,4.6,0.7,0.1,1.7,13.2,12.5,2006-07
467,65,Jason Kidd,1610612751,NJN,80,36.7,4.6,11.4,0.406,1.6,4.5,0.343,2.2,2.9,0.778,1.7,6.5,8.2,9.2,1.6,0.3,2.7,13.0,22.2,2006-07
2749,66,Jameer Nelson,1610612753,ORL,77,30.3,4.9,11.4,0.43,0.8,2.5,0.335,2.4,2.9,0.828,0.6,2.4,3.1,4.3,0.9,0.1,2.4,13.0,12.0,2006-07
2224,67,Jamaal Tinsley,1610612754,IND,72,31.2,4.8,12.3,0.389,0.8,2.7,0.316,2.4,3.3,0.72,0.8,2.5,3.3,6.9,1.6,0.3,2.8,12.8,13.8,2006-07
2399,68,Mike Dunleavy,1610612754,IND,82,31.5,4.7,10.4,0.452,0.9,2.7,0.313,2.6,3.3,0.784,1.0,4.2,5.3,2.8,1.0,0.3,1.8,12.8,13.9,2006-07
101124,69,Hakim Warrick,1610612763,MEM,82,26.2,4.5,8.7,0.524,0.0,0.1,0.0,3.6,4.7,0.771,1.6,3.5,5.1,0.9,0.5,0.4,2.0,12.7,12.5,2006-07
1515,70,Anthony Parker,1610612761,TOR,73,33.4,4.5,9.4,0.477,1.6,3.6,0.441,1.8,2.2,0.835,0.8,3.1,3.9,2.1,1.0,0.2,1.0,12.4,13.2,2006-07
739,71,Rasheed Wallace,1610612765,DET,75,32.3,4.8,11.2,0.423,1.4,3.9,0.351,1.4,1.8,0.788,1.2,6.0,7.2,1.7,1.0,1.6,1.3,12.3,15.7,2006-07
1548,72,Mark Blount,1610612750,MIN,82,31.0,5.2,10.2,0.509,0.1,0.4,0.29,1.8,2.4,0.754,1.7,4.5,6.2,0.8,0.5,0.7,1.9,12.3,13.0,2006-07
2585,73,Zaza Pachulia,1610612737,ATL,72,28.1,4.0,8.5,0.474,0.0,0.0,0.0,4.1,5.2,0.786,2.8,4.2,6.9,1.5,1.1,0.5,2.3,12.2,14.3,2006-07
2679,74,Matt Carroll,1610612766,CHA,72,26.1,4.0,9.1,0.433,1.5,3.7,0.416,2.6,2.9,0.904,0.5,2.4,2.9,1.3,0.7,0.1,1.0,12.1,10.6,2006-07
101155,75,Ryan Gomes,1610612738,BOS,73,31.2,4.6,9.9,0.467,0.2,0.6,0.381,2.6,3.2,0.811,1.7,3.9,5.6,1.6,0.7,0.2,1.4,12.1,12.8,2006-07
101127,76,Jarrett Jack,1610612757,POR,79,33.6,4.1,8.9,0.454,0.8,2.3,0.35,3.1,3.5,0.871,0.2,2.4,2.6,5.3,1.1,0.1,2.4,12.0,13.4,2006-07
980,77,Zydrunas Ilgauskas,1610612739,CLE,78,27.3,4.9,10.2,0.485,0.0,0.0,0.0,2.0,2.5,0.807,3.1,4.6,7.7,1.6,0.6,1.3,1.8,11.9,15.5,2006-07
200747,78,Adam Morrison,1610612766,CHA,78,29.8,4.6,12.1,0.376,1.1,3.3,0.337,1.5,2.2,0.71,0.7,2.3,2.9,2.1,0.4,0.1,1.7,11.8,7.4,2006-07
1723,79,Matt Harpring,1610612762,UTA,77,25.5,4.2,8.5,0.491,0.2,0.5,0.333,3.1,4.0,0.767,1.5,3.1,4.6,1.3,0.7,0.1,1.5,11.6,11.5,2006-07
2584,80,Willie Green,1610612755,PHI,74,24.9,4.8,11.7,0.411,0.7,2.1,0.325,1.0,1.5,0.667,0.6,1.6,2.1,1.5,0.8,0.1,1.4,11.3,7.0,2006-07
2052,81,DeShawn Stevenson,1610612764,WAS,82,29.5,4.2,9.2,0.461,0.9,2.2,0.404,1.9,2.6,0.704,0.7,2.0,2.6,2.7,0.8,0.2,1.5,11.2,10.4,2006-07
948,82,Marcus Camby,1610612743,DEN,70,33.8,4.5,9.4,0.473,0.0,0.0,0.0,2.3,3.2,0.729,2.3,9.3,11.7,3.2,1.2,3.3,1.7,11.2,23.0,2006-07
2554,83,Mickael Pietrus,1610612744,GSW,72,26.9,4.0,8.1,0.488,1.3,3.3,0.388,1.9,2.9,0.648,1.1,3.4,4.5,0.9,0.7,0.8,1.5,11.1,11.3,2006-07
2400,84,Drew Gooden,1610612739,CLE,80,28.0,4.6,9.8,0.473,0.0,0.1,0.167,1.8,2.5,0.714,3.3,5.2,8.5,1.1,0.9,0.4,1.4,11.1,14.6,2006-07
2470,85,Smush Parker,1610612747,LAL,82,30.0,4.2,9.6,0.436,1.3,3.7,0.365,1.4,2.1,0.646,0.5,2.0,2.5,2.8,1.5,0.1,1.9,11.1,9.9,2006-07
1501,86,Tim Thomas,1610612746,LAC,76,27.0,3.9,9.5,0.414,1.8,4.7,0.382,1.3,1.9,0.708,0.8,4.1,5.0,2.3,0.7,0.4,1.4,11.0,11.8,2006-07
2557,87,Luke Ridnour,1610612760,SEA,71,29.5,4.2,9.8,0.433,0.7,2.0,0.353,1.8,2.2,0.805,0.4,1.9,2.3,5.2,1.2,0.3,2.2,11.0,11.7,2006-07
101129,88,Luther Head,1610612745,HOU,80,27.6,3.8,8.8,0.437,2.2,5.0,0.441,1.0,1.3,0.79,0.4,2.8,3.2,2.4,1.0,0.1,1.7,10.9,10.6,2006-07
200752,89,Rudy Gay,1610612763,MEM,78,27.0,4.1,9.7,0.422,0.7,1.8,0.364,1.9,2.7,0.727,1.2,3.3,4.5,1.3,0.9,0.9,1.8,10.8,10.3,2006-07
2223,90,Samuel Dalembert,1610612755,PHI,82,30.9,4.3,8.0,0.541,0.0,0.0,0.0,2.0,2.7,0.746,2.9,6.0,8.9,0.8,0.6,1.9,2.0,10.7,16.6,2006-07
2617,91,Udonis Haslem,1610612748,MIA,79,31.4,4.5,9.1,0.492,0.0,0.1,0.0,1.7,2.6,0.68,2.4,5.9,8.3,1.2,0.6,0.3,1.4,10.7,14.3,2006-07
101123,92,Gerald Green,1610612738,BOS,81,22.0,3.8,9.1,0.419,1.2,3.2,0.368,1.6,2.0,0.805,0.8,1.7,2.6,1.0,0.5,0.3,1.5,10.4,7.6,2006-07
2734,93,Devin Harris,1610612742,DAL,80,26.0,3.7,7.4,0.492,0.2,0.6,0.28,2.7,3.3,0.824,0.6,1.9,2.5,3.7,1.2,0.3,1.8,10.2,11.6,2006-07
200751,94,Randy Foye,1610612750,MIN,82,22.9,3.7,8.4,0.434,0.8,2.3,0.368,2.0,2.3,0.854,0.6,2.1,2.7,2.8,0.6,0.3,1.9,10.1,9.6,2006-07
2203,95,Shane Battier,1610612745,HOU,82,36.4,3.6,8.0,0.446,1.9,4.5,0.421,1.1,1.4,0.779,0.8,3.3,4.1,2.1,1.0,0.7,0.9,10.1,12.5,2006-07
2446,96,Rasual Butler,1610612740,NOK,81,27.4,3.9,9.7,0.398,1.7,4.5,0.369,0.7,1.1,0.644,0.5,2.6,3.2,0.8,0.5,0.7,0.8,10.1,8.1,2006-07
2229,97,Mike James,1610612750,MIN,82,25.2,3.6,8.6,0.422,1.0,2.6,0.372,1.9,2.2,0.837,0.3,1.7,2.0,3.6,0.7,0.1,1.6,10.1,9.6,2006-07
965,98,Derek Fisher,1610612762,UTA,82,27.9,3.1,8.2,0.382,0.6,1.9,0.308,3.2,3.7,0.853,0.4,1.5,1.8,3.3,1.0,0.1,1.5,10.1,9.2,2006-07
2549,99,Chris Kaman,1610612746,LAC,75,29.0,3.9,8.7,0.451,0.0,0.0,0.0,2.2,3.0,0.741,2.1,5.7,7.8,1.1,0.5,1.5,2.0,10.1,13.5,2006-07
949,100,Shareef Abdur-Rahim,1610612758,SAC,80,25.2,3.9,8.2,0.474,0.0,0.3,0.15,2.1,2.9,0.726,1.5,3.5,5.0,1.4,0.7,0.5,1.5,9.9,10.9,2006-07
1630,101,Mikki Moore,1610612751,NJN,79,26.4,3.9,6.4,0.609,0.0,0.0,0.0,2.0,3.0,0.681,1.8,3.3,5.1,0.9,0.6,0.8,1.4,9.8,12.3,2006-07
2440,102,Matt Barnes,1610612744,GSW,76,23.9,3.6,8.3,0.438,1.4,3.8,0.366,1.2,1.6,0.732,1.2,3.4,4.6,2.1,1.0,0.5,1.4,9.8,11.5,2006-07
2564,103,Boris Diaw,1610612756,PHX,73,31.1,4.2,7.8,0.538,0.2,0.6,0.333,1.1,1.6,0.683,1.2,3.1,4.3,4.8,0.4,0.5,2.1,9.7,13.5,2006-07
436,104,Juwan Howard,1610612745,HOU,80,26.5,3.9,8.3,0.465,0.0,0.0,0.0,1.9,2.4,0.824,1.7,4.2,5.9,1.6,0.4,0.1,1.4,9.7,11.4,2006-07
2555,105,Nick Collison,1610612760,SEA,82,29.0,3.9,7.8,0.5,0.0,0.0,0.0,1.9,2.4,0.774,2.8,5.3,8.1,1.0,0.6,0.8,1.5,9.6,14.2,2006-07
2413,106,Juan Dixon,1610612761,TOR,81,23.8,3.7,8.7,0.425,1.0,2.8,0.35,1.2,1.4,0.871,0.3,1.6,2.0,1.5,0.9,0.1,1.2,9.6,7.7,2006-07
2740,107,Andris Biedrins,1610612744,GSW,82,29.0,4.2,7.1,0.599,0.0,0.0,0.0,1.1,2.0,0.521,3.1,6.2,9.3,1.1,0.8,1.7,1.5,9.5,17.1,2006-07
101112,108,Channing Frye,1610612752,NYK,72,26.3,4.1,9.6,0.433,0.0,0.3,0.167,1.2,1.5,0.787,1.3,4.2,5.5,0.9,0.5,0.6,1.4,9.5,9.9,2006-07
2199,109,Tyson Chandler,1610612740,NOK,73,34.6,4.0,6.4,0.624,0.0,0.0,0.0,1.5,2.8,0.527,4.4,8.0,12.4,0.9,0.5,1.8,1.7,9.5,19.6,2006-07
2248,110,Earl Watson,1610612760,SEA,77,27.9,3.4,8.9,0.383,1.2,3.6,0.329,1.4,1.9,0.735,0.4,2.0,2.4,5.7,1.3,0.3,2.2,9.4,10.9,2006-07
2457,111,Jannero Pargo,1610612740,NOK,82,20.9,3.5,8.4,0.409,1.0,2.5,0.388,1.3,1.5,0.852,0.2,2.0,2.2,2.5,0.6,0.0,1.5,9.2,7.8,2006-07
2411,112,Bostjan Nachbar,1610612751,NJN,76,20.2,3.0,6.5,0.457,1.5,3.5,0.423,1.7,2.2,0.805,0.4,3.0,3.3,0.8,0.4,0.3,0.9,9.2,9.2,2006-07
714,113,Michael Finley,1610612759,SAS,82,22.2,3.3,8.1,0.412,1.3,3.5,0.364,1.1,1.2,0.918,0.4,2.3,2.7,1.3,0.4,0.2,0.6,9.0,8.2,2006-07
2050,114,Morris Peterson,1610612761,TOR,71,21.3,3.1,7.3,0.429,1.5,4.2,0.359,1.2,1.7,0.683,0.5,2.9,3.3,0.7,0.6,0.2,0.7,8.9,8.3,2006-07
2863,115,Damien Wilkins,1610612760,SEA,82,24.8,3.2,7.3,0.435,0.6,1.5,0.41,1.8,2.1,0.882,1.1,1.7,2.8,1.9,1.1,0.2,1.4,8.8,9.0,2006-07
101181,116,Jose Calderon,1610612761,TOR,77,21.0,3.4,6.6,0.521,0.3,1.0,0.333,1.5,1.9,0.818,0.3,1.5,1.7,5.0,0.8,0.1,1.4,8.7,11.4,2006-07
297,117,Alonzo Mourning,1610612748,MIA,77,20.4,3.1,5.5,0.56,0.0,0.0,0.0,2.4,4.0,0.601,1.6,2.9,4.5,0.2,0.2,2.3,1.7,8.6,10.1,2006-07
2422,118,John Salmons,1610612758,SAC,79,27.0,3.0,6.5,0.456,0.5,1.4,0.357,2.0,2.6,0.779,0.6,2.7,3.3,3.2,0.9,0.3,1.5,8.5,10.7,2006-07
699,119,Brent Barry,1610612759,SAS,75,21.7,2.7,5.7,0.475,1.7,3.8,0.446,1.4,1.6,0.88,0.2,1.9,2.1,1.8,0.7,0.2,0.8,8.5,9.4,2006-07
952,120,Antoine Walker,1610612748,MIA,78,23.3,3.4,8.6,0.397,1.1,3.9,0.275,0.6,1.3,0.438,1.2,3.2,4.3,1.7,0.6,0.2,1.8,8.5,7.6,2006-07
2230,121,Maurice Evans,1610612747,LAL,76,22.8,3.1,7.1,0.432,0.6,1.8,0.361,1.6,2.0,0.787,1.2,1.7,2.9,1.0,0.5,0.2,0.8,8.4,7.7,2006-07
2137,122,Ime Udoka,1610612757,POR,75,28.6,3.2,6.9,0.461,1.2,2.9,0.406,0.9,1.2,0.742,1.3,2.5,3.7,1.5,0.9,0.2,1.0,8.4,9.8,2006-07
1905,123,Andrei Kirilenko,1610612762,UTA,70,29.3,2.8,6.0,0.471,0.2,1.1,0.213,2.5,3.4,0.728,1.3,3.4,4.7,2.9,1.1,2.1,1.9,8.3,13.0,2006-07
686,124,Antonio McDyess,1610612765,DET,82,21.1,3.5,6.6,0.526,0.0,0.0,0.0,1.2,1.7,0.691,2.0,4.0,6.0,0.9,0.7,0.8,0.9,8.1,12.0,2006-07
2545,125,Darko Milicic,1610612753,ORL,80,23.9,3.1,6.9,0.454,0.0,0.0,0.0,1.8,2.9,0.613,1.8,3.7,5.5,1.1,0.6,1.8,1.6,8.0,10.5,2006-07
101115,126,Andrew Bynum,1610612747,LAL,82,21.9,3.0,5.4,0.558,0.0,0.0,0.0,1.7,2.6,0.668,1.7,4.2,5.9,1.1,0.1,1.6,1.4,7.8,11.9,2006-07
1899,127,James Posey,1610612748,MIA,71,27.0,2.6,6.1,0.431,1.4,3.6,0.375,1.1,1.4,0.827,0.9,4.1,5.0,1.3,1.0,0.3,0.8,7.7,10.9,2006-07
2306,128,Carlos Arroyo,1610612753,ORL,72,18.1,2.8,6.6,0.425,0.2,0.7,0.275,1.8,2.3,0.795,0.4,1.4,1.9,2.8,0.5,0.0,1.3,7.7,7.4,2006-07
101132,129,Linas Kleiza,1610612743,DEN,79,18.8,2.5,6.0,0.422,1.1,2.8,0.376,1.5,1.7,0.852,1.0,2.4,3.4,0.6,0.4,0.2,1.0,7.6,7.3,2006-07
2563,130,Dahntay Jones,1610612763,MEM,78,21.4,2.8,5.9,0.477,0.1,0.2,0.417,1.8,2.2,0.793,0.6,1.4,2.0,0.9,0.5,0.3,1.2,7.5,6.4,2006-07
200783,131,Craig Smith,1610612750,MIN,82,18.7,3.0,5.6,0.531,0.0,0.1,0.0,1.4,2.3,0.624,1.8,3.3,5.1,0.6,0.6,0.2,0.9,7.4,9.5,2006-07
2553,132,Jarvis Hayes,1610612764,WAS,81,20.1,2.8,6.7,0.41,0.8,2.3,0.361,0.9,1.0,0.845,0.5,2.1,2.6,1.0,0.6,0.2,0.7,7.2,6.7,2006-07
2768,133,Chris Duhon,1610612741,CHI,78,24.4,2.5,6.2,0.408,1.1,3.1,0.359,1.0,1.3,0.752,0.3,1.9,2.2,4.0,0.9,0.1,1.3,7.2,8.9,2006-07
1498,134,Antonio Daniels,1610612764,WAS,80,22.0,2.2,4.9,0.442,0.2,0.8,0.302,2.6,3.1,0.832,0.2,1.7,1.9,3.6,0.5,0.1,0.9,7.1,9.2,2006-07
956,135,Erick Dampier,1610612742,DAL,76,25.2,2.8,4.4,0.626,0.0,0.0,0.0,1.6,2.5,0.623,2.9,4.6,7.4,0.6,0.3,1.1,1.4,7.1,12.5,2006-07
101110,136,Martell Webster,1610612757,POR,82,21.5,2.4,6.0,0.396,1.1,3.0,0.364,1.1,1.6,0.705,0.5,2.4,2.9,0.6,0.4,0.2,0.9,7.0,6.2,2006-07
923,137,Donyell Marshall,1610612739,CLE,81,16.8,2.6,6.1,0.424,1.2,3.3,0.351,0.7,1.0,0.663,1.1,2.9,4.0,0.6,0.5,0.5,0.8,7.0,7.9,2006-07
200794,138,Paul Millsap,1610612762,UTA,82,18.0,2.5,4.9,0.525,0.0,0.0,0.333,1.7,2.5,0.673,2.2,2.9,5.2,0.8,0.8,0.9,1.1,6.8,10.2,2006-07
200766,139,Marcus Williams,1610612751,NJN,79,16.6,2.6,6.7,0.395,0.6,2.1,0.282,0.9,1.1,0.847,0.4,1.7,2.1,3.3,0.4,0.0,1.8,6.8,6.5,2006-07
2760,140,Anderson Varejao,1610612739,CLE,81,23.9,2.4,5.0,0.476,0.0,0.1,0.0,2.0,3.3,0.616,2.4,4.4,6.7,0.9,0.9,0.6,0.8,6.8,11.3,2006-07
2239,141,Trenton Hassell,1610612750,MIN,76,29.3,2.9,5.8,0.49,0.1,0.3,0.24,0.9,1.2,0.783,1.1,2.1,3.2,2.7,0.3,0.3,1.1,6.7,8.9,2006-07
2217,142,Brendan Haywood,1610612764,WAS,77,22.6,2.6,4.6,0.558,0.0,0.0,0.0,1.5,2.7,0.548,2.5,3.7,6.2,0.6,0.4,1.1,1.2,6.6,10.6,2006-07
2059,143,Eduardo Najera,1610612743,DEN,75,22.1,2.7,4.7,0.576,0.0,0.2,0.083,1.2,1.6,0.715,1.7,2.4,4.1,0.9,1.0,0.3,0.7,6.6,9.7,2006-07
2048,144,Jamaal Magloire,1610612757,POR,81,21.0,2.5,4.9,0.504,0.0,0.0,0.0,1.6,3.0,0.541,1.9,4.2,6.1,0.4,0.3,0.8,1.6,6.5,8.7,2006-07
2581,145,Steve Blake,1610612743,DEN,82,27.1,2.5,6.2,0.411,0.8,2.5,0.322,0.5,0.8,0.672,0.3,1.8,2.1,5.0,0.7,0.1,1.6,6.4,8.8,2006-07
2212,146,Steven Hunter,1610612755,PHI,70,22.9,2.7,4.7,0.577,0.0,0.0,0.0,1.1,2.2,0.49,1.6,3.2,4.8,0.4,0.2,1.1,0.9,6.4,8.9,2006-07
200765,147,Rajon Rondo,1610612738,BOS,78,23.5,2.4,5.8,0.418,0.1,0.4,0.207,1.5,2.4,0.647,0.9,2.8,3.7,3.8,1.6,0.1,1.8,6.4,9.8,2006-07
1112,148,Ben Wallace,1610612741,CHI,77,35.0,2.5,5.5,0.453,0.0,0.1,0.2,1.4,3.5,0.408,3.9,6.7,10.7,2.4,1.4,2.0,1.3,6.4,16.6,2006-07
2592,149,James Jones,1610612756,PHX,76,18.1,2.1,5.8,0.368,1.2,3.1,0.378,0.9,1.1,0.877,0.4,1.9,2.3,0.6,0.4,0.6,0.4,6.4,6.1,2006-07
101121,150,Joey Graham,1610612761,TOR,79,16.7,2.4,4.9,0.495,0.1,0.4,0.29,1.4,1.7,0.84,0.7,2.4,3.1,0.6,0.4,0.1,0.6,6.4,7.1,2006-07
1477,151,Bruce Bowen,1610612759,SAS,82,30.0,2.3,5.7,0.405,1.1,2.8,0.384,0.5,0.9,0.589,0.3,2.4,2.7,1.4,0.8,0.3,0.8,6.2,6.9,2006-07
101130,152,Johan Petro,1610612760,SEA,81,18.6,2.8,5.4,0.516,0.0,0.0,0.0,0.6,1.0,0.649,1.1,3.0,4.1,0.6,0.5,0.6,1.0,6.2,8.0,2006-07
1725,153,Rasho Nesterovic,1610612761,TOR,80,21.0,2.9,5.3,0.546,0.0,0.0,0.0,0.4,0.6,0.68,1.4,3.1,4.5,0.9,0.5,1.1,0.7,6.2,9.8,2006-07
2742,154,Sebastian Telfair,1610612738,BOS,78,20.2,2.3,6.1,0.371,0.5,1.6,0.289,1.2,1.4,0.818,0.2,1.2,1.4,2.8,0.6,0.1,1.3,6.1,5.7,2006-07
136,155,P.J. Brown,1610612741,CHI,72,20.2,2.4,5.8,0.407,0.0,0.0,0.0,1.3,1.7,0.787,1.8,3.0,4.8,0.7,0.3,0.7,1.2,6.1,7.6,2006-07
101128,156,Francisco Garcia,1610612758,SAC,79,17.8,2.1,4.8,0.429,0.7,1.9,0.356,1.2,1.4,0.833,0.7,1.9,2.6,1.1,0.6,0.5,0.9,6.0,6.9,2006-07
353,157,Darrell Armstrong,1610612754,IND,81,15.7,1.9,4.7,0.414,0.9,2.6,0.336,0.9,1.1,0.785,0.4,1.2,1.7,2.4,0.9,0.1,0.9,5.6,6.7,2006-07
101236,158,Chuck Hayes,1610612745,HOU,78,22.0,2.5,4.3,0.573,0.0,0.0,0.0,0.7,1.1,0.618,2.6,4.1,6.7,0.6,0.9,0.2,0.8,5.6,10.9,2006-07
200749,159,Shelden Williams,1610612737,ATL,81,18.7,2.0,4.5,0.455,0.0,0.0,0.5,1.4,1.8,0.764,1.6,3.8,5.4,0.5,0.6,0.5,1.2,5.5,8.5,2006-07
101142,160,Ronny Turiaf,1610612747,LAL,72,15.1,2.0,3.7,0.549,0.0,0.0,0.0,1.2,1.9,0.664,1.2,2.4,3.6,0.9,0.2,1.1,0.7,5.3,8.1,2006-07
2060,161,Marko Jaric,1610612750,MIN,70,22.2,1.9,4.6,0.418,0.5,1.2,0.376,1.0,1.3,0.761,0.8,1.9,2.6,2.1,1.1,0.2,1.3,5.3,7.0,2006-07
2624,162,Quinton Ross,1610612746,LAC,81,21.0,2.2,4.7,0.467,0.0,0.1,0.2,0.8,1.1,0.782,0.7,1.6,2.3,1.1,0.9,0.4,0.4,5.2,6.8,2006-07
2568,163,Carlos Delfino,1610612765,DET,82,16.7,1.9,4.6,0.415,0.6,1.7,0.333,0.9,1.1,0.787,0.8,2.4,3.2,1.1,0.6,0.1,0.7,5.2,6.5,2006-07
200748,164,Tyrus Thomas,1610612741,CHI,72,13.4,1.9,3.9,0.475,0.0,0.0,0.0,1.5,2.4,0.606,1.2,2.5,3.7,0.6,0.6,1.1,1.3,5.2,6.9,2006-07
1922,165,Francisco Elson,1610612759,SAS,70,19.0,2.1,4.0,0.511,0.0,0.0,0.0,0.9,1.1,0.775,1.2,3.6,4.8,0.8,0.4,0.8,1.2,5.0,8.4,2006-07
2757,166,Beno Udrih,1610612759,SAS,73,13.0,1.7,4.7,0.369,0.5,1.6,0.287,0.7,0.8,0.883,0.2,1.0,1.1,1.7,0.4,0.0,0.8,4.7,4.0,2006-07
101153,167,Mickael Gelabale,1610612760,SEA,70,17.7,1.7,3.8,0.462,0.2,0.7,0.234,0.9,1.2,0.805,0.8,1.6,2.5,0.8,0.3,0.3,0.7,4.6,5.6,2006-07
2570,168,Kendrick Perkins,1610612738,BOS,72,21.9,1.8,3.7,0.491,0.0,0.0,0.0,0.8,1.4,0.6,1.6,3.6,5.2,1.3,0.3,1.3,1.6,4.5,8.6,2006-07
200770,169,Jordan Farmar,1610612747,LAL,72,15.1,1.7,4.1,0.422,0.6,1.9,0.328,0.4,0.5,0.711,0.3,1.3,1.7,1.9,0.6,0.1,1.0,4.4,5.2,2006-07
101177,170,Fabricio Oberto,1610612759,SAS,79,17.3,2.0,3.6,0.562,0.0,0.0,0.0,0.4,0.6,0.647,1.7,3.0,4.7,0.9,0.3,0.3,0.9,4.4,7.9,2006-07
2063,171,Jake Voskuhl,1610612766,CHA,73,14.3,1.7,3.5,0.475,0.0,0.0,0.0,1.1,1.5,0.681,1.2,2.4,3.5,0.6,0.4,0.3,0.8,4.4,6.1,2006-07
1902,172,Jeff Foster,1610612754,IND,75,23.2,1.6,3.5,0.469,0.0,0.0,0.0,1.0,1.6,0.639,3.4,4.7,8.1,0.8,0.8,0.5,0.9,4.3,11.1,2006-07
2756,173,Sasha Vujacic,1610612747,LAL,73,12.8,1.4,3.7,0.392,0.8,2.2,0.373,0.6,0.7,0.878,0.4,1.1,1.5,0.9,0.6,0.0,0.4,4.3,4.5,2006-07
727,174,Eric Snow,1610612739,CLE,82,23.5,1.6,4.0,0.417,0.0,0.0,0.0,0.9,1.4,0.637,0.4,1.9,2.3,4.0,0.7,0.2,1.4,4.2,7.2,2006-07
1761,175,Greg Buckner,1610612742,DAL,76,18.1,1.6,3.9,0.411,0.4,1.4,0.311,0.4,0.4,0.794,0.5,1.6,2.1,0.9,0.6,0.1,0.5,4.0,4.8,2006-07
200757,176,Thabo Sefolosha,1610612741,CHI,71,12.2,1.5,3.6,0.426,0.2,0.6,0.357,0.3,0.6,0.511,0.5,1.7,2.2,0.8,0.5,0.2,0.8,3.6,4.0,2006-07
87,177,Dikembe Mutombo,1610612745,HOU,75,17.2,1.1,2.0,0.556,0.0,0.0,0.0,0.8,1.2,0.69,2.2,4.3,6.5,0.2,0.3,1.0,0.5,3.1,9.3,2006-07
2260,178,Jarron Collins,1610612762,UTA,82,11.1,0.9,2.1,0.441,0.0,0.0,0.0,0.7,1.0,0.651,0.9,1.2,2.1,0.7,0.2,0.1,0.5,2.5,3.6,2006-07
2205,179,DeSagana Diop,1610612742,DAL,81,18.3,0.9,1.9,0.47,0.0,0.0,0.0,0.6,1.1,0.558,2.0,3.4,5.4,0.4,0.5,1.4,0.8,2.3,7.8,2006-07
2215,180,Jason Collins,1610612751,NJN,80,23.1,0.7,1.9,0.364,0.0,0.0,0.0,0.7,1.6,0.465,1.1,2.8,4.0,0.6,0.5,0.5,0.9,2.1,4.7,2006-07
201142,1,Kevin Durant,1610612760,OKC,82,39.5,9.7,20.3,0.476,1.6,4.3,0.365,9.2,10.2,0.9,1.3,6.3,7.6,2.8,1.4,1.0,3.3,30.1,28.0,2009-10
2544,2,LeBron James,1610612739,CLE,76,39.0,10.1,20.1,0.503,1.7,5.1,0.333,7.8,10.2,0.767,0.9,6.4,7.3,8.6,1.6,1.0,3.4,29.7,32.4,2009-10
2546,3,Carmelo Anthony,1610612743,DEN,69,38.2,10.0,21.8,0.458,0.9,2.7,0.316,7.4,8.9,0.83,2.2,4.4,6.6,3.2,1.3,0.4,3.0,28.2,23.3,2009-10
977,4,Kobe Bryant,1610612747,LAL,73,38.8,9.8,21.5,0.456,1.4,4.1,0.329,6.0,7.4,0.811,1.1,4.3,5.4,5.0,1.5,0.3,3.2,27.0,22.9,2009-10
2548,5,Dwyane Wade,1610612748,MIA,77,36.3,9.3,19.6,0.476,0.9,3.2,0.3,6.9,9.1,0.761,1.4,3.5,4.8,6.5,1.8,1.1,3.3,26.6,25.1,2009-10
101145,6,Monta Ellis,1610612744,GSW,64,41.4,9.9,22.0,0.449,1.2,3.6,0.338,4.6,6.1,0.753,0.7,3.3,4.0,5.3,2.2,0.4,3.8,25.5,20.0,2009-10
1717,7,Dirk Nowitzki,1610612742,DAL,81,37.5,8.9,18.5,0.481,0.6,1.5,0.421,6.6,7.2,0.915,1.0,6.7,7.7,2.7,0.9,1.0,1.8,25.0,25.2,2009-10
101122,8,Danny Granger,1610612754,IND,62,36.7,7.9,18.4,0.428,2.5,7.1,0.361,5.9,6.9,0.848,1.1,4.4,5.5,2.8,1.5,0.8,2.5,24.1,20.7,2009-10
2547,9,Chris Bosh,1610612761,TOR,70,36.1,8.6,16.5,0.518,0.1,0.3,0.364,6.7,8.4,0.797,2.9,7.9,10.8,2.4,0.6,1.0,2.4,24.0,26.7,2009-10
2405,10,Amar'e Stoudemire,1610612756,PHX,82,34.6,8.6,15.4,0.557,0.0,0.1,0.167,5.9,7.7,0.771,2.8,6.1,8.9,1.0,0.6,1.0,2.6,23.1,23.5,2009-10
2207,11,Joe Johnson,1610612737,ATL,76,38.0,8.4,18.2,0.458,1.7,4.6,0.369,2.9,3.5,0.818,1.0,3.7,4.6,4.9,1.1,0.1,1.9,21.3,19.5,2009-10
201565,12,Derrick Rose,1610612741,CHI,78,36.8,8.6,17.6,0.489,0.2,0.8,0.267,3.3,4.3,0.766,0.8,2.9,3.8,6.0,0.7,0.3,2.8,20.8,18.8,2009-10
2216,13,Zach Randolph,1610612763,MEM,81,37.7,8.0,16.5,0.488,0.2,0.6,0.288,4.5,5.7,0.778,4.1,7.7,11.7,1.8,1.0,0.4,2.1,20.8,23.9,2009-10
1536,14,Stephen Jackson,1610612766,CHA,81,38.6,7.4,17.5,0.423,1.6,4.9,0.328,4.2,5.4,0.779,1.0,4.0,5.0,3.7,1.6,0.5,3.2,20.6,16.9,2009-10
101135,15,David Lee,1610612752,NYK,81,37.3,8.5,15.5,0.545,0.0,0.1,0.0,3.3,4.1,0.812,2.8,8.9,11.7,3.6,1.0,0.5,2.3,20.2,27.0,2009-10
201936,16,Tyreke Evans,1610612758,SAC,72,37.2,7.4,16.2,0.458,0.5,2.0,0.255,4.8,6.5,0.748,0.9,4.4,5.3,5.8,1.5,0.4,3.0,20.1,19.6,2009-10
1894,17,Corey Maggette,1610612744,GSW,70,29.7,6.5,12.7,0.516,0.2,0.7,0.26,6.6,7.9,0.835,1.3,4.0,5.3,2.5,0.7,0.1,2.4,19.8,18.6,2009-10
200752,18,Rudy Gay,1610612763,MEM,80,39.7,7.5,16.1,0.466,0.8,2.5,0.327,3.8,5.0,0.753,1.4,4.5,5.9,1.9,1.5,0.8,2.1,19.6,17.7,2009-10
201166,19,Aaron Brooks,1610612745,HOU,82,35.6,7.0,16.2,0.432,2.5,6.4,0.398,3.0,3.6,0.822,0.7,2.0,2.6,5.3,0.8,0.2,2.8,19.6,15.8,2009-10
1497,20,Chauncey Billups,1610612743,DEN,73,34.1,5.5,13.2,0.418,2.2,5.6,0.386,6.4,7.0,0.91,0.3,2.8,3.1,5.6,1.1,0.1,2.4,19.5,18.8,2009-10
2430,21,Carlos Boozer,1610612762,UTA,78,34.3,7.9,14.1,0.562,0.0,0.0,0.0,3.7,4.9,0.742,2.3,8.9,11.2,3.2,1.1,0.5,2.7,19.5,25.2,2009-10
2561,22,David West,1610612740,NOH,81,36.4,7.6,15.1,0.505,0.1,0.3,0.259,3.7,4.2,0.865,2.0,5.4,7.5,3.0,0.9,0.7,2.1,19.0,20.9,2009-10
201572,23,Brook Lopez,1610612751,NJN,82,36.9,6.9,13.8,0.499,0.0,0.0,0.0,5.1,6.2,0.817,3.3,5.4,8.6,2.3,0.7,1.7,2.5,18.8,21.6,2009-10
101114,24,Deron Williams,1610612762,UTA,76,36.9,6.5,13.9,0.469,1.3,3.4,0.371,4.4,5.5,0.801,0.7,3.3,4.0,10.5,1.3,0.2,3.3,18.7,22.9,2009-10
2549,25,Chris Kaman,1610612746,LAC,76,34.3,7.8,15.8,0.49,0.0,0.1,0.0,3.0,4.0,0.749,2.4,6.8,9.3,1.6,0.5,1.2,2.9,18.5,19.1,2009-10
2730,26,Dwight Howard,1610612753,ORL,82,34.7,6.2,10.2,0.612,0.0,0.1,0.0,5.9,10.0,0.592,3.5,9.7,13.2,1.8,0.9,2.8,3.3,18.3,25.6,2009-10
1718,27,Paul Pierce,1610612738,BOS,71,34.0,5.8,12.2,0.472,1.5,3.7,0.414,5.2,6.1,0.852,0.5,3.8,4.4,3.1,1.2,0.4,2.3,18.3,17.6,2009-10
2222,28,Gerald Wallace,1610612766,CHA,76,41.0,6.0,12.4,0.484,0.7,1.8,0.371,5.6,7.2,0.776,2.0,8.1,10.0,2.1,1.5,1.1,2.3,18.2,22.7,2009-10
2037,29,Jamal Crawford,1610612737,ATL,79,31.1,6.3,14.0,0.449,2.1,5.4,0.382,3.4,4.0,0.857,0.4,2.1,2.5,3.0,0.8,0.2,1.7,18.0,14.5,2009-10
1495,30,Tim Duncan,1610612759,SAS,78,31.3,7.2,13.9,0.518,0.0,0.1,0.182,3.5,4.8,0.725,2.8,7.3,10.1,3.2,0.6,1.5,1.8,17.9,23.4,2009-10
200746,31,LaMarcus Aldridge,1610612757,POR,78,37.5,7.4,15.0,0.495,0.1,0.2,0.313,2.9,3.9,0.757,2.5,5.6,8.0,2.1,0.9,0.6,1.3,17.9,19.6,2009-10
1733,32,Al Harrington,1610612752,NYK,72,30.5,6.2,14.3,0.435,1.9,5.7,0.342,3.3,4.4,0.757,1.2,4.4,5.6,1.5,0.9,0.4,1.8,17.7,15.1,2009-10
2736,33,Luol Deng,1610612741,CHI,70,37.9,6.8,14.5,0.466,0.5,1.2,0.386,3.6,4.7,0.764,1.9,5.4,7.3,2.0,0.9,0.9,1.9,17.6,18.0,2009-10
201939,34,Stephen Curry,1610612744,GSW,80,36.2,6.6,14.3,0.462,2.1,4.8,0.437,2.2,2.5,0.885,0.6,3.9,4.5,5.9,1.9,0.2,3.0,17.5,19.0,2009-10
201564,35,O.J. Mayo,1610612763,MEM,82,38.0,6.6,14.4,0.458,1.7,4.3,0.383,2.6,3.2,0.809,0.7,3.0,3.8,3.0,1.2,0.2,2.1,17.5,15.0,2009-10
200745,36,Andrea Bargnani,1610612761,TOR,80,35.0,6.7,14.3,0.47,1.5,4.1,0.372,2.3,2.9,0.774,1.3,4.9,6.2,1.2,0.3,1.4,1.5,17.2,16.5,2009-10
2744,37,Al Jefferson,1610612750,MIN,76,32.4,7.4,14.8,0.498,0.0,0.1,0.0,2.4,3.5,0.68,2.4,6.9,9.3,1.8,0.8,1.3,1.8,17.1,19.9,2009-10
2738,38,Andre Iguodala,1610612755,PHI,82,38.9,6.0,13.7,0.443,1.1,3.7,0.31,3.8,5.2,0.733,1.0,5.5,6.5,5.8,1.7,0.7,2.7,17.1,20.0,2009-10
201171,39,Carl Landry,1610612758,SAC,80,30.9,6.2,11.6,0.536,0.0,0.0,0.333,4.3,5.3,0.806,2.4,3.5,5.9,0.8,0.7,0.8,1.7,16.8,16.8,2009-10
201155,40,Rodney Stuckey,1610612765,DET,73,34.2,6.2,15.2,0.405,0.2,1.1,0.228,4.1,4.9,0.833,0.9,2.9,3.8,4.8,1.4,0.2,2.2,16.6,14.7,2009-10
1891,41,Jason Terry,1610612742,DAL,77,33.0,5.9,13.5,0.438,1.8,4.8,0.365,3.0,3.5,0.866,0.2,1.6,1.8,3.8,1.2,0.2,1.4,16.6,14.2,2009-10
1713,42,Vince Carter,1610612753,ORL,75,30.8,5.8,13.5,0.428,1.6,4.3,0.367,3.4,4.1,0.84,0.4,3.5,3.9,3.1,0.7,0.2,1.4,16.6,14.8,2009-10
1938,43,Manu Ginobili,1610612759,SAS,75,28.7,5.3,12.0,0.441,1.8,4.7,0.377,4.1,4.7,0.87,0.9,2.9,3.8,4.9,1.4,0.3,2.1,16.5,17.5,2009-10
959,44,Steve Nash,1610612756,PHX,81,32.8,6.2,12.2,0.507,1.5,3.6,0.426,2.6,2.8,0.938,0.4,2.9,3.3,11.0,0.5,0.1,3.6,16.5,21.6,2009-10
951,45,Ray Allen,1610612738,BOS,80,35.2,5.8,12.2,0.477,1.8,5.0,0.363,2.9,3.2,0.913,0.6,2.6,3.2,2.6,0.8,0.3,1.6,16.3,15.0,2009-10
2406,46,Caron Butler,1610612742,DAL,74,37.6,6.1,14.2,0.428,0.6,2.0,0.29,3.6,4.3,0.838,1.4,4.8,6.2,2.1,1.6,0.3,2.2,16.3,15.6,2009-10
2449,47,Luis Scola,1610612745,HOU,82,32.6,6.8,13.3,0.514,0.0,0.1,0.2,2.5,3.3,0.779,2.1,6.5,8.6,2.1,0.8,0.3,2.0,16.2,18.8,2009-10
201566,48,Russell Westbrook,1610612760,OKC,82,34.3,5.9,14.1,0.418,0.3,1.3,0.221,4.0,5.1,0.78,1.7,3.1,4.9,8.0,1.3,0.4,3.3,16.1,18.1,2009-10
2202,49,Jason Richardson,1610612756,PHX,79,31.5,6.0,12.6,0.474,2.0,5.1,0.393,1.7,2.3,0.739,1.0,4.1,5.1,1.8,0.8,0.4,1.2,15.7,15.4,2009-10
2746,50,Josh Smith,1610612737,ATL,81,35.4,6.2,12.3,0.505,0.0,0.1,0.0,3.2,5.2,0.618,2.8,6.0,8.7,4.2,1.6,2.1,2.4,15.7,21.8,2009-10
201943,51,Brandon Jennings,1610612749,MIL,82,32.6,5.5,14.8,0.371,1.8,4.7,0.374,2.7,3.3,0.817,0.6,2.8,3.4,5.7,1.3,0.2,2.4,15.5,13.8,2009-10
2747,52,JR Smith,1610612743,DEN,75,27.8,5.7,13.8,0.414,2.1,6.2,0.338,1.9,2.7,0.706,0.4,2.7,3.1,2.4,1.3,0.3,1.9,15.4,11.9,2009-10
2422,53,John Salmons,1610612749,MIL,81,34.9,5.4,12.2,0.441,1.5,3.8,0.382,3.1,3.8,0.83,0.4,2.9,3.3,2.8,1.2,0.3,1.5,15.4,14.0,2009-10
1884,54,Baron Davis,1610612746,LAC,75,33.6,5.5,13.5,0.406,1.1,3.9,0.277,3.2,3.9,0.821,0.7,2.9,3.5,8.0,1.7,0.6,2.8,15.3,17.5,2009-10
201145,55,Jeff Green,1610612760,OKC,82,37.1,5.9,13.0,0.453,1.3,3.8,0.333,2.0,2.7,0.74,1.4,4.6,6.0,1.6,1.3,0.9,1.6,15.1,15.4,2009-10
201568,56,Danilo Gallinari,1610612752,NYK,81,33.9,4.8,11.4,0.423,2.3,6.0,0.381,3.1,3.8,0.818,0.8,4.1,4.9,1.7,0.9,0.7,1.4,15.1,14.6,2009-10
2772,57,Trevor Ariza,1610612745,HOU,72,36.5,5.5,13.9,0.394,1.9,5.7,0.334,2.1,3.2,0.649,1.1,4.5,5.6,3.8,1.8,0.6,2.2,14.9,14.9,2009-10
201563,58,Michael Beasley,1610612748,MIA,78,29.8,6.0,13.3,0.45,0.4,1.3,0.275,2.5,3.1,0.8,1.6,4.8,6.4,1.3,1.0,0.6,1.7,14.8,14.5,2009-10
2211,59,Troy Murphy,1610612754,IND,72,32.6,5.3,11.3,0.472,1.8,4.6,0.384,2.1,2.7,0.798,1.8,8.4,10.2,2.1,1.0,0.5,1.4,14.6,20.5,2009-10
201977,60,Marcus Thornton,1610612740,NOH,73,25.6,5.5,12.1,0.451,1.6,4.3,0.374,2.0,2.4,0.814,1.0,1.9,2.9,1.6,0.8,0.2,1.0,14.5,11.7,2009-10
201143,61,Al Horford,1610612737,ATL,81,35.1,5.8,10.5,0.551,0.0,0.0,1.0,2.6,3.3,0.789,2.9,7.0,9.9,2.3,0.7,1.1,1.5,14.2,21.3,2009-10
101154,62,Andray Blatche,1610612764,WAS,81,27.9,5.9,12.3,0.478,0.2,0.5,0.295,2.1,2.9,0.744,2.0,4.3,6.3,2.1,1.0,0.9,2.2,14.1,15.0,2009-10
1740,63,Rashard Lewis,1610612753,ORL,72,32.9,4.9,11.2,0.435,2.3,5.9,0.397,2.0,2.5,0.806,0.9,3.6,4.4,1.5,1.1,0.4,1.5,14.1,13.1,2009-10
1889,64,Andre Miller,1610612757,POR,82,30.5,4.9,11.1,0.445,0.2,1.0,0.2,3.9,4.8,0.821,1.0,2.3,3.2,5.4,1.1,0.1,2.1,14.0,14.8,2009-10
2403,65,Nene,1610612743,DEN,82,33.6,5.1,8.7,0.587,0.0,0.0,0.0,3.6,5.1,0.704,2.0,5.6,7.6,2.5,1.4,1.0,1.5,13.8,19.7,2009-10
200765,66,Rajon Rondo,1610612738,BOS,81,36.6,5.7,11.2,0.508,0.2,1.0,0.213,2.2,3.5,0.621,1.2,3.2,4.4,9.8,2.3,0.1,3.0,13.7,20.6,2009-10
979,67,Jermaine O'Neal,1610612748,MIA,70,28.4,5.6,10.6,0.529,0.0,0.0,0.0,2.3,3.2,0.72,1.8,5.2,6.9,1.3,0.4,1.4,1.8,13.6,15.8,2009-10
2246,68,Mehmet Okur,1610612762,UTA,73,29.4,4.9,10.6,0.458,1.1,2.9,0.385,2.7,3.3,0.82,1.8,5.2,7.1,1.6,0.5,1.1,1.7,13.5,15.8,2009-10
201938,69,Jonny Flynn,1610612750,MIN,81,28.9,4.9,11.8,0.417,1.0,2.7,0.358,2.8,3.3,0.826,0.3,2.1,2.4,4.4,1.0,0.0,2.9,13.5,11.0,2009-10
1882,70,Elton Brand,1610612755,PHI,76,30.2,5.4,11.3,0.48,0.0,0.0,0.0,2.3,3.1,0.738,2.4,3.7,6.1,1.4,1.1,1.1,1.7,13.1,14.3,2009-10
201147,71,Corey Brewer,1610612750,MIN,82,30.3,5.0,11.6,0.431,1.0,2.9,0.346,2.0,3.1,0.648,0.9,2.5,3.4,2.4,1.4,0.4,2.0,13.0,10.9,2009-10
2757,72,Beno Udrih,1610612758,SAC,79,31.4,5.3,10.6,0.493,0.9,2.5,0.377,1.5,1.8,0.837,0.5,2.3,2.8,4.7,1.1,0.1,1.7,12.9,14.3,2009-10
201574,73,Jason Thompson,1610612758,SAC,75,31.4,4.9,10.5,0.472,0.0,0.1,0.1,2.6,3.7,0.715,3.0,5.5,8.5,1.7,0.5,1.0,1.9,12.5,15.8,2009-10
201584,74,Courtney Lee,1610612751,NJN,71,33.5,4.8,10.9,0.436,1.1,3.2,0.338,1.9,2.2,0.869,0.8,2.7,3.5,1.7,1.3,0.3,1.1,12.5,11.8,2009-10
201954,75,Darren Collison,1610612740,NOH,76,27.8,4.9,10.4,0.477,0.6,1.5,0.4,1.9,2.3,0.851,0.5,2.0,2.5,5.7,1.0,0.1,2.7,12.4,13.3,2009-10
201588,76,George Hill,1610612759,SAS,78,29.2,4.5,9.5,0.478,1.0,2.4,0.399,2.3,3.0,0.772,0.5,2.1,2.6,2.9,0.9,0.3,1.3,12.4,12.2,2009-10
2210,77,Richard Jefferson,1610612759,SAS,81,31.1,4.5,9.6,0.467,0.7,2.3,0.316,2.6,3.5,0.735,0.7,3.7,4.4,2.0,0.6,0.5,1.3,12.3,12.3,2009-10
101109,78,Raymond Felton,1610612766,CHA,80,33.0,4.9,10.6,0.459,0.8,2.0,0.385,1.7,2.2,0.763,0.7,2.9,3.6,5.6,1.5,0.3,2.1,12.1,14.8,2009-10
201144,79,Mike Conley,1610612763,MEM,80,32.1,4.6,10.4,0.445,1.0,2.7,0.387,1.7,2.3,0.743,0.4,2.0,2.4,5.3,1.4,0.2,2.1,12.0,12.7,2009-10
1890,80,Shawn Marion,1610612742,DAL,75,31.8,5.3,10.4,0.508,0.0,0.3,0.158,1.4,1.9,0.755,2.1,4.3,6.4,1.4,0.9,0.8,1.3,12.0,14.6,2009-10
2446,81,Rasual Butler,1610612746,LAC,82,33.0,4.3,10.6,0.409,1.8,5.3,0.336,1.5,1.8,0.841,0.5,2.5,2.9,1.4,0.4,0.8,1.0,11.9,10.0,2009-10
101111,82,Charlie Villanueva,1610612765,DET,78,23.7,4.7,10.6,0.439,1.3,3.6,0.351,1.4,1.7,0.815,1.1,3.6,4.7,0.7,0.6,0.7,0.9,11.9,11.4,2009-10
201579,83,Roy Hibbert,1610612754,IND,81,25.1,4.8,9.7,0.495,0.0,0.1,0.5,2.1,2.8,0.754,2.2,3.5,5.7,2.0,0.4,1.6,1.8,11.7,14.0,2009-10
200794,84,Paul Millsap,1610612762,UTA,82,27.8,4.7,8.7,0.538,0.0,0.1,0.111,2.2,3.2,0.693,2.3,4.5,6.8,1.6,0.8,1.2,1.4,11.6,15.6,2009-10
101127,85,Jarrett Jack,1610612761,TOR,82,27.4,3.9,8.2,0.481,1.0,2.4,0.412,2.5,2.9,0.842,0.4,2.3,2.7,5.0,0.7,0.1,2.0,11.4,13.2,2009-10
2045,86,Hedo Turkoglu,1610612761,TOR,74,30.7,3.7,9.1,0.409,1.5,3.9,0.374,2.4,3.1,0.774,0.6,4.1,4.6,4.1,0.7,0.4,1.7,11.3,13.4,2009-10
2564,87,Boris Diaw,1610612766,CHA,82,35.4,4.5,9.4,0.483,0.8,2.5,0.32,1.4,1.8,0.769,1.6,3.6,5.2,4.0,0.7,0.7,2.2,11.3,14.4,2009-10
255,88,Grant Hill,1610612756,PHX,81,30.0,4.1,8.7,0.478,0.4,1.0,0.438,2.5,3.1,0.817,0.9,4.6,5.5,2.4,0.7,0.4,1.3,11.3,13.9,2009-10
101112,89,Channing Frye,1610612756,PHX,81,27.0,3.9,8.7,0.451,2.1,4.8,0.439,1.2,1.5,0.81,0.8,4.5,5.3,1.4,0.8,0.9,0.9,11.2,13.6,2009-10
2568,90,Carlos Delfino,1610612749,MIL,75,30.4,4.0,9.8,0.408,1.8,4.9,0.367,1.2,1.6,0.782,0.7,4.6,5.3,2.7,1.1,0.3,1.6,11.0,12.6,2009-10
1897,91,Metta World Peace,1610612747,LAL,77,33.8,4.0,9.6,0.414,1.4,3.8,0.355,1.7,2.4,0.688,1.3,3.0,4.3,3.0,1.4,0.3,1.6,11.0,12.0,2009-10
101155,92,Ryan Gomes,1610612750,MIN,76,29.1,4.3,9.6,0.447,1.0,2.6,0.372,1.4,1.7,0.825,1.0,3.6,4.6,1.6,0.8,0.2,1.3,10.9,11.3,2009-10
2400,93,Drew Gooden,1610612746,LAC,70,25.1,4.1,8.6,0.478,0.0,0.1,0.125,2.7,3.1,0.861,3.0,4.8,7.7,0.7,0.6,0.8,1.5,10.9,14.3,2009-10
2550,94,Kirk Hinrich,1610612741,CHI,74,33.5,4.2,10.2,0.409,1.4,3.8,0.371,1.1,1.5,0.752,0.3,3.2,3.5,4.5,1.1,0.3,1.5,10.9,12.4,2009-10
1885,95,Lamar Odom,1610612747,LAL,82,31.5,4.2,9.0,0.463,0.7,2.2,0.319,1.7,2.5,0.693,2.2,7.5,9.8,3.3,0.9,0.7,1.8,10.8,18.0,2009-10
201154,96,Al Thornton,1610612764,WAS,75,27.7,4.3,9.0,0.473,0.1,0.4,0.355,2.0,2.8,0.725,1.5,2.4,3.9,1.2,0.6,0.5,1.4,10.7,10.0,2009-10
2557,97,Luke Ridnour,1610612749,MIL,82,21.5,4.0,8.4,0.478,0.8,2.2,0.381,1.5,1.7,0.907,0.3,1.5,1.7,4.0,0.7,0.1,1.3,10.4,11.0,2009-10
101141,98,Ersan Ilyasova,1610612749,MIL,81,23.4,4.0,9.0,0.443,1.0,3.0,0.336,1.4,2.0,0.715,1.9,4.4,6.4,1.0,0.7,0.3,0.9,10.4,12.3,2009-10
2731,99,Emeka Okafor,1610612740,NOH,82,28.9,4.2,8.0,0.53,0.0,0.0,0.0,1.9,3.3,0.562,3.1,6.0,9.0,0.7,0.7,1.5,1.4,10.4,15.7,2009-10
467,100,Jason Kidd,1610612742,DAL,80,36.0,3.6,8.4,0.423,2.2,5.2,0.425,1.0,1.2,0.808,0.6,5.0,5.6,9.1,1.8,0.4,2.4,10.3,19.7,2009-10
201956,101,Omri Casspi,1610612758,SAC,77,25.1,3.9,8.7,0.446,1.0,2.6,0.369,1.5,2.3,0.672,1.0,3.6,4.5,1.2,0.7,0.2,1.3,10.3,10.1,2009-10
2563,102,Dahntay Jones,1610612754,IND,76,24.9,3.8,8.2,0.461,0.1,0.4,0.125,2.6,3.4,0.77,0.6,2.4,3.0,2.0,0.5,0.5,1.7,10.2,9.3,2009-10
2570,103,Kendrick Perkins,1610612738,BOS,78,27.6,4.0,6.7,0.602,0.0,0.0,0.0,2.1,3.6,0.582,2.0,5.6,7.6,1.0,0.3,1.7,2.1,10.1,14.5,2009-10
101107,104,Marvin Williams,1610612737,ATL,81,30.5,3.7,8.2,0.455,0.5,1.6,0.303,2.2,2.7,0.819,1.3,3.8,5.1,1.1,0.8,0.6,0.9,10.1,12.0,2009-10
200751,105,Randy Foye,1610612764,WAS,70,23.8,3.7,8.8,0.414,0.9,2.6,0.346,1.8,2.1,0.89,0.2,1.6,1.9,3.3,0.5,0.1,1.3,10.1,9.0,2009-10
201150,106,Spencer Hawes,1610612758,SAC,72,26.4,4.3,9.3,0.468,0.4,1.2,0.299,1.0,1.5,0.689,2.0,4.0,6.1,2.2,0.4,1.2,1.8,10.0,12.7,2009-10
2436,107,Flip Murray,1610612741,CHI,75,22.3,3.6,9.1,0.392,0.9,2.9,0.312,1.9,2.6,0.727,0.4,2.1,2.4,1.8,0.6,0.2,1.2,9.9,7.6,2009-10
201935,108,James Harden,1610612760,OKC,76,22.9,3.1,7.6,0.403,1.2,3.3,0.375,2.6,3.2,0.808,0.6,2.6,3.2,1.8,1.1,0.3,1.4,9.9,9.7,2009-10
2617,109,Udonis Haslem,1610612748,MIA,78,27.9,4.0,8.1,0.494,0.0,0.0,0.0,1.9,2.5,0.762,2.1,5.9,8.1,0.7,0.4,0.3,1.0,9.9,13.6,2009-10
101124,110,Hakim Warrick,1610612741,CHI,76,20.5,3.5,7.2,0.482,0.0,0.1,0.143,2.7,3.6,0.737,1.7,2.5,4.1,0.7,0.3,0.2,1.1,9.6,9.3,2009-10
200755,111,JJ Redick,1610612753,ORL,82,22.0,3.0,6.7,0.439,1.4,3.3,0.405,2.3,2.7,0.86,0.2,1.7,1.9,1.9,0.3,0.0,0.8,9.6,8.9,2009-10
201575,112,Brandon Rush,1610612754,IND,82,30.4,3.6,8.6,0.423,1.5,3.7,0.411,0.7,1.1,0.629,0.5,3.7,4.2,1.4,0.7,0.8,1.1,9.4,10.0,2009-10
202083,113,Wesley Matthews,1610612762,UTA,82,24.7,3.3,6.9,0.483,0.8,2.0,0.382,2.0,2.4,0.829,0.6,1.7,2.3,1.5,0.8,0.2,1.1,9.4,9.1,2009-10
101110,114,Martell Webster,1610612757,POR,82,24.5,3.2,7.8,0.405,1.5,4.0,0.373,1.5,1.9,0.813,0.6,2.7,3.3,0.8,0.5,0.5,0.7,9.4,8.7,2009-10
201973,115,Jonas Jerebko,1610612765,DET,80,27.9,3.6,7.5,0.481,0.5,1.4,0.313,1.6,2.2,0.71,2.4,3.6,6.0,0.7,1.0,0.4,1.0,9.3,11.7,2009-10
2217,116,Brendan Haywood,1610612742,DAL,77,30.6,3.6,6.4,0.562,0.0,0.0,0.0,2.0,3.2,0.62,3.6,5.7,9.3,0.6,0.3,2.1,1.3,9.1,16.1,2009-10
1710,117,Mike Bibby,1610612737,ATL,80,27.4,3.4,8.1,0.416,1.6,4.1,0.389,0.9,1.0,0.861,0.3,2.1,2.3,3.9,0.8,0.0,1.1,9.1,10.2,2009-10
739,118,Rasheed Wallace,1610612738,BOS,79,22.5,3.4,8.2,0.409,1.0,3.7,0.283,1.2,1.6,0.768,0.5,3.6,4.1,1.0,1.0,0.9,0.8,9.0,10.0,2009-10
201959,119,Taj Gibson,1610612741,CHI,82,26.9,3.8,7.7,0.494,0.0,0.0,0.0,1.4,2.1,0.646,2.8,4.7,7.5,0.9,0.6,1.3,1.4,9.0,13.1,2009-10
2047,120,Quentin Richardson,1610612748,MIA,76,27.4,3.2,7.4,0.431,1.9,4.7,0.397,0.7,0.9,0.732,0.8,4.1,4.9,1.2,0.9,0.2,0.8,8.9,11.0,2009-10
201978,121,Chase Budinger,1610612745,HOU,74,20.1,3.4,7.6,0.441,1.2,3.4,0.369,0.9,1.2,0.77,0.5,2.5,3.0,1.2,0.5,0.1,0.6,8.9,8.5,2009-10
2440,122,Matt Barnes,1610612753,ORL,81,25.9,3.3,6.9,0.487,0.8,2.6,0.319,1.3,1.8,0.74,1.3,4.2,5.5,1.7,0.7,0.4,1.4,8.8,11.7,2009-10
201167,123,Arron Afflalo,1610612743,DEN,82,27.1,3.3,7.1,0.465,1.3,3.0,0.434,0.9,1.2,0.735,0.7,2.4,3.1,1.7,0.6,0.4,0.9,8.8,9.5,2009-10
1802,124,Brad Miller,1610612741,CHI,82,23.8,3.0,7.1,0.43,0.5,1.6,0.28,2.2,2.7,0.827,1.0,3.9,4.9,1.9,0.5,0.4,1.3,8.8,10.6,2009-10
2584,125,Willie Green,1610612755,PHI,73,21.3,3.4,7.4,0.457,0.6,1.9,0.346,1.3,1.6,0.833,0.3,1.5,1.8,2.1,0.4,0.2,0.9,8.7,8.0,2009-10
2554,126,Mickael Pietrus,1610612753,ORL,75,22.5,3.1,7.2,0.432,1.5,4.1,0.379,0.9,1.5,0.633,0.5,2.3,2.9,0.7,0.7,0.4,0.9,8.7,7.8,2009-10
201156,127,Nick Young,1610612764,WAS,74,19.2,3.1,7.5,0.418,0.9,2.3,0.406,1.4,1.8,0.8,0.3,1.1,1.4,0.6,0.4,0.1,0.8,8.6,5.6,2009-10
201942,128,DeMar DeRozan,1610612761,TOR,77,21.6,3.3,6.6,0.498,0.1,0.2,0.25,1.9,2.5,0.763,0.9,2.0,2.9,0.7,0.6,0.2,0.8,8.6,8.2,2009-10
2760,129,Anderson Varejao,1610612739,CLE,76,28.5,3.5,6.1,0.572,0.0,0.1,0.2,1.5,2.3,0.663,2.5,5.1,7.6,1.1,0.9,0.9,0.9,8.6,14.8,2009-10
201573,130,Jerryd Bayless,1610612757,POR,74,17.6,2.7,6.5,0.414,0.4,1.2,0.315,2.7,3.3,0.831,0.2,1.4,1.6,2.3,0.4,0.1,1.3,8.5,7.2,2009-10
201590,131,Donte Greene,1610612758,SAC,76,21.4,3.2,7.3,0.441,0.9,2.4,0.377,1.2,1.8,0.643,0.7,2.4,3.1,0.9,0.5,0.7,1.2,8.5,7.8,2009-10
201581,132,JJ Hickson,1610612739,CLE,81,20.9,3.6,6.4,0.554,0.0,0.0,0.0,1.4,2.0,0.681,1.4,3.6,4.9,0.5,0.4,0.5,1.1,8.5,10.2,2009-10
2804,133,Andres Nocioni,1610612758,SAC,75,19.7,3.1,7.8,0.399,1.3,3.3,0.386,0.9,1.3,0.717,0.4,2.5,3.0,1.0,0.4,0.3,0.9,8.5,7.2,2009-10
201944,134,Terrence Williams,1610612751,NJN,78,22.6,3.3,8.3,0.401,0.4,1.3,0.31,1.3,1.8,0.715,0.6,3.9,4.5,2.9,0.6,0.1,1.6,8.4,9.3,2009-10
2420,135,Nenad Krstic,1610612760,OKC,76,22.9,3.7,7.4,0.502,0.0,0.1,0.2,1.0,1.4,0.717,1.8,3.3,5.0,0.7,0.4,0.6,0.8,8.4,10.3,2009-10
201162,136,Jared Dudley,1610612756,PHX,82,24.3,2.7,6.0,0.459,1.5,3.2,0.458,1.3,1.7,0.754,1.2,2.2,3.4,1.4,1.0,0.2,0.8,8.2,9.8,2009-10
201196,136,Ramon Sessions,1610612750,MIN,82,21.1,3.1,6.8,0.456,0.0,0.2,0.067,2.0,2.8,0.717,0.7,1.9,2.6,3.1,0.7,0.1,1.7,8.2,8.5,2009-10
2223,138,Samuel Dalembert,1610612755,PHI,82,25.9,3.5,6.4,0.545,0.0,0.0,0.0,1.2,1.6,0.729,2.9,6.6,9.6,0.8,0.5,1.8,1.5,8.1,16.0,2009-10
200769,138,Shannon Brown,1610612747,LAL,82,20.7,3.1,7.2,0.427,0.8,2.3,0.328,1.2,1.5,0.818,0.4,1.9,2.2,1.3,0.7,0.4,0.8,8.1,7.5,2009-10
201950,140,Jrue Holiday,1610612755,PHI,73,24.2,3.2,7.1,0.442,0.8,2.2,0.39,0.9,1.2,0.756,0.8,1.8,2.6,3.8,1.1,0.2,2.1,8.0,9.4,2009-10
201609,141,Goran Dragic,1610612756,PHX,80,18.0,2.8,6.1,0.452,0.9,2.4,0.394,1.5,2.0,0.736,0.5,1.7,2.1,3.0,0.6,0.1,1.6,7.9,8.3,2009-10
2248,142,Earl Watson,1610612754,IND,79,29.4,2.8,6.6,0.426,0.7,2.3,0.288,1.5,2.1,0.71,0.7,2.4,3.0,5.1,1.3,0.2,2.2,7.8,10.8,2009-10
200783,143,Craig Smith,1610612746,LAC,75,16.4,3.0,5.3,0.569,0.0,0.1,0.2,1.8,2.8,0.635,1.3,2.5,3.8,1.1,0.4,0.3,1.2,7.8,9.1,2009-10
201971,144,DeJuan Blair,1610612759,SAS,82,18.2,3.4,6.0,0.556,0.0,0.0,0.0,1.1,2.0,0.547,2.4,4.0,6.4,0.8,0.6,0.5,1.4,7.8,11.1,2009-10
200826,145,J.J. Barea,1610612742,DAL,78,19.8,3.0,6.8,0.44,0.7,2.0,0.357,1.0,1.2,0.844,0.2,1.7,1.9,3.3,0.4,0.1,1.3,7.6,8.1,2009-10
948,146,Marcus Camby,1610612757,POR,74,31.3,3.2,6.8,0.475,0.0,0.1,0.286,1.1,1.6,0.639,3.4,8.4,11.8,2.5,1.3,2.0,1.2,7.5,19.7,2009-10
965,147,Derek Fisher,1610612747,LAL,82,27.2,2.6,6.8,0.38,1.0,2.7,0.348,1.4,1.6,0.856,0.3,1.8,2.1,2.5,1.1,0.1,1.0,7.5,7.8,2009-10
201970,148,Sam Young,1610612763,MEM,80,16.5,2.8,6.2,0.451,0.1,0.7,0.196,1.7,2.2,0.777,1.0,1.6,2.5,0.7,0.4,0.3,1.2,7.4,6.2,2009-10
1515,149,Anthony Parker,1610612739,CLE,81,28.3,2.5,5.9,0.434,1.3,3.2,0.414,0.9,1.2,0.789,0.4,2.5,2.9,1.9,0.8,0.2,0.9,7.3,8.7,2009-10
2581,150,Steve Blake,1610612746,LAC,80,27.0,2.7,6.5,0.416,1.5,3.7,0.395,0.5,0.6,0.75,0.3,2.1,2.3,4.8,0.7,0.1,1.6,7.3,9.7,2009-10
2443,151,Darius Songaila,1610612740,NOH,75,18.8,3.2,6.5,0.494,0.0,0.1,0.167,0.8,1.0,0.811,0.8,2.3,3.1,0.9,0.8,0.2,1.1,7.2,7.7,2009-10
200770,152,Jordan Farmar,1610612747,LAL,82,18.0,2.7,6.3,0.435,1.0,2.8,0.376,0.7,1.0,0.671,0.2,1.4,1.6,1.5,0.6,0.1,0.9,7.2,6.4,2009-10
201596,153,Mario Chalmers,1610612748,MIA,73,24.8,2.5,6.2,0.401,1.0,3.2,0.318,1.1,1.5,0.745,0.3,1.5,1.8,3.4,1.2,0.2,1.7,7.1,8.0,2009-10
2748,154,Dorell Wright,1610612748,MIA,72,20.8,2.7,5.8,0.463,0.8,2.2,0.389,0.8,1.0,0.884,0.7,2.6,3.3,1.3,0.7,0.4,0.7,7.1,8.8,2009-10
101131,155,Jason Maxiell,1610612765,DET,76,20.4,2.8,5.5,0.511,0.0,0.0,0.0,1.2,2.0,0.574,2.1,3.2,5.3,0.5,0.5,0.5,0.9,6.8,9.1,2009-10
201961,156,Wayne Ellington,1610612750,MIN,76,18.2,2.5,5.9,0.424,0.8,2.1,0.395,0.8,0.9,0.871,0.4,1.7,2.1,1.0,0.3,0.1,1.0,6.6,5.6,2009-10
2294,157,Charlie Bell,1610612749,MIL,71,22.7,2.4,6.2,0.381,1.0,2.8,0.365,0.7,0.9,0.716,0.4,1.4,1.9,1.5,0.5,0.2,0.8,6.5,5.6,2009-10
201571,158,D.J. Augustin,1610612766,CHA,80,18.4,2.1,5.4,0.386,0.9,2.2,0.393,1.3,1.6,0.779,0.1,1.1,1.2,2.4,0.6,0.1,0.9,6.4,6.0,2009-10
2427,159,Roger Mason Jr.,1610612759,SAS,79,19.2,2.4,6.3,0.389,1.1,3.3,0.333,0.3,0.4,0.794,0.1,1.9,2.1,1.7,0.4,0.2,0.7,6.3,6.0,2009-10
201586,160,Serge Ibaka,1610612760,OKC,73,18.1,2.8,5.1,0.543,0.0,0.0,0.5,0.8,1.3,0.63,1.9,3.5,5.4,0.1,0.3,1.3,0.9,6.3,9.8,2009-10
101161,161,Amir Johnson,1610612761,TOR,82,17.7,2.5,4.1,0.623,0.0,0.0,0.0,1.2,1.8,0.638,1.9,2.9,4.8,0.6,0.5,0.8,0.8,6.2,10.0,2009-10
201601,162,Luc Mbah a Moute,1610612749,MIL,73,25.6,2.4,5.1,0.48,0.1,0.2,0.353,1.3,1.8,0.699,2.3,3.1,5.5,1.1,0.8,0.5,1.0,6.2,10.0,2009-10
200797,163,Ryan Hollins,1610612750,MIN,73,16.8,2.3,4.2,0.558,0.0,0.0,0.0,1.5,2.2,0.69,1.1,1.8,2.8,0.7,0.3,0.5,1.3,6.1,6.6,2009-10
2306,164,Carlos Arroyo,1610612748,MIA,72,22.0,2.5,5.2,0.475,0.1,0.3,0.28,1.1,1.3,0.844,0.4,1.4,1.8,3.1,0.5,0.1,0.8,6.1,7.9,2009-10
1715,165,Jason Williams,1610612753,ORL,82,20.8,2.3,5.2,0.444,1.0,2.7,0.38,0.4,0.5,0.756,0.1,1.5,1.5,3.6,0.6,0.0,1.1,6.0,7.8,2009-10
436,166,Juwan Howard,1610612757,POR,73,22.4,2.6,5.1,0.509,0.0,0.0,0.0,0.8,1.0,0.786,1.5,3.1,4.6,0.8,0.4,0.1,1.0,6.0,8.2,2009-10
200757,167,Thabo Sefolosha,1610612760,OKC,82,28.6,2.4,5.4,0.44,0.5,1.6,0.313,0.7,1.1,0.674,0.9,3.8,4.7,1.8,1.2,0.6,1.1,6.0,9.7,2009-10
2365,168,Chris Andersen,1610612743,DEN,76,22.3,1.9,3.3,0.566,0.0,0.0,0.0,2.2,3.1,0.695,1.9,4.4,6.4,0.4,0.6,1.9,0.8,5.9,12.0,2009-10
2555,169,Nick Collison,1610612760,OKC,75,20.8,2.4,4.1,0.589,0.0,0.1,0.25,1.0,1.4,0.692,2.0,3.1,5.1,0.5,0.5,0.6,0.8,5.9,9.6,2009-10
686,170,Antonio McDyess,1610612759,SAS,77,21.0,2.7,5.6,0.479,0.0,0.0,0.0,0.5,0.7,0.632,1.9,4.0,5.9,1.1,0.6,0.4,1.0,5.8,9.6,2009-10
2230,171,Maurice Evans,1610612737,ATL,79,16.7,2.2,5.0,0.445,0.7,2.1,0.337,0.6,0.8,0.754,0.7,1.2,1.9,0.6,0.4,0.2,0.3,5.7,5.7,2009-10
2863,172,Damien Wilkins,1610612750,MIN,80,19.8,2.1,4.8,0.433,0.2,0.8,0.295,1.3,1.6,0.798,0.9,2.2,3.1,1.7,0.8,0.3,1.0,5.6,7.6,2009-10
2407,173,Jared Jeffries,1610612745,HOU,70,25.6,2.0,4.5,0.439,0.3,1.0,0.296,1.1,1.7,0.625,1.9,2.3,4.1,1.4,0.9,1.0,1.1,5.3,8.5,2009-10
1899,174,James Posey,1610612740,NOH,77,22.5,1.6,4.5,0.365,1.1,3.1,0.335,0.9,1.0,0.825,0.4,3.9,4.3,1.5,0.5,0.2,0.7,5.2,8.1,2009-10
201599,175,DeAndre Jordan,1610612746,LAC,70,16.2,2.1,3.4,0.605,0.0,0.0,0.0,0.7,1.8,0.375,1.7,3.3,5.0,0.3,0.2,0.9,1.1,4.8,7.7,2009-10
201953,176,Eric Maynor,1610612760,OKC,81,15.7,1.9,4.5,0.418,0.3,0.9,0.31,0.6,0.9,0.722,0.3,1.3,1.6,3.3,0.5,0.1,1.0,4.7,6.3,2009-10
200811,177,Lou Amundson,1610612756,PHX,79,14.8,1.9,3.5,0.551,0.0,0.0,0.0,0.8,1.6,0.545,1.6,2.8,4.4,0.4,0.3,0.9,0.7,4.7,7.7,2009-10
2586,178,Keith Bogans,1610612759,SAS,79,19.7,1.5,3.8,0.403,0.9,2.5,0.357,0.5,0.6,0.74,0.3,1.9,2.2,1.2,0.6,0.2,0.7,4.4,5.5,2009-10
101236,179,Chuck Hayes,1610612745,HOU,82,21.6,2.0,4.0,0.489,0.0,0.0,0.0,0.4,0.8,0.545,1.8,3.8,5.7,1.7,0.9,0.5,0.9,4.4,9.8,2009-10
2585,180,Zaza Pachulia,1610612737,ATL,78,14.0,1.5,3.2,0.488,0.0,0.1,0.0,1.2,1.8,0.65,1.5,2.3,3.8,0.5,0.5,0.4,0.7,4.3,6.4,2009-10
101211,181,Stephen Graham,1610612766,CHA,70,11.5,1.7,3.4,0.496,0.2,0.7,0.32,0.6,0.9,0.646,0.3,1.6,1.9,0.3,0.3,0.1,0.5,4.2,4.3,2009-10
2562,182,Sasha Pavlovic,1610612750,MIN,71,12.4,1.5,4.2,0.363,0.5,1.7,0.297,0.1,0.4,0.385,0.2,1.5,1.6,0.8,0.3,0.1,0.7,3.7,2.9,2009-10
101162,183,Marcin Gortat,1610612753,ORL,81,13.4,1.5,2.8,0.533,0.0,0.0,0.0,0.6,0.9,0.68,1.3,2.9,4.2,0.2,0.2,0.9,0.6,3.6,6.9,2009-10
201952,184,Jeff Teague,1610612737,ATL,71,10.1,1.3,3.2,0.396,0.1,0.5,0.219,0.6,0.7,0.837,0.1,0.9,0.9,1.7,0.5,0.2,0.7,3.2,3.8,2009-10
703,185,Kurt Thomas,1610612749,MIL,70,15.0,1.4,3.0,0.476,0.0,0.0,0.0,0.2,0.2,0.8,1.2,3.0,4.2,0.7,0.4,0.7,0.7,3.0,6.6,2009-10
201960,186,DeMarre Carroll,1610612763,MEM,71,11.2,1.2,3.1,0.396,0.0,0.1,0.0,0.5,0.7,0.623,0.7,1.4,2.1,0.5,0.4,0.1,0.3,2.9,3.5,2009-10
201202,187,Joel Anthony,1610612748,MIA,80,16.5,1.0,2.0,0.478,0.0,0.0,0.0,0.8,1.2,0.717,1.5,1.6,3.1,0.2,0.3,1.4,0.6,2.7,5.7,2009-10
2546,1,Carmelo Anthony,1610612752,NYK,67,37.0,10.0,22.2,0.449,2.3,6.2,0.379,6.3,7.6,0.83,2.0,4.9,6.9,2.6,0.8,0.5,2.6,28.7,23.2,2012-13
201142,2,Kevin Durant,1610612760,OKC,81,38.5,9.0,17.7,0.51,1.7,4.1,0.416,8.4,9.3,0.905,0.6,7.3,7.9,4.6,1.4,1.3,3.5,28.1,30.4,2012-13
977,3,Kobe Bryant,1610612747,LAL,78,38.6,9.5,20.4,0.463,1.7,5.2,0.324,6.7,8.0,0.839,0.8,4.7,5.6,6.0,1.4,0.3,3.7,27.3,24.6,2012-13
2544,4,LeBron James,1610612748,MIA,76,37.9,10.1,17.8,0.565,1.4,3.3,0.406,5.3,7.0,0.753,1.3,6.8,8.0,7.3,1.7,0.9,3.0,26.8,32.2,2012-13
201935,5,James Harden,1610612745,HOU,78,38.3,7.5,17.1,0.438,2.3,6.2,0.368,8.6,10.2,0.851,0.8,4.1,4.9,5.8,1.8,0.5,3.8,25.9,24.0,2012-13
201566,6,Russell Westbrook,1610612760,OKC,82,34.9,8.2,18.7,0.438,1.2,3.7,0.323,5.6,7.0,0.8,1.4,3.9,5.2,7.4,1.8,0.3,3.3,23.2,22.6,2012-13
201939,7,Stephen Curry,1610612744,GSW,78,38.2,8.0,17.8,0.451,3.5,7.7,0.453,3.4,3.7,0.9,0.8,3.3,4.0,6.9,1.6,0.2,3.1,22.9,22.4,2012-13
2548,8,Dwyane Wade,1610612748,MIA,69,34.7,8.2,15.8,0.521,0.2,1.0,0.258,4.5,6.2,0.725,1.2,3.7,5.0,5.1,1.9,0.8,2.8,21.2,21.9,2012-13
200746,9,LaMarcus Aldridge,1610612757,POR,74,37.7,8.6,17.8,0.484,0.0,0.2,0.143,3.8,4.7,0.81,2.4,6.7,9.1,2.6,0.8,1.2,1.9,21.1,22.8,2012-13
201572,10,Brook Lopez,1610612751,BKN,74,30.4,7.7,14.8,0.521,0.0,0.0,0.0,4.0,5.3,0.758,2.8,4.1,6.9,0.9,0.4,2.1,1.8,19.4,19.7,2012-13
101145,11,Monta Ellis,1610612749,MIL,82,37.5,7.3,17.5,0.416,1.1,4.0,0.287,3.5,4.6,0.773,0.5,3.3,3.9,6.0,2.1,0.4,3.1,19.2,17.3,2012-13
203081,12,Damian Lillard,1610612757,POR,82,38.6,6.7,15.7,0.429,2.3,6.1,0.368,3.3,3.9,0.844,0.5,2.6,3.1,6.5,0.9,0.2,3.0,19.0,17.3,2012-13
101114,13,Deron Williams,1610612751,BKN,78,36.4,6.3,14.4,0.44,2.2,5.7,0.378,4.1,4.7,0.859,0.4,2.6,3.0,7.7,1.0,0.4,2.8,18.9,19.5,2012-13
1718,14,Paul Pierce,1610612738,BOS,77,33.4,6.2,14.2,0.436,1.9,5.0,0.38,4.3,5.5,0.787,0.6,5.7,6.3,4.8,1.1,0.4,2.8,18.6,19.2,2012-13
101135,15,David Lee,1610612744,GSW,79,36.8,7.6,14.7,0.519,0.0,0.1,0.0,3.2,4.1,0.797,2.8,8.5,11.2,3.5,0.8,0.3,2.6,18.5,23.8,2012-13
200752,16,Rudy Gay,1610612761,TOR,75,35.8,6.9,16.7,0.416,1.1,3.5,0.323,3.2,3.9,0.814,1.3,4.8,6.1,2.7,1.5,0.7,2.6,18.2,16.1,2012-13
201942,17,DeMar DeRozan,1610612761,TOR,82,36.7,6.7,15.0,0.445,0.4,1.5,0.283,4.3,5.2,0.831,0.6,3.3,3.9,2.5,0.9,0.3,1.8,18.1,14.7,2012-13
2747,18,JR Smith,1610612752,NYK,80,33.5,6.6,15.6,0.422,1.9,5.5,0.356,3.0,3.9,0.762,0.8,4.5,5.3,2.7,1.3,0.3,1.7,18.1,16.0,2012-13
201933,19,Blake Griffin,1610612746,LAC,80,32.5,7.2,13.4,0.538,0.1,0.4,0.179,3.5,5.3,0.66,2.3,6.0,8.3,3.7,1.2,0.6,2.3,18.0,21.5,2012-13
2744,20,Al Jefferson,1610612762,UTA,78,33.1,7.8,15.8,0.494,0.0,0.2,0.118,2.1,2.8,0.77,2.0,7.2,9.2,2.1,1.0,1.1,1.3,17.8,21.3,2012-13
202689,21,Kemba Walker,1610612766,CHA,82,34.9,6.4,15.2,0.423,1.3,4.0,0.322,3.6,4.5,0.798,0.7,2.7,3.5,5.7,2.0,0.4,2.4,17.7,17.2,2012-13
201950,22,Jrue Holiday,1610612755,PHI,78,37.5,7.1,16.5,0.431,1.2,3.2,0.368,2.3,3.1,0.752,1.1,3.1,4.2,8.0,1.6,0.4,3.7,17.7,18.0,2012-13
201943,23,Brandon Jennings,1610612749,MIL,80,36.2,6.2,15.6,0.399,2.2,5.8,0.375,2.9,3.5,0.819,0.7,2.3,3.1,6.5,1.6,0.1,2.5,17.5,16.2,2012-13
2746,24,Josh Smith,1610612737,ATL,76,35.3,7.2,15.6,0.465,0.8,2.6,0.303,2.2,4.2,0.517,1.8,6.7,8.4,4.2,1.2,1.8,3.0,17.5,19.8,2012-13
202331,25,Paul George,1610612754,IND,79,37.6,6.2,14.9,0.419,2.2,5.9,0.362,2.8,3.5,0.807,1.1,6.5,7.6,4.1,1.8,0.6,2.9,17.4,19.4,2012-13
201143,26,Al Horford,1610612737,ATL,74,37.2,7.8,14.3,0.543,0.0,0.1,0.5,1.8,2.8,0.644,2.6,7.6,10.2,3.2,1.1,1.1,2.0,17.4,23.5,2012-13
2561,27,David West,1610612754,IND,73,33.4,6.9,13.8,0.498,0.1,0.3,0.211,3.3,4.3,0.768,2.0,5.7,7.7,2.9,1.0,0.9,2.2,17.1,19.6,2012-13
202326,28,DeMarcus Cousins,1610612758,SAC,75,30.5,6.4,13.8,0.465,0.1,0.3,0.182,4.2,5.6,0.738,3.0,7.0,9.9,2.7,1.4,0.7,3.0,17.1,20.0,2012-13
2730,29,Dwight Howard,1610612747,LAL,76,35.8,6.2,10.7,0.578,0.0,0.1,0.167,4.7,9.5,0.492,3.3,9.1,12.4,1.4,1.1,2.4,3.0,17.1,22.2,2012-13
101108,30,Chris Paul,1610612746,LAC,70,33.4,5.9,12.2,0.481,1.1,3.3,0.328,4.1,4.6,0.885,0.8,3.0,3.7,9.7,2.4,0.1,2.3,16.9,23.8,2012-13
201951,31,Ty Lawson,1610612743,DEN,73,34.4,6.1,13.3,0.461,1.2,3.2,0.366,3.2,4.3,0.756,0.5,2.2,2.7,6.9,1.5,0.1,2.5,16.7,17.1,2012-13
2547,32,Chris Bosh,1610612748,MIA,74,33.2,6.6,12.3,0.535,0.3,1.0,0.284,3.3,4.1,0.798,1.8,5.0,6.8,1.7,0.9,1.4,1.7,16.6,19.1,2012-13
202691,33,Klay Thompson,1610612744,GSW,82,35.8,6.2,14.7,0.422,2.6,6.4,0.401,1.6,1.9,0.841,0.4,3.3,3.7,2.2,1.0,0.5,1.9,16.6,13.4,2012-13
2037,34,Jamal Crawford,1610612746,LAC,76,29.3,5.9,13.4,0.438,2.0,5.2,0.376,2.8,3.3,0.871,0.3,1.4,1.7,2.5,1.0,0.2,1.9,16.5,12.1,2012-13
2736,35,Luol Deng,1610612741,CHI,75,38.7,6.2,14.6,0.426,1.0,3.1,0.322,3.1,3.8,0.816,2.2,4.2,6.3,3.0,1.1,0.4,1.9,16.5,16.3,2012-13
2207,36,Joe Johnson,1610612751,BKN,72,36.7,6.2,14.6,0.423,2.1,5.5,0.375,1.8,2.2,0.82,0.7,2.3,3.0,3.5,0.7,0.2,1.7,16.3,13.1,2012-13
2430,37,Carlos Boozer,1610612741,CHI,79,32.2,6.9,14.4,0.477,0.0,0.0,0.0,2.4,3.3,0.731,2.2,7.5,9.8,2.3,0.8,0.4,2.2,16.2,18.8,2012-13
201568,38,Danilo Gallinari,1610612743,DEN,71,32.5,5.1,12.3,0.418,1.9,5.1,0.373,4.0,4.9,0.822,0.9,4.3,5.2,2.5,0.9,0.5,1.6,16.2,15.7,2012-13
201583,39,Ryan Anderson,1610612740,NOH,81,30.9,5.8,13.8,0.423,2.6,6.9,0.382,1.9,2.2,0.844,2.4,4.0,6.4,1.2,0.5,0.4,1.2,16.2,15.2,2012-13
202328,40,Greg Monroe,1610612765,DET,81,33.2,6.3,13.1,0.486,0.0,0.0,0.0,3.3,4.8,0.689,2.9,6.7,9.6,3.5,1.3,0.7,2.9,16.0,20.0,2012-13
202718,41,Chandler Parsons,1610612745,HOU,76,36.3,6.0,12.4,0.486,2.0,5.2,0.385,1.5,2.0,0.729,1.0,4.3,5.3,3.5,1.0,0.4,1.9,15.5,16.9,2012-13
2216,42,Zach Randolph,1610612763,MEM,76,34.3,6.2,13.5,0.46,0.0,0.3,0.087,3.0,3.9,0.75,4.1,7.2,11.2,1.4,0.8,0.4,2.0,15.4,19.0,2012-13
201564,43,O.J. Mayo,1610612742,DAL,82,35.5,5.6,12.5,0.449,1.7,4.3,0.407,2.3,2.8,0.82,0.4,3.1,3.5,4.4,1.1,0.3,2.6,15.3,14.7,2012-13
201152,44,Thaddeus Young,1610612755,PHI,76,34.6,6.7,12.6,0.531,0.0,0.1,0.125,1.4,2.5,0.574,2.4,5.1,7.5,1.6,1.8,0.7,1.2,14.8,18.3,2012-13
201609,45,Goran Dragic,1610612756,PHX,77,33.5,5.2,11.8,0.443,1.1,3.6,0.319,3.2,4.2,0.748,0.8,2.3,3.1,7.4,1.6,0.3,2.8,14.7,16.8,2012-13
201144,46,Mike Conley,1610612763,MEM,80,34.5,5.2,11.8,0.44,1.3,3.7,0.362,2.9,3.5,0.83,0.5,2.3,2.8,6.1,2.2,0.3,2.4,14.6,16.4,2012-13
201952,47,Jeff Teague,1610612737,ATL,80,32.9,5.5,12.2,0.451,1.1,3.1,0.359,2.5,2.8,0.881,0.3,1.9,2.3,7.2,1.5,0.4,2.9,14.6,16.0,2012-13
200794,48,Paul Millsap,1610612762,UTA,78,30.4,5.5,11.2,0.49,0.2,0.5,0.333,3.4,4.6,0.742,2.3,4.8,7.1,2.6,1.3,1.0,1.8,14.6,17.9,2012-13
201587,49,Nicolas Batum,1610612757,POR,73,38.5,4.8,11.4,0.423,2.3,6.1,0.372,2.4,2.9,0.848,1.3,4.3,5.6,4.9,1.2,1.1,2.6,14.3,17.7,2012-13
201588,50,George Hill,1610612754,IND,76,34.5,5.1,11.5,0.443,1.7,4.6,0.368,2.3,2.8,0.817,0.6,3.1,3.7,4.7,1.1,0.3,1.5,14.2,15.6,2012-13
202330,51,Gordon Hayward,1610612762,UTA,72,29.2,4.7,10.7,0.435,1.4,3.4,0.415,3.4,4.1,0.827,0.7,2.4,3.1,3.0,0.8,0.5,1.7,14.1,13.1,2012-13
200755,52,JJ Redick,1610612749,MIL,78,30.5,4.9,11.3,0.434,2.1,5.8,0.366,2.2,2.4,0.9,0.2,2.0,2.2,3.8,0.5,0.1,1.8,14.1,12.3,2012-13
201188,53,Marc Gasol,1610612763,MEM,80,35.0,5.4,10.9,0.494,0.0,0.2,0.071,3.4,4.0,0.848,2.3,5.5,7.8,4.0,1.0,1.7,2.0,14.1,20.5,2012-13
2755,54,Kevin Martin,1610612760,OKC,77,27.7,4.5,10.1,0.45,2.1,4.8,0.426,2.8,3.2,0.89,0.4,1.9,2.3,1.4,0.9,0.1,1.3,14.0,11.5,2012-13
202738,55,Isaiah Thomas,1610612758,SAC,79,26.9,4.6,10.5,0.44,1.5,4.1,0.358,3.2,3.6,0.882,0.4,1.7,2.0,4.0,0.8,0.0,1.8,13.9,12.7,2012-13
202349,56,Greivis Vasquez,1610612740,NOH,78,34.4,5.6,13.0,0.433,1.1,3.1,0.342,1.6,2.0,0.805,0.6,3.8,4.3,9.0,0.8,0.1,3.2,13.9,17.2,2012-13
1713,57,Vince Carter,1610612742,DAL,81,25.8,4.6,10.6,0.435,2.0,4.9,0.406,2.2,2.8,0.816,0.7,3.4,4.1,2.4,0.9,0.5,1.3,13.4,13.6,2012-13
202391,58,Jeremy Lin,1610612745,HOU,82,32.2,4.8,10.9,0.441,1.1,3.1,0.339,2.6,3.4,0.785,0.4,2.6,3.0,6.1,1.6,0.4,2.9,13.4,14.7,2012-13
202323,59,Evan Turner,1610612755,PHI,82,35.3,5.4,12.8,0.419,0.7,1.9,0.365,1.9,2.5,0.74,0.7,5.6,6.3,4.3,0.9,0.2,2.3,13.3,14.6,2012-13
202688,60,Brandon Knight,1610612765,DET,75,31.5,4.8,11.7,0.407,1.6,4.4,0.367,2.2,3.0,0.733,0.7,2.6,3.3,4.0,0.8,0.1,2.7,13.3,11.1,2012-13
201586,61,Serge Ibaka,1610612760,OKC,80,31.1,5.6,9.7,0.573,0.3,0.7,0.351,1.8,2.4,0.749,2.8,4.9,7.7,0.5,0.4,3.0,1.6,13.2,18.5,2012-13
101141,62,Ersan Ilyasova,1610612749,MIL,73,27.6,5.1,11.0,0.462,1.3,2.9,0.444,1.7,2.2,0.796,2.1,5.0,7.1,1.6,0.9,0.5,1.0,13.2,15.9,2012-13
101126,63,Nate Robinson,1610612741,CHI,82,25.4,4.9,11.2,0.433,1.7,4.2,0.405,1.6,2.1,0.799,0.4,1.9,2.2,4.4,1.0,0.1,1.8,13.1,12.3,2012-13
202696,64,Nikola Vučević,1610612753,ORL,77,33.2,6.0,11.5,0.519,0.0,0.0,0.0,1.1,1.6,0.683,3.5,8.4,11.9,1.9,0.8,1.0,1.8,13.1,20.8,2012-13
2738,65,Andre Iguodala,1610612743,DEN,80,34.7,5.0,11.0,0.451,1.1,3.6,0.317,1.9,3.4,0.574,1.0,4.3,5.3,5.4,1.7,0.7,2.6,13.0,16.0,2012-13
101127,66,Jarrett Jack,1610612744,GSW,79,29.7,4.9,10.8,0.452,1.0,2.6,0.404,2.1,2.5,0.843,0.3,2.8,3.1,5.6,0.8,0.1,2.0,12.9,14.2,2012-13
201145,67,Jeff Green,1610612738,BOS,81,27.8,4.6,10.0,0.467,0.9,2.2,0.385,2.6,3.3,0.808,0.7,3.2,3.9,1.6,0.7,0.8,1.6,12.8,12.3,2012-13
2449,68,Luis Scola,1610612756,PHX,82,26.6,5.3,11.2,0.472,0.0,0.2,0.188,2.2,2.8,0.787,1.9,4.7,6.6,2.2,0.8,0.4,1.5,12.8,14.8,2012-13
201581,69,JJ Hickson,1610612757,POR,80,29.0,5.2,9.3,0.562,0.0,0.0,0.0,2.3,3.4,0.679,3.3,7.0,10.4,1.1,0.6,0.6,1.8,12.7,18.5,2012-13
201977,70,Marcus Thornton,1610612758,SAC,72,24.0,4.6,10.8,0.429,2.0,5.3,0.372,1.5,1.8,0.881,0.7,1.8,2.5,1.3,0.8,0.1,0.9,12.7,10.1,2012-13
1897,71,Metta World Peace,1610612747,LAL,75,33.7,4.4,11.0,0.403,1.9,5.5,0.342,1.7,2.3,0.734,1.3,3.6,5.0,1.5,1.6,0.6,1.3,12.4,12.6,2012-13
201147,72,Corey Brewer,1610612743,DEN,82,24.4,4.6,10.8,0.425,1.1,3.7,0.296,1.8,2.6,0.69,0.7,2.2,2.9,1.5,1.4,0.3,1.2,12.1,9.9,2012-13
201954,73,Darren Collison,1610612742,DAL,81,29.3,4.2,8.9,0.471,0.6,1.7,0.353,3.0,3.4,0.88,0.4,2.3,2.7,5.1,1.2,0.1,2.1,12.0,13.9,2012-13
202682,74,Derrick Williams,1610612750,MIN,78,24.6,4.3,10.1,0.43,0.8,2.5,0.332,2.5,3.5,0.706,1.2,4.3,5.5,0.6,0.6,0.5,1.3,12.0,11.0,2012-13
201579,75,Roy Hibbert,1610612754,IND,79,28.7,4.9,10.9,0.448,0.0,0.1,0.25,2.1,2.8,0.741,3.7,4.6,8.3,1.4,0.5,2.6,2.1,11.9,15.9,2012-13
202684,76,Tristan Thompson,1610612739,CLE,82,31.3,4.8,9.7,0.488,0.0,0.0,0.0,2.2,3.5,0.608,3.7,5.7,9.4,1.3,0.7,0.9,1.5,11.7,16.1,2012-13
202348,77,Jordan Crawford,1610612738,BOS,70,24.4,4.3,10.4,0.415,1.2,3.5,0.337,1.8,2.3,0.811,0.6,2.4,3.0,3.2,0.6,0.1,2.0,11.6,10.0,2012-13
202702,78,Kenneth Faried,1610612743,DEN,80,28.1,4.8,8.6,0.552,0.0,0.0,0.0,2.0,3.3,0.613,3.3,5.9,9.2,1.0,1.0,1.0,1.4,11.5,17.2,2012-13
201155,79,Rodney Stuckey,1610612765,DET,76,28.6,4.0,9.8,0.406,0.7,2.4,0.302,2.8,3.6,0.783,0.6,2.2,2.8,3.6,0.7,0.2,1.8,11.5,10.4,2012-13
2557,80,Luke Ridnour,1610612750,MIN,82,30.2,4.5,9.9,0.453,0.8,2.6,0.311,1.7,2.0,0.848,0.5,2.0,2.5,3.8,1.0,0.2,1.6,11.5,11.6,2012-13
101110,81,Martell Webster,1610612764,WAS,76,28.9,3.7,8.4,0.442,1.8,4.3,0.422,2.2,2.6,0.848,0.7,3.2,3.9,1.9,0.6,0.2,1.2,11.4,11.8,2012-13
201577,82,Robin Lopez,1610612740,NOH,82,26.0,4.7,8.8,0.534,0.0,0.0,0.0,2.0,2.5,0.778,2.8,2.9,5.6,0.8,0.4,1.6,1.3,11.3,13.7,2012-13
101181,83,Jose Calderon,1610612765,DET,73,29.6,4.3,8.7,0.491,1.8,3.9,0.461,1.0,1.1,0.9,0.3,2.1,2.4,7.1,0.8,0.1,1.7,11.3,15.5,2012-13
200826,84,J.J. Barea,1610612750,MIN,74,23.1,4.3,10.2,0.417,1.3,3.8,0.346,1.4,1.8,0.784,0.5,2.3,2.8,4.0,0.4,0.0,2.0,11.3,10.1,2012-13
2732,85,Ben Gordon,1610612766,CHA,75,20.8,4.1,10.1,0.408,1.5,3.9,0.387,1.4,1.7,0.843,0.2,1.5,1.7,1.9,0.5,0.2,1.8,11.2,7.4,2012-13
201150,86,Spencer Hawes,1610612755,PHI,82,27.2,4.6,9.9,0.464,0.4,1.1,0.356,1.5,1.9,0.777,2.1,5.1,7.2,2.2,0.3,1.4,1.6,11.0,14.8,2012-13
2594,87,Kyle Korver,1610612737,ATL,74,30.5,3.7,8.1,0.461,2.6,5.6,0.457,0.9,1.1,0.859,0.3,3.6,4.0,2.0,0.9,0.5,0.9,10.9,12.9,2012-13
951,88,Ray Allen,1610612748,MIA,79,25.8,3.7,8.2,0.449,1.8,4.2,0.419,1.8,2.0,0.886,0.5,2.2,2.7,1.7,0.8,0.2,1.3,10.9,10.3,2012-13
201162,89,Jared Dudley,1610612756,PHX,79,27.5,4.0,8.5,0.468,1.3,3.4,0.391,1.6,2.1,0.796,1.0,2.1,3.1,2.6,0.9,0.1,1.3,10.9,11.4,2012-13
201574,90,Jason Thompson,1610612758,SAC,82,27.9,4.6,9.1,0.502,0.0,0.0,0.0,1.7,2.5,0.694,2.1,4.6,6.7,1.0,0.6,0.7,1.2,10.9,13.4,2012-13
201171,91,Carl Landry,1610612744,GSW,81,23.2,4.0,7.4,0.54,0.0,0.0,0.333,2.8,3.4,0.817,2.2,3.7,6.0,0.8,0.4,0.4,1.4,10.8,12.9,2012-13
200751,92,Randy Foye,1610612762,UTA,82,27.4,3.6,9.0,0.397,2.2,5.3,0.41,1.4,1.8,0.819,0.2,1.3,1.5,2.0,0.8,0.3,1.1,10.8,8.6,2012-13
201980,93,Danny Green,1610612759,SAS,80,27.5,3.7,8.3,0.448,2.2,5.2,0.429,0.8,1.0,0.848,0.5,2.6,3.1,1.8,1.2,0.7,1.2,10.5,11.2,2012-13
2399,94,Mike Dunleavy,1610612749,MIL,75,25.9,3.7,8.3,0.442,1.7,4.0,0.428,1.4,1.7,0.82,0.4,3.5,3.9,1.9,0.5,0.5,1.2,10.5,11.1,2012-13
2406,95,Caron Butler,1610612746,LAC,78,24.1,3.9,9.2,0.424,1.6,4.2,0.388,1.0,1.2,0.833,0.5,2.3,2.9,1.0,0.7,0.1,0.9,10.4,8.6,2012-13
2419,96,Tayshaun Prince,1610612763,MEM,82,32.1,4.4,10.0,0.438,0.5,1.1,0.404,1.2,1.6,0.738,0.9,3.6,4.4,2.4,0.6,0.3,1.1,10.4,11.0,2012-13
202335,97,Patrick Patterson,1610612758,SAC,71,25.0,4.5,8.8,0.512,0.7,1.9,0.386,0.7,0.9,0.762,1.6,3.2,4.7,1.1,0.4,0.6,0.9,10.4,11.9,2012-13
201168,98,Tiago Splitter,1610612759,SAS,81,24.7,3.9,7.0,0.56,0.0,0.0,0.0,2.6,3.5,0.73,1.8,4.6,6.4,1.6,0.8,0.8,1.2,10.3,14.6,2012-13
101154,99,Andray Blatche,1610612751,BKN,82,19.0,4.2,8.2,0.512,0.0,0.3,0.136,1.8,2.6,0.685,2.0,3.1,5.1,1.0,1.0,0.7,1.5,10.3,11.8,2012-13
2440,100,Matt Barnes,1610612746,LAC,80,25.7,3.9,8.4,0.462,1.4,4.1,0.342,1.1,1.5,0.744,1.4,3.2,4.6,1.5,1.0,0.8,1.1,10.3,12.2,2012-13
202087,101,Alonzo Gee,1610612739,CLE,82,31.0,3.7,9.1,0.41,0.8,2.7,0.315,2.0,2.5,0.795,0.9,3.0,3.9,1.6,1.3,0.4,1.6,10.3,10.0,2012-13
201600,102,Omer Asik,1610612745,HOU,82,30.0,4.0,7.5,0.541,0.0,0.0,0.0,2.0,3.6,0.562,3.4,8.3,11.7,0.9,0.6,1.1,2.1,10.1,17.2,2012-13
201563,103,Michael Beasley,1610612756,PHX,75,20.7,4.1,10.2,0.405,0.6,1.9,0.313,1.3,1.7,0.746,0.7,3.1,3.8,1.5,0.4,0.5,1.9,10.1,7.8,2012-13
1891,104,Jason Terry,1610612738,BOS,79,26.9,3.6,8.2,0.434,1.6,4.2,0.372,1.4,1.7,0.87,0.2,1.8,2.0,2.5,0.8,0.1,1.3,10.1,9.5,2012-13
101161,105,Amir Johnson,1610612761,TOR,81,28.7,4.1,7.5,0.554,0.1,0.2,0.385,1.7,2.3,0.727,2.8,4.7,7.5,1.5,1.0,1.4,1.4,10.0,16.0,2012-13
202336,106,Larry Sanders,1610612749,MIL,71,27.3,4.3,8.5,0.506,0.0,0.0,0.0,1.2,1.9,0.618,3.2,6.3,9.5,1.2,0.7,2.8,1.2,9.8,17.8,2012-13
2731,107,Emeka Okafor,1610612764,WAS,79,26.0,4.2,8.7,0.477,0.0,0.0,0.0,1.4,2.4,0.571,2.5,6.2,8.8,1.2,0.6,1.0,1.4,9.7,14.2,2012-13
201158,108,Marco Belinelli,1610612741,CHI,73,25.8,3.3,8.4,0.395,1.1,3.0,0.357,1.9,2.3,0.839,0.2,1.7,1.9,2.0,0.6,0.1,1.1,9.6,7.7,2012-13
1889,109,Andre Miller,1610612743,DEN,82,26.2,3.7,7.7,0.479,0.2,0.8,0.266,2.0,2.4,0.84,0.7,2.2,2.9,5.9,0.9,0.1,2.1,9.6,12.9,2012-13
202324,110,Derrick Favors,1610612762,UTA,77,23.2,3.6,7.4,0.482,0.0,0.1,0.0,2.3,3.4,0.688,2.4,4.7,7.1,1.0,0.9,1.7,1.7,9.4,13.5,2012-13
1712,111,Antawn Jamison,1610612747,LAL,76,21.5,3.5,7.6,0.464,1.1,3.1,0.361,1.2,1.8,0.691,1.4,3.3,4.8,0.7,0.4,0.3,0.7,9.4,10.2,2012-13
203084,112,Harrison Barnes,1610612744,GSW,81,25.4,3.4,7.8,0.439,0.6,1.8,0.359,1.8,2.3,0.758,0.7,3.5,4.1,1.2,0.6,0.2,1.2,9.2,9.2,2012-13
2748,113,Dorell Wright,1610612755,PHI,79,22.6,3.0,7.6,0.396,1.7,4.6,0.374,1.5,1.8,0.851,0.5,3.3,3.8,1.9,0.8,0.4,0.8,9.2,10.5,2012-13
202338,114,Kevin Seraphin,1610612764,WAS,79,21.8,4.2,9.1,0.461,0.0,0.0,0.0,0.8,1.1,0.693,1.4,3.0,4.4,0.7,0.3,0.7,1.6,9.1,8.4,2012-13
201580,115,JaVale McGee,1610612743,DEN,79,18.1,3.8,6.7,0.575,0.0,0.0,1.0,1.4,2.4,0.591,2.0,2.8,4.8,0.3,0.4,2.0,1.1,9.1,11.6,2012-13
203077,116,Michael Kidd-Gilchrist,1610612766,CHA,78,26.0,3.6,7.9,0.458,0.0,0.1,0.222,1.8,2.4,0.749,1.7,4.2,5.8,1.5,0.7,0.9,1.3,9.0,11.8,2012-13
2754,117,Tony Allen,1610612763,MEM,79,26.7,3.6,8.1,0.445,0.0,0.3,0.125,1.7,2.4,0.717,1.5,3.1,4.6,1.2,1.5,0.6,1.2,8.9,10.5,2012-13
2422,118,John Salmons,1610612758,SAC,76,30.0,3.2,8.1,0.399,1.3,3.5,0.371,1.1,1.4,0.773,0.4,2.3,2.7,3.0,0.7,0.3,1.1,8.8,9.3,2012-13
201599,119,DeAndre Jordan,1610612746,LAC,82,24.5,3.8,6.0,0.643,0.0,0.0,0.0,1.2,3.0,0.386,2.6,4.7,7.2,0.3,0.6,1.4,1.2,8.8,13.2,2012-13
202362,120,Lance Stephenson,1610612754,IND,78,29.2,3.5,7.7,0.46,0.8,2.4,0.33,1.0,1.5,0.652,0.6,3.3,3.9,2.9,1.0,0.2,1.4,8.8,10.8,2012-13
202713,121,Kyle Singler,1610612765,DET,82,28.0,3.4,7.8,0.428,0.9,2.4,0.35,1.2,1.5,0.806,1.3,2.7,4.0,0.9,0.7,0.5,1.2,8.8,8.9,2012-13
201967,122,Dante Cunningham,1610612750,MIN,80,25.1,3.9,8.4,0.468,0.0,0.1,0.0,0.8,1.3,0.65,1.8,3.3,5.1,0.8,1.1,0.5,0.7,8.7,10.5,2012-13
201573,123,Jerryd Bayless,1610612763,MEM,80,22.1,3.3,7.8,0.419,0.9,2.5,0.353,1.3,1.5,0.836,0.3,1.9,2.2,3.3,0.7,0.2,1.5,8.7,8.9,2012-13
101138,124,Brandon Bass,1610612738,BOS,81,27.6,3.5,7.3,0.486,0.0,0.0,0.0,1.6,1.9,0.86,1.6,3.7,5.2,1.0,0.5,0.8,1.0,8.7,11.3,2012-13
201596,125,Mario Chalmers,1610612748,MIA,77,26.9,2.9,6.9,0.429,1.6,3.9,0.409,1.2,1.5,0.795,0.2,2.0,2.2,3.5,1.5,0.2,1.5,8.6,10.3,2012-13
203144,126,Alexey Shved,1610612750,MIN,77,23.9,3.1,8.2,0.372,1.1,3.7,0.295,1.4,1.9,0.72,0.5,1.7,2.3,3.7,0.7,0.4,1.9,8.6,8.0,2012-13
202710,127,Jimmy Butler III,1610612741,CHI,82,26.0,2.9,6.2,0.467,0.5,1.3,0.381,2.3,2.8,0.803,1.7,2.3,4.0,1.4,1.0,0.4,0.8,8.6,10.7,2012-13
202339,128,Eric Bledsoe,1610612746,LAC,76,20.4,3.3,7.5,0.445,0.4,1.0,0.397,1.4,1.8,0.791,1.0,1.9,3.0,3.1,1.4,0.7,1.8,8.5,10.3,2012-13
201578,129,Marreese Speights,1610612739,CLE,79,16.5,3.3,7.4,0.445,0.0,0.1,0.3,1.7,2.2,0.771,1.8,3.0,4.9,0.6,0.3,0.7,1.0,8.3,9.2,2012-13
203090,130,Maurice Harkless,1610612753,ORL,76,26.0,3.4,7.4,0.461,0.4,1.5,0.274,1.0,1.7,0.57,1.6,2.8,4.4,0.7,1.2,0.8,0.9,8.2,9.6,2012-13
202693,131,Markieff Morris,1610612756,PHX,82,22.4,3.2,8.0,0.407,0.5,1.6,0.336,1.1,1.5,0.732,1.6,3.2,4.8,1.3,0.9,0.8,1.3,8.2,9.6,2012-13
201585,132,Kosta Koufos,1610612743,DEN,81,22.4,3.6,6.3,0.581,0.0,0.0,0.0,0.7,1.3,0.558,2.6,4.3,6.9,0.4,0.5,1.3,0.7,8.0,13.3,2012-13
201975,133,Jodie Meeks,1610612747,LAL,78,21.3,2.6,6.8,0.387,1.6,4.4,0.357,1.1,1.2,0.896,0.5,1.7,2.2,0.9,0.7,0.1,0.7,7.9,6.8,2012-13
203092,134,Tyler Zeller,1610612739,CLE,77,26.4,3.2,7.3,0.438,0.0,0.1,0.0,1.6,2.0,0.764,2.1,3.6,5.7,1.2,0.5,0.9,1.2,7.9,10.4,2012-13
201961,135,Wayne Ellington,1610612739,CLE,78,21.3,2.9,6.8,0.427,1.2,3.1,0.392,0.9,1.0,0.907,0.3,1.8,2.1,1.3,0.6,0.0,0.7,7.9,7.2,2012-13
201584,136,Courtney Lee,1610612738,BOS,78,24.9,3.2,6.8,0.464,0.7,2.0,0.372,0.8,0.9,0.861,0.4,2.0,2.4,1.8,1.1,0.3,1.1,7.8,8.7,2012-13
202734,137,E'Twaun Moore,1610612753,ORL,75,22.4,3.2,8.0,0.396,0.9,2.6,0.34,0.6,0.8,0.797,0.6,1.6,2.2,2.7,0.7,0.3,1.4,7.8,7.4,2012-13
203094,138,Andrew Nicholson,1610612753,ORL,75,16.7,3.4,6.5,0.527,0.0,0.0,0.0,1.0,1.3,0.798,0.9,2.5,3.4,0.6,0.3,0.4,1.1,7.8,8.2,2012-13
202694,139,Marcus Morris Sr.,1610612756,PHX,77,19.8,2.9,6.8,0.422,1.1,3.0,0.369,0.9,1.5,0.564,1.0,2.6,3.6,0.8,0.6,0.3,1.0,7.7,7.4,2012-13
202334,140,Ed Davis,1610612763,MEM,81,20.1,3.2,6.0,0.539,0.0,0.0,0.0,1.3,2.1,0.617,1.9,3.8,5.7,0.8,0.5,1.0,0.8,7.7,11.4,2012-13
200757,141,Thabo Sefolosha,1610612760,OKC,81,27.5,2.8,5.8,0.481,1.3,3.2,0.419,0.7,0.9,0.826,0.7,3.2,3.9,1.5,1.3,0.5,0.8,7.6,10.9,2012-13
201962,142,Toney Douglas,1610612758,SAC,71,18.1,2.6,6.6,0.403,1.2,3.0,0.38,1.1,1.2,0.905,0.5,1.5,1.9,2.1,1.0,0.0,1.1,7.5,7.5,2012-13
202329,143,Al-Farouq Aminu,1610612740,NOH,76,27.2,3.0,6.2,0.475,0.1,0.3,0.211,1.3,1.8,0.737,1.8,5.9,7.7,1.4,1.2,0.7,1.5,7.3,13.0,2012-13
101107,144,Marvin Williams,1610612762,UTA,73,23.7,2.7,6.4,0.423,0.7,2.3,0.325,1.1,1.4,0.778,0.8,2.8,3.6,1.1,0.5,0.5,0.8,7.2,8.1,2012-13
202683,145,Enes Freedom,1610612762,UTA,70,15.4,2.9,5.4,0.544,0.0,0.0,1.0,1.3,1.7,0.795,1.9,2.4,4.3,0.4,0.4,0.5,1.4,7.2,8.6,2012-13
1882,146,Elton Brand,1610612742,DAL,72,21.2,3.1,6.6,0.473,0.0,0.0,0.0,0.9,1.3,0.71,1.8,4.2,6.0,1.0,0.7,1.3,0.8,7.2,11.4,2012-13
203148,147,Brian Roberts,1610612740,NOH,78,17.0,2.7,6.6,0.417,0.8,2.0,0.386,0.9,1.0,0.909,0.2,1.0,1.2,2.8,0.5,0.0,0.9,7.1,6.9,2012-13
201946,148,Tyler Hansbrough,1610612754,IND,81,16.9,2.2,5.0,0.432,0.0,0.0,0.0,2.7,3.7,0.72,2.0,2.6,4.6,0.4,0.4,0.2,1.0,7.0,7.8,2012-13
101131,149,Jason Maxiell,1610612765,DET,72,24.8,2.8,6.3,0.446,0.0,0.0,0.0,1.3,2.0,0.621,1.9,3.8,5.7,0.8,0.4,1.3,1.1,6.9,9.7,2012-13
201228,150,C.J. Watson,1610612751,BKN,80,19.0,2.4,5.7,0.418,1.1,2.7,0.411,0.9,1.1,0.78,0.5,1.3,1.8,2.0,0.8,0.2,0.9,6.8,7.1,2012-13
200779,151,Steve Novak,1610612752,NYK,81,20.3,2.2,5.3,0.414,1.8,4.3,0.425,0.4,0.4,0.909,0.2,1.7,1.9,0.4,0.3,0.1,0.1,6.6,6.1,2012-13
2203,152,Shane Battier,1610612748,MIA,72,24.8,2.1,5.0,0.42,1.9,4.4,0.43,0.4,0.5,0.842,0.5,1.8,2.3,1.0,0.6,0.8,0.5,6.6,7.7,2012-13
200782,153,P.J. Tucker,1610612756,PHX,79,24.2,2.7,5.6,0.473,0.3,0.9,0.314,0.8,1.1,0.744,1.7,2.8,4.4,1.4,0.8,0.2,0.8,6.4,9.2,2012-13
203082,154,Terrence Ross,1610612761,TOR,73,17.0,2.5,6.3,0.407,0.9,2.7,0.332,0.4,0.6,0.714,0.5,1.5,2.0,0.7,0.6,0.2,0.7,6.4,5.3,2012-13
2584,155,Willie Green,1610612746,LAC,72,16.5,2.5,5.4,0.461,1.0,2.3,0.428,0.3,0.4,0.719,0.2,1.1,1.3,0.8,0.4,0.2,0.4,6.3,5.5,2012-13
203106,156,Jeffery Taylor,1610612766,CHA,77,19.6,2.2,5.2,0.431,0.7,2.0,0.344,1.0,1.3,0.728,0.7,1.3,1.9,0.8,0.6,0.2,0.6,6.1,5.8,2012-13
467,157,Jason Kidd,1610612752,NYK,76,26.9,2.0,5.4,0.372,1.5,4.3,0.351,0.5,0.6,0.833,0.7,3.6,4.3,3.3,1.6,0.3,1.0,6.0,11.0,2012-13
202962,158,Greg Smith,1610612745,HOU,70,15.9,2.4,3.9,0.62,0.0,0.0,0.0,1.2,1.9,0.623,1.6,3.0,4.6,0.4,0.3,0.6,0.6,6.0,9.0,2012-13
2564,159,Boris Diaw,1610612759,SAS,75,22.8,2.4,4.4,0.539,0.4,1.0,0.385,0.6,0.9,0.723,0.9,2.5,3.4,2.4,0.7,0.4,1.1,5.8,9.2,2012-13
202730,160,Lavoy Allen,1610612755,PHI,79,21.1,2.6,5.7,0.454,0.0,0.0,0.0,0.5,0.8,0.717,2.0,3.0,5.0,0.9,0.3,0.7,0.7,5.8,8.6,2012-13
202708,161,Norris Cole,1610612748,MIA,80,19.9,2.2,5.3,0.421,0.4,1.2,0.357,0.7,1.0,0.65,0.2,1.4,1.6,2.1,0.7,0.1,1.3,5.6,5.3,2012-13
202705,162,MarShon Brooks,1610612751,BKN,73,12.5,2.1,4.6,0.463,0.2,0.8,0.273,0.9,1.3,0.734,0.4,1.0,1.4,1.0,0.5,0.2,0.9,5.4,4.8,2012-13
202704,163,Reggie Jackson,1610612760,OKC,70,14.2,2.1,4.6,0.458,0.3,1.5,0.231,0.7,0.9,0.839,0.3,2.1,2.4,1.7,0.4,0.2,0.8,5.3,6.6,2012-13
2555,164,Nick Collison,1610612760,OKC,81,19.5,2.2,3.7,0.595,0.0,0.0,0.0,0.7,1.0,0.769,1.5,2.6,4.1,1.5,0.6,0.4,0.9,5.1,9.1,2012-13
203109,165,Jae Crowder,1610612742,DAL,78,17.3,1.8,4.7,0.384,0.8,2.5,0.328,0.6,0.9,0.644,0.4,1.9,2.4,1.2,0.8,0.2,0.6,5.0,5.8,2012-13
101133,166,Ian Mahinmi,1610612754,IND,80,16.5,1.9,4.1,0.453,0.0,0.0,0.0,1.3,2.1,0.608,1.4,2.5,3.9,0.3,0.5,0.8,1.2,5.0,6.3,2012-13
202687,167,Bismack Biyombo,1610612766,CHA,80,27.3,2.0,4.3,0.451,0.0,0.0,0.0,0.9,1.8,0.521,2.4,4.9,7.3,0.4,0.4,1.8,1.0,4.8,10.4,2012-13
203080,168,Thomas Robinson,1610612745,HOU,70,15.1,2.0,4.6,0.43,0.0,0.0,0.0,0.8,1.6,0.523,1.7,2.8,4.5,0.7,0.6,0.4,1.3,4.8,6.3,2012-13
201571,169,D.J. Augustin,1610612754,IND,76,16.1,1.4,3.9,0.35,0.9,2.5,0.353,1.1,1.3,0.838,0.3,0.9,1.2,2.2,0.4,0.0,0.9,4.7,5.0,2012-13
2501,170,Reggie Evans,1610612751,BKN,80,24.6,1.6,3.3,0.479,0.0,0.0,0.0,1.4,2.8,0.509,3.3,7.9,11.1,0.5,0.9,0.2,1.4,4.5,12.8,2012-13
202327,171,Ekpe Udoh,1610612749,MIL,76,17.3,1.5,3.5,0.435,0.0,0.0,0.0,1.2,1.6,0.748,1.5,1.8,3.3,0.6,0.5,1.1,0.6,4.3,6.8,2012-13
2570,172,Kendrick Perkins,1610612760,OKC,78,25.1,1.8,4.0,0.457,0.0,0.0,0.0,0.6,0.9,0.611,1.4,4.6,6.0,1.4,0.6,1.1,1.4,4.2,9.3,2012-13
2586,173,Keith Bogans,1610612751,BKN,74,19.0,1.5,3.8,0.38,1.1,3.3,0.343,0.1,0.2,0.647,0.2,1.4,1.6,1.0,0.4,0.1,0.7,4.2,4.2,2012-13
203115,174,Will Barton,1610612757,POR,73,12.2,1.6,4.2,0.382,0.1,0.9,0.138,0.7,0.9,0.769,0.5,1.5,2.0,0.8,0.5,0.1,0.8,4.0,3.8,2012-13
201880,175,Greg Stiemsma,1610612750,MIN,76,15.9,1.7,3.7,0.457,0.0,0.0,0.0,0.7,0.9,0.768,0.8,2.6,3.4,0.4,0.6,1.2,0.8,4.0,6.7,2012-13
1885,176,Lamar Odom,1610612746,LAC,82,19.7,1.8,4.5,0.399,0.2,1.1,0.2,0.2,0.5,0.476,1.4,4.4,5.9,1.7,0.8,0.7,1.0,4.0,9.2,2012-13
2617,177,Udonis Haslem,1610612748,MIA,75,18.9,1.7,3.3,0.514,0.0,0.0,0.0,0.4,0.6,0.711,1.3,4.1,5.4,0.5,0.4,0.2,0.6,3.9,8.0,2012-13
201986,178,Nando De Colo,1610612759,SAS,72,12.8,1.5,3.3,0.436,0.4,1.1,0.378,0.5,0.6,0.795,0.3,1.6,1.9,1.9,0.6,0.1,1.1,3.8,5.2,2012-13
203143,179,Pablo Prigioni,1610612752,NYK,78,16.2,1.3,2.8,0.455,0.7,1.7,0.396,0.3,0.3,0.88,0.5,1.3,1.8,3.0,0.9,0.0,1.1,3.5,6.6,2012-13
2563,180,Dahntay Jones,1610612737,ATL,78,13.0,1.1,2.8,0.369,0.1,0.6,0.224,1.1,1.4,0.77,0.3,1.0,1.3,0.6,0.3,0.1,0.5,3.4,3.0,2012-13
203110,181,Draymond Green,1610612744,GSW,79,13.4,1.1,3.3,0.327,0.2,0.8,0.209,0.6,0.7,0.818,0.7,2.6,3.3,0.7,0.5,0.3,0.6,2.9,4.7,2012-13
101236,182,Chuck Hayes,1610612758,SAC,74,16.3,1.1,2.6,0.442,0.0,0.0,0.0,0.4,0.6,0.625,1.5,2.5,4.0,1.5,0.4,0.2,0.6,2.7,6.6,2012-13
203105,183,Festus Ezeli,1610612744,GSW,78,14.4,0.9,2.2,0.438,0.0,0.0,0.0,0.6,1.0,0.531,1.8,2.2,4.0,0.3,0.3,0.9,0.8,2.4,5.5,2012-13
201939,1,Stephen Curry,1610612744,GSW,79,34.2,10.2,20.2,0.504,5.1,11.2,0.454,4.6,5.1,0.908,0.9,4.6,5.4,6.7,2.1,0.2,3.3,30.1,30.7,2015-16
201935,2,James Harden,1610612745,HOU,82,38.1,8.7,19.7,0.439,2.9,8.0,0.359,8.8,10.2,0.86,0.8,5.3,6.1,7.5,1.7,0.6,4.6,29.0,27.8,2015-16
201142,3,Kevin Durant,1610612760,OKC,72,35.8,9.7,19.2,0.505,2.6,6.7,0.387,6.2,6.9,0.898,0.6,7.6,8.2,5.0,1.0,1.2,3.5,28.2,29.8,2015-16
202326,4,DeMarcus Cousins,1610612758,SAC,65,34.6,9.2,20.5,0.451,1.1,3.2,0.333,7.3,10.2,0.718,2.4,9.1,11.5,3.3,1.6,1.4,3.8,26.9,26.7,2015-16
2544,5,LeBron James,1610612739,CLE,76,35.6,9.7,18.6,0.52,1.1,3.7,0.309,4.7,6.5,0.731,1.5,6.0,7.4,6.8,1.4,0.6,3.3,25.3,27.5,2015-16
203081,6,Damian Lillard,1610612757,POR,75,35.7,8.2,19.7,0.419,3.1,8.1,0.375,5.5,6.2,0.892,0.6,3.4,4.0,6.8,0.9,0.4,3.2,25.1,21.8,2015-16
203076,7,Anthony Davis,1610612740,NOP,61,35.5,9.2,18.6,0.493,0.6,1.8,0.324,5.3,7.0,0.758,2.1,8.1,10.3,1.9,1.3,2.0,2.0,24.3,26.7,2015-16
201566,8,Russell Westbrook,1610612760,OKC,80,34.4,8.2,18.1,0.454,1.3,4.3,0.296,5.8,7.2,0.812,1.8,6.0,7.8,10.4,2.0,0.3,4.3,23.5,28.5,2015-16
201942,9,DeMar DeRozan,1610612761,TOR,78,35.9,7.9,17.7,0.446,0.6,1.8,0.338,7.1,8.4,0.85,0.8,3.7,4.5,4.0,1.0,0.3,2.2,23.5,20.0,2015-16
202331,10,Paul George,1610612754,IND,81,34.8,7.5,17.9,0.418,2.6,7.0,0.371,5.6,6.5,0.86,1.0,6.0,7.0,4.1,1.9,0.4,3.3,23.1,21.8,2015-16
202738,11,Isaiah Thomas,1610612738,BOS,82,32.2,7.2,16.9,0.428,2.0,5.7,0.359,5.8,6.6,0.871,0.6,2.4,3.0,6.2,1.1,0.1,2.7,22.2,19.4,2015-16
202691,12,Klay Thompson,1610612744,GSW,80,33.3,8.1,17.3,0.47,3.5,8.1,0.425,2.4,2.8,0.873,0.4,3.4,3.8,2.1,0.8,0.6,1.7,22.1,18.1,2015-16
2546,13,Carmelo Anthony,1610612752,NYK,72,35.1,7.9,18.2,0.434,1.5,4.3,0.339,4.6,5.6,0.829,1.4,6.4,7.7,4.2,0.9,0.5,2.4,21.8,21.4,2015-16
200768,14,Kyle Lowry,1610612761,TOR,77,37.0,6.6,15.6,0.427,2.8,7.1,0.388,5.2,6.4,0.811,0.7,4.0,4.7,6.4,2.1,0.4,2.9,21.2,21.8,2015-16
202695,15,Kawhi Leonard,1610612759,SAS,72,33.1,7.7,15.1,0.506,1.8,4.0,0.443,4.1,4.6,0.874,1.3,5.5,6.8,2.6,1.8,1.0,1.5,21.2,23.8,2015-16
202710,16,Jimmy Butler III,1610612741,CHI,67,36.9,7.0,15.4,0.454,1.0,3.1,0.312,5.9,7.1,0.832,1.2,4.2,5.3,4.8,1.6,0.6,2.0,20.9,21.7,2015-16
202689,17,Kemba Walker,1610612766,CHA,81,35.6,7.0,16.4,0.427,2.2,6.0,0.371,4.6,5.4,0.847,0.7,3.7,4.4,5.2,1.6,0.5,2.1,20.9,20.1,2015-16
203468,18,CJ McCollum,1610612757,POR,80,34.8,8.0,17.9,0.448,2.5,5.9,0.417,2.3,2.8,0.827,0.6,2.7,3.2,4.3,1.2,0.3,2.5,20.8,17.0,2015-16
203952,19,Andrew Wiggins,1610612750,MIN,81,35.1,7.3,16.0,0.459,0.7,2.3,0.3,5.3,7.0,0.761,1.3,2.3,3.6,2.0,1.0,0.6,2.2,20.7,15.3,2015-16
201572,20,Brook Lopez,1610612751,BKN,73,33.7,8.1,15.8,0.511,0.0,0.2,0.143,4.3,5.5,0.787,2.8,5.1,7.8,2.0,0.8,1.7,2.4,20.6,21.6,2015-16
202322,21,John Wall,1610612764,WAS,77,36.2,7.4,17.5,0.424,1.5,4.3,0.351,3.5,4.5,0.791,0.5,4.4,4.9,10.2,1.9,0.8,4.1,19.9,22.5,2015-16
202330,22,Gordon Hayward,1610612762,UTA,80,36.2,6.5,15.0,0.433,1.8,5.1,0.349,4.9,6.0,0.824,0.8,4.2,5.0,3.7,1.2,0.3,2.5,19.7,17.8,2015-16
101108,23,Chris Paul,1610612746,LAC,74,32.7,7.0,15.1,0.462,1.6,4.4,0.371,4.0,4.4,0.896,0.5,3.7,4.2,10.0,2.1,0.2,2.6,19.5,24.8,2015-16
2548,24,Dwyane Wade,1610612748,MIA,74,30.5,7.3,16.0,0.456,0.1,0.6,0.159,4.4,5.5,0.793,1.1,3.0,4.1,4.6,1.1,0.6,2.7,19.0,16.8,2015-16
202704,25,Reggie Jackson,1610612765,DET,79,30.7,6.8,15.7,0.434,1.5,4.2,0.353,3.7,4.3,0.864,0.7,2.5,3.2,6.2,0.7,0.1,2.8,18.8,16.8,2015-16
1626157,26,Karl-Anthony Towns,1610612750,MIN,82,32.0,7.6,14.1,0.542,0.4,1.1,0.341,2.7,3.4,0.811,2.8,7.7,10.5,2.0,0.7,1.7,2.2,18.3,23.8,2015-16
1717,27,Dirk Nowitzki,1610612742,DAL,75,31.5,6.6,14.8,0.448,1.7,4.6,0.368,3.3,3.7,0.893,0.7,5.8,6.5,1.8,0.7,0.7,1.1,18.3,18.3,2015-16
202696,28,Nikola Vučević,1610612753,ORL,65,31.3,8.2,16.1,0.51,0.0,0.1,0.222,1.7,2.3,0.753,2.7,6.2,8.9,2.8,0.8,1.1,1.9,18.2,21.3,2015-16
203114,29,Khris Middleton,1610612749,MIL,79,36.1,6.4,14.5,0.444,1.8,4.6,0.396,3.5,3.9,0.888,0.6,3.3,3.8,4.2,1.7,0.2,2.3,18.2,17.3,2015-16
200746,30,LaMarcus Aldridge,1610612759,SAS,74,30.6,7.2,14.1,0.513,0.0,0.2,0.0,3.5,4.1,0.858,2.4,6.2,8.5,1.5,0.5,1.1,1.3,18.0,20.8,2015-16
977,31,Kobe Bryant,1610612747,LAL,66,28.2,6.0,16.9,0.358,2.0,7.1,0.285,3.5,4.3,0.826,0.6,3.1,3.7,2.8,0.9,0.2,2.0,17.6,11.7,2015-16
200752,32,Rudy Gay,1610612758,SAC,70,34.0,6.7,14.4,0.463,1.1,3.1,0.344,2.8,3.6,0.78,1.5,5.0,6.5,1.7,1.4,0.7,2.0,17.2,17.1,2015-16
200794,33,Paul Millsap,1610612737,ATL,81,32.7,6.2,13.2,0.47,0.9,2.9,0.319,3.8,5.0,0.757,2.4,6.6,9.0,3.3,1.8,1.7,2.4,17.1,22.4,2015-16
201583,34,Ryan Anderson,1610612740,NOP,66,30.4,6.0,14.1,0.427,2.0,5.4,0.366,3.0,3.5,0.873,2.0,4.0,6.0,1.1,0.6,0.4,1.4,17.0,15.2,2015-16
203507,35,Giannis Antetokounmpo,1610612749,MIL,80,35.3,6.4,12.7,0.506,0.4,1.4,0.257,3.7,5.1,0.724,1.4,6.2,7.7,4.3,1.2,1.4,2.6,16.9,21.2,2015-16
201950,36,Jrue Holiday,1610612740,NOP,65,28.2,6.3,14.4,0.439,1.3,4.0,0.336,2.8,3.3,0.843,0.4,2.6,3.0,6.0,1.4,0.3,2.6,16.8,16.3,2015-16
2200,37,Pau Gasol,1610612741,CHI,72,31.8,6.5,13.8,0.469,0.3,1.0,0.348,3.2,4.0,0.792,2.2,8.9,11.0,4.1,0.6,2.0,2.3,16.5,23.8,2015-16
202324,38,Derrick Favors,1610612762,UTA,62,32.0,6.7,13.1,0.515,0.0,0.1,0.0,2.9,4.1,0.709,2.7,5.4,8.1,1.5,1.2,1.5,1.7,16.4,19.5,2015-16
201565,39,Derrick Rose,1610612741,CHI,66,31.8,6.8,15.9,0.427,0.7,2.3,0.293,2.2,2.7,0.793,0.7,2.7,3.4,4.7,0.7,0.2,2.7,16.4,13.0,2015-16
200755,40,JJ Redick,1610612746,LAC,75,28.0,5.6,11.7,0.48,2.7,5.6,0.475,2.4,2.7,0.888,0.1,1.7,1.9,1.4,0.6,0.1,1.0,16.3,12.8,2015-16
203083,41,Andre Drummond,1610612765,DET,81,32.9,6.8,13.1,0.521,0.0,0.1,0.333,2.6,7.2,0.355,4.9,9.9,14.8,0.8,1.5,1.4,1.9,16.2,21.8,2015-16
201567,42,Kevin Love,1610612739,CLE,77,31.5,5.3,12.7,0.419,2.1,5.7,0.36,3.4,4.1,0.822,1.9,8.0,9.9,2.4,0.8,0.5,1.8,16.0,19.7,2015-16
203506,43,Victor Oladipo,1610612753,ORL,72,33.0,5.9,13.5,0.438,1.4,3.9,0.348,2.8,3.4,0.83,0.7,4.1,4.8,3.9,1.6,0.8,2.1,16.0,16.8,2015-16
201952,44,Jeff Teague,1610612737,ATL,79,28.5,5.5,12.5,0.439,1.4,3.5,0.401,3.3,3.9,0.837,0.4,2.3,2.7,5.9,1.2,0.3,2.8,15.7,15.5,2015-16
203903,45,Jordan Clarkson,1610612747,LAL,79,32.3,6.0,13.9,0.433,1.4,4.1,0.347,2.1,2.6,0.804,1.2,2.8,4.0,2.4,1.1,0.1,1.7,15.5,13.0,2015-16
203095,46,Evan Fournier,1610612753,ORL,79,32.5,5.4,11.8,0.462,2.0,4.9,0.4,2.5,3.0,0.836,0.4,2.4,2.8,2.7,1.2,0.0,1.7,15.4,13.6,2015-16
101150,47,Lou Williams,1610612747,LAL,67,28.5,4.2,10.3,0.408,1.6,4.8,0.344,5.3,6.3,0.83,0.5,2.1,2.5,2.5,0.9,0.3,1.6,15.3,12.8,2015-16
202328,48,Greg Monroe,1610612749,MIL,79,29.3,6.2,11.9,0.522,0.0,0.0,0.0,2.9,3.9,0.74,2.8,6.1,8.8,2.3,0.9,0.8,1.6,15.3,19.8,2015-16
2216,49,Zach Randolph,1610612763,MEM,68,29.6,6.3,13.3,0.475,0.1,0.4,0.231,2.5,3.2,0.796,2.6,5.1,7.8,2.1,0.6,0.2,1.5,15.3,16.8,2015-16
201143,50,Al Horford,1610612737,ATL,82,32.1,6.5,12.8,0.505,1.1,3.1,0.344,1.3,1.6,0.798,1.8,5.5,7.3,3.2,0.8,1.5,1.3,15.2,20.1,2015-16
202340,51,Avery Bradley,1610612738,BOS,76,33.4,6.0,13.4,0.447,1.9,5.4,0.361,1.3,1.6,0.78,0.6,2.3,2.9,2.1,1.5,0.3,1.4,15.2,12.8,2015-16
201152,52,Thaddeus Young,1610612751,BKN,73,33.0,6.8,13.2,0.514,0.1,0.4,0.233,1.4,2.2,0.644,2.4,6.6,9.0,1.9,1.5,0.5,1.9,15.1,19.0,2015-16
201587,53,Nicolas Batum,1610612766,CHA,70,35.0,5.3,12.5,0.426,2.0,5.7,0.348,2.3,2.7,0.849,0.8,5.3,6.1,5.8,0.9,0.6,2.9,14.9,17.9,2015-16
202699,54,Tobias Harris,1610612765,DET,76,33.1,5.5,11.7,0.469,1.1,3.1,0.335,2.7,3.2,0.831,1.3,5.4,6.7,2.2,0.9,0.5,1.4,14.7,16.8,2015-16
203918,55,Rodney Hood,1610612762,UTA,79,32.2,5.2,12.3,0.42,2.0,5.7,0.359,2.2,2.5,0.86,0.5,2.9,3.4,2.7,0.9,0.2,1.6,14.5,12.7,2015-16
203484,56,Kentavious Caldwell-Pope,1610612765,DET,76,36.7,5.3,12.6,0.42,1.5,4.9,0.309,2.4,3.0,0.811,0.9,2.8,3.7,1.8,1.4,0.2,1.4,14.5,12.5,2015-16
203115,57,Will Barton,1610612743,DEN,82,28.7,5.2,12.0,0.432,1.4,4.0,0.345,2.6,3.3,0.806,0.7,5.1,5.8,2.5,0.9,0.5,1.7,14.4,14.9,2015-16
204001,58,Kristaps Porziņģis,1610612752,NYK,72,28.4,5.2,12.3,0.421,1.1,3.4,0.333,2.8,3.3,0.838,1.8,5.5,7.3,1.3,0.7,1.9,1.7,14.3,16.1,2015-16
202355,59,Hassan Whiteside,1610612748,MIA,73,29.1,5.7,9.3,0.606,0.0,0.0,0.0,2.9,4.5,0.65,3.3,8.6,11.8,0.4,0.6,3.7,1.9,14.2,23.6,2015-16
203109,60,Jae Crowder,1610612738,BOS,73,31.6,4.9,11.1,0.443,1.7,5.0,0.336,2.7,3.3,0.82,1.0,4.2,5.1,1.8,1.7,0.5,1.1,14.2,15.5,2015-16
2037,61,Jamal Crawford,1610612746,LAC,79,26.9,4.8,11.9,0.404,1.5,4.4,0.34,3.1,3.4,0.904,0.3,1.6,1.8,2.3,0.7,0.2,1.4,14.2,10.3,2015-16
201609,62,Goran Dragic,1610612748,MIA,72,32.8,5.8,12.2,0.477,0.9,2.8,0.312,1.7,2.3,0.727,0.8,3.1,3.8,5.8,1.0,0.2,2.6,14.1,15.5,2015-16
202694,63,Marcus Morris Sr.,1610612765,DET,80,35.7,5.1,11.8,0.434,1.4,3.7,0.362,2.5,3.4,0.749,1.1,3.9,5.1,2.5,0.8,0.3,1.8,14.1,13.5,2015-16
101114,64,Deron Williams,1610612742,DAL,65,32.4,4.9,11.9,0.414,1.5,4.3,0.344,2.8,3.2,0.869,0.3,2.6,2.9,5.8,0.9,0.2,2.3,14.1,14.3,2015-16
203953,65,Jabari Parker,1610612749,MIL,76,31.7,5.8,11.8,0.493,0.1,0.5,0.257,2.3,3.0,0.768,1.6,3.6,5.2,1.7,0.9,0.4,1.5,14.1,14.1,2015-16
203897,66,Zach LaVine,1610612750,MIN,82,28.0,5.3,11.7,0.452,1.5,3.9,0.389,2.0,2.5,0.793,0.3,2.5,2.8,3.1,0.8,0.2,1.9,14.0,12.1,2015-16
201954,67,Darren Collison,1610612758,SAC,74,30.0,5.1,10.5,0.486,1.2,2.9,0.401,2.6,3.1,0.858,0.4,1.9,2.3,4.3,1.0,0.1,1.8,14.0,14.1,2015-16
203110,68,Draymond Green,1610612744,GSW,81,34.7,5.0,10.1,0.49,1.2,3.2,0.388,2.8,4.1,0.696,1.7,7.8,9.5,7.4,1.5,1.4,3.2,14.0,24.1,2015-16
101145,69,Monta Ellis,1610612754,IND,81,33.8,5.4,12.6,0.427,1.1,3.5,0.309,2.0,2.5,0.786,0.5,2.8,3.3,4.7,1.9,0.5,2.5,13.8,14.0,2015-16
1626164,70,Devin Booker,1610612756,PHX,76,27.7,4.8,11.4,0.423,1.3,3.8,0.343,2.8,3.4,0.84,0.4,2.1,2.5,2.6,0.6,0.3,2.1,13.8,10.5,2015-16
2730,71,Dwight Howard,1610612745,HOU,71,32.1,5.2,8.5,0.62,0.0,0.1,0.0,3.3,6.7,0.489,3.4,8.4,11.8,1.4,1.0,1.6,2.3,13.7,20.5,2015-16
202718,72,Chandler Parsons,1610612742,DAL,61,29.5,5.2,10.7,0.492,1.7,4.1,0.414,1.5,2.2,0.684,0.5,4.2,4.7,2.8,0.8,0.3,1.6,13.7,14.6,2015-16
101162,73,Marcin Gortat,1610612764,WAS,75,30.1,5.8,10.2,0.567,0.0,0.0,0.0,1.9,2.8,0.705,3.0,6.9,9.9,1.4,0.6,1.3,1.6,13.5,19.9,2015-16
1626156,74,D'Angelo Russell,1610612747,LAL,80,28.2,4.9,12.0,0.41,1.6,4.6,0.351,1.8,2.4,0.737,0.6,2.8,3.4,3.3,1.2,0.2,2.5,13.2,11.1,2015-16
1626144,75,Emmanuel Mudiay,1610612743,DEN,68,30.4,4.8,13.3,0.364,1.1,3.4,0.319,2.1,3.1,0.67,0.5,2.9,3.4,5.5,1.0,0.5,3.2,12.8,10.5,2015-16
203496,76,Robert Covington,1610612755,PHI,67,28.4,4.1,10.6,0.385,2.5,7.2,0.353,2.1,2.6,0.791,1.0,5.3,6.3,1.4,1.6,0.6,2.1,12.8,13.4,2015-16
201167,77,Arron Afflalo,1610612752,NYK,71,33.4,5.0,11.3,0.443,1.3,3.4,0.382,1.5,1.8,0.84,0.3,3.4,3.7,2.0,0.4,0.1,1.2,12.8,11.4,2015-16
202685,78,Jonas Valančiūnas,1610612761,TOR,60,26.0,5.1,8.9,0.565,0.0,0.0,0.0,2.7,3.6,0.761,3.1,6.1,9.1,0.7,0.4,1.3,1.4,12.8,18.2,2015-16
201599,79,DeAndre Jordan,1610612746,LAC,77,33.7,4.6,6.6,0.703,0.0,0.0,0.0,3.5,8.0,0.43,3.5,10.3,13.8,1.2,0.7,2.3,1.4,12.7,22.7,2015-16
202683,80,Enes Freedom,1610612760,OKC,82,21.0,5.0,8.8,0.576,0.1,0.3,0.476,2.4,3.1,0.797,3.0,5.1,8.1,0.4,0.3,0.4,1.4,12.7,16.1,2015-16
2772,81,Trevor Ariza,1610612745,HOU,81,35.3,4.4,10.6,0.416,2.3,6.2,0.371,1.6,2.0,0.783,0.8,3.7,4.5,2.3,2.0,0.3,1.4,12.7,13.8,2015-16
202397,82,Ish Smith,1610612755,PHI,77,29.1,5.2,12.6,0.411,0.7,2.2,0.329,1.6,2.3,0.693,0.6,3.4,4.0,6.5,1.1,0.3,2.3,12.6,14.2,2015-16
201586,83,Serge Ibaka,1610612760,OKC,78,32.1,5.3,11.1,0.479,0.8,2.4,0.326,1.2,1.6,0.752,1.8,5.0,6.8,0.8,0.5,1.9,1.4,12.6,15.1,2015-16
202083,84,Wesley Matthews,1610612742,DAL,78,33.9,4.2,10.9,0.388,2.4,6.7,0.36,1.6,1.9,0.863,0.3,2.7,3.1,1.9,1.0,0.2,1.0,12.5,10.8,2015-16
202702,85,Kenneth Faried,1610612743,DEN,67,25.3,5.2,9.3,0.558,0.0,0.0,0.5,2.0,3.3,0.613,3.5,5.2,8.7,1.2,0.5,0.9,1.4,12.5,16.9,2015-16
2747,86,JR Smith,1610612739,CLE,77,30.7,4.6,11.0,0.415,2.6,6.6,0.4,0.6,0.9,0.634,0.6,2.3,2.8,1.7,1.1,0.3,0.8,12.4,10.7,2015-16
2736,87,Luol Deng,1610612748,MIA,74,32.4,4.6,10.1,0.455,1.2,3.5,0.344,2.0,2.6,0.755,1.5,4.5,6.0,1.9,1.0,0.4,1.1,12.3,14.4,2015-16
203914,88,Gary Harris,1610612743,DEN,76,32.1,4.7,10.1,0.469,1.4,3.9,0.354,1.4,1.8,0.82,0.7,2.2,2.9,1.9,1.3,0.2,1.3,12.3,11.7,2015-16
2207,89,Joe Johnson,1610612748,MIA,81,33.4,4.7,10.6,0.439,1.5,3.9,0.383,1.5,1.8,0.831,0.6,3.0,3.6,3.9,0.8,0.0,2.0,12.2,12.4,2015-16
203141,90,Mirza Teletovic,1610612756,PHX,79,21.3,4.2,9.8,0.427,2.3,5.8,0.393,1.5,2.0,0.774,0.7,3.1,3.8,1.1,0.4,0.3,1.1,12.2,10.7,2015-16
201588,91,George Hill,1610612754,IND,74,34.1,4.4,10.0,0.441,1.7,4.2,0.408,1.5,2.0,0.76,0.8,3.2,4.0,3.5,1.1,0.2,1.4,12.1,13.5,2015-16
202693,92,Markieff Morris,1610612764,WAS,64,25.5,4.8,11.2,0.425,0.7,2.4,0.303,1.7,2.3,0.735,1.1,4.4,5.5,1.9,0.9,0.5,2.1,12.0,11.7,2015-16
200765,93,Rajon Rondo,1610612758,SAC,72,35.2,4.9,10.9,0.454,0.9,2.4,0.365,1.2,2.1,0.58,1.1,5.0,6.0,11.7,2.0,0.1,3.9,11.9,21.1,2015-16
2225,94,Tony Parker,1610612759,SAS,72,27.5,4.9,9.9,0.493,0.4,0.9,0.415,1.8,2.4,0.76,0.2,2.2,2.4,5.3,0.8,0.2,1.8,11.9,13.1,2015-16
201956,95,Omri Casspi,1610612758,SAC,69,27.2,4.3,9.0,0.481,1.6,4.0,0.409,1.5,2.3,0.648,0.8,5.1,5.9,1.4,0.8,0.2,1.4,11.8,13.3,2015-16
202703,96,Nikola Mirotic,1610612741,CHI,66,24.9,3.8,9.2,0.407,2.0,5.2,0.39,2.2,2.7,0.807,0.9,4.6,5.5,1.5,0.9,0.7,1.5,11.8,12.8,2015-16
101139,97,CJ Miles,1610612754,IND,64,22.9,4.0,9.9,0.409,2.2,6.0,0.367,1.5,1.9,0.75,0.4,2.3,2.7,1.0,0.8,0.5,1.1,11.8,9.3,2015-16
201145,98,Jeff Green,1610612746,LAC,80,28.2,4.4,10.3,0.43,0.8,2.7,0.315,2.1,2.8,0.745,0.9,3.2,4.2,1.7,0.7,0.5,1.2,11.7,11.1,2015-16
203084,99,Harrison Barnes,1610612744,GSW,66,30.9,4.5,9.6,0.466,1.2,3.2,0.383,1.5,2.0,0.761,1.2,3.8,4.9,1.8,0.6,0.2,0.9,11.7,12.7,2015-16
202391,100,Jeremy Lin,1610612766,CHA,78,26.3,3.8,9.3,0.412,1.0,2.9,0.336,3.1,3.7,0.815,0.5,2.7,3.2,3.0,0.7,0.5,1.9,11.7,11.2,2015-16
101107,101,Marvin Williams,1610612766,CHA,81,28.9,4.2,9.2,0.452,1.9,4.7,0.402,1.5,1.8,0.833,1.6,4.9,6.4,1.4,0.7,1.0,0.8,11.7,15.0,2015-16
203145,102,Kent Bazemore,1610612737,ATL,75,27.8,4.3,9.7,0.441,1.5,4.1,0.357,1.6,2.0,0.815,0.4,4.7,5.1,2.3,1.3,0.5,1.8,11.6,13.2,2015-16
203490,103,Otto Porter Jr.,1610612764,WAS,75,30.3,4.5,9.6,0.473,1.3,3.6,0.367,1.3,1.7,0.754,1.3,3.9,5.2,1.6,1.4,0.4,0.9,11.6,13.9,2015-16
203944,104,Julius Randle,1610612747,LAL,81,28.2,4.4,10.3,0.429,0.1,0.4,0.278,2.4,3.3,0.715,2.1,8.1,10.2,1.8,0.7,0.4,1.8,11.3,15.7,2015-16
202711,105,Bojan Bogdanovic,1610612751,BKN,79,26.8,4.1,9.5,0.433,1.6,4.3,0.382,1.4,1.7,0.833,0.5,2.8,3.2,1.3,0.4,0.1,1.5,11.2,9.0,2015-16
203457,106,Nerlens Noel,1610612755,PHI,67,29.3,4.6,8.8,0.521,0.0,0.0,0.5,2.0,3.4,0.59,2.3,5.8,8.1,1.8,1.8,1.5,2.4,11.1,16.4,2015-16
203471,107,Dennis Schröder,1610612737,ATL,80,20.3,4.1,9.8,0.421,1.0,3.0,0.322,1.8,2.3,0.791,0.3,2.2,2.6,4.4,0.9,0.1,2.3,11.0,10.5,2015-16
203477,108,Isaiah Canaan,1610612755,PHI,77,25.5,3.4,9.4,0.36,2.3,6.3,0.363,1.9,2.3,0.833,0.3,2.0,2.3,1.8,0.7,0.2,1.2,11.0,8.3,2015-16
200826,109,J.J. Barea,1610612742,DAL,74,22.5,4.3,9.6,0.446,1.4,3.5,0.385,1.0,1.3,0.771,0.4,1.7,2.1,4.1,0.4,0.0,1.5,10.9,10.3,2015-16
203901,110,Elfrid Payton,1610612753,ORL,73,29.4,4.4,10.0,0.436,0.4,1.3,0.326,1.5,2.6,0.589,1.1,2.5,3.6,6.4,1.2,0.3,2.4,10.7,13.0,2015-16
203504,111,Trey Burke,1610612762,UTA,64,21.3,4.1,9.9,0.413,1.4,4.0,0.344,1.0,1.3,0.817,0.3,1.5,1.8,2.3,0.5,0.1,1.3,10.6,8.0,2015-16
202323,112,Evan Turner,1610612738,BOS,81,28.0,4.2,9.3,0.456,0.2,1.0,0.241,1.8,2.2,0.827,0.6,4.3,4.9,4.4,1.0,0.3,2.1,10.5,13.7,2015-16
203498,113,Shabazz Muhammad,1610612750,MIN,82,20.5,3.9,8.3,0.465,0.5,1.9,0.289,2.3,3.0,0.764,1.2,2.0,3.3,0.6,0.3,0.1,0.9,10.5,8.8,2015-16
101141,114,Ersan Ilyasova,1610612753,ORL,74,25.4,3.8,8.9,0.424,1.3,3.5,0.371,1.5,2.1,0.721,1.9,3.5,5.4,0.9,0.7,0.4,1.0,10.4,11.2,2015-16
1626167,115,Myles Turner,1610612754,IND,60,22.8,4.4,8.8,0.498,0.1,0.2,0.214,1.5,2.0,0.727,1.1,4.4,5.5,0.7,0.4,1.4,1.1,10.3,12.3,2015-16
203096,116,Jared Sullinger,1610612738,BOS,81,23.6,4.3,10.0,0.435,0.4,1.3,0.282,1.3,2.0,0.64,2.4,5.9,8.3,2.3,0.9,0.6,1.3,10.3,14.8,2015-16
201596,117,Mario Chalmers,1610612748,MIA,61,22.5,3.0,7.3,0.41,0.8,2.4,0.309,3.6,4.3,0.832,0.4,2.2,2.6,3.8,1.4,0.2,1.8,10.3,11.5,2015-16
203459,118,Allen Crabbe,1610612757,POR,81,26.0,3.8,8.4,0.459,1.4,3.5,0.393,1.2,1.4,0.867,0.3,2.3,2.7,1.2,0.8,0.2,0.8,10.3,9.6,2015-16
201577,119,Robin Lopez,1610612752,NYK,82,27.1,4.4,8.1,0.539,0.0,0.0,0.0,1.6,2.0,0.795,3.3,4.1,7.3,1.4,0.2,1.6,1.6,10.3,15.0,2015-16
201158,120,Marco Belinelli,1610612758,SAC,68,24.6,3.6,9.3,0.386,1.3,4.4,0.306,1.7,2.0,0.833,0.1,1.6,1.7,1.9,0.5,0.0,1.2,10.2,7.1,2015-16
202329,121,Al-Farouq Aminu,1610612757,POR,82,28.5,3.6,8.8,0.416,1.5,4.3,0.361,1.4,1.9,0.737,1.2,4.9,6.1,1.7,0.9,0.6,1.5,10.2,12.4,2015-16
203476,122,Gorgui Dieng,1610612750,MIN,82,27.1,3.8,7.1,0.532,0.1,0.2,0.3,2.5,3.0,0.827,1.9,5.2,7.1,1.7,1.1,1.2,1.7,10.1,15.7,2015-16
201937,123,Ricky Rubio,1610612750,MIN,76,30.6,2.9,7.7,0.374,0.8,2.5,0.326,3.5,4.1,0.847,0.5,3.8,4.3,8.7,2.1,0.1,2.5,10.1,17.3,2015-16
2440,124,Matt Barnes,1610612763,MEM,76,28.8,3.5,9.1,0.381,1.6,4.9,0.322,1.5,1.8,0.804,1.1,4.4,5.5,2.1,1.0,0.8,1.6,10.0,11.8,2015-16
203482,125,Kelly Olynyk,1610612738,BOS,69,20.2,3.7,8.1,0.455,1.2,3.0,0.405,1.4,1.9,0.75,1.0,3.0,4.1,1.5,0.8,0.5,1.1,10.0,10.9,2015-16
203999,126,Nikola Jokić,1610612743,DEN,80,21.7,3.8,7.5,0.512,0.4,1.1,0.333,1.9,2.4,0.811,2.3,4.7,7.0,2.4,1.0,0.6,1.3,10.0,15.5,2015-16
201196,127,Ramon Sessions,1610612764,WAS,82,20.3,3.4,7.2,0.473,0.4,1.4,0.324,2.6,3.5,0.756,0.3,2.2,2.5,2.9,0.6,0.1,1.4,9.9,9.8,2015-16
203082,128,Terrence Ross,1610612761,TOR,73,23.9,3.7,8.6,0.431,1.8,4.6,0.386,0.7,0.8,0.79,0.3,2.2,2.5,0.8,0.7,0.3,0.6,9.9,8.6,2015-16
201976,129,Patrick Beverley,1610612745,HOU,71,28.7,3.6,8.4,0.434,1.7,4.4,0.4,0.8,1.2,0.682,1.0,2.5,3.5,3.4,1.3,0.4,1.3,9.9,12.0,2015-16
203138,130,Hollis Thompson,1610612755,PHI,77,28.0,3.5,8.8,0.397,1.9,5.1,0.38,0.9,1.2,0.719,0.7,2.8,3.5,1.3,0.5,0.3,1.0,9.8,8.8,2015-16
203079,131,Dion Waiters,1610612760,OKC,78,27.6,3.6,9.1,0.399,1.1,3.1,0.358,1.4,2.0,0.713,0.5,2.1,2.6,2.0,1.0,0.2,1.5,9.8,8.0,2015-16
203924,132,Jerami Grant,1610612755,PHI,77,26.8,3.3,7.8,0.419,0.5,1.9,0.24,2.8,4.2,0.658,1.3,3.4,4.7,1.8,0.7,1.6,1.4,9.7,11.1,2015-16
201977,133,Marcus Thornton,1610612764,WAS,61,18.2,3.5,8.9,0.399,1.5,4.4,0.337,1.1,1.3,0.848,0.6,1.8,2.5,1.4,0.8,0.1,0.8,9.7,8.0,2015-16
201584,134,Courtney Lee,1610612766,CHA,79,29.5,3.7,8.1,0.454,1.0,2.7,0.378,1.3,1.5,0.839,0.4,2.2,2.6,1.7,1.1,0.4,0.9,9.6,9.8,2015-16
1938,135,Manu Ginobili,1610612759,SAS,58,19.6,3.4,7.5,0.453,1.2,3.1,0.391,1.6,1.9,0.813,0.4,2.1,2.5,3.1,1.1,0.2,1.7,9.6,10.3,2015-16
101109,136,Raymond Felton,1610612742,DAL,80,27.4,3.5,8.5,0.406,0.8,2.7,0.282,1.9,2.2,0.847,0.5,2.8,3.2,3.6,0.9,0.2,1.5,9.5,10.4,2015-16
203926,137,Doug McDermott,1610612741,CHI,81,23.0,3.6,8.0,0.452,1.4,3.2,0.425,0.9,1.0,0.857,0.5,2.0,2.4,0.7,0.2,0.1,0.7,9.4,7.7,2015-16
202682,138,Derrick Williams,1610612752,NYK,80,17.9,3.2,7.1,0.45,0.6,1.9,0.293,2.4,3.2,0.758,0.6,3.1,3.7,0.9,0.4,0.1,0.8,9.3,9.0,2015-16
101133,139,Ian Mahinmi,1610612754,IND,71,25.6,3.7,6.3,0.589,0.0,0.0,0.0,1.9,3.2,0.587,1.9,5.2,7.1,1.5,0.9,1.1,1.4,9.3,14.6,2015-16
2594,140,Kyle Korver,1610612737,ATL,80,30.0,3.4,7.7,0.434,2.0,5.0,0.398,0.6,0.7,0.833,0.2,3.1,3.3,2.1,0.8,0.4,1.2,9.2,10.0,2015-16
203932,141,Aaron Gordon,1610612753,ORL,78,23.9,3.5,7.4,0.473,0.5,1.8,0.296,1.7,2.5,0.668,2.0,4.5,6.5,1.6,0.8,0.7,0.8,9.2,13.2,2015-16
203935,142,Marcus Smart,1610612738,BOS,61,27.3,3.0,8.7,0.348,1.0,4.0,0.253,2.1,2.7,0.777,1.2,2.9,4.2,3.0,1.5,0.3,1.3,9.1,10.6,2015-16
203486,143,Mason Plumlee,1610612757,POR,82,25.4,3.3,6.3,0.516,0.0,0.0,0.0,2.6,4.1,0.642,2.5,5.2,7.7,2.8,0.8,1.0,1.9,9.1,15.0,2015-16
203497,144,Rudy Gobert,1610612762,UTA,61,31.7,3.2,5.8,0.559,0.0,0.0,0.0,2.6,4.6,0.569,3.4,7.5,11.0,1.5,0.7,2.2,1.9,9.1,18.1,2015-16
203458,145,Alex Len,1610612756,PHX,78,23.3,3.4,8.0,0.423,0.0,0.1,0.143,2.2,3.1,0.728,2.3,5.3,7.6,1.2,0.5,0.8,1.9,9.0,11.8,2015-16
101123,146,Gerald Green,1610612748,MIA,69,22.6,3.3,8.5,0.392,1.2,3.8,0.323,1.0,1.3,0.783,0.4,2.0,2.4,0.8,0.6,0.3,0.7,8.9,6.8,2015-16
201155,147,Rodney Stuckey,1610612754,IND,58,22.0,3.2,7.6,0.413,0.3,1.4,0.241,2.3,2.7,0.829,0.3,2.4,2.7,2.4,0.7,0.1,1.3,8.9,8.7,2015-16
203085,148,Austin Rivers,1610612746,LAC,67,21.9,3.4,7.7,0.438,0.9,2.8,0.335,1.2,1.7,0.681,0.3,1.6,1.9,1.5,0.7,0.1,0.9,8.9,7.3,2015-16
201941,149,Jordan Hill,1610612754,IND,73,20.7,3.8,7.5,0.506,0.0,0.0,0.0,1.2,1.7,0.712,2.1,4.0,6.2,1.2,0.5,0.5,1.3,8.8,11.7,2015-16
203087,150,Jeremy Lamb,1610612766,CHA,66,18.6,3.5,7.7,0.451,0.8,2.7,0.309,1.0,1.3,0.727,0.7,3.2,3.8,1.2,0.6,0.5,0.8,8.8,9.5,2015-16
203469,151,Cody Zeller,1610612766,CHA,73,24.3,3.2,6.0,0.529,0.0,0.1,0.1,2.4,3.2,0.754,1.9,4.3,6.2,1.0,0.8,0.9,0.9,8.7,13.1,2015-16
2449,152,Luis Scola,1610612761,TOR,76,21.5,3.5,7.9,0.45,0.9,2.1,0.404,0.8,1.1,0.726,1.1,3.6,4.7,0.9,0.6,0.4,0.9,8.7,9.8,2015-16
201962,153,Toney Douglas,1610612740,NOP,61,20.7,3.0,7.3,0.411,1.3,3.3,0.399,1.4,1.6,0.848,0.4,1.9,2.3,2.6,1.1,0.1,1.0,8.7,9.3,2015-16
201945,154,Gerald Henderson,1610612757,POR,72,19.9,3.2,7.3,0.439,0.7,1.9,0.353,1.6,2.0,0.767,0.4,2.5,2.9,1.0,0.5,0.3,0.9,8.7,7.9,2015-16
201959,155,Taj Gibson,1610612741,CHI,73,26.5,3.6,6.8,0.526,0.0,0.0,0.0,1.4,2.0,0.692,2.8,4.1,6.9,1.5,0.6,1.1,1.1,8.6,13.7,2015-16
1495,156,Tim Duncan,1610612759,SAS,61,25.2,3.5,7.2,0.488,0.0,0.0,0.0,1.5,2.1,0.702,1.9,5.4,7.3,2.7,0.8,1.3,1.5,8.6,14.8,2015-16
2585,157,Zaza Pachulia,1610612742,DAL,76,26.4,2.9,6.2,0.466,0.0,0.0,0.0,2.8,3.6,0.768,3.3,6.2,9.4,1.7,0.8,0.3,1.6,8.6,15.1,2015-16
201988,158,Patty Mills,1610612759,SAS,81,20.5,3.2,7.6,0.425,1.5,4.0,0.384,0.6,0.7,0.81,0.3,1.6,2.0,2.8,0.7,0.1,0.9,8.5,8.6,2015-16
202720,159,Jon Leuer,1610612756,PHX,67,18.7,3.3,7.0,0.481,0.6,1.6,0.382,1.1,1.5,0.762,1.1,4.4,5.6,1.1,0.6,0.4,1.1,8.5,11.0,2015-16
202709,160,Cory Joseph,1610612761,TOR,80,25.6,3.2,7.3,0.439,0.4,1.4,0.273,1.7,2.2,0.764,0.5,2.1,2.6,3.1,0.8,0.3,1.3,8.5,9.4,2015-16
203917,161,Nik Stauskas,1610612755,PHI,73,24.8,2.9,7.5,0.385,1.5,4.5,0.326,1.2,1.6,0.771,0.3,2.2,2.5,1.9,0.6,0.3,1.3,8.5,7.5,2015-16
203086,162,Meyers Leonard,1610612757,POR,61,21.9,3.2,7.1,0.448,1.4,3.7,0.377,0.6,0.8,0.761,0.8,4.3,5.1,1.5,0.1,0.3,1.3,8.4,10.1,2015-16
2754,163,Tony Allen,1610612763,MEM,64,25.3,3.4,7.3,0.458,0.2,0.7,0.357,1.4,2.2,0.652,1.6,3.0,4.6,1.1,1.7,0.3,1.2,8.4,10.1,2015-16
202362,164,Lance Stephenson,1610612763,MEM,69,19.9,3.3,6.9,0.481,0.4,1.1,0.385,1.3,1.6,0.784,0.6,2.7,3.2,1.9,0.6,0.1,1.4,8.3,8.9,2015-16
202498,165,Lance Thomas,1610612752,NYK,59,22.3,2.9,6.5,0.442,0.7,1.8,0.404,1.7,2.0,0.857,0.6,1.6,2.2,0.9,0.4,0.1,1.0,8.2,6.9,2015-16
1626169,166,Stanley Johnson,1610612765,DET,73,23.1,3.1,8.2,0.375,0.9,2.8,0.307,1.1,1.4,0.784,0.8,3.4,4.2,1.6,0.8,0.2,1.6,8.1,7.8,2015-16
200782,167,P.J. Tucker,1610612756,PHX,82,31.0,2.9,7.1,0.411,0.8,2.5,0.33,1.3,1.7,0.746,2.0,4.2,6.2,2.2,1.3,0.2,1.4,8.0,11.9,2015-16
203500,168,Steven Adams,1610612760,OKC,80,25.2,3.3,5.3,0.613,0.0,0.0,0.0,1.4,2.5,0.582,2.7,3.9,6.7,0.8,0.5,1.1,1.1,8.0,12.9,2015-16
203530,169,Joffrey Lauvergne,1610612743,DEN,59,17.6,3.3,6.4,0.513,0.2,0.9,0.245,1.1,1.2,0.899,1.3,3.6,4.9,0.9,0.2,0.3,0.9,7.9,10.1,2015-16
201162,170,Jared Dudley,1610612764,WAS,81,25.9,2.9,6.0,0.478,1.2,2.9,0.42,0.9,1.2,0.735,0.7,2.9,3.5,2.1,0.9,0.2,1.0,7.9,10.2,2015-16
202684,171,Tristan Thompson,1610612739,CLE,82,27.7,3.0,5.1,0.588,0.0,0.0,0.0,1.8,3.0,0.616,3.3,5.7,9.0,0.8,0.5,0.6,0.7,7.8,14.7,2015-16
203463,172,Ben McLemore,1610612758,SAC,68,21.2,2.9,6.7,0.429,1.0,2.7,0.362,1.1,1.5,0.718,0.5,1.7,2.2,1.2,0.8,0.1,1.5,7.8,6.4,2015-16
201961,173,Wayne Ellington,1610612751,BKN,76,21.3,2.9,7.4,0.389,1.3,3.5,0.358,0.7,0.8,0.857,0.3,2.0,2.3,1.1,0.6,0.1,0.6,7.7,6.6,2015-16
204038,174,Langston Galloway,1610612752,NYK,82,24.8,2.8,7.2,0.393,0.9,2.7,0.344,1.0,1.4,0.754,0.5,3.0,3.5,2.5,0.9,0.3,0.7,7.6,9.4,2015-16
2734,175,Devin Harris,1610612742,DAL,64,20.0,2.6,5.8,0.447,0.8,2.5,0.329,1.6,2.2,0.721,0.3,1.9,2.2,1.8,0.9,0.2,1.0,7.6,7.9,2015-16
101181,176,Jose Calderon,1610612752,NYK,72,28.1,2.9,6.3,0.459,1.2,2.8,0.414,0.6,0.7,0.875,0.3,2.9,3.2,4.1,0.9,0.1,1.2,7.6,11.1,2015-16
201571,177,D.J. Augustin,1610612743,DEN,62,19.0,2.4,5.6,0.423,1.1,2.7,0.405,1.7,2.1,0.805,0.1,1.4,1.5,3.2,0.6,0.1,1.4,7.5,7.9,2015-16
201589,178,Darrell Arthur,1610612743,DEN,70,21.7,3.2,7.0,0.452,0.6,1.7,0.385,0.6,0.8,0.755,1.2,3.0,4.2,1.4,0.8,0.7,0.9,7.5,9.6,2015-16
202734,179,E'Twaun Moore,1610612741,CHI,59,21.4,3.2,6.6,0.481,0.8,1.8,0.452,0.4,0.6,0.629,0.3,1.9,2.3,1.7,0.6,0.3,0.9,7.5,7.8,2015-16
203521,180,Matthew Dellavedova,1610612739,CLE,76,24.6,2.7,6.7,0.405,1.3,3.1,0.41,0.8,0.9,0.864,0.4,1.7,2.1,4.4,0.6,0.1,1.5,7.5,9.1,2015-16
1626163,181,Frank Kaminsky,1610612766,CHA,81,21.1,2.7,6.5,0.41,0.8,2.5,0.337,1.3,1.8,0.73,0.9,3.3,4.1,1.2,0.5,0.5,0.7,7.5,8.8,2015-16
203210,182,JaMychal Green,1610612763,MEM,78,18.5,2.9,6.3,0.465,0.2,0.6,0.333,1.3,1.8,0.752,1.8,3.0,4.8,0.9,0.6,0.4,1.1,7.4,9.2,2015-16
101161,183,Amir Johnson,1610612738,BOS,79,22.8,3.2,5.4,0.585,0.1,0.5,0.233,0.9,1.5,0.57,2.3,4.1,6.4,1.7,0.7,1.1,1.2,7.3,13.1,2015-16
202066,184,Garrett Temple,1610612764,WAS,80,24.4,2.5,6.3,0.398,1.1,3.2,0.345,1.1,1.6,0.728,0.5,2.2,2.7,1.8,0.9,0.2,0.8,7.3,7.7,2015-16
203499,185,Shane Larkin,1610612751,BKN,78,22.4,2.8,6.4,0.442,0.5,1.4,0.361,1.1,1.4,0.776,0.4,1.9,2.3,4.4,1.2,0.2,1.9,7.3,9.6,2015-16
201980,186,Danny Green,1610612759,SAS,79,26.1,2.7,7.1,0.376,1.5,4.4,0.332,0.4,0.6,0.739,0.6,3.2,3.8,1.8,1.0,0.8,0.9,7.2,9.1,2015-16
201147,187,Corey Brewer,1610612745,HOU,82,20.4,2.6,6.7,0.384,0.7,2.7,0.272,1.3,1.7,0.75,0.5,1.9,2.4,1.3,1.0,0.2,1.0,7.2,6.7,2015-16
201160,188,Jason Smith,1610612753,ORL,76,15.5,3.2,6.6,0.485,0.1,0.2,0.25,0.7,0.9,0.806,0.7,2.2,2.9,0.8,0.4,0.9,0.8,7.2,7.8,2015-16
101138,189,Brandon Bass,1610612747,LAL,66,20.3,2.6,4.8,0.549,0.0,0.0,0.0,1.9,2.2,0.845,1.6,2.7,4.3,1.1,0.5,0.8,0.6,7.2,10.8,2015-16
2199,190,Tyson Chandler,1610612756,PHX,66,24.5,2.8,4.8,0.583,0.0,0.0,0.0,1.6,2.6,0.62,2.7,6.1,8.7,1.0,0.5,0.7,1.4,7.2,13.7,2015-16
201166,191,Aaron Brooks,1610612741,CHI,69,16.1,2.7,6.8,0.401,1.0,2.7,0.357,0.7,0.9,0.766,0.3,1.2,1.5,2.6,0.4,0.1,1.2,7.1,6.3,2015-16
201578,192,Marreese Speights,1610612744,GSW,72,11.6,2.7,6.3,0.432,0.3,0.9,0.387,1.3,1.6,0.825,1.1,2.3,3.3,0.8,0.3,0.5,0.9,7.1,7.2,2015-16
2561,193,David West,1610612759,SAS,78,18.0,3.1,5.7,0.545,0.0,0.1,0.429,0.8,1.0,0.788,0.9,3.0,4.0,1.8,0.6,0.7,0.9,7.1,10.5,2015-16
203991,194,Clint Capela,1610612745,HOU,77,19.1,3.0,5.2,0.582,0.0,0.0,0.0,1.0,2.7,0.379,2.5,3.9,6.4,0.6,0.8,1.2,0.8,7.0,11.4,2015-16
1626171,195,Bobby Portis,1610612741,CHI,62,17.8,3.0,7.0,0.427,0.3,0.8,0.308,0.8,1.1,0.727,2.0,3.5,5.4,0.8,0.4,0.4,0.9,7.0,8.9,2015-16
2738,196,Andre Iguodala,1610612744,GSW,65,26.6,2.7,5.7,0.478,0.8,2.4,0.351,0.8,1.3,0.614,0.8,3.2,4.0,3.4,1.1,0.3,1.2,7.0,11.2,2015-16
1626161,197,Willie Cauley-Stein,1610612758,SAC,66,21.4,2.9,5.1,0.563,0.0,0.0,0.0,1.2,1.9,0.648,2.0,3.3,5.3,0.6,0.7,1.0,0.7,7.0,11.0,2015-16
202388,198,Donald Sloan,1610612751,BKN,61,21.6,2.5,5.7,0.44,0.6,1.6,0.384,1.3,1.7,0.75,0.3,2.6,2.8,4.4,0.5,0.1,1.3,7.0,9.8,2015-16
202335,199,Patrick Patterson,1610612761,TOR,79,25.6,2.6,6.2,0.414,1.3,3.7,0.362,0.4,0.4,0.853,1.0,3.4,4.3,1.2,0.7,0.4,0.8,6.9,8.9,2015-16
202325,200,Wesley Johnson,1610612746,LAC,80,20.8,2.6,6.4,0.404,1.3,3.9,0.333,0.4,0.6,0.652,0.5,2.6,3.1,0.6,1.1,0.7,0.7,6.9,7.7,2015-16
201585,201,Kosta Koufos,1610612758,SAC,78,19.0,3.0,5.7,0.532,0.0,0.0,0.0,0.7,1.3,0.548,2.2,3.3,5.4,0.4,0.5,0.9,0.6,6.8,10.2,2015-16
1713,202,Vince Carter,1610612763,MEM,60,16.8,2.2,5.7,0.388,1.0,2.8,0.349,1.2,1.4,0.833,0.5,1.9,2.4,0.9,0.6,0.3,0.6,6.6,6.5,2015-16
202334,203,Ed Davis,1610612757,POR,81,20.8,2.5,4.2,0.611,0.0,0.0,0.0,1.4,2.5,0.559,2.8,4.6,7.4,1.1,0.7,0.9,0.8,6.5,13.0,2015-16
1626159,204,Justise Winslow,1610612748,MIA,78,28.6,2.5,5.9,0.422,0.4,1.5,0.276,1.0,1.5,0.684,1.0,4.1,5.2,1.5,0.9,0.3,1.2,6.4,9.2,2015-16
200757,205,Thabo Sefolosha,1610612737,ATL,75,23.4,2.5,4.9,0.507,0.6,1.6,0.341,0.8,1.3,0.626,0.7,3.8,4.5,1.4,1.1,0.5,0.9,6.4,10.1,2015-16
203090,206,Maurice Harkless,1610612757,POR,78,18.7,2.5,5.3,0.474,0.5,1.8,0.279,0.9,1.4,0.622,1.3,2.3,3.6,0.9,0.6,0.4,0.8,6.4,7.8,2015-16
2564,207,Boris Diaw,1610612759,SAS,76,18.2,2.7,5.0,0.527,0.3,0.9,0.362,0.7,1.0,0.737,0.8,2.3,3.1,2.3,0.3,0.3,1.3,6.4,8.5,2015-16
2571,208,Leandro Barbosa,1610612744,GSW,68,15.9,2.5,5.4,0.462,0.6,1.6,0.355,0.8,0.9,0.839,0.4,1.3,1.7,1.2,0.6,0.1,0.8,6.4,6.2,2015-16
203382,209,Aron Baynes,1610612765,DET,81,15.2,2.4,4.7,0.505,0.0,0.0,0.0,1.6,2.0,0.764,1.7,3.0,4.7,0.6,0.3,0.6,0.8,6.3,9.0,2015-16
2733,210,Shaun Livingston,1610612744,GSW,78,19.5,2.6,4.9,0.536,0.0,0.2,0.167,1.0,1.2,0.86,0.5,1.6,2.2,3.0,0.7,0.3,1.0,6.3,9.1,2015-16
202389,211,Timofey Mozgov,1610612739,CLE,76,17.4,2.7,4.7,0.565,0.0,0.1,0.143,0.9,1.3,0.716,1.4,3.0,4.4,0.4,0.3,0.8,0.9,6.3,8.8,2015-16
203798,212,PJ Hairston,1610612763,MEM,66,19.9,2.2,6.2,0.355,1.1,3.7,0.29,0.8,1.0,0.781,0.4,2.3,2.6,0.6,0.5,0.2,0.6,6.2,5.3,2015-16
203118,213,Mike Scott,1610612737,ATL,75,15.3,2.3,5.0,0.468,0.8,2.1,0.392,0.7,0.8,0.794,0.7,2.0,2.7,1.0,0.3,0.2,0.6,6.2,7.1,2015-16
1718,214,Paul Pierce,1610612746,LAC,68,18.1,2.1,5.8,0.363,1.1,3.6,0.31,0.8,1.0,0.818,0.2,2.6,2.7,1.0,0.5,0.3,0.9,6.1,5.9,2015-16
1626168,215,Trey Lyles,1610612762,UTA,80,17.3,2.4,5.5,0.438,0.6,1.6,0.383,0.7,1.0,0.695,0.7,3.0,3.7,0.7,0.3,0.2,0.8,6.1,6.9,2015-16
204456,216,T.J. McConnell,1610612755,PHI,81,19.8,2.7,5.7,0.47,0.4,1.1,0.348,0.3,0.5,0.634,0.5,2.6,3.1,4.5,1.2,0.1,1.7,6.1,10.0,2015-16
101112,217,Channing Frye,1610612739,CLE,70,17.1,2.2,5.0,0.438,1.3,3.4,0.387,0.4,0.5,0.857,0.5,2.8,3.3,1.0,0.4,0.4,0.6,6.1,7.8,2015-16
203092,218,Tyler Zeller,1610612738,BOS,60,11.8,2.3,4.8,0.476,0.0,0.0,0.0,1.5,1.8,0.815,1.0,1.9,3.0,0.5,0.2,0.4,0.8,6.1,6.4,2015-16
1626209,219,Mario Hezonja,1610612753,ORL,79,17.9,2.3,5.3,0.433,0.8,2.4,0.349,0.6,0.7,0.907,0.4,1.9,2.2,1.4,0.5,0.2,1.2,6.1,6.1,2015-16
201967,220,Dante Cunningham,1610612740,NOP,80,24.6,2.3,5.2,0.451,0.7,2.2,0.316,0.7,1.0,0.695,0.7,2.2,3.0,1.0,0.5,0.4,0.5,6.1,7.3,2015-16
201582,221,Alexis Ajinca,1610612740,NOP,59,14.6,2.5,5.3,0.476,0.0,0.0,0.0,0.9,1.1,0.839,1.3,3.3,4.6,0.5,0.3,0.6,0.9,6.0,8.1,2015-16
201579,222,Roy Hibbert,1610612747,LAL,81,23.2,2.2,5.1,0.443,0.0,0.0,0.0,1.4,1.8,0.807,1.6,3.3,4.9,1.2,0.4,1.4,0.9,5.9,9.7,2015-16
203526,223,Raul Neto,1610612762,UTA,81,18.5,2.2,5.2,0.431,0.8,2.0,0.395,0.6,0.9,0.743,0.2,1.3,1.5,2.1,0.8,0.0,1.3,5.9,5.8,2015-16
1891,224,Jason Terry,1610612745,HOU,72,17.5,2.1,5.2,0.402,1.3,3.6,0.356,0.4,0.5,0.818,0.2,0.9,1.1,1.4,0.7,0.1,0.7,5.9,5.3,2015-16
202344,225,Trevor Booker,1610612762,UTA,79,20.7,2.4,4.9,0.49,0.2,0.5,0.293,0.9,1.3,0.67,2.1,3.6,5.7,1.1,0.7,0.5,1.0,5.9,9.9,2015-16
203900,226,Markel Brown,1610612751,BKN,62,15.8,2.0,5.2,0.394,0.6,2.0,0.314,1.1,1.5,0.755,0.4,1.6,2.0,1.5,0.6,0.2,0.9,5.9,5.8,2015-16
200751,227,Randy Foye,1610612760,OKC,81,20.3,2.1,6.0,0.351,0.9,3.1,0.3,0.8,0.9,0.824,0.3,1.6,1.9,2.0,0.5,0.4,1.1,5.9,5.5,2015-16
203939,228,Dwight Powell,1610612742,DAL,69,14.4,2.1,4.3,0.493,0.0,0.2,0.125,1.5,2.1,0.739,1.2,2.7,4.0,0.6,0.5,0.3,0.6,5.8,8.0,2015-16
201951,229,Ty Lawson,1610612754,IND,66,21.4,2.1,5.4,0.393,0.5,1.6,0.333,0.9,1.3,0.686,0.4,1.4,1.8,3.6,0.8,0.1,1.4,5.7,6.9,2015-16
1626170,230,Jerian Grant,1610612752,NYK,76,16.6,2.0,5.1,0.394,0.3,1.3,0.22,1.3,1.6,0.78,0.3,1.6,1.9,2.3,0.7,0.1,1.1,5.6,6.0,2015-16
201627,231,Anthony Morrow,1610612760,OKC,68,13.6,2.0,4.9,0.408,1.2,3.0,0.387,0.4,0.6,0.744,0.1,0.8,0.9,0.4,0.3,0.1,0.3,5.6,4.0,2015-16
2210,232,Richard Jefferson,1610612739,CLE,74,17.9,1.9,4.2,0.458,0.9,2.3,0.382,0.8,1.2,0.667,0.2,1.5,1.7,0.8,0.4,0.2,0.6,5.5,5.4,2015-16
1626204,233,Larry Nance Jr.,1610612747,LAL,63,20.1,2.5,4.8,0.527,0.0,0.2,0.1,0.5,0.7,0.681,1.6,3.3,5.0,0.7,0.9,0.4,0.7,5.5,9.3,2015-16
202687,234,Bismack Biyombo,1610612761,TOR,82,22.0,1.9,3.5,0.542,0.0,0.0,0.0,1.7,2.8,0.628,2.2,5.8,8.0,0.4,0.2,1.6,0.9,5.5,12.2,2015-16
202332,235,Cole Aldrich,1610612746,LAC,60,13.3,2.2,3.8,0.596,0.0,0.0,0.0,1.0,1.4,0.714,1.4,3.4,4.8,0.8,0.8,1.1,1.1,5.5,10.0,2015-16
202730,236,Lavoy Allen,1610612754,IND,79,20.2,2.4,4.7,0.516,0.0,0.0,0.0,0.6,0.9,0.63,2.1,3.3,5.4,1.0,0.3,0.5,0.9,5.4,9.1,2015-16
101106,237,Andrew Bogut,1610612744,GSW,70,20.7,2.5,4.0,0.627,0.0,0.0,1.0,0.3,0.7,0.48,1.7,5.3,7.0,2.3,0.5,1.6,1.2,5.4,13.8,2015-16
101179,238,Ronnie Price,1610612756,PHX,62,19.5,1.9,4.9,0.384,1.1,3.2,0.347,0.5,0.7,0.756,0.4,1.2,1.6,2.4,1.2,0.2,1.1,5.3,6.4,2015-16
201229,239,Anthony Tolliver,1610612765,DET,72,18.6,1.8,4.6,0.386,1.4,3.8,0.36,0.4,0.7,0.617,0.5,2.6,3.2,0.7,0.4,0.2,0.4,5.3,6.3,2015-16
203503,240,Tony Snell,1610612741,CHI,64,20.3,2.0,5.3,0.372,0.9,2.4,0.361,0.5,0.5,0.909,0.3,2.8,3.1,1.0,0.3,0.3,0.8,5.3,5.7,2015-16
203112,241,Quincy Acy,1610612758,SAC,59,14.8,2.0,3.6,0.556,0.3,0.8,0.388,0.8,1.2,0.735,1.1,2.1,3.2,0.5,0.5,0.4,0.5,5.2,7.4,2015-16
203101,242,Miles Plumlee,1610612749,MIL,61,14.3,2.3,3.8,0.601,0.0,0.0,0.0,0.6,1.0,0.576,1.5,2.3,3.8,0.3,0.3,0.8,0.7,5.1,7.8,2015-16
101111,243,Charlie Villanueva,1610612742,DAL,62,10.7,2.0,5.3,0.382,0.8,2.8,0.273,0.4,0.4,0.917,0.4,2.1,2.5,0.4,0.3,0.2,0.5,5.1,4.7,2015-16
202357,244,Nemanja Bjelica,1610612750,MIN,60,17.9,1.8,3.9,0.468,0.8,2.1,0.384,0.7,0.9,0.727,0.8,2.7,3.5,1.4,0.4,0.4,0.8,5.1,7.7,2015-16
203960,245,JaKarr Sampson,1610612743,DEN,73,15.9,1.9,4.3,0.442,0.2,0.9,0.222,1.1,1.7,0.656,0.6,2.0,2.6,0.6,0.3,0.5,1.0,5.1,5.2,2015-16
2756,246,Sasha Vujacic,1610612752,NYK,61,14.9,1.7,4.5,0.383,0.9,2.3,0.364,0.5,0.6,0.821,0.4,2.0,2.4,1.4,0.6,0.1,0.7,4.9,5.7,2015-16
203460,247,Andre Roberson,1610612760,OKC,70,22.2,1.9,3.9,0.496,0.5,1.5,0.311,0.5,0.8,0.611,1.1,2.5,3.6,0.7,0.8,0.6,0.5,4.8,7.7,2015-16
203124,248,Kyle O'Quinn,1610612752,NYK,65,11.8,2.0,4.2,0.476,0.1,0.3,0.227,0.7,0.9,0.767,1.2,2.7,3.8,1.1,0.3,0.8,0.9,4.8,7.4,2015-16
203937,249,Kyle Anderson,1610612759,SAS,78,16.0,1.8,3.8,0.468,0.2,0.5,0.324,0.8,1.1,0.747,0.3,2.8,3.1,1.6,0.8,0.4,0.8,4.5,7.3,2015-16
202087,250,Alonzo Gee,1610612740,NOP,73,22.4,1.8,3.5,0.518,0.2,0.8,0.283,0.6,0.9,0.667,0.8,2.5,3.4,1.0,0.9,0.2,0.8,4.5,7.1,2015-16
203473,251,Dewayne Dedmon,1610612753,ORL,58,12.2,1.7,3.1,0.559,0.0,0.0,0.0,1.0,1.3,0.75,1.2,2.8,3.9,0.2,0.4,0.8,0.6,4.4,7.5,2015-16
2581,252,Steve Blake,1610612765,DET,58,17.0,1.6,4.1,0.388,0.9,2.6,0.344,0.3,0.3,0.8,0.2,1.4,1.5,3.4,0.4,0.1,1.4,4.4,5.9,2015-16
201973,253,Jonas Jerebko,1610612738,BOS,78,15.1,1.5,3.7,0.413,0.6,1.4,0.398,0.8,1.0,0.782,1.0,2.7,3.7,0.8,0.3,0.3,0.7,4.4,6.4,2015-16
203080,254,Thomas Robinson,1610612751,BKN,71,12.9,1.8,4.1,0.447,0.0,0.0,0.0,0.7,1.5,0.431,1.9,3.1,5.1,0.6,0.5,0.5,1.0,4.3,7.0,2015-16
201575,255,Brandon Rush,1610612744,GSW,72,14.7,1.5,3.6,0.427,0.9,2.2,0.414,0.3,0.4,0.643,0.3,2.2,2.5,0.8,0.3,0.3,0.5,4.2,5.5,2015-16
204060,256,Joe Ingles,1610612762,UTA,81,15.3,1.5,3.6,0.426,1.0,2.6,0.386,0.2,0.2,0.722,0.2,1.6,1.9,1.2,0.7,0.0,0.8,4.2,5.1,2015-16
203524,257,Solomon Hill,1610612754,IND,59,14.7,1.6,3.5,0.447,0.4,1.3,0.324,0.6,0.7,0.857,0.7,2.2,2.8,1.0,0.6,0.2,0.6,4.2,6.2,2015-16
201978,258,Chase Budinger,1610612756,PHX,66,14.1,1.6,3.6,0.435,0.4,1.3,0.279,0.6,0.8,0.696,0.7,1.6,2.3,1.0,0.5,0.2,0.7,4.1,5.0,2015-16
201600,259,Omer Asik,1610612740,NOP,68,17.3,1.5,2.9,0.533,0.0,0.0,0.0,0.9,1.6,0.545,1.8,4.3,6.1,0.4,0.3,0.3,0.9,4.0,8.1,2015-16
1626162,260,Kelly Oubre Jr.,1610612764,WAS,63,10.7,1.4,3.3,0.427,0.4,1.3,0.316,0.5,0.8,0.633,0.4,1.7,2.1,0.2,0.3,0.1,0.5,3.7,3.8,2015-16
203943,261,Noah Vonleh,1610612757,POR,78,15.1,1.5,3.6,0.421,0.1,0.6,0.239,0.5,0.7,0.745,1.2,2.7,3.9,0.4,0.3,0.3,0.6,3.6,5.7,2015-16
203546,262,Ian Clark,1610612744,GSW,66,8.8,1.3,3.1,0.441,0.5,1.3,0.357,0.4,0.5,0.824,0.2,0.8,1.0,1.0,0.3,0.2,0.7,3.6,3.6,2015-16
202713,263,Kyle Singler,1610612760,OKC,68,14.4,1.3,3.3,0.389,0.4,1.4,0.309,0.4,0.6,0.659,0.7,1.3,2.1,0.4,0.4,0.1,0.5,3.4,3.7,2015-16
203488,264,Mike Muscala,1610612737,ATL,60,9.4,1.3,2.5,0.5,0.2,0.7,0.308,0.5,0.7,0.795,0.6,1.3,2.0,0.6,0.2,0.5,0.5,3.3,4.6,2015-16
1626173,265,Rashad Vaughn,1610612749,MIL,70,14.3,1.2,3.8,0.305,0.6,2.1,0.293,0.2,0.2,0.8,0.2,1.1,1.3,0.6,0.4,0.2,0.4,3.1,2.5,2015-16
201601,266,Luc Mbah a Moute,1610612746,LAC,75,17.0,1.3,2.8,0.454,0.2,0.5,0.325,0.4,0.8,0.526,0.8,1.5,2.3,0.4,0.6,0.3,0.5,3.1,4.3,2015-16
203948,267,Johnny O'Bryant III,1610612749,MIL,66,13.0,1.3,3.2,0.411,0.0,0.0,1.0,0.4,0.6,0.675,1.0,1.7,2.7,0.5,0.3,0.1,0.5,3.0,4.0,2015-16
203187,268,Chris Johnson,1610612762,UTA,70,12.2,1.0,2.8,0.371,0.4,1.4,0.273,0.5,0.6,0.81,0.4,1.5,1.9,0.6,0.5,0.3,0.6,2.9,3.8,2015-16
2419,269,Tayshaun Prince,1610612750,MIN,77,19.0,1.3,3.0,0.445,0.1,0.3,0.174,0.2,0.2,0.684,0.4,1.5,1.9,1.0,0.5,0.2,0.4,2.9,4.3,2015-16
203143,270,Pablo Prigioni,1610612746,LAC,59,13.9,0.9,2.5,0.374,0.5,1.6,0.295,0.1,0.1,0.875,0.6,1.3,1.9,2.2,0.9,0.0,0.8,2.5,5.1,2015-16
2555,271,Nick Collison,1610612760,OKC,59,11.8,0.8,1.8,0.459,0.0,0.0,0.0,0.4,0.6,0.697,1.2,1.7,2.9,0.9,0.3,0.3,0.8,2.1,4.4,2015-16
201935,1,James Harden,1610612745,HOU,78,36.8,10.8,24.5,0.442,4.8,13.2,0.368,9.7,11.0,0.879,0.8,5.8,6.6,7.5,2.0,0.7,5.0,36.1,33.1,2018-19
202331,2,Paul George,1610612760,OKC,77,36.9,9.2,21.0,0.438,3.8,9.8,0.386,5.9,7.0,0.839,1.4,6.8,8.2,4.1,2.2,0.4,2.7,28.0,27.4,2018-19
203507,3,Giannis Antetokounmpo,1610612749,MIL,72,32.8,10.0,17.3,0.578,0.7,2.8,0.256,6.9,9.5,0.729,2.2,10.3,12.5,5.9,1.3,1.5,3.7,27.7,35.3,2018-19
203954,4,Joel Embiid,1610612755,PHI,64,33.7,9.1,18.7,0.484,1.2,4.1,0.3,8.2,10.1,0.804,2.5,11.1,13.6,3.7,0.7,1.9,3.5,27.5,32.2,2018-19
201939,5,Stephen Curry,1610612744,GSW,69,33.8,9.2,19.4,0.472,5.1,11.7,0.437,3.8,4.2,0.916,0.7,4.7,5.3,5.2,1.3,0.4,2.8,27.3,26.1,2018-19
202695,6,Kawhi Leonard,1610612761,TOR,60,34.0,9.3,18.8,0.496,1.9,5.0,0.371,6.1,7.1,0.854,1.3,6.0,7.3,3.3,1.8,0.4,2.0,26.6,26.9,2018-19
1626164,7,Devin Booker,1610612756,PHX,64,35.0,9.2,19.6,0.467,2.1,6.5,0.326,6.1,7.1,0.866,0.6,3.5,4.1,6.8,0.9,0.2,4.1,26.6,23.0,2018-19
201142,8,Kevin Durant,1610612744,GSW,78,34.6,9.2,17.7,0.521,1.8,5.0,0.353,5.7,6.5,0.885,0.4,5.9,6.4,5.9,0.7,1.1,2.9,26.0,27.9,2018-19
203081,9,Damian Lillard,1610612757,POR,80,35.5,8.5,19.2,0.444,3.0,8.0,0.369,5.9,6.4,0.912,0.9,3.8,4.6,6.9,1.1,0.4,2.7,25.8,25.0,2018-19
202689,10,Kemba Walker,1610612766,CHA,82,34.9,8.9,20.5,0.434,3.2,8.9,0.356,4.6,5.5,0.844,0.6,3.8,4.4,5.9,1.2,0.4,2.6,25.6,22.5,2018-19
203078,11,Bradley Beal,1610612764,WAS,82,36.9,9.3,19.6,0.475,2.5,7.3,0.351,4.4,5.5,0.808,1.1,3.9,5.0,5.5,1.5,0.7,2.7,25.6,24.2,2018-19
201933,12,Blake Griffin,1610612765,DET,75,35.0,8.3,17.9,0.462,2.5,7.0,0.362,5.5,7.3,0.753,1.3,6.2,7.5,5.4,0.7,0.4,3.4,24.5,23.7,2018-19
1626157,13,Karl-Anthony Towns,1610612750,MIN,77,33.1,8.8,17.1,0.518,1.8,4.6,0.4,4.9,5.8,0.836,3.4,9.0,12.4,3.4,0.9,1.6,3.1,24.4,30.4,2018-19
202681,14,Kyrie Irving,1610612738,BOS,67,33.0,9.0,18.5,0.487,2.6,6.5,0.401,3.2,3.7,0.873,1.1,3.9,5.0,6.9,1.5,0.5,2.6,23.8,25.3,2018-19
1628378,15,Donovan Mitchell,1610612762,UTA,77,33.7,8.6,19.9,0.432,2.4,6.7,0.362,4.1,5.1,0.806,0.8,3.3,4.1,4.2,1.4,0.4,2.8,23.8,18.7,2018-19
203897,16,Zach LaVine,1610612741,CHI,63,34.5,8.4,18.0,0.467,1.9,5.1,0.374,5.0,6.0,0.832,0.6,4.0,4.7,4.5,1.0,0.4,3.4,23.7,20.2,2018-19
201566,17,Russell Westbrook,1610612760,OKC,73,36.0,8.6,20.2,0.428,1.6,5.6,0.29,4.1,6.2,0.656,1.5,9.6,11.1,10.7,1.9,0.5,4.5,22.9,29.0,2018-19
202691,18,Klay Thompson,1610612744,GSW,78,34.0,8.4,18.0,0.467,3.1,7.7,0.402,1.7,2.0,0.816,0.5,3.4,3.8,2.4,1.1,0.6,1.5,21.5,18.0,2018-19
203944,19,Julius Randle,1610612740,NOP,73,30.6,7.8,14.9,0.524,0.9,2.7,0.344,4.9,6.7,0.731,2.2,6.5,8.7,3.1,0.7,0.6,2.8,21.4,22.8,2018-19
200746,20,LaMarcus Aldridge,1610612759,SAS,81,33.2,8.4,16.3,0.519,0.1,0.5,0.238,4.3,5.1,0.847,3.1,6.1,9.2,2.4,0.5,1.3,1.8,21.3,24.4,2018-19
201942,21,DeMar DeRozan,1610612759,SAS,77,34.9,8.2,17.1,0.481,0.1,0.6,0.156,4.8,5.7,0.83,0.7,5.3,6.0,6.2,1.1,0.5,2.6,21.2,22.6,2018-19
1629029,22,Luka Dončić,1610612742,DAL,72,32.2,7.0,16.5,0.427,2.3,7.1,0.327,4.8,6.7,0.713,1.2,6.6,7.8,6.0,1.1,0.3,3.4,21.2,21.6,2018-19
201950,23,Jrue Holiday,1610612740,NOP,67,35.9,8.2,17.3,0.472,1.8,5.4,0.325,3.1,4.0,0.768,1.1,3.9,5.0,7.7,1.6,0.8,3.1,21.2,23.1,2018-19
1626156,24,D'Angelo Russell,1610612751,BKN,81,30.2,8.1,18.7,0.434,2.9,7.8,0.369,2.0,2.5,0.78,0.7,3.2,3.9,7.0,1.2,0.2,3.1,21.1,19.2,2018-19
201144,25,Mike Conley,1610612763,MEM,70,33.5,7.0,16.0,0.438,2.2,6.1,0.364,4.9,5.8,0.845,0.6,2.8,3.4,6.4,1.3,0.3,1.9,21.1,20.8,2018-19
203468,26,CJ McCollum,1610612757,POR,70,33.9,8.2,17.8,0.459,2.4,6.4,0.375,2.3,2.7,0.828,0.9,3.1,4.0,3.0,0.8,0.4,1.5,21.0,17.6,2018-19
202696,27,Nikola Vučević,1610612753,ORL,80,31.4,8.8,16.9,0.518,1.1,2.9,0.364,2.2,2.8,0.789,2.8,9.2,12.0,3.8,1.0,1.1,2.0,20.8,28.0,2018-19
1627741,28,Buddy Hield,1610612758,SAC,82,31.9,7.6,16.6,0.458,3.4,7.9,0.427,2.1,2.4,0.886,1.3,3.7,5.0,2.5,0.7,0.4,1.8,20.7,18.3,2018-19
203999,29,Nikola Jokić,1610612743,DEN,80,31.3,7.7,15.1,0.511,1.0,3.4,0.307,3.6,4.4,0.821,2.9,8.0,10.8,7.3,1.4,0.7,3.1,20.1,28.9,2018-19
202699,30,Tobias Harris,1610612755,PHI,82,34.7,7.5,15.3,0.487,1.9,4.8,0.397,3.2,3.7,0.866,0.8,7.0,7.9,2.8,0.6,0.5,1.8,20.0,21.6,2018-19
101150,31,Lou Williams,1610612746,LAC,75,26.6,6.5,15.2,0.425,1.4,3.9,0.361,5.7,6.5,0.876,0.5,2.4,3.0,5.4,0.8,0.1,2.4,20.0,17.3,2018-19
201568,32,Danilo Gallinari,1610612746,LAC,68,30.3,6.0,13.0,0.463,2.4,5.5,0.433,5.4,6.0,0.904,0.8,5.3,6.1,2.6,0.7,0.3,1.5,19.8,20.6,2018-19
1628381,33,John Collins,1610612737,ATL,61,30.0,7.6,13.6,0.56,0.9,2.6,0.348,3.3,4.4,0.763,3.6,6.2,9.8,2.0,0.4,0.6,2.0,19.5,23.2,2018-19
1629027,34,Trae Young,1610612737,ATL,81,30.9,6.5,15.5,0.418,1.9,6.0,0.324,4.2,5.1,0.829,0.8,2.9,3.7,8.1,0.9,0.2,3.8,19.1,18.3,2018-19
202710,35,Jimmy Butler III,1610612755,PHI,65,33.6,6.4,13.9,0.462,1.0,3.0,0.347,4.8,5.6,0.855,1.9,3.4,5.3,4.0,1.9,0.6,1.5,18.7,20.7,2018-19
1628398,36,Kyle Kuzma,1610612747,LAL,70,33.1,7.1,15.5,0.456,1.8,6.0,0.303,2.7,3.6,0.752,0.9,4.6,5.5,2.5,0.6,0.4,1.9,18.7,16.4,2018-19
203114,37,Khris Middleton,1610612749,MIL,77,31.1,6.6,14.9,0.441,2.3,6.2,0.378,2.8,3.4,0.837,0.6,5.3,6.0,4.3,1.0,0.1,2.3,18.3,18.5,2018-19
1627750,38,Jamal Murray,1610612743,DEN,75,32.6,6.8,15.6,0.437,2.0,5.5,0.367,2.5,3.0,0.848,0.9,3.4,4.2,4.8,0.9,0.4,2.1,18.2,17.2,2018-19
203952,39,Andrew Wiggins,1610612750,MIN,73,34.8,6.8,16.6,0.412,1.6,4.8,0.339,2.8,4.1,0.699,1.1,3.7,4.8,2.5,1.0,0.7,1.9,18.1,14.2,2018-19
203501,40,Tim Hardaway Jr.,1610612742,DAL,65,31.6,6.0,15.3,0.393,2.5,7.3,0.34,3.6,4.2,0.841,0.5,2.9,3.4,2.4,0.8,0.1,1.6,18.1,13.3,2018-19
200755,41,JJ Redick,1610612755,PHI,76,31.3,5.9,13.5,0.44,3.2,8.0,0.397,3.0,3.4,0.894,0.3,2.2,2.4,2.7,0.4,0.2,1.3,18.1,14.6,2018-19
202711,42,Bojan Bogdanovic,1610612754,IND,81,31.8,6.4,13.0,0.497,2.0,4.8,0.425,3.0,3.8,0.807,0.4,3.7,4.1,2.0,0.9,0.0,1.7,18.0,16.0,2018-19
203083,43,Andre Drummond,1610612765,DET,79,33.5,7.1,13.3,0.533,0.1,0.5,0.132,3.1,5.2,0.59,5.4,10.2,15.6,1.4,1.7,1.7,2.2,17.3,27.3,2018-19
1628368,44,De'Aaron Fox,1610612758,SAC,81,31.4,6.2,13.6,0.458,1.1,2.9,0.371,3.7,5.1,0.727,0.5,3.2,3.8,7.3,1.6,0.6,2.8,17.3,18.9,2018-19
1627783,45,Pascal Siakam,1610612761,TOR,80,31.9,6.5,11.8,0.549,1.0,2.7,0.369,3.0,3.8,0.785,1.6,5.3,6.9,3.1,0.9,0.7,1.9,16.9,20.4,2018-19
1627732,46,Ben Simmons,1610612755,PHI,79,34.2,6.8,12.2,0.563,0.0,0.1,0.0,3.3,5.4,0.6,2.2,6.6,8.8,7.7,1.4,0.8,3.5,16.9,24.7,2018-19
203903,47,Jordan Clarkson,1610612739,CLE,81,27.3,6.5,14.6,0.448,1.8,5.5,0.324,2.0,2.4,0.844,1.0,2.3,3.3,2.4,0.7,0.2,1.7,16.8,13.4,2018-19
203915,48,Spencer Dinwiddie,1610612751,BKN,68,28.1,5.4,12.2,0.442,1.8,5.4,0.335,4.2,5.2,0.806,0.4,2.1,2.4,4.6,0.6,0.3,2.2,16.8,14.6,2018-19
1629012,49,Collin Sexton,1610612739,CLE,82,31.8,6.3,14.7,0.43,1.5,3.6,0.402,2.6,3.1,0.839,0.7,2.2,2.9,3.0,0.5,0.1,2.3,16.7,12.0,2018-19
203991,50,Clint Capela,1610612745,HOU,67,33.6,7.1,10.9,0.648,0.0,0.0,0.0,2.5,3.9,0.636,4.4,8.2,12.7,1.4,0.7,1.5,1.4,16.6,26.2,2018-19
1626149,51,Montrezl Harrell,1610612746,LAC,82,26.3,6.7,10.8,0.615,0.0,0.2,0.176,3.2,5.0,0.643,2.2,4.3,6.5,2.0,0.9,1.3,1.6,16.6,19.7,2018-19
1626196,52,Josh Richardson,1610612748,MIA,73,34.8,5.8,14.1,0.412,2.2,6.3,0.357,2.7,3.2,0.861,0.7,2.9,3.6,4.1,1.1,0.5,1.5,16.6,15.5,2018-19
203084,53,Harrison Barnes,1610612758,SAC,77,32.9,5.6,13.3,0.42,2.3,5.7,0.395,3.0,3.6,0.824,0.7,3.9,4.7,1.5,0.6,0.2,1.3,16.4,13.8,2018-19
1629028,54,Deandre Ayton,1610612756,PHX,71,30.7,7.2,12.3,0.585,0.0,0.1,0.0,2.0,2.7,0.746,3.1,7.1,10.3,1.8,0.9,0.9,1.8,16.3,22.6,2018-19
201569,55,Eric Gordon,1610612745,HOU,68,31.7,5.6,13.8,0.409,3.2,8.8,0.36,1.8,2.2,0.783,0.3,1.9,2.2,1.9,0.6,0.4,1.3,16.2,11.3,2018-19
203932,56,Aaron Gordon,1610612753,ORL,78,33.8,6.0,13.4,0.449,1.6,4.4,0.349,2.4,3.2,0.731,1.7,5.7,7.4,3.7,0.7,0.7,2.1,16.0,18.2,2018-19
202339,57,Eric Bledsoe,1610612749,MIL,78,29.1,6.0,12.4,0.484,1.6,4.8,0.329,2.3,3.0,0.75,1.1,3.6,4.6,5.5,1.5,0.4,2.1,15.9,18.6,2018-19
203497,58,Rudy Gobert,1610612762,UTA,81,31.8,5.9,8.8,0.669,0.0,0.0,0.0,4.1,6.4,0.636,3.8,9.0,12.9,2.0,0.8,2.3,1.6,15.9,27.0,2018-19
1628369,59,Jayson Tatum,1610612738,BOS,79,31.1,5.9,13.1,0.45,1.5,3.9,0.373,2.5,2.9,0.855,0.9,5.2,6.0,2.1,1.1,0.7,1.5,15.7,16.5,2018-19
1627763,60,Malcolm Brogdon,1610612749,MIL,64,28.6,5.9,11.7,0.505,1.6,3.8,0.426,2.2,2.4,0.928,1.0,3.5,4.5,3.2,0.7,0.2,1.4,15.6,16.9,2018-19
203994,61,Jusuf Nurkić,1610612757,POR,72,27.4,5.8,11.5,0.508,0.0,0.4,0.103,3.9,5.1,0.773,3.4,7.0,10.4,3.2,1.0,1.4,2.3,15.6,22.5,2018-19
101108,62,Chris Paul,1610612745,HOU,58,32.0,5.2,12.4,0.419,2.2,6.1,0.358,3.0,3.5,0.862,0.6,3.9,4.6,8.2,2.0,0.3,2.6,15.6,20.3,2018-19
203471,63,Dennis Schröder,1610612760,OKC,79,29.3,5.8,14.0,0.414,1.6,4.6,0.341,2.4,2.9,0.819,0.5,3.1,3.6,4.1,0.8,0.2,2.2,15.5,13.3,2018-19
202704,64,Reggie Jackson,1610612765,DET,82,27.9,5.4,12.8,0.421,2.1,5.7,0.369,2.5,2.9,0.864,0.5,2.1,2.6,4.2,0.7,0.1,1.8,15.4,13.4,2018-19
203087,65,Jeremy Lamb,1610612766,CHA,79,28.5,5.5,12.4,0.44,1.5,4.2,0.348,2.9,3.3,0.888,0.8,4.7,5.5,2.2,1.1,0.4,1.0,15.3,16.2,2018-19
1626162,66,Kelly Oubre Jr.,1610612756,PHX,69,28.0,5.4,12.2,0.445,1.6,4.9,0.32,2.7,3.5,0.775,1.0,3.7,4.7,1.2,1.2,0.9,1.5,15.2,14.1,2018-19
203095,67,Evan Fournier,1610612753,ORL,81,31.5,5.8,13.2,0.438,1.9,5.6,0.34,1.7,2.1,0.806,0.5,2.7,3.2,3.6,0.9,0.1,1.9,15.1,13.3,2018-19
203082,68,Terrence Ross,1610612753,ORL,81,26.5,5.4,12.7,0.428,2.7,7.0,0.383,1.6,1.8,0.875,0.3,3.1,3.5,1.7,0.9,0.4,1.1,15.1,12.9,2018-19
2548,69,Dwyane Wade,1610612748,MIA,72,26.2,5.8,13.3,0.433,1.2,3.6,0.33,2.3,3.2,0.708,1.0,3.0,4.0,4.2,0.8,0.5,2.3,15.0,13.7,2018-19
201586,70,Serge Ibaka,1610612761,TOR,74,27.2,6.3,11.9,0.529,0.7,2.3,0.29,1.8,2.4,0.763,2.1,6.0,8.1,1.3,0.4,1.4,1.5,15.0,18.6,2018-19
1628963,71,Marvin Bagley III,1610612758,SAC,62,25.3,5.7,11.4,0.504,0.5,1.5,0.313,2.9,4.2,0.691,2.6,5.0,7.6,1.0,0.5,1.0,1.6,14.9,16.4,2018-19
1626144,72,Emmanuel Mudiay,1610612752,NYK,59,27.2,5.6,12.5,0.446,1.2,3.6,0.329,2.4,3.2,0.774,0.6,2.8,3.3,3.9,0.7,0.3,2.4,14.8,13.0,2018-19
203953,73,Jabari Parker,1610612764,WAS,64,26.9,5.8,11.7,0.493,1.0,3.0,0.313,2.0,2.9,0.712,1.2,5.3,6.6,2.4,0.7,0.5,2.4,14.5,15.5,2018-19
200768,74,Kyle Lowry,1610612761,TOR,65,34.0,4.7,11.4,0.411,2.4,7.0,0.347,2.5,3.0,0.83,0.6,4.2,4.8,8.7,1.4,0.5,2.8,14.2,19.6,2018-19
203992,75,Bogdan Bogdanović,1610612758,SAC,70,27.8,5.2,12.3,0.418,1.9,5.3,0.36,1.9,2.3,0.827,0.6,2.9,3.5,3.8,1.0,0.2,1.7,14.1,13.4,2018-19
1627734,76,Domantas Sabonis,1610612754,IND,74,24.8,5.6,9.5,0.59,0.1,0.2,0.529,2.8,3.9,0.715,2.5,6.8,9.3,2.9,0.6,0.4,2.2,14.1,20.2,2018-19
202694,77,Marcus Morris Sr.,1610612738,BOS,75,27.9,5.0,11.3,0.447,1.9,5.2,0.375,1.9,2.3,0.844,1.0,5.1,6.1,1.5,0.6,0.3,1.2,13.9,14.6,2018-19
203500,78,Steven Adams,1610612760,OKC,80,33.4,6.0,10.1,0.595,0.0,0.0,0.0,1.8,3.7,0.5,4.9,4.6,9.5,1.6,1.5,1.0,1.7,13.9,19.7,2018-19
1628991,79,Jaren Jackson Jr.,1610612763,MEM,58,26.1,5.1,10.2,0.506,0.9,2.4,0.359,2.6,3.4,0.766,1.3,3.4,4.7,1.1,0.9,1.4,1.7,13.8,14.4,2018-19
200752,80,Rudy Gay,1610612759,SAS,69,26.7,5.4,10.8,0.504,1.1,2.7,0.402,1.7,2.1,0.816,0.9,5.9,6.8,2.6,0.8,0.5,1.7,13.7,17.0,2018-19
203925,81,Joe Harris,1610612751,BKN,76,30.2,4.9,9.8,0.5,2.4,5.1,0.474,1.4,1.8,0.827,0.7,3.1,3.8,2.4,0.5,0.2,1.6,13.7,13.8,2018-19
202683,82,Enes Freedom,1610612757,POR,67,24.5,5.6,10.2,0.549,0.1,0.5,0.294,2.3,2.9,0.787,3.8,6.0,9.8,1.7,0.5,0.4,1.8,13.7,19.1,2018-19
203924,83,Jerami Grant,1610612760,OKC,80,32.7,5.1,10.3,0.497,1.4,3.7,0.392,2.0,2.8,0.71,1.2,4.0,5.2,1.0,0.8,1.3,0.8,13.6,15.0,2018-19
201143,84,Al Horford,1610612738,BOS,68,29.0,5.7,10.6,0.535,1.1,3.0,0.36,1.1,1.4,0.821,1.8,5.0,6.7,4.2,0.9,1.3,1.5,13.6,19.9,2018-19
201188,85,Marc Gasol,1610612761,TOR,79,30.8,4.9,11.0,0.448,1.3,3.5,0.363,2.4,3.2,0.759,1.0,6.9,7.9,4.4,1.1,1.1,2.0,13.6,19.3,2018-19
1626167,86,Myles Turner,1610612754,IND,74,28.6,5.1,10.5,0.487,1.0,2.6,0.388,2.0,2.7,0.736,1.4,5.8,7.2,1.6,0.8,2.7,1.4,13.3,18.1,2018-19
1626224,87,Cedi Osman,1610612739,CLE,76,32.2,4.7,11.1,0.427,1.7,4.9,0.348,1.9,2.4,0.779,0.6,4.1,4.7,2.6,0.8,0.1,1.5,13.0,12.8,2018-19
1627759,88,Jaylen Brown,1610612738,BOS,74,25.9,5.0,10.7,0.465,1.3,3.7,0.344,1.8,2.7,0.658,0.9,3.4,4.2,1.4,0.9,0.4,1.3,13.0,12.0,2018-19
1628995,89,Kevin Knox II,1610612752,NYK,75,28.8,4.5,12.2,0.37,1.7,4.9,0.343,2.2,3.0,0.717,0.8,3.7,4.5,1.1,0.6,0.3,1.5,12.8,9.2,2018-19
201937,90,Ricky Rubio,1610612762,UTA,68,27.9,4.3,10.7,0.404,1.2,3.7,0.311,2.9,3.4,0.855,0.5,3.1,3.6,6.1,1.3,0.1,2.6,12.7,14.4,2018-19
201152,91,Thaddeus Young,1610612754,IND,81,30.7,5.5,10.4,0.527,0.6,1.8,0.349,1.1,1.7,0.644,2.4,4.1,6.5,2.5,1.5,0.4,1.5,12.6,16.6,2018-19
200794,92,Paul Millsap,1610612743,DEN,70,27.1,4.6,9.5,0.484,0.8,2.3,0.365,2.6,3.6,0.727,2.2,5.0,7.2,2.0,1.2,0.8,1.4,12.6,16.6,2018-19
1626159,93,Justise Winslow,1610612748,MIA,66,29.7,4.9,11.3,0.433,1.5,3.9,0.375,1.3,2.1,0.628,1.0,4.4,5.4,4.3,1.1,0.3,2.2,12.6,14.2,2018-19
2772,94,Trevor Ariza,1610612764,WAS,69,34.0,4.3,10.7,0.399,2.1,6.3,0.334,1.9,2.4,0.793,0.7,4.7,5.4,3.7,1.3,0.3,1.5,12.5,14.7,2018-19
201572,95,Brook Lopez,1610612749,MIL,81,28.7,4.4,9.7,0.452,2.3,6.3,0.365,1.4,1.6,0.842,0.4,4.5,4.9,1.2,0.6,2.2,1.0,12.5,14.8,2018-19
202355,96,Hassan Whiteside,1610612748,MIA,72,23.3,5.4,9.4,0.571,0.0,0.2,0.125,1.5,3.4,0.449,3.6,7.8,11.3,0.8,0.6,1.9,1.3,12.3,19.7,2018-19
201145,97,Jeff Green,1610612764,WAS,77,27.2,4.2,8.9,0.475,1.4,4.2,0.347,2.4,2.7,0.888,0.7,3.3,4.0,1.8,0.6,0.5,1.3,12.3,12.8,2018-19
202083,98,Wesley Matthews,1610612754,IND,69,30.3,4.0,10.1,0.4,2.2,5.8,0.372,1.9,2.4,0.81,0.5,2.0,2.5,2.3,0.8,0.2,1.3,12.2,10.1,2018-19
204060,99,Joe Ingles,1610612762,UTA,82,31.3,4.4,9.8,0.448,2.3,5.9,0.391,1.1,1.5,0.707,0.4,3.6,4.0,5.7,1.2,0.2,2.4,12.1,15.1,2018-19
201580,100,JaVale McGee,1610612747,LAL,75,22.3,5.3,8.5,0.624,0.0,0.2,0.083,1.3,2.0,0.632,2.6,4.9,7.5,0.7,0.6,2.0,1.4,12.0,17.4,2018-19
1626161,101,Willie Cauley-Stein,1610612758,SAC,81,27.3,5.1,9.1,0.556,0.0,0.0,0.5,1.7,3.1,0.551,2.2,6.1,8.4,2.4,1.2,0.6,1.0,11.9,18.0,2018-19
203109,102,Jae Crowder,1610612762,UTA,80,27.1,4.0,10.0,0.399,2.2,6.5,0.331,1.8,2.5,0.721,0.8,4.1,4.8,1.7,0.8,0.4,1.1,11.9,11.8,2018-19
202324,103,Derrick Favors,1610612762,UTA,76,23.2,4.8,8.1,0.586,0.2,1.0,0.218,2.0,3.0,0.675,2.7,4.6,7.4,1.2,0.7,1.4,1.1,11.8,17.0,2018-19
1627854,104,Bryn Forbes,1610612759,SAS,82,28.0,4.4,9.6,0.456,2.1,5.0,0.426,0.8,1.0,0.885,0.2,2.7,2.9,2.1,0.5,0.0,1.0,11.8,11.1,2018-19
201571,105,D.J. Augustin,1610612753,ORL,81,28.0,3.9,8.4,0.47,1.6,3.8,0.421,2.2,2.6,0.866,0.5,2.0,2.5,5.3,0.6,0.0,1.6,11.7,13.8,2018-19
203145,106,Kent Bazemore,1610612737,ATL,67,24.5,4.1,10.3,0.402,1.4,4.5,0.32,1.9,2.6,0.726,0.6,3.3,3.9,2.3,1.3,0.6,1.8,11.6,11.1,2018-19
1628367,107,Josh Jackson,1610612756,PHX,79,25.2,4.4,10.6,0.413,0.9,2.8,0.324,1.8,2.7,0.671,0.8,3.6,4.4,2.3,0.9,0.7,2.2,11.5,10.5,2018-19
202330,108,Gordon Hayward,1610612738,BOS,72,25.9,4.1,8.8,0.466,1.1,3.2,0.333,2.2,2.6,0.834,0.7,3.8,4.5,3.4,0.9,0.3,1.5,11.5,13.9,2018-19
203484,109,Kentavious Caldwell-Pope,1610612747,LAL,82,24.8,4.0,9.2,0.43,1.8,5.3,0.347,1.7,1.9,0.867,0.6,2.3,2.9,1.3,0.9,0.2,0.8,11.4,10.4,2018-19
1627736,110,Malik Beasley,1610612743,DEN,81,23.2,4.3,9.1,0.474,2.0,5.0,0.402,0.7,0.8,0.848,0.4,2.0,2.5,1.2,0.7,0.1,0.7,11.3,10.2,2018-19
203493,111,Reggie Bullock Jr.,1610612747,LAL,63,29.8,3.9,9.4,0.412,2.3,6.2,0.377,1.2,1.3,0.859,0.3,2.4,2.7,2.0,0.6,0.2,1.0,11.3,10.1,2018-19
201954,112,Darren Collison,1610612754,IND,76,28.2,4.1,8.7,0.467,1.0,2.6,0.407,2.1,2.5,0.832,0.5,2.6,3.1,6.0,1.4,0.1,1.6,11.2,15.2,2018-19
203918,113,Rodney Hood,1610612757,POR,72,26.3,4.1,9.3,0.435,1.2,3.3,0.356,1.9,2.2,0.884,0.3,1.8,2.2,1.8,0.8,0.2,0.8,11.2,9.8,2018-19
201960,114,DeMarre Carroll,1610612751,BKN,67,25.4,3.4,8.6,0.395,1.6,4.6,0.342,2.7,3.6,0.76,1.0,4.2,5.2,1.3,0.5,0.1,1.1,11.1,11.0,2018-19
203458,115,Alex Len,1610612737,ATL,77,20.1,4.2,8.4,0.494,1.0,2.6,0.363,1.8,2.8,0.648,2.1,3.5,5.5,1.1,0.4,0.9,1.3,11.1,12.5,2018-19
201599,116,DeAndre Jordan,1610612752,NYK,69,29.7,4.1,6.5,0.641,0.0,0.0,0.0,2.7,3.8,0.705,3.3,9.8,13.1,2.3,0.6,1.1,2.2,11.0,22.3,2018-19
1627832,117,Fred VanVleet,1610612761,TOR,64,27.5,3.8,9.4,0.41,1.8,4.6,0.378,1.5,1.8,0.843,0.3,2.3,2.6,4.8,0.9,0.3,1.3,11.0,12.5,2018-19
1628386,118,Jarrett Allen,1610612751,BKN,80,26.2,4.2,7.1,0.59,0.1,0.6,0.133,2.5,3.5,0.709,2.4,6.0,8.4,1.4,0.5,1.5,1.3,10.9,17.5,2018-19
203504,119,Trey Burke,1610612742,DAL,58,19.4,4.1,9.4,0.431,1.0,2.7,0.352,1.8,2.1,0.831,0.5,1.2,1.7,2.7,0.6,0.1,0.8,10.9,9.4,2018-19
1629019,120,Allonzo Trier,1610612752,NYK,64,22.8,3.6,8.1,0.448,0.8,2.1,0.394,2.8,3.5,0.803,0.5,2.6,3.1,1.9,0.4,0.2,1.8,10.9,9.5,2018-19
1628983,121,Shai Gilgeous-Alexander,1610612746,LAC,82,26.5,4.2,8.7,0.476,0.6,1.7,0.367,1.9,2.4,0.8,0.7,2.1,2.8,3.3,1.2,0.5,1.7,10.8,11.9,2018-19
203473,122,Dewayne Dedmon,1610612737,ATL,64,25.1,4.0,8.2,0.492,1.3,3.4,0.382,1.4,1.8,0.814,1.6,5.9,7.5,1.4,1.1,1.1,1.3,10.8,16.1,2018-19
201959,123,Taj Gibson,1610612750,MIN,70,24.1,4.3,7.7,0.566,0.2,0.5,0.324,1.9,2.5,0.757,2.5,4.1,6.5,1.2,0.8,0.6,1.0,10.8,14.8,2018-19
1628422,124,Damyean Dotson,1610612752,NYK,73,27.5,4.0,9.6,0.415,1.7,4.7,0.368,1.0,1.3,0.745,0.5,3.1,3.6,1.8,0.8,0.1,1.0,10.7,10.1,2018-19
203967,125,Dario Saric,1610612750,MIN,81,25.0,3.8,8.6,0.437,1.5,4.0,0.365,1.6,1.9,0.88,1.6,4.1,5.6,1.6,0.6,0.1,1.2,10.6,12.2,2018-19
203939,126,Dwight Powell,1610612742,DAL,77,21.6,3.8,6.3,0.597,0.5,1.6,0.307,2.5,3.3,0.772,1.8,3.5,5.3,1.5,0.6,0.6,0.9,10.6,14.4,2018-19
1628418,127,Thomas Bryant,1610612764,WAS,72,20.8,4.3,7.0,0.616,0.5,1.4,0.333,1.5,1.9,0.781,1.6,4.7,6.3,1.3,0.3,0.9,0.8,10.5,15.5,2018-19
201158,128,Marco Belinelli,1610612759,SAS,79,23.0,3.6,8.7,0.413,1.9,5.0,0.372,1.4,1.6,0.903,0.2,2.3,2.5,1.7,0.4,0.1,0.9,10.5,9.0,2018-19
203200,129,Justin Holiday,1610612763,MEM,82,31.8,3.7,9.5,0.386,2.0,5.7,0.348,1.2,1.3,0.896,0.6,3.4,3.9,1.8,1.5,0.4,1.3,10.5,10.9,2018-19
1628420,130,Monte Morris,1610612743,DEN,82,24.0,4.2,8.6,0.493,1.1,2.8,0.414,0.8,1.0,0.802,0.4,1.9,2.4,3.6,0.9,0.0,0.6,10.4,12.1,2018-19
201980,131,Danny Green,1610612761,TOR,80,27.7,3.7,7.9,0.465,2.5,5.4,0.455,0.5,0.6,0.841,0.8,3.2,4.0,1.6,0.9,0.7,0.9,10.3,12.1,2018-19
201936,132,Tyreke Evans,1610612754,IND,69,20.3,3.7,9.6,0.389,1.1,3.1,0.356,1.7,2.3,0.719,0.5,2.4,2.9,2.4,0.8,0.3,1.7,10.2,8.4,2018-19
101107,133,Marvin Williams,1610612766,CHA,75,28.4,3.7,8.7,0.422,1.9,5.1,0.366,0.9,1.1,0.767,1.0,4.4,5.4,1.2,0.9,0.8,0.6,10.1,12.6,2018-19
203482,134,Kelly Olynyk,1610612748,MIA,79,22.9,3.3,7.1,0.463,1.4,4.0,0.354,1.9,2.3,0.822,0.9,3.8,4.7,1.8,0.7,0.5,1.4,10.0,11.9,2018-19
202340,135,Avery Bradley,1610612763,MEM,63,30.2,3.9,9.7,0.408,1.4,3.9,0.351,0.7,0.8,0.86,0.7,2.1,2.8,2.4,0.7,0.3,1.4,9.9,8.8,2018-19
1628401,136,Derrick White,1610612759,SAS,67,25.8,3.9,8.1,0.479,0.7,2.1,0.338,1.4,1.8,0.772,0.5,3.2,3.7,3.9,1.0,0.7,1.4,9.9,13.1,2018-19
201988,137,Patty Mills,1610612759,SAS,82,23.3,3.4,8.1,0.425,1.9,4.9,0.394,1.1,1.3,0.854,0.3,1.9,2.2,3.0,0.6,0.1,1.1,9.9,9.9,2018-19
1628379,138,Luke Kennard,1610612765,DET,63,22.8,3.6,8.3,0.438,1.7,4.3,0.394,0.8,1.0,0.836,0.2,2.7,2.9,1.8,0.4,0.2,0.9,9.7,9.3,2018-19
1628989,139,Kevin Huerter,1610612737,ATL,75,27.3,3.7,8.8,0.419,1.8,4.7,0.385,0.5,0.7,0.732,0.8,2.5,3.3,2.9,0.9,0.3,1.5,9.7,10.3,2018-19
202357,140,Nemanja Bjelica,1610612758,SAC,77,23.2,3.7,7.7,0.479,1.3,3.3,0.401,0.9,1.2,0.761,1.6,4.1,5.8,1.9,0.7,0.7,1.1,9.6,13.4,2018-19
1628371,141,Jonathan Isaac,1610612753,ORL,75,26.6,3.5,8.1,0.429,1.1,3.5,0.323,1.5,1.8,0.815,1.3,4.2,5.5,1.1,0.8,1.3,1.0,9.6,12.3,2018-19
202391,142,Jeremy Lin,1610612761,TOR,74,19.4,3.2,7.3,0.44,0.7,2.5,0.294,2.4,2.8,0.838,0.3,2.1,2.4,3.1,0.6,0.2,1.7,9.6,9.7,2018-19
201577,143,Robin Lopez,1610612741,CHI,74,21.7,4.1,7.2,0.568,0.1,0.4,0.226,1.2,1.7,0.724,1.9,2.0,3.9,1.2,0.1,1.1,1.3,9.5,10.9,2018-19
202693,144,Markieff Morris,1610612760,OKC,58,21.9,3.5,8.3,0.421,1.2,3.5,0.335,1.2,1.6,0.772,1.1,3.5,4.6,1.4,0.6,0.4,0.9,9.4,10.2,2018-19
203210,145,JaMychal Green,1610612746,LAC,65,21.1,3.5,7.3,0.483,1.1,2.7,0.403,1.2,1.6,0.792,1.6,4.7,6.3,0.8,0.7,0.5,1.3,9.4,12.2,2018-19
202329,146,Al-Farouq Aminu,1610612757,POR,81,28.3,3.2,7.3,0.433,1.2,3.5,0.343,1.9,2.1,0.867,1.4,6.1,7.5,1.3,0.8,0.4,0.9,9.4,14.1,2018-19
1626204,147,Larry Nance Jr.,1610612739,CLE,67,26.8,3.7,7.1,0.52,0.5,1.5,0.337,1.4,2.0,0.716,2.5,5.7,8.2,3.2,1.5,0.6,1.4,9.4,17.4,2018-19
201587,148,Nicolas Batum,1610612766,CHA,75,31.4,3.4,7.5,0.45,1.5,4.0,0.389,1.0,1.2,0.865,0.9,4.3,5.2,3.3,0.9,0.6,1.6,9.3,13.5,2018-19
1628973,149,Jalen Brunson,1610612742,DAL,73,21.8,3.6,7.7,0.467,0.9,2.5,0.348,1.2,1.6,0.725,0.3,2.0,2.3,3.2,0.5,0.1,1.2,9.3,9.5,2018-19
101123,150,Gerald Green,1610612745,HOU,73,20.2,3.2,7.9,0.4,2.1,6.0,0.354,0.8,0.9,0.838,0.4,2.1,2.5,0.5,0.5,0.4,0.8,9.2,7.5,2018-19
1629013,151,Landry Shamet,1610612746,LAC,79,22.8,3.0,7.1,0.431,2.1,5.0,0.422,0.9,1.2,0.806,0.3,1.4,1.7,1.5,0.5,0.1,0.6,9.1,8.1,2018-19
1626179,152,Terry Rozier,1610612738,BOS,79,22.7,3.3,8.4,0.387,1.5,4.3,0.353,0.9,1.2,0.785,0.4,3.5,3.9,2.9,0.9,0.3,0.9,9.0,10.6,2018-19
1628370,153,Malik Monk,1610612766,CHA,73,17.2,3.1,8.0,0.387,1.5,4.5,0.33,1.2,1.4,0.882,0.2,1.7,1.9,1.6,0.5,0.3,1.2,8.9,6.9,2018-19
1626178,154,Rondae Hollis-Jefferson,1610612751,BKN,59,20.9,3.4,8.3,0.411,0.2,0.8,0.184,2.0,3.1,0.645,1.4,3.8,5.3,1.6,0.7,0.5,1.2,8.9,9.9,2018-19
1627826,155,Ivica Zubac,1610612746,LAC,59,17.6,3.6,6.4,0.559,0.0,0.0,0.0,1.7,2.1,0.802,1.9,4.2,6.1,1.1,0.2,0.9,1.2,8.9,12.8,2018-19
1628389,156,Bam Adebayo,1610612748,MIA,82,23.3,3.4,5.9,0.576,0.0,0.2,0.2,2.0,2.8,0.735,2.0,5.3,7.3,2.2,0.9,0.8,1.5,8.9,15.4,2018-19
203107,157,Tomas Satoransky,1610612764,WAS,80,27.1,3.2,6.6,0.485,0.8,2.0,0.395,1.6,2.0,0.819,1.0,2.5,3.5,5.0,1.0,0.2,1.5,8.9,13.3,2018-19
203935,158,Marcus Smart,1610612738,BOS,80,27.5,3.0,7.1,0.422,1.6,4.3,0.364,1.3,1.6,0.806,0.7,2.2,2.9,4.0,1.8,0.4,1.5,8.9,12.0,2018-19
1626209,159,Mario Hezonja,1610612752,NYK,58,20.8,3.3,8.0,0.412,0.7,2.6,0.276,1.5,2.0,0.763,0.5,3.6,4.1,1.5,1.0,0.1,1.5,8.8,8.9,2018-19
202692,160,Alec Burks,1610612758,SAC,64,21.5,3.0,7.4,0.405,1.0,2.6,0.363,1.8,2.2,0.823,0.5,3.2,3.7,2.0,0.6,0.3,1.0,8.8,9.6,2018-19
1626153,161,Delon Wright,1610612763,MEM,75,22.6,3.2,7.4,0.434,0.7,2.2,0.298,1.6,2.0,0.793,0.9,2.6,3.5,3.3,1.2,0.4,1.0,8.7,11.5,2018-19
1626181,162,Norman Powell,1610612761,TOR,60,18.8,3.2,6.7,0.483,1.1,2.8,0.4,1.0,1.3,0.827,0.3,2.1,2.3,1.5,0.7,0.2,1.1,8.6,8.6,2018-19
2594,163,Kyle Korver,1610612762,UTA,70,19.1,2.9,6.9,0.416,2.0,5.0,0.397,0.9,1.0,0.822,0.1,2.2,2.3,1.2,0.4,0.2,0.8,8.6,7.5,2018-19
1626168,164,Trey Lyles,1610612743,DEN,64,17.5,3.2,7.7,0.418,0.8,3.1,0.255,1.3,1.8,0.698,0.7,3.2,3.8,1.4,0.5,0.4,1.1,8.5,8.5,2018-19
1629066,165,Rodions Kurucs,1610612751,BKN,63,20.5,3.2,7.1,0.45,0.9,2.9,0.315,1.1,1.5,0.783,0.9,3.0,3.9,0.8,0.7,0.4,1.2,8.5,8.8,2018-19
204038,166,Langston Galloway,1610612765,DET,80,21.8,2.9,7.3,0.388,1.7,4.8,0.355,1.0,1.2,0.844,0.6,1.5,2.1,1.1,0.5,0.1,0.3,8.4,7.2,2018-19
203943,167,Noah Vonleh,1610612752,NYK,68,25.3,3.0,6.5,0.47,0.7,2.0,0.336,1.6,2.3,0.712,1.7,6.1,7.8,1.9,0.7,0.8,1.3,8.4,14.1,2018-19
1627761,168,DeAndre' Bembry,1610612737,ATL,82,23.5,3.4,7.5,0.446,0.6,2.1,0.289,1.1,1.7,0.64,0.7,3.7,4.4,2.5,1.3,0.5,1.7,8.4,10.5,2018-19
1628969,169,Mikal Bridges,1610612756,PHX,82,29.5,3.0,6.9,0.43,1.3,3.8,0.335,1.2,1.4,0.805,0.7,2.5,3.2,2.1,1.6,0.5,0.9,8.3,10.7,2018-19
203121,170,Darius Miller,1610612740,NOP,69,25.5,2.7,7.0,0.39,1.9,5.3,0.365,0.8,1.0,0.789,0.2,1.7,1.9,2.1,0.6,0.3,0.9,8.2,7.8,2018-19
1626143,171,Jahlil Okafor,1610612740,NOP,59,15.8,3.6,6.1,0.586,0.0,0.1,0.2,1.0,1.5,0.663,1.4,3.3,4.7,0.7,0.3,0.7,0.9,8.2,10.6,2018-19
1626158,172,Richaun Holmes,1610612756,PHX,70,16.9,3.2,5.2,0.608,0.0,0.0,0.0,1.8,2.5,0.731,1.6,3.1,4.7,0.9,0.6,1.1,0.7,8.2,12.0,2018-19
203085,173,Austin Rivers,1610612745,HOU,76,26.7,3.1,7.5,0.406,1.4,4.3,0.318,0.7,1.3,0.526,0.3,1.8,2.1,2.2,0.6,0.3,0.9,8.1,7.4,2018-19
1628402,174,Frank Jackson,1610612740,NOP,61,19.2,3.2,7.3,0.434,0.9,2.8,0.314,0.9,1.2,0.74,0.4,1.8,2.2,1.1,0.4,0.0,0.8,8.1,6.6,2018-19
202722,175,Davis Bertans,1610612759,SAS,76,21.5,2.7,6.0,0.45,1.9,4.4,0.429,0.7,0.8,0.883,0.3,3.2,3.5,1.3,0.5,0.4,0.6,8.0,9.7,2018-19
2037,176,Jamal Crawford,1610612756,PHX,64,18.9,2.7,6.8,0.397,1.0,3.2,0.332,1.5,1.7,0.845,0.1,1.2,1.3,3.6,0.5,0.2,1.5,7.9,7.6,2018-19
203552,177,Seth Curry,1610612757,POR,74,18.9,2.9,6.3,0.456,1.5,3.4,0.45,0.6,0.7,0.846,0.4,1.3,1.6,0.9,0.5,0.2,0.8,7.9,6.7,2018-19
1628404,178,Josh Hart,1610612747,LAL,67,25.6,2.8,6.9,0.407,1.4,4.1,0.336,0.8,1.2,0.688,0.5,3.2,3.7,1.4,1.0,0.6,0.9,7.8,9.1,2018-19
202066,179,Garrett Temple,1610612746,LAC,75,27.2,2.8,6.6,0.422,1.2,3.5,0.341,1.1,1.4,0.748,0.4,2.5,2.9,1.4,1.0,0.4,0.9,7.8,8.4,2018-19
1627790,180,Ante Zizic,1610612739,CLE,59,18.3,3.1,5.6,0.553,0.0,0.0,0.0,1.6,2.2,0.705,1.8,3.6,5.4,0.9,0.2,0.4,1.0,7.8,10.5,2018-19
203486,181,Mason Plumlee,1610612743,DEN,82,21.1,3.2,5.4,0.593,0.0,0.1,0.2,1.4,2.4,0.561,2.0,4.4,6.4,3.0,0.8,0.9,1.5,7.8,14.1,2018-19
1629006,182,Josh Okogie,1610612750,MIN,74,23.7,2.6,6.9,0.386,0.8,2.9,0.279,1.6,2.2,0.728,0.6,2.4,2.9,1.2,1.2,0.4,0.9,7.7,7.9,2018-19
203090,183,Maurice Harkless,1610612757,POR,60,23.6,3.2,6.5,0.487,0.6,2.0,0.275,0.8,1.2,0.671,1.3,3.2,4.5,1.2,1.1,0.9,0.8,7.7,10.9,2018-19
201976,184,Patrick Beverley,1610612746,LAC,78,27.4,2.5,6.1,0.407,1.4,3.6,0.397,1.2,1.6,0.78,1.0,4.0,5.0,3.8,0.9,0.6,1.1,7.6,12.8,2018-19
201588,185,George Hill,1610612749,MIL,60,21.7,2.8,6.3,0.452,0.8,2.6,0.314,1.2,1.4,0.824,0.7,1.8,2.5,2.3,0.9,0.1,0.9,7.6,8.8,2018-19
203585,186,Rodney McGruder,1610612746,LAC,66,23.5,2.8,7.0,0.403,1.2,3.4,0.351,0.8,1.1,0.722,0.9,2.7,3.6,1.7,0.5,0.2,1.0,7.6,8.2,2018-19
1627774,187,Jake Layman,1610612757,POR,71,18.7,3.0,6.0,0.509,0.8,2.5,0.326,0.7,1.0,0.704,0.8,2.3,3.1,0.7,0.4,0.4,0.6,7.6,8.4,2018-19
1627827,188,Dorian Finney-Smith,1610612742,DAL,81,24.5,2.8,6.5,0.432,1.0,3.1,0.311,0.9,1.3,0.709,1.7,3.1,4.8,1.2,0.9,0.4,0.9,7.5,9.8,2018-19
202697,189,Iman Shumpert,1610612745,HOU,62,23.9,2.7,7.2,0.374,1.5,4.4,0.348,0.6,0.7,0.8,0.4,2.5,3.0,1.8,1.0,0.4,0.8,7.5,8.1,2018-19
1628970,190,Miles Bridges,1610612766,CHA,80,21.2,3.0,6.4,0.464,0.8,2.5,0.325,0.7,1.0,0.753,0.8,3.2,4.0,1.2,0.7,0.6,0.6,7.5,9.7,2018-19
1713,191,Vince Carter,1610612737,ATL,76,17.5,2.6,6.2,0.419,1.6,4.2,0.389,0.6,0.9,0.712,0.4,2.1,2.6,1.1,0.6,0.4,0.6,7.4,7.6,2018-19
203110,192,Draymond Green,1610612744,GSW,66,31.3,2.8,6.4,0.445,0.7,2.5,0.285,1.0,1.4,0.692,0.9,6.4,7.3,6.9,1.4,1.1,2.6,7.4,17.5,2018-19
1629011,193,Mitchell Robinson,1610612752,NYK,66,20.6,3.1,4.4,0.694,0.0,0.0,0.0,1.2,2.0,0.6,2.7,3.7,6.4,0.6,0.8,2.4,0.5,7.3,14.8,2018-19
200782,194,P.J. Tucker,1610612745,HOU,82,34.2,2.5,6.4,0.396,1.8,4.7,0.377,0.5,0.7,0.695,1.5,4.4,5.8,1.2,1.6,0.5,0.8,7.3,11.6,2018-19
203926,195,Doug McDermott,1610612754,IND,77,17.4,2.7,5.5,0.491,1.1,2.7,0.408,0.9,1.0,0.835,0.2,1.2,1.4,0.9,0.2,0.1,0.5,7.3,6.4,2018-19
1626246,196,Boban Marjanovic,1610612755,PHI,58,11.7,2.8,4.5,0.615,0.1,0.2,0.4,1.7,2.3,0.748,1.5,3.1,4.6,0.9,0.3,0.5,1.0,7.3,10.2,2018-19
1626195,197,Willy Hernangomez,1610612766,CHA,58,14.0,2.6,5.1,0.519,0.3,0.7,0.385,1.7,2.5,0.694,2.0,3.3,5.4,1.0,0.3,0.3,1.0,7.3,10.1,2018-19
202362,198,Lance Stephenson,1610612747,LAL,68,16.5,2.7,6.4,0.426,1.1,2.9,0.371,0.7,1.1,0.685,0.5,2.7,3.2,2.1,0.6,0.1,1.3,7.2,7.9,2018-19
1628382,199,Justin Jackson,1610612742,DAL,81,19.9,2.7,6.0,0.447,1.1,3.0,0.355,0.8,1.0,0.785,0.5,2.1,2.6,1.2,0.4,0.2,0.4,7.2,7.7,2018-19
1628385,200,Harry Giles III,1610612758,SAC,58,14.1,3.0,6.0,0.503,0.0,0.1,0.0,1.0,1.6,0.637,1.1,2.7,3.8,1.5,0.5,0.4,1.3,7.0,8.4,2018-19
1627884,201,Derrick Jones Jr.,1610612748,MIA,60,19.2,2.7,5.4,0.494,0.5,1.5,0.308,1.2,2.0,0.607,1.6,2.4,4.0,0.6,0.8,0.7,0.7,7.0,8.9,2018-19
203488,202,Mike Muscala,1610612747,LAL,64,20.4,2.3,5.6,0.402,1.4,4.0,0.348,1.1,1.3,0.824,0.9,2.9,3.8,1.2,0.3,0.6,0.8,7.0,8.6,2018-19
1628384,203,OG Anunoby,1610612761,TOR,67,20.2,2.7,6.0,0.453,1.0,3.0,0.332,0.5,0.9,0.581,0.9,2.1,2.9,0.7,0.7,0.3,0.8,7.0,7.1,2018-19
1628390,204,Terrance Ferguson,1610612760,OKC,74,26.1,2.5,5.8,0.429,1.4,3.9,0.366,0.5,0.7,0.725,0.4,1.5,1.9,1.0,0.5,0.2,0.6,6.9,6.4,2018-19
1626192,205,Pat Connaughton,1610612749,MIL,61,20.7,2.7,5.7,0.466,1.1,3.3,0.33,0.5,0.7,0.725,1.0,3.2,4.2,2.0,0.5,0.4,0.5,6.9,10.3,2018-19
1626145,206,Tyus Jones,1610612750,MIN,68,22.9,2.7,6.6,0.415,0.6,1.9,0.317,0.9,1.0,0.841,0.3,1.6,2.0,4.8,1.2,0.1,0.7,6.9,10.2,2018-19
1626169,207,Stanley Johnson,1610612740,NOP,66,18.3,2.6,6.7,0.389,0.9,3.3,0.288,0.8,1.0,0.781,0.5,2.8,3.3,1.3,0.9,0.2,1.2,6.9,7.1,2018-19
1626188,208,Quinn Cook,1610612744,GSW,74,14.3,2.8,5.9,0.465,1.1,2.7,0.405,0.3,0.4,0.769,0.3,1.8,2.1,1.6,0.3,0.0,0.7,6.9,6.9,2018-19
1627782,209,Wayne Selden,1610612741,CHI,75,19.2,2.6,6.4,0.406,0.7,2.3,0.316,0.9,1.2,0.728,0.5,1.9,2.4,1.5,0.4,0.2,1.1,6.9,6.1,2018-19
1628467,210,Maxi Kleber,1610612742,DAL,71,21.2,2.5,5.4,0.453,1.1,3.1,0.353,0.8,1.0,0.784,1.3,3.4,4.6,1.0,0.5,1.1,0.8,6.8,10.1,2018-19
202323,211,Evan Turner,1610612757,POR,73,22.0,2.8,6.1,0.46,0.2,0.7,0.212,1.0,1.5,0.708,0.5,4.0,4.5,3.9,0.5,0.2,1.6,6.8,10.6,2018-19
101141,212,Ersan Ilyasova,1610612749,MIL,67,18.4,2.5,5.7,0.438,0.9,2.4,0.363,0.9,1.1,0.824,1.4,3.1,4.5,0.8,0.5,0.3,0.7,6.8,8.7,2018-19
1627853,213,Ryan Arcidiacono,1610612741,CHI,81,24.2,2.3,5.2,0.447,1.0,2.7,0.373,1.1,1.3,0.873,0.3,2.4,2.7,3.3,0.8,0.0,0.8,6.7,9.8,2018-19
203516,214,James Ennis III,1610612755,PHI,58,21.2,2.4,5.1,0.469,0.9,2.7,0.353,1.0,1.4,0.716,1.0,2.1,3.1,0.7,0.7,0.4,0.6,6.7,8.0,2018-19
203546,215,Ian Clark,1610612740,NOP,60,16.2,2.5,6.4,0.394,1.1,3.4,0.327,0.6,0.6,0.892,0.2,1.3,1.5,1.6,0.4,0.1,1.0,6.7,5.3,2018-19
203077,216,Michael Kidd-Gilchrist,1610612766,CHA,64,18.4,2.5,5.2,0.476,0.3,0.7,0.34,1.5,1.9,0.772,1.4,2.5,3.8,1.0,0.5,0.6,0.7,6.7,8.8,2018-19
1628380,217,Zach Collins,1610612757,POR,77,17.6,2.5,5.2,0.473,0.5,1.6,0.331,1.2,1.6,0.746,1.4,2.8,4.2,0.9,0.3,0.9,1.0,6.6,8.8,2018-19
202709,218,Cory Joseph,1610612754,IND,82,25.2,2.8,6.7,0.412,0.7,2.1,0.322,0.4,0.5,0.698,0.5,2.9,3.4,3.9,1.1,0.3,1.0,6.5,10.2,2018-19
1627885,219,Shaquille Harrison,1610612741,CHI,73,19.6,2.5,5.8,0.432,0.3,1.2,0.27,1.1,1.7,0.667,0.5,2.6,3.0,1.9,1.2,0.4,0.8,6.5,8.4,2018-19
1628425,220,Sterling Brown,1610612749,MIL,58,17.8,2.5,5.4,0.465,0.9,2.5,0.361,0.5,0.7,0.69,0.5,2.7,3.2,1.4,0.4,0.1,0.8,6.4,7.7,2018-19
203476,221,Gorgui Dieng,1610612750,MIN,76,13.6,2.5,5.0,0.501,0.3,0.7,0.339,1.2,1.4,0.83,1.1,3.0,4.1,0.9,0.6,0.5,0.8,6.4,9.1,2018-19
204456,222,T.J. McConnell,1610612755,PHI,76,19.3,2.9,5.5,0.525,0.2,0.6,0.333,0.4,0.5,0.784,0.4,1.9,2.3,3.4,1.0,0.2,1.2,6.4,9.4,2018-19
2734,223,Devin Harris,1610612742,DAL,68,15.8,1.9,5.1,0.38,0.9,2.9,0.31,1.5,2.0,0.761,0.2,1.5,1.6,1.8,0.5,0.2,0.8,6.3,6.0,2018-19
201973,224,Jonas Jerebko,1610612744,GSW,73,16.7,2.2,4.9,0.459,0.9,2.6,0.367,0.9,1.1,0.8,1.0,3.0,3.9,1.3,0.4,0.2,0.6,6.3,8.7,2018-19
1626172,225,Kevon Looney,1610612744,GSW,80,18.5,2.7,4.3,0.625,0.0,0.1,0.1,0.8,1.3,0.619,2.4,2.8,5.2,1.5,0.6,0.7,0.6,6.3,11.5,2018-19
1627767,226,Cheick Diallo,1610612740,NOP,64,14.0,2.6,4.2,0.62,0.0,0.1,0.25,0.8,1.0,0.746,1.2,4.0,5.2,0.5,0.5,0.5,0.8,6.0,10.1,2018-19
203503,227,Tony Snell,1610612749,MIL,74,17.6,2.2,4.9,0.452,1.1,2.8,0.397,0.5,0.6,0.881,0.4,1.7,2.1,0.9,0.4,0.2,0.3,6.0,6.6,2018-19
1627812,228,Yogi Ferrell,1610612758,SAC,71,15.0,2.2,5.0,0.435,0.8,2.1,0.362,0.8,0.9,0.896,0.2,1.4,1.5,1.9,0.5,0.1,0.6,5.9,6.5,2018-19
203917,229,Nik Stauskas,1610612739,CLE,68,14.9,2.0,5.0,0.402,1.0,2.8,0.372,0.8,0.9,0.891,0.3,1.6,1.9,1.2,0.3,0.1,0.8,5.9,5.5,2018-19
203086,230,Meyers Leonard,1610612757,POR,61,14.4,2.2,4.0,0.545,0.8,1.8,0.45,0.7,0.8,0.843,0.8,3.0,3.8,1.2,0.2,0.1,0.7,5.9,8.6,2018-19
1627823,231,Juancho Hernangomez,1610612743,DEN,70,19.4,2.0,4.5,0.439,0.9,2.6,0.365,0.9,1.2,0.767,0.9,2.9,3.8,0.8,0.4,0.3,0.5,5.8,7.8,2018-19
202334,232,Ed Davis,1610612751,BKN,81,17.9,2.3,3.7,0.616,0.0,0.0,0.0,1.2,2.0,0.617,2.7,5.9,8.6,0.8,0.4,0.4,0.8,5.8,13.0,2018-19
203118,233,Mike Scott,1610612755,PHI,79,17.7,2.1,5.3,0.4,1.3,3.2,0.401,0.3,0.4,0.667,0.5,2.9,3.5,0.8,0.3,0.2,0.6,5.8,6.7,2018-19
1628470,234,Torrey Craig,1610612743,DEN,75,20.0,2.1,4.8,0.442,0.8,2.5,0.324,0.7,0.9,0.7,1.2,2.3,3.5,1.0,0.5,0.6,0.6,5.7,7.7,2018-19
2738,235,Andre Iguodala,1610612744,GSW,68,23.2,2.2,4.4,0.5,0.7,2.1,0.333,0.6,1.0,0.582,0.7,3.0,3.7,3.2,0.9,0.8,0.8,5.7,10.9,2018-19
1628464,236,Daniel Theis,1610612738,BOS,66,13.8,2.2,4.0,0.549,0.4,1.0,0.388,0.8,1.2,0.737,1.3,2.1,3.4,1.0,0.3,0.6,0.5,5.7,8.4,2018-19
1627751,237,Jakob Poeltl,1610612759,SAS,77,16.5,2.4,3.8,0.645,0.0,0.0,0.0,0.6,1.2,0.533,2.3,3.0,5.3,1.2,0.4,0.9,0.6,5.5,10.8,2018-19
204025,238,Tim Frazier,1610612749,MIL,59,19.0,2.0,4.4,0.444,0.6,1.7,0.366,0.7,0.9,0.759,0.7,2.2,2.8,4.2,0.5,0.1,1.3,5.3,8.9,2018-19
1626220,239,Royce O'Neale,1610612762,UTA,82,20.4,2.0,4.2,0.475,0.8,2.1,0.386,0.4,0.5,0.762,0.3,3.2,3.5,1.5,0.7,0.3,0.9,5.2,8.0,2018-19
1627748,240,Thon Maker,1610612765,DET,64,15.2,1.7,4.2,0.407,0.8,2.4,0.32,0.9,1.3,0.667,0.6,2.5,3.2,0.7,0.3,0.8,0.5,5.0,6.6,2018-19
201229,241,Anthony Tolliver,1610612750,MIN,65,16.6,1.5,4.0,0.382,1.2,3.3,0.377,0.7,0.9,0.783,0.2,2.5,2.7,0.7,0.3,0.3,0.6,5.0,5.8,2018-19
1628411,242,Wes Iwundu,1610612753,ORL,68,18.1,1.7,4.0,0.412,0.4,1.2,0.367,1.2,1.5,0.816,0.5,2.2,2.7,1.1,0.4,0.3,0.6,5.0,6.2,2018-19
203457,243,Nerlens Noel,1610612760,OKC,77,13.7,2.1,3.6,0.587,0.0,0.0,0.0,0.7,1.0,0.684,1.6,2.6,4.2,0.6,0.9,1.2,0.6,4.9,9.4,2018-19
201162,244,Jared Dudley,1610612751,BKN,59,20.7,1.7,4.1,0.423,0.9,2.6,0.351,0.5,0.8,0.696,0.6,2.1,2.6,1.4,0.6,0.3,0.7,4.9,6.5,2018-19
1628035,245,Alfonzo McKinnie,1610612744,GSW,72,13.9,1.9,3.8,0.487,0.6,1.6,0.356,0.4,0.7,0.563,1.1,2.3,3.4,0.4,0.3,0.2,0.4,4.7,6.3,2018-19
1628971,246,Bruce Brown,1610612765,DET,74,19.6,1.7,4.2,0.398,0.3,1.3,0.258,0.6,0.8,0.75,0.6,1.9,2.5,1.2,0.5,0.5,0.6,4.3,5.7,2018-19
1626170,247,Jerian Grant,1610612753,ORL,60,15.7,1.5,3.7,0.418,0.7,1.8,0.364,0.4,0.7,0.65,0.3,1.3,1.6,2.6,0.7,0.1,0.9,4.2,6.0,2018-19
2733,248,Shaun Livingston,1610612744,GSW,64,15.1,1.7,3.3,0.519,0.0,0.0,0.0,0.6,0.8,0.784,0.7,1.2,1.8,1.8,0.5,0.4,0.6,4.0,6.2,2018-19
1626245,249,Cristiano Felicio,1610612741,CHI,60,12.4,1.6,3.0,0.531,0.0,0.1,0.0,0.8,1.2,0.685,1.3,2.3,3.6,0.6,0.2,0.1,0.6,4.0,6.2,2018-19
1627777,250,Georges Niang,1610612762,UTA,59,8.7,1.5,3.1,0.475,0.7,1.8,0.41,0.3,0.4,0.833,0.2,1.3,1.5,0.6,0.2,0.1,0.4,4.0,4.3,2018-19
1627846,251,Abdel Nader,1610612760,OKC,61,11.4,1.5,3.5,0.423,0.5,1.6,0.32,0.4,0.6,0.75,0.2,1.7,1.9,0.3,0.3,0.2,0.4,4.0,4.1,2018-19
2585,252,Zaza Pachulia,1610612765,DET,68,12.9,1.3,2.8,0.44,0.0,0.1,0.0,1.4,1.8,0.782,1.5,2.4,3.9,1.3,0.5,0.3,0.8,3.9,7.0,2018-19
1628388,253,T.J. Leaf,1610612754,IND,58,9.0,1.7,3.2,0.541,0.1,0.5,0.258,0.3,0.5,0.613,0.7,1.4,2.2,0.4,0.2,0.3,0.2,3.9,5.1,2018-19
202335,254,Patrick Patterson,1610612760,OKC,63,13.7,1.3,3.5,0.374,0.7,2.2,0.336,0.3,0.5,0.633,0.7,1.7,2.3,0.5,0.3,0.2,0.3,3.6,4.2,2018-19
1627820,255,Tyrone Wallace,1610612746,LAC,62,10.1,1.5,3.5,0.424,0.1,0.3,0.211,0.5,0.9,0.526,0.3,1.3,1.6,0.7,0.3,0.1,0.6,3.5,3.2,2018-19
1628395,256,Jordan Bell,1610612744,GSW,68,11.6,1.5,2.8,0.516,0.0,0.0,0.0,0.4,0.6,0.61,0.8,1.9,2.7,1.1,0.3,0.8,0.6,3.3,5.9,2018-19
201967,257,Dante Cunningham,1610612759,SAS,64,14.5,1.2,2.5,0.475,0.5,1.0,0.462,0.2,0.3,0.778,0.8,2.2,2.9,0.8,0.4,0.2,0.3,3.0,5.7,2018-19
1628414,258,Sindarius Thornwell,1610612746,LAC,64,4.9,0.3,0.8,0.347,0.0,0.2,0.2,0.4,0.5,0.735,0.1,0.6,0.7,0.3,0.2,0.1,0.3,1.0,1.3,2018-19
203954,1,Joel Embiid,1610612755,PHI,68,33.8,9.8,19.6,0.499,1.4,3.7,0.371,9.6,11.8,0.814,2.1,9.6,11.7,4.2,1.1,1.5,3.1,30.6,33.9,2021-22
203507,2,Giannis Antetokounmpo,1610612749,MIL,67,32.9,10.3,18.6,0.553,1.1,3.6,0.293,8.3,11.4,0.722,2.0,9.6,11.6,5.8,1.1,1.4,3.3,29.9,35.0,2021-22
1629029,3,Luka Dončić,1610612742,DAL,65,35.4,9.9,21.6,0.457,3.1,8.8,0.353,5.6,7.5,0.744,0.9,8.3,9.1,8.7,1.2,0.6,4.5,28.4,29.8,2021-22
1629027,4,Trae Young,1610612737,ATL,76,34.9,9.4,20.3,0.46,3.1,8.0,0.382,6.6,7.3,0.904,0.7,3.1,3.7,9.7,0.9,0.1,4.0,28.4,27.2,2021-22
201942,5,DeMar DeRozan,1610612741,CHI,76,36.1,10.2,20.2,0.504,0.7,1.9,0.352,6.8,7.8,0.877,0.7,4.4,5.2,4.9,0.9,0.3,2.4,27.9,25.8,2021-22
203999,6,Nikola Jokić,1610612743,DEN,74,33.5,10.3,17.7,0.583,1.3,3.9,0.337,5.1,6.3,0.81,2.8,11.0,13.8,7.9,1.5,0.9,3.8,27.1,38.7,2021-22
1628369,7,Jayson Tatum,1610612738,BOS,76,35.9,9.3,20.6,0.453,3.0,8.6,0.353,5.3,6.2,0.853,1.1,6.9,8.0,4.4,1.0,0.6,2.9,26.9,25.9,2021-22
1626164,8,Devin Booker,1610612756,PHX,68,34.5,9.7,20.9,0.466,2.7,7.0,0.383,4.6,5.3,0.868,0.7,4.4,5.0,4.8,1.1,0.4,2.4,26.8,23.9,2021-22
1628378,9,Donovan Mitchell,1610612762,UTA,67,33.8,9.2,20.5,0.448,3.5,9.8,0.355,4.0,4.7,0.853,0.8,3.4,4.2,5.3,1.5,0.2,3.0,25.9,22.1,2021-22
201939,10,Stephen Curry,1610612744,GSW,64,34.5,8.4,19.1,0.437,4.5,11.7,0.38,4.3,4.7,0.923,0.5,4.7,5.2,6.3,1.3,0.4,3.2,25.5,24.4,2021-22
1626157,11,Karl-Anthony Towns,1610612750,MIN,74,33.4,8.7,16.4,0.529,2.0,4.9,0.41,5.2,6.3,0.822,2.6,7.2,9.8,3.6,1.0,1.1,3.1,24.6,28.2,2021-22
203897,12,Zach LaVine,1610612741,CHI,67,34.7,8.4,17.7,0.476,2.8,7.1,0.389,4.8,5.6,0.853,0.3,4.3,4.6,4.5,0.6,0.3,2.6,24.4,21.8,2021-22
1627759,13,Jaylen Brown,1610612738,BOS,66,33.6,8.7,18.4,0.473,2.5,7.0,0.358,3.7,4.8,0.758,0.8,5.3,6.1,3.5,1.1,0.3,2.7,23.6,21.0,2021-22
1628368,14,De'Aaron Fox,1610612758,SAC,59,35.3,8.7,18.5,0.473,1.3,4.2,0.297,4.4,5.9,0.75,0.4,3.5,3.9,5.6,1.2,0.4,2.8,23.2,20.2,2021-22
1627783,15,Pascal Siakam,1610612761,TOR,68,37.9,8.8,17.8,0.494,1.1,3.2,0.344,4.2,5.6,0.749,1.9,6.6,8.5,5.3,1.3,0.6,2.7,22.8,25.5,2021-22
203468,16,CJ McCollum,1610612740,NOP,62,34.6,8.6,18.8,0.46,2.9,7.6,0.388,1.9,2.7,0.682,0.9,3.5,4.3,5.1,1.1,0.4,2.0,22.1,20.0,2021-22
201935,17,James Harden,1610612755,PHI,65,37.2,6.3,15.3,0.41,2.3,6.9,0.33,7.2,8.2,0.877,0.8,6.8,7.7,10.3,1.3,0.6,4.4,22.0,27.4,2021-22
1629636,18,Darius Garland,1610612739,CLE,68,35.7,8.0,17.3,0.462,2.6,6.7,0.383,3.2,3.5,0.892,0.6,2.7,3.3,8.6,1.3,0.1,3.6,21.7,21.6,2021-22
1630162,19,Anthony Edwards,1610612750,MIN,72,34.3,7.6,17.3,0.441,3.0,8.4,0.357,3.1,3.9,0.786,0.9,3.9,4.8,3.8,1.5,0.6,2.6,21.3,18.8,2021-22
1627749,20,Dejounte Murray,1610612759,SAS,68,34.8,8.4,18.3,0.462,1.4,4.3,0.327,2.9,3.6,0.794,1.2,7.1,8.3,9.2,2.0,0.3,2.6,21.1,27.8,2021-22
1629639,21,Tyler Herro,1610612748,MIA,66,32.6,7.6,17.0,0.447,2.7,6.7,0.399,2.9,3.3,0.868,0.5,4.5,5.0,4.0,0.7,0.1,2.6,20.7,18.0,2021-22
1627832,22,Fred VanVleet,1610612761,TOR,65,37.9,6.8,16.9,0.403,3.7,9.9,0.377,3.0,3.4,0.874,0.7,3.8,4.4,6.7,1.7,0.5,2.6,20.3,20.6,2021-22
1628970,23,Miles Bridges,1610612766,CHA,80,35.5,7.5,15.2,0.491,1.9,5.8,0.331,3.3,4.2,0.802,1.1,5.9,7.0,3.8,0.9,0.8,1.9,20.2,22.2,2021-22
1630163,24,LaMelo Ball,1610612766,CHA,75,32.3,7.2,16.7,0.429,2.9,7.5,0.389,2.8,3.2,0.872,1.4,5.2,6.7,7.6,1.6,0.4,3.3,20.1,23.2,2021-22
203944,25,Julius Randle,1610612752,NYK,72,35.3,7.1,17.3,0.411,1.7,5.4,0.308,4.2,5.6,0.756,1.7,8.2,9.9,5.1,0.7,0.5,3.4,20.1,21.5,2021-22
203114,26,Khris Middleton,1610612749,MIL,66,32.4,6.8,15.5,0.443,2.5,6.6,0.373,3.9,4.4,0.89,0.6,4.8,5.4,5.4,1.2,0.3,2.9,20.1,20.3,2021-22
1629628,27,RJ Barrett,1610612752,NYK,70,34.5,7.0,17.1,0.408,2.0,5.8,0.342,4.1,5.8,0.714,0.9,4.9,5.8,3.0,0.6,0.2,2.2,20.0,15.8,2021-22
1626179,28,Terry Rozier,1610612766,CHA,73,33.7,7.1,16.0,0.444,3.0,8.1,0.374,2.1,2.4,0.852,0.8,3.5,4.3,4.5,1.3,0.3,1.3,19.3,19.1,2021-22
1627734,29,Domantas Sabonis,1610612758,SAC,62,34.5,7.1,12.5,0.573,0.6,2.0,0.312,4.0,5.4,0.741,3.2,8.9,12.1,5.2,1.0,0.4,3.1,18.9,27.8,2021-22
1629673,30,Jordan Poole,1610612744,GSW,76,30.0,6.2,13.9,0.448,2.8,7.6,0.364,3.2,3.5,0.925,0.4,3.0,3.4,4.0,0.8,0.3,2.5,18.5,16.6,2021-22
201566,31,Russell Westbrook,1610612747,LAL,78,34.3,7.0,15.8,0.444,1.0,3.4,0.298,3.4,5.1,0.667,1.4,6.0,7.4,7.1,1.0,0.3,3.8,18.5,19.9,2021-22
1629018,32,Gary Trent Jr.,1610612761,TOR,70,35.0,6.4,15.5,0.414,3.0,7.8,0.383,2.5,2.9,0.853,0.4,2.4,2.7,2.0,1.7,0.3,1.0,18.3,14.5,2021-22
201950,33,Jrue Holiday,1610612749,MIL,67,32.9,7.1,14.2,0.501,2.0,4.8,0.411,2.0,2.7,0.761,1.0,3.5,4.5,6.8,1.6,0.4,2.7,18.3,21.2,2021-22
1630217,34,Desmond Bane,1610612763,MEM,76,29.8,6.7,14.5,0.461,3.0,6.9,0.436,1.8,2.0,0.903,0.6,3.8,4.4,2.7,1.2,0.4,1.5,18.2,17.5,2021-22
1626156,35,D'Angelo Russell,1610612750,MIN,65,32.0,6.2,15.0,0.411,2.7,8.0,0.34,3.0,3.7,0.825,0.4,2.9,3.3,7.1,1.0,0.3,2.5,18.1,17.8,2021-22
202711,36,Bojan Bogdanovic,1610612762,UTA,69,30.9,6.1,13.4,0.455,2.6,6.8,0.387,3.2,3.8,0.858,0.8,3.4,4.3,1.7,0.5,0.0,1.7,18.1,15.0,2021-22
1626174,37,Christian Wood,1610612745,HOU,68,30.8,6.5,12.9,0.501,1.9,4.9,0.39,3.0,4.9,0.623,1.6,8.5,10.1,2.3,0.8,1.0,1.9,17.9,21.9,2021-22
202685,38,Jonas Valančiūnas,1610612740,NOP,74,30.3,6.9,12.7,0.544,0.8,2.1,0.361,3.2,3.9,0.82,3.1,8.3,11.4,2.6,0.6,0.8,2.4,17.8,24.2,2021-22
202696,39,Nikola Vučević,1610612741,CHI,73,33.1,7.5,15.8,0.473,1.4,4.5,0.314,1.3,1.7,0.76,1.9,9.1,11.0,3.2,1.0,1.0,1.9,17.6,23.2,2021-22
1630178,40,Tyrese Maxey,1610612755,PHI,75,35.3,6.4,13.3,0.485,1.8,4.1,0.427,2.8,3.3,0.866,0.3,2.9,3.2,4.3,0.7,0.4,1.2,17.5,17.7,2021-22
1630595,41,Cade Cunningham,1610612765,DET,64,32.6,6.7,16.1,0.416,1.8,5.7,0.314,2.2,2.6,0.845,0.9,4.6,5.5,5.6,1.2,0.7,3.7,17.4,16.9,2021-22
1630224,42,Jalen Green,1610612745,HOU,67,31.9,6.1,14.2,0.426,2.3,6.8,0.343,2.8,3.5,0.797,0.5,2.9,3.4,2.6,0.7,0.3,2.0,17.3,13.3,2021-22
202699,43,Tobias Harris,1610612755,PHI,73,34.8,6.8,14.0,0.482,1.4,3.8,0.367,2.3,2.8,0.842,1.1,5.7,6.8,3.5,0.6,0.6,1.6,17.2,19.4,2021-22
203952,44,Andrew Wiggins,1610612744,GSW,73,31.9,6.5,14.0,0.466,2.2,5.5,0.393,2.0,3.2,0.634,1.2,3.3,4.5,2.2,1.0,0.7,1.5,17.2,15.5,2021-22
1629028,45,Deandre Ayton,1610612756,PHX,58,29.5,7.6,12.0,0.634,0.1,0.3,0.368,1.8,2.4,0.746,2.6,7.7,10.2,1.4,0.7,0.7,1.6,17.2,23.7,2021-22
1628398,46,Kyle Kuzma,1610612764,WAS,66,33.4,6.4,14.2,0.452,1.9,5.7,0.341,2.4,3.3,0.712,1.1,7.4,8.5,3.5,0.6,0.9,2.6,17.1,19.4,2021-22
1629640,47,Keldon Johnson,1610612759,SAS,75,31.9,6.3,13.5,0.466,2.1,5.3,0.398,2.4,3.1,0.756,1.1,5.0,6.1,2.1,0.8,0.2,1.2,17.0,17.0,2021-22
1627747,48,Caris LeVert,1610612739,CLE,58,30.7,6.5,14.7,0.444,1.4,4.4,0.32,2.5,3.3,0.756,0.7,2.9,3.7,4.3,0.9,0.4,1.9,17.0,15.4,2021-22
202704,49,Reggie Jackson,1610612746,LAC,75,31.2,6.4,16.3,0.392,2.2,6.8,0.326,1.8,2.2,0.847,0.5,3.1,3.6,4.8,0.7,0.2,2.3,16.8,13.6,2021-22
203084,50,Harrison Barnes,1610612758,SAC,77,33.6,5.1,10.8,0.469,1.8,4.7,0.394,4.4,5.4,0.826,1.1,4.5,5.6,2.4,0.7,0.2,1.5,16.4,17.1,2021-22
1630175,51,Cole Anthony,1610612753,ORL,65,31.7,5.5,14.0,0.391,2.0,6.0,0.338,3.3,3.9,0.854,0.5,4.9,5.4,5.7,0.7,0.3,2.6,16.3,16.6,2021-22
1628991,52,Jaren Jackson Jr.,1610612763,MEM,78,27.3,5.5,13.3,0.415,1.6,5.1,0.319,3.6,4.4,0.823,1.5,4.3,5.8,1.1,0.9,2.3,1.7,16.3,16.2,2021-22
1628973,53,Jalen Brunson,1610612742,DAL,79,31.9,6.4,12.8,0.502,1.2,3.2,0.373,2.3,2.7,0.84,0.5,3.4,3.9,4.8,0.8,0.0,1.6,16.3,17.5,2021-22
1630180,54,Saddiq Bey,1610612765,DET,82,33.0,5.5,13.9,0.396,2.6,7.4,0.346,2.6,3.1,0.827,1.3,4.1,5.4,2.8,0.9,0.2,1.2,16.1,15.3,2021-22
203903,55,Jordan Clarkson,1610612762,UTA,79,27.1,5.9,14.1,0.419,2.4,7.6,0.318,1.8,2.2,0.828,0.8,2.6,3.5,2.5,0.8,0.2,1.6,16.0,12.8,2021-22
1627741,56,Buddy Hield,1610612754,IND,81,30.9,5.5,13.6,0.406,3.2,8.8,0.366,1.4,1.6,0.874,0.8,3.5,4.4,2.8,0.9,0.3,1.9,15.6,13.9,2021-22
203497,57,Rudy Gobert,1610612762,UTA,66,32.1,5.5,7.7,0.713,0.0,0.1,0.0,4.6,6.7,0.69,3.7,11.0,14.7,1.1,0.7,2.1,1.8,15.6,28.0,2021-22
1629645,58,Kevin Porter Jr.,1610612745,HOU,61,31.3,5.5,13.2,0.415,2.5,6.8,0.375,2.0,3.2,0.642,0.7,3.7,4.4,6.2,1.1,0.4,3.1,15.6,15.6,2021-22
1630169,59,Tyrese Haliburton,1610612754,IND,77,35.0,5.6,11.8,0.473,2.1,5.1,0.414,2.1,2.5,0.842,0.8,3.2,4.0,8.2,1.7,0.6,2.6,15.3,20.7,2021-22
1630567,60,Scottie Barnes,1610612761,TOR,74,35.4,6.2,12.6,0.492,0.8,2.6,0.301,2.1,2.9,0.735,2.6,4.9,7.5,3.5,1.1,0.7,1.8,15.3,19.1,2021-22
1630532,61,Franz Wagner,1610612753,ORL,79,30.7,5.8,12.3,0.468,1.2,3.4,0.354,2.4,2.8,0.863,1.1,3.4,4.5,2.9,0.9,0.4,1.5,15.2,15.4,2021-22
203992,62,Bogdan Bogdanović,1610612737,ATL,63,29.3,5.4,12.6,0.431,2.7,7.3,0.368,1.5,1.8,0.843,0.5,3.5,4.0,3.1,1.1,0.2,1.1,15.1,14.9,2021-22
1628976,63,Wendell Carter Jr.,1610612753,ORL,62,29.9,5.8,11.0,0.525,1.1,3.5,0.327,2.3,3.3,0.691,2.2,8.2,10.5,2.8,0.6,0.7,1.9,15.0,21.3,2021-22
203932,64,Aaron Gordon,1610612743,DEN,75,31.7,5.8,11.1,0.52,1.2,3.5,0.335,2.3,3.1,0.743,1.7,4.2,5.9,2.5,0.6,0.6,1.8,15.0,16.7,2021-22
203552,65,Seth Curry,1610612751,BKN,64,33.3,5.6,11.5,0.487,2.5,5.8,0.422,1.3,1.5,0.872,0.3,2.8,3.1,3.6,0.8,0.2,1.7,15.0,15.0,2021-22
1630596,66,Evan Mobley,1610612739,CLE,69,33.8,6.1,12.0,0.508,0.3,1.3,0.25,2.4,3.7,0.663,2.1,6.2,8.3,2.5,0.8,1.7,1.9,15.0,19.2,2021-22
1626162,67,Kelly Oubre Jr.,1610612766,CHA,76,26.3,5.4,12.3,0.44,2.5,7.3,0.345,1.7,2.5,0.667,1.0,2.9,4.0,1.1,1.0,0.4,0.9,15.0,12.9,2021-22
1628374,68,Lauri Markkanen,1610612739,CLE,61,30.8,5.1,11.5,0.445,2.2,6.2,0.358,2.3,2.6,0.868,1.0,4.7,5.7,1.3,0.7,0.5,0.9,14.8,15.3,2021-22
101108,69,Chris Paul,1610612756,PHX,65,32.9,5.6,11.3,0.493,1.0,3.1,0.317,2.6,3.1,0.837,0.3,4.0,4.4,10.8,1.9,0.3,2.4,14.7,23.5,2021-22
203115,70,Will Barton,1610612743,DEN,71,32.1,5.5,12.6,0.438,2.2,6.1,0.365,1.4,1.8,0.803,0.6,4.2,4.8,3.9,0.8,0.4,1.8,14.7,15.3,2021-22
1626171,71,Bobby Portis,1610612749,MIL,72,28.2,5.8,12.1,0.479,1.8,4.7,0.393,1.2,1.6,0.752,2.5,6.6,9.1,1.2,0.7,0.7,1.3,14.6,18.4,2021-22
1628969,72,Mikal Bridges,1610612756,PHX,82,34.8,5.6,10.5,0.534,1.4,3.8,0.369,1.6,1.9,0.834,0.9,3.3,4.2,2.3,1.2,0.4,0.8,14.2,16.2,2021-22
203095,73,Evan Fournier,1610612752,NYK,80,29.5,5.0,12.1,0.417,3.0,7.7,0.389,1.0,1.4,0.708,0.4,2.2,2.6,2.1,1.0,0.3,1.3,14.1,11.3,2021-22
1628370,74,Malik Monk,1610612747,LAL,76,28.1,5.1,10.9,0.473,2.3,5.8,0.391,1.2,1.5,0.795,0.5,2.9,3.4,2.9,0.8,0.4,1.6,13.8,13.6,2021-22
203915,75,Spencer Dinwiddie,1610612742,DAL,67,29.6,4.6,11.0,0.416,1.7,4.9,0.339,2.9,3.8,0.774,0.7,3.5,4.2,5.2,0.7,0.2,1.6,13.7,15.1,2021-22
201144,76,Mike Conley,1610612762,UTA,72,28.6,4.8,11.0,0.435,2.3,5.8,0.408,1.8,2.3,0.796,0.7,2.4,3.0,5.3,1.3,0.3,1.7,13.7,15.3,2021-22
201567,77,Kevin Love,1610612739,CLE,74,22.5,4.4,10.3,0.43,2.5,6.4,0.392,2.2,2.7,0.838,1.2,6.1,7.2,2.2,0.4,0.2,1.3,13.6,16.0,2021-22
203471,78,Dennis Schröder,1610612745,HOU,64,28.7,4.9,11.3,0.431,1.3,3.9,0.344,2.5,2.9,0.853,0.5,2.8,3.3,4.6,0.8,0.1,2.2,13.5,13.4,2021-22
1627751,79,Jakob Poeltl,1610612759,SAS,68,29.0,6.0,9.8,0.618,0.0,0.0,1.0,1.4,2.8,0.495,3.9,5.5,9.3,2.8,0.7,1.7,1.6,13.5,21.2,2021-22
200768,80,Kyle Lowry,1610612748,MIA,63,33.9,4.4,10.0,0.44,2.3,6.1,0.377,2.3,2.8,0.851,0.5,4.0,4.5,7.5,1.1,0.3,2.7,13.4,18.1,2021-22
2546,81,Carmelo Anthony,1610612747,LAL,69,26.0,4.6,10.5,0.441,2.2,5.8,0.375,1.9,2.3,0.83,0.9,3.3,4.2,1.0,0.7,0.8,0.9,13.3,12.8,2021-22
1628401,82,Derrick White,1610612738,BOS,75,29.3,4.5,10.7,0.421,1.5,4.9,0.312,2.7,3.1,0.864,0.5,3.0,3.5,4.9,0.9,0.8,1.6,13.2,15.0,2021-22
203484,83,Kentavious Caldwell-Pope,1610612764,WAS,77,30.2,4.7,10.8,0.435,2.1,5.3,0.39,1.8,2.0,0.89,0.5,2.9,3.4,1.9,1.1,0.3,1.3,13.2,12.4,2021-22
1626149,84,Montrezl Harrell,1610612766,CHA,71,23.1,5.0,7.8,0.645,0.1,0.2,0.235,3.0,4.2,0.716,2.1,4.0,6.1,2.0,0.4,0.6,1.0,13.1,17.3,2021-22
1629632,85,Coby White,1610612741,CHI,61,27.5,4.6,10.6,0.433,2.2,5.8,0.385,1.3,1.5,0.857,0.3,2.7,3.0,2.9,0.5,0.2,1.1,12.7,11.8,2021-22
1628420,86,Monte Morris,1610612743,DEN,75,29.9,5.0,10.3,0.484,1.7,4.2,0.395,1.0,1.1,0.869,0.4,2.7,3.0,4.4,0.7,0.2,1.0,12.6,14.5,2021-22
1629661,87,Cameron Johnson,1610612756,PHX,66,26.2,4.2,9.2,0.46,2.5,5.9,0.425,1.5,1.7,0.86,0.6,3.5,4.1,1.5,0.9,0.2,0.7,12.5,13.3,2021-22
1630170,88,Devin Vassell,1610612759,SAS,71,27.3,4.6,10.8,0.427,1.9,5.4,0.361,1.2,1.4,0.838,0.6,3.7,4.3,1.9,1.1,0.6,0.8,12.3,12.9,2021-22
1629022,89,Lonnie Walker IV,1610612759,SAS,70,23.0,4.4,10.9,0.407,1.6,5.0,0.314,1.7,2.1,0.784,0.3,2.3,2.6,2.2,0.6,0.3,1.0,12.1,9.8,2021-22
203935,90,Marcus Smart,1610612738,BOS,71,32.3,4.2,10.1,0.418,1.7,5.1,0.331,2.0,2.5,0.793,0.6,3.2,3.8,5.9,1.7,0.3,2.2,12.1,15.1,2021-22
1627736,91,Malik Beasley,1610612750,MIN,79,25.0,4.2,10.8,0.391,3.0,8.1,0.377,0.6,0.8,0.817,0.3,2.5,2.9,1.5,0.5,0.2,0.5,12.1,9.9,2021-22
1628989,92,Kevin Huerter,1610612737,ATL,74,29.6,4.7,10.3,0.454,2.2,5.6,0.389,0.6,0.7,0.808,0.4,3.0,3.4,2.7,0.7,0.4,1.2,12.1,12.4,2021-22
1628379,93,Luke Kennard,1610612746,LAC,70,27.4,4.1,9.1,0.449,2.7,6.0,0.449,1.0,1.1,0.896,0.3,3.0,3.3,2.1,0.6,0.1,0.9,11.9,11.9,2021-22
1628984,94,Devonte' Graham,1610612740,NOP,76,28.4,3.9,10.7,0.363,2.5,7.4,0.341,1.6,1.8,0.843,0.5,1.8,2.3,4.2,0.9,0.2,1.4,11.9,10.9,2021-22
1630256,95,Jae'Sean Tate,1610612745,HOU,78,26.4,4.7,9.3,0.498,0.8,2.6,0.312,1.7,2.4,0.707,1.7,3.7,5.4,2.8,0.9,0.5,1.8,11.8,14.3,2021-22
201568,96,Danilo Gallinari,1610612737,ATL,66,25.3,3.9,9.0,0.434,1.7,4.5,0.381,2.1,2.4,0.904,0.5,4.1,4.7,1.5,0.4,0.2,0.6,11.7,12.6,2021-22
202692,97,Alec Burks,1610612752,NYK,81,28.6,3.5,9.0,0.391,1.9,4.8,0.404,2.7,3.3,0.822,0.6,4.3,4.9,3.0,1.0,0.3,1.1,11.7,13.7,2021-22
1630558,98,Davion Mitchell,1610612758,SAC,75,27.7,4.7,11.2,0.418,1.3,4.3,0.316,0.7,1.1,0.659,0.4,1.8,2.2,4.2,0.7,0.3,1.5,11.5,10.5,2021-22
201988,99,Patty Mills,1610612751,BKN,81,29.0,4.0,9.8,0.408,2.8,7.0,0.4,0.6,0.7,0.814,0.2,1.7,1.9,2.3,0.6,0.2,0.9,11.4,9.6,2021-22
1630193,100,Immanuel Quickley,1610612752,NYK,78,23.1,3.6,9.3,0.392,1.8,5.1,0.346,2.3,2.6,0.881,0.4,2.8,3.2,3.5,0.7,0.0,1.3,11.3,11.5,2021-22
203914,101,Gary Harris,1610612753,ORL,61,28.4,3.9,9.1,0.434,1.9,5.0,0.384,1.4,1.6,0.874,0.6,1.4,2.0,1.8,1.0,0.1,1.0,11.1,9.7,2021-22
1628960,102,Grayson Allen,1610612749,MIL,66,27.3,3.9,8.6,0.448,2.4,5.9,0.409,1.0,1.1,0.865,0.5,2.9,3.4,1.5,0.7,0.3,0.7,11.1,11.4,2021-22
203991,103,Clint Capela,1610612737,ATL,74,27.6,5.0,8.2,0.613,0.0,0.0,0.0,1.1,2.3,0.473,3.8,8.1,11.9,1.2,0.7,1.3,0.6,11.1,21.2,2021-22
1627827,104,Dorian Finney-Smith,1610612742,DAL,80,33.1,4.1,8.7,0.471,2.2,5.4,0.395,0.7,1.0,0.675,1.5,3.2,4.7,1.9,1.1,0.5,1.0,11.0,13.2,2021-22
1628977,105,Hamidou Diallo,1610612765,DET,58,21.9,4.5,9.1,0.496,0.4,1.6,0.247,1.6,2.4,0.65,1.2,3.6,4.8,1.3,1.2,0.3,1.0,11.0,12.1,2021-22
1629130,106,Duncan Robinson,1610612748,MIA,79,25.9,3.7,9.2,0.399,2.9,7.9,0.372,0.6,0.8,0.836,0.3,2.3,2.6,1.6,0.5,0.2,0.8,10.9,9.4,2021-22
1629001,107,De'Anthony Melton,1610612763,MEM,73,22.7,3.8,9.5,0.404,1.9,5.1,0.374,1.2,1.6,0.75,0.9,3.6,4.5,2.7,1.4,0.5,1.5,10.8,12.3,2021-22
1629647,108,Darius Bazley,1610612760,OKC,69,27.9,4.0,9.4,0.422,1.2,3.9,0.297,1.7,2.5,0.688,1.0,5.3,6.3,1.4,0.8,1.0,1.3,10.8,12.9,2021-22
1626166,109,Cameron Payne,1610612756,PHX,58,22.0,4.1,10.1,0.409,1.2,3.6,0.336,1.3,1.5,0.843,0.4,2.6,3.0,4.9,0.7,0.3,1.8,10.8,11.7,2021-22
1629611,110,Terance Mann,1610612746,LAC,81,28.6,4.1,8.5,0.484,0.9,2.6,0.365,1.6,2.0,0.78,1.3,4.0,5.2,2.6,0.7,0.3,1.0,10.8,13.7,2021-22
1626224,111,Cedi Osman,1610612739,CLE,66,22.2,3.7,8.7,0.432,1.9,5.4,0.357,1.3,2.0,0.664,0.4,1.8,2.2,2.0,0.8,0.2,1.0,10.7,9.3,2021-22
1628964,112,Mo Bamba,1610612753,ORL,71,25.7,4.2,8.7,0.48,1.5,4.0,0.381,0.8,1.0,0.781,2.1,6.0,8.1,1.2,0.5,1.7,1.1,10.6,16.3,2021-22
1629638,113,Nickeil Alexander-Walker,1610612762,UTA,65,22.6,3.9,10.5,0.372,1.6,5.2,0.311,1.2,1.7,0.743,0.6,2.3,2.9,2.4,0.7,0.4,1.4,10.6,8.6,2021-22
1629622,114,Max Strus,1610612748,MIA,68,23.3,3.7,8.3,0.441,2.7,6.5,0.41,0.6,0.8,0.792,0.4,2.6,3.0,1.4,0.4,0.2,0.8,10.6,9.9,2021-22
1626168,115,Trey Lyles,1610612758,SAC,75,20.5,3.5,7.5,0.466,0.9,2.8,0.321,2.6,3.2,0.802,1.2,3.9,5.1,1.2,0.4,0.4,1.0,10.5,11.9,2021-22
1630544,116,Tre Mann,1610612760,OKC,60,22.8,3.9,9.8,0.393,1.6,4.5,0.36,1.1,1.4,0.793,0.4,2.4,2.9,1.5,0.8,0.2,1.2,10.4,8.4,2021-22
1629634,117,Brandon Clarke,1610612763,MEM,64,19.5,4.5,7.0,0.644,0.1,0.3,0.227,1.3,2.0,0.654,2.1,3.2,5.3,1.3,0.6,1.1,0.5,10.4,15.0,2021-22
1627826,118,Ivica Zubac,1610612746,LAC,76,24.4,4.1,6.5,0.626,0.0,0.0,0.0,2.2,3.0,0.727,2.9,5.6,8.5,1.6,0.5,1.0,1.5,10.3,17.1,2021-22
201145,119,Jeff Green,1610612743,DEN,75,24.7,3.7,7.1,0.524,0.7,2.2,0.315,2.2,2.6,0.833,0.5,2.5,3.1,1.3,0.4,0.4,0.9,10.3,10.6,2021-22
1629023,120,P.J. Washington,1610612766,CHA,65,27.2,3.8,8.2,0.47,1.7,4.6,0.365,0.9,1.2,0.716,1.3,3.9,5.2,2.3,0.9,0.9,1.3,10.3,13.6,2021-22
1626196,121,Josh Richardson,1610612759,SAS,65,24.6,3.6,8.2,0.438,1.6,3.8,0.415,1.5,1.7,0.889,0.6,2.2,2.8,1.8,0.9,0.4,1.0,10.2,10.4,2021-22
203463,122,Ben McLemore,1610612757,POR,64,20.1,3.4,8.4,0.401,2.4,6.5,0.362,1.1,1.4,0.818,0.2,1.4,1.6,0.9,0.6,0.2,0.9,10.2,7.4,2021-22
201143,123,Al Horford,1610612738,BOS,69,29.1,3.9,8.2,0.467,1.3,3.8,0.336,1.2,1.4,0.842,1.6,6.1,7.7,3.4,0.7,1.3,0.9,10.2,17.7,2021-22
203200,124,Justin Holiday,1610612758,SAC,74,27.8,3.5,8.9,0.394,2.4,6.5,0.367,0.7,0.8,0.806,0.4,2.2,2.6,1.7,0.8,0.4,0.9,10.1,9.1,2021-22
1630538,125,Bones Hyland,1610612743,DEN,69,19.0,3.3,8.3,0.403,1.9,5.2,0.366,1.6,1.8,0.856,0.2,2.5,2.7,2.8,0.6,0.3,1.2,10.1,10.0,2021-22
1629726,126,Garrison Mathews,1610612745,HOU,65,26.3,2.8,7.1,0.399,2.1,5.9,0.36,2.2,2.8,0.794,0.5,2.4,2.9,1.0,0.9,0.4,0.6,10.0,9.7,2021-22
203082,127,Terrence Ross,1610612753,ORL,63,23.0,3.5,8.8,0.397,1.2,4.2,0.292,1.8,2.1,0.862,0.3,2.2,2.6,1.8,0.4,0.2,1.2,10.0,8.2,2021-22
1629057,128,Robert Williams III,1610612738,BOS,61,29.6,4.4,6.0,0.736,0.0,0.0,0.0,1.1,1.5,0.722,3.9,5.7,9.6,2.0,0.9,2.2,1.0,10.0,21.7,2021-22
1629659,129,Talen Horton-Tucker,1610612747,LAL,60,25.2,3.7,9.0,0.416,0.8,3.0,0.269,1.7,2.1,0.8,0.6,2.6,3.2,2.7,1.0,0.5,1.4,10.0,10.3,2021-22
1626192,130,Pat Connaughton,1610612749,MIL,65,26.0,3.5,7.6,0.458,2.2,5.7,0.395,0.7,0.8,0.833,0.7,3.5,4.2,1.3,0.9,0.2,0.5,9.9,11.7,2021-22
1630578,131,Alperen Sengun,1610612745,HOU,72,20.7,3.5,7.3,0.474,0.4,1.6,0.248,2.3,3.2,0.711,1.9,3.5,5.5,2.6,0.8,0.9,2.0,9.6,12.6,2021-22
1630529,132,Herbert Jones,1610612740,NOP,78,29.9,3.5,7.4,0.476,0.7,2.2,0.337,1.8,2.1,0.84,1.3,2.5,3.8,2.1,1.7,0.8,1.3,9.5,12.4,2021-22
203109,133,Jae Crowder,1610612756,PHX,67,28.1,3.2,8.1,0.399,1.9,5.4,0.348,1.1,1.3,0.789,0.4,4.8,5.3,1.9,1.4,0.4,0.8,9.4,12.4,2021-22
1628449,134,Chris Boucher,1610612761,TOR,80,21.1,3.4,7.2,0.464,0.9,2.9,0.297,1.9,2.4,0.777,2.2,3.9,6.2,0.3,0.6,0.9,0.5,9.4,12.5,2021-22
1629655,135,Daniel Gafford,1610612764,WAS,72,20.1,4.0,5.7,0.693,0.0,0.0,0.0,1.5,2.1,0.699,2.2,3.5,5.7,0.9,0.4,1.4,0.9,9.4,14.5,2021-22
1629637,136,Jaxson Hayes,1610612740,NOP,70,20.0,3.5,5.7,0.616,0.3,0.8,0.351,2.1,2.7,0.766,1.6,2.9,4.5,0.6,0.5,0.8,0.8,9.3,12.1,2021-22
1630228,137,Jonathan Kuminga,1610612744,GSW,70,16.9,3.4,6.6,0.513,0.7,2.1,0.336,1.9,2.7,0.684,0.8,2.6,3.3,0.9,0.4,0.3,1.1,9.3,9.2,2021-22
1630183,138,Jaden McDaniels,1610612750,MIN,70,25.8,3.6,7.9,0.46,1.1,3.6,0.317,0.8,1.0,0.803,1.1,3.1,4.2,1.1,0.7,0.8,1.1,9.2,10.5,2021-22
1627777,139,Georges Niang,1610612755,PHI,76,22.8,3.2,7.4,0.437,2.1,5.1,0.403,0.7,0.8,0.881,0.3,2.3,2.7,1.3,0.4,0.2,0.8,9.2,8.8,2021-22
201976,140,Patrick Beverley,1610612750,MIN,58,25.4,3.1,7.5,0.406,1.4,4.2,0.343,1.7,2.3,0.722,1.1,3.1,4.1,4.6,1.2,0.9,1.3,9.2,13.6,2021-22
201580,141,JaVale McGee,1610612756,PHX,74,15.8,3.9,6.2,0.629,0.0,0.1,0.222,1.4,2.0,0.699,2.2,4.5,6.7,0.6,0.3,1.1,1.3,9.2,13.6,2021-22
1628997,142,Caleb Martin,1610612748,MIA,60,22.9,3.5,6.8,0.507,1.1,2.6,0.413,1.2,1.6,0.763,1.2,2.7,3.8,1.1,1.0,0.5,0.9,9.2,11.0,2021-22
1629052,143,Oshae Brissett,1610612754,IND,67,23.3,3.1,7.6,0.411,1.2,3.5,0.35,1.7,2.4,0.695,1.6,3.7,5.3,1.1,0.7,0.4,0.8,9.1,10.7,2021-22
1630173,144,Precious Achiuwa,1610612761,TOR,73,23.6,3.6,8.3,0.439,0.8,2.1,0.359,1.1,1.8,0.595,2.0,4.5,6.5,1.1,0.5,0.6,1.2,9.1,11.3,2021-22
1630167,145,Obi Toppin,1610612752,NYK,72,17.1,3.5,6.6,0.531,0.7,2.3,0.308,1.3,1.7,0.758,1.0,2.8,3.7,1.1,0.3,0.5,0.8,9.0,10.3,2021-22
1628971,146,Bruce Brown,1610612751,BKN,72,24.6,3.6,7.0,0.506,0.5,1.3,0.404,1.3,1.8,0.758,1.4,3.4,4.8,2.1,1.1,0.7,0.8,9.0,12.9,2021-22
1629599,147,Amir Coffey,1610612746,LAC,69,22.7,3.1,6.8,0.453,1.4,3.7,0.378,1.5,1.7,0.863,0.4,2.5,2.9,1.8,0.6,0.2,0.7,9.0,9.8,2021-22
1629021,148,Moritz Wagner,1610612753,ORL,63,15.2,3.1,6.3,0.497,1.0,3.2,0.328,1.7,2.0,0.806,0.7,3.0,3.7,1.4,0.3,0.2,0.9,9.0,10.1,2021-22
1629002,149,Chimezie Metu,1610612758,SAC,60,21.3,3.4,7.5,0.452,1.0,3.1,0.306,1.2,1.5,0.78,0.6,5.0,5.6,1.0,0.9,0.5,1.0,8.9,11.4,2021-22
1627854,150,Bryn Forbes,1610612743,DEN,75,17.1,3.1,7.2,0.429,1.6,3.9,0.414,1.1,1.2,0.908,0.1,1.1,1.2,1.0,0.3,0.1,0.7,8.8,6.5,2021-22
1630245,151,Ayo Dosunmu,1610612741,CHI,77,27.4,3.6,6.9,0.52,0.9,2.4,0.376,0.7,1.0,0.679,0.4,2.4,2.8,3.3,0.8,0.4,1.4,8.8,11.0,2021-22
1630231,152,KJ Martin,1610612745,HOU,79,21.0,3.5,6.6,0.533,0.8,2.1,0.357,1.0,1.6,0.634,1.0,2.7,3.8,1.3,0.4,0.5,0.8,8.8,10.4,2021-22
1630171,153,Isaac Okoro,1610612739,CLE,67,29.6,3.1,6.4,0.48,0.8,2.3,0.35,1.8,2.3,0.768,1.1,1.9,3.0,1.8,0.8,0.3,0.9,8.8,10.0,2021-22
203939,154,Dwight Powell,1610612742,DAL,82,21.9,3.3,4.9,0.671,0.2,0.5,0.351,2.0,2.6,0.783,2.1,2.8,4.9,1.2,0.5,0.5,0.8,8.7,12.8,2021-22
1629216,155,Gabe Vincent,1610612748,MIA,68,23.4,3.1,7.5,0.417,1.8,4.8,0.368,0.6,0.8,0.815,0.3,1.5,1.9,3.1,0.9,0.2,1.4,8.7,8.7,2021-22
1626145,156,Tyus Jones,1610612763,MEM,73,21.2,3.4,7.6,0.451,1.1,2.8,0.39,0.7,0.9,0.818,0.2,2.2,2.4,4.4,0.9,0.0,0.6,8.7,11.5,2021-22
1629643,157,Chuma Okeke,1610612753,ORL,70,25.0,3.1,8.2,0.376,1.7,5.3,0.318,0.8,0.9,0.846,0.7,4.3,5.0,1.7,1.4,0.6,0.8,8.6,11.2,2021-22
203493,158,Reggie Bullock Jr.,1610612742,DAL,68,28.0,3.0,7.4,0.401,2.1,5.8,0.36,0.6,0.7,0.833,0.5,3.1,3.5,1.2,0.6,0.2,0.6,8.6,9.0,2021-22
1630560,159,Cam Thomas,1610612751,BKN,67,17.6,3.3,7.5,0.433,0.7,2.6,0.27,1.3,1.6,0.829,0.2,2.2,2.4,1.2,0.5,0.1,0.8,8.5,7.3,2021-22
203496,160,Robert Covington,1610612746,LAC,71,27.3,2.9,7.0,0.42,1.8,4.8,0.378,0.8,1.0,0.841,0.8,4.7,5.5,1.3,1.5,1.3,1.1,8.5,12.8,2021-22
1629669,161,Jaylen Nowell,1610612750,MIN,62,15.7,3.2,6.7,0.475,1.0,2.6,0.394,1.2,1.5,0.783,0.4,1.6,2.0,2.1,0.4,0.2,0.6,8.5,8.8,2021-22
1629011,162,Mitchell Robinson,1610612752,NYK,72,25.7,3.6,4.8,0.761,0.0,0.0,0.0,1.2,2.5,0.486,4.1,4.5,8.6,0.5,0.8,1.8,0.8,8.5,17.0,2021-22
1630166,163,Deni Avdija,1610612764,WAS,82,24.2,3.0,7.1,0.432,1.0,3.2,0.317,1.3,1.7,0.757,0.6,4.5,5.2,2.0,0.7,0.5,1.1,8.4,11.4,2021-22
201587,164,Nicolas Batum,1610612746,LAC,59,24.8,3.0,6.6,0.463,1.8,4.6,0.4,0.4,0.6,0.658,0.5,3.8,4.3,1.7,1.0,0.7,0.7,8.3,11.6,2021-22
1629013,165,Landry Shamet,1610612756,PHX,69,20.8,2.8,7.0,0.394,1.8,4.8,0.368,1.0,1.2,0.84,0.2,1.6,1.8,1.6,0.4,0.1,0.6,8.3,7.2,2021-22
1630191,166,Isaiah Stewart,1610612765,DET,71,25.6,3.5,6.9,0.51,0.2,0.6,0.326,1.0,1.5,0.718,3.2,5.5,8.7,1.2,0.3,1.1,1.2,8.3,14.6,2021-22
1628392,167,Isaiah Hartenstein,1610612746,LAC,68,17.9,3.4,5.4,0.626,0.2,0.4,0.467,1.3,1.9,0.689,1.7,3.2,4.9,2.4,0.7,1.1,1.2,8.3,13.5,2021-22
1629675,168,Naz Reid,1610612750,MIN,77,15.8,3.0,6.2,0.489,0.7,2.2,0.343,1.5,1.9,0.765,1.3,2.6,3.9,0.9,0.5,0.9,1.1,8.3,9.9,2021-22
1630557,169,Corey Kispert,1610612764,WAS,77,23.4,3.0,6.7,0.455,1.5,4.2,0.35,0.7,0.8,0.871,0.7,2.0,2.7,1.1,0.5,0.3,0.6,8.2,8.4,2021-22
202355,170,Hassan Whiteside,1610612762,UTA,65,17.9,3.3,5.1,0.652,0.0,0.0,0.0,1.6,2.6,0.623,2.6,5.0,7.6,0.4,0.3,1.6,0.8,8.2,14.6,2021-22
203490,171,Otto Porter Jr.,1610612744,GSW,63,22.2,3.1,6.6,0.464,1.3,3.4,0.37,0.8,1.0,0.803,1.4,4.4,5.7,1.5,1.1,0.5,0.6,8.2,12.6,2021-22
1630533,172,Ziaire Williams,1610612763,MEM,62,21.7,3.1,6.8,0.45,1.2,3.9,0.314,0.7,0.9,0.782,0.4,1.7,2.1,1.0,0.6,0.2,0.7,8.1,7.4,2021-22
202709,173,Cory Joseph,1610612765,DET,65,24.6,2.7,6.2,0.445,1.0,2.4,0.414,1.5,1.7,0.885,0.4,2.2,2.7,3.6,0.6,0.3,1.3,8.0,10.3,2021-22
203083,174,Andre Drummond,1610612751,BKN,73,19.7,3.4,5.9,0.57,0.0,0.0,0.0,1.2,2.2,0.524,3.1,6.2,9.3,1.8,1.1,0.9,1.6,7.9,15.9,2021-22
1630528,175,Josh Christopher,1610612745,HOU,74,18.0,3.0,6.8,0.448,0.8,2.6,0.296,1.1,1.5,0.735,0.7,1.8,2.5,2.0,0.9,0.2,1.5,7.9,7.9,2021-22
1629670,176,Jordan Nwora,1610612749,MIL,62,19.1,3.0,7.5,0.403,1.3,3.7,0.348,0.6,0.7,0.837,0.6,3.0,3.6,1.0,0.4,0.3,0.9,7.9,7.6,2021-22
1629684,177,Grant Williams,1610612738,BOS,77,24.4,2.7,5.6,0.475,1.4,3.4,0.411,1.1,1.2,0.905,0.8,2.7,3.6,1.0,0.5,0.7,0.8,7.8,9.8,2021-22
1629234,178,Drew Eubanks,1610612757,POR,71,17.5,3.1,5.2,0.596,0.1,0.3,0.217,1.4,1.8,0.762,1.8,3.5,5.4,1.2,0.4,0.6,1.1,7.7,11.6,2021-22
1628998,179,Cody Martin,1610612766,CHA,71,26.3,2.9,6.0,0.482,0.9,2.2,0.384,1.1,1.5,0.701,1.2,2.9,4.0,2.5,1.2,0.5,0.9,7.7,11.5,2021-22
1630181,180,R.J. Hampton,1610612753,ORL,64,21.9,2.7,7.1,0.383,1.0,2.9,0.35,1.2,1.8,0.641,0.4,2.7,3.0,2.5,0.7,0.2,1.4,7.6,7.6,2021-22
1630197,181,Aleksej Pokusevski,1610612760,OKC,61,20.2,3.0,7.5,0.408,0.9,3.2,0.289,0.6,0.8,0.7,1.2,4.0,5.2,2.1,0.6,0.6,1.5,7.6,10.0,2021-22
1627788,182,Furkan Korkmaz,1610612755,PHI,67,21.1,2.7,7.0,0.387,1.1,4.0,0.289,1.0,1.3,0.81,0.3,2.3,2.6,1.9,0.5,0.1,0.7,7.6,7.5,2021-22
200782,183,P.J. Tucker,1610612748,MIA,71,27.9,2.9,6.0,0.484,1.1,2.7,0.415,0.6,0.9,0.738,1.4,4.0,5.5,2.1,0.8,0.2,0.9,7.6,11.9,2021-22
203937,184,Kyle Anderson,1610612763,MEM,69,21.5,3.0,6.8,0.446,0.5,1.6,0.33,1.0,1.5,0.638,1.0,4.3,5.3,2.7,1.1,0.7,1.0,7.6,12.0,2021-22
203526,185,Raul Neto,1610612764,WAS,70,19.6,2.9,6.3,0.463,0.5,1.7,0.292,1.2,1.5,0.769,0.2,1.7,1.9,3.1,0.8,0.0,1.1,7.5,8.5,2021-22
1627814,186,Damion Lee,1610612744,GSW,63,20.0,2.7,6.1,0.441,1.0,3.0,0.337,1.0,1.2,0.88,0.4,2.8,3.2,1.0,0.6,0.1,0.6,7.4,8.2,2021-22
1626220,187,Royce O'Neale,1610612762,UTA,77,31.2,2.6,5.8,0.457,1.5,4.0,0.389,0.6,0.7,0.804,0.8,3.9,4.8,2.5,1.1,0.4,1.0,7.4,11.9,2021-22
1630559,188,Austin Reaves,1610612747,LAL,61,23.2,2.4,5.2,0.459,0.9,2.7,0.317,1.6,1.9,0.839,0.7,2.4,3.2,1.8,0.5,0.3,0.7,7.3,9.3,2021-22
1627752,189,Taurean Prince,1610612750,MIN,69,17.1,2.6,5.7,0.454,1.2,3.3,0.376,0.9,1.2,0.756,0.4,2.1,2.5,1.0,0.7,0.3,0.8,7.3,7.7,2021-22
1629750,190,Javonte Green,1610612741,CHI,65,23.4,2.7,5.0,0.542,0.6,1.6,0.356,1.2,1.5,0.833,1.4,2.8,4.2,0.9,1.0,0.5,0.5,7.2,10.9,2021-22
1627780,191,Gary Payton II,1610612744,GSW,71,17.6,3.0,4.8,0.616,0.6,1.7,0.358,0.5,0.8,0.603,1.0,2.5,3.5,0.9,1.4,0.3,0.6,7.1,10.4,2021-22
1628467,192,Maxi Kleber,1610612742,DAL,59,24.6,2.4,6.0,0.398,1.4,4.3,0.325,0.8,1.1,0.708,1.2,4.7,5.9,1.2,0.5,1.0,0.8,7.0,10.8,2021-22
203500,193,Steven Adams,1610612763,MEM,76,26.3,2.8,5.1,0.547,0.0,0.0,0.0,1.4,2.6,0.543,4.6,5.4,10.0,3.4,0.9,0.8,1.5,6.9,17.0,2021-22
1629020,194,Jarred Vanderbilt,1610612750,MIN,74,25.4,2.9,4.9,0.587,0.0,0.2,0.143,1.2,1.8,0.656,2.9,5.5,8.4,1.3,1.3,0.6,1.0,6.9,15.0,2021-22
1630165,195,Killian Hayes,1610612765,DET,66,25.0,2.7,7.0,0.383,0.7,2.5,0.263,0.9,1.1,0.77,0.5,2.6,3.2,4.2,1.2,0.5,1.7,6.9,9.7,2021-22
1628470,196,Torrey Craig,1610612756,PHX,78,20.5,2.6,5.7,0.454,1.0,3.0,0.329,0.5,0.7,0.75,1.1,2.9,4.0,1.2,0.6,0.5,0.9,6.6,8.7,2021-22
203486,197,Mason Plumlee,1610612766,CHA,73,24.6,2.8,4.4,0.641,0.0,0.0,0.0,0.9,2.3,0.392,2.4,5.3,7.7,3.1,0.8,0.7,1.4,6.5,14.5,2021-22
203210,198,JaMychal Green,1610612743,DEN,67,16.2,2.4,4.9,0.486,0.5,1.9,0.266,1.2,1.4,0.871,1.2,3.0,4.2,0.9,0.6,0.4,0.9,6.4,9.0,2021-22
202340,199,Avery Bradley,1610612747,LAL,62,22.7,2.4,5.6,0.423,1.3,3.4,0.39,0.3,0.3,0.889,0.5,1.7,2.2,0.8,0.9,0.1,0.6,6.4,6.4,2021-22
1628988,200,Aaron Holiday,1610612756,PHX,63,16.2,2.4,5.4,0.447,0.6,1.6,0.379,0.9,1.1,0.868,0.4,1.6,1.9,2.4,0.7,0.1,1.1,6.3,7.3,2021-22
202397,201,Ish Smith,1610612764,WAS,65,17.3,2.8,6.6,0.43,0.4,1.0,0.373,0.2,0.4,0.625,0.4,1.8,2.2,3.8,0.7,0.4,1.2,6.3,8.2,2021-22
203473,202,Dewayne Dedmon,1610612748,MIA,67,15.9,2.4,4.3,0.566,0.3,0.7,0.404,1.1,1.5,0.75,1.6,4.2,5.8,0.7,0.4,0.6,1.0,6.3,10.4,2021-22
1630202,203,Payton Pritchard,1610612738,BOS,71,14.1,2.3,5.3,0.429,1.4,3.5,0.412,0.3,0.3,1.0,0.5,1.4,1.9,2.0,0.4,0.1,0.6,6.2,6.9,2021-22
2730,204,Dwight Howard,1610612747,LAL,60,16.2,2.2,3.7,0.612,0.1,0.3,0.533,1.6,2.4,0.658,2.0,4.0,5.9,0.6,0.6,0.6,0.8,6.2,10.9,2021-22
202357,205,Nemanja Bjelica,1610612744,GSW,71,16.1,2.3,4.8,0.468,0.8,2.1,0.362,0.8,1.1,0.728,0.9,3.3,4.1,2.2,0.6,0.4,1.2,6.1,9.3,2021-22
1630205,206,Lamar Stevens,1610612739,CLE,63,16.1,2.5,5.1,0.489,0.3,1.0,0.277,0.8,1.2,0.707,0.7,1.9,2.6,0.7,0.5,0.3,0.7,6.1,6.6,2021-22
203085,207,Austin Rivers,1610612743,DEN,67,22.1,2.2,5.2,0.417,1.2,3.4,0.342,0.5,0.7,0.727,0.3,1.4,1.7,1.3,0.8,0.1,0.8,6.0,5.9,2021-22
1626172,208,Kevon Looney,1610612744,GSW,82,21.1,2.5,4.4,0.571,0.0,0.0,0.0,0.9,1.5,0.6,2.5,4.7,7.3,2.0,0.6,0.6,0.8,6.0,13.2,2021-22
1630200,209,Tre Jones,1610612759,SAS,69,16.6,2.4,4.9,0.49,0.1,0.7,0.196,1.0,1.3,0.78,0.4,1.8,2.2,3.4,0.6,0.1,0.7,6.0,8.9,2021-22
201980,210,Danny Green,1610612755,PHI,62,21.8,2.0,5.2,0.394,1.7,4.4,0.38,0.2,0.2,0.786,0.5,2.0,2.5,1.0,1.0,0.6,0.7,5.9,7.1,2021-22
1629604,211,CJ Elleby,1610612757,POR,58,20.2,2.1,5.3,0.393,0.6,2.2,0.294,1.0,1.4,0.714,1.1,2.8,3.9,1.5,0.6,0.3,1.0,5.8,7.6,2021-22
1629672,212,Eric Paschall,1610612762,UTA,58,12.7,2.0,4.1,0.485,0.7,1.9,0.37,1.1,1.5,0.767,0.5,1.3,1.8,0.6,0.2,0.1,0.5,5.8,5.6,2021-22
1629680,213,Matisse Thybulle,1610612755,PHI,66,25.5,2.3,4.5,0.5,0.7,2.2,0.313,0.5,0.7,0.791,0.6,1.7,2.3,1.1,1.7,1.1,0.6,5.7,9.0,2021-22
1628966,214,Keita Bates-Diop,1610612759,SAS,59,16.2,2.3,4.5,0.517,0.3,0.9,0.309,0.8,1.0,0.754,1.1,2.9,3.9,0.7,0.5,0.2,0.8,5.7,7.8,2021-22
201949,215,James Johnson,1610612751,BKN,62,19.2,2.3,5.0,0.469,0.4,1.4,0.271,0.5,0.9,0.527,0.8,2.6,3.5,2.1,0.5,0.5,0.8,5.5,8.3,2021-22
1630530,216,Trey Murphy III,1610612740,NOP,62,13.9,1.8,4.5,0.394,1.1,3.0,0.382,0.7,0.8,0.882,0.8,1.6,2.4,0.6,0.4,0.1,0.3,5.4,5.8,2021-22
202066,217,Garrett Temple,1610612740,NOP,59,18.6,1.9,5.0,0.376,1.0,3.1,0.319,0.5,0.7,0.683,0.5,1.9,2.4,1.3,0.7,0.4,0.7,5.2,6.0,2021-22
1630267,218,Facundo Campazzo,1610612743,DEN,65,18.2,1.6,4.6,0.361,0.9,3.0,0.301,0.9,1.2,0.769,0.4,1.4,1.8,3.4,1.0,0.4,1.0,5.1,7.4,2021-22
1629723,219,John Konchar,1610612763,MEM,72,17.9,1.9,3.6,0.515,0.7,1.8,0.413,0.4,0.7,0.551,1.2,3.4,4.6,1.5,0.6,0.3,0.4,4.8,9.4,2021-22
1630182,220,Josh Green,1610612742,DAL,67,15.5,1.9,3.8,0.508,0.4,1.2,0.359,0.5,0.7,0.689,0.8,1.6,2.4,1.2,0.7,0.2,0.7,4.8,6.5,2021-22
1626153,221,Delon Wright,1610612737,ATL,77,18.9,1.6,3.5,0.454,0.6,1.5,0.379,0.7,0.8,0.857,0.6,2.2,2.9,2.4,1.2,0.2,0.6,4.4,8.6,2021-22
1628972,222,Troy Brown Jr.,1610612741,CHI,66,16.0,1.6,3.9,0.419,0.7,2.0,0.353,0.3,0.4,0.769,0.6,2.5,3.1,1.0,0.5,0.1,0.4,4.3,6.2,2021-22
1628975,223,Jevon Carter,1610612749,MIL,66,13.7,1.5,3.8,0.387,1.0,2.6,0.388,0.2,0.3,0.833,0.2,1.5,1.7,1.5,0.4,0.2,0.5,4.2,5.0,2021-22
1628373,224,Frank Ntilikina,1610612742,DAL,58,11.8,1.5,3.8,0.399,0.7,1.9,0.342,0.4,0.4,0.96,0.2,1.2,1.4,1.2,0.5,0.1,0.5,4.1,4.4,2021-22
1629308,225,Juan Toscano-Anderson,1610612744,GSW,73,13.6,1.6,3.2,0.489,0.4,1.2,0.322,0.5,1.0,0.571,0.4,2.0,2.4,1.7,0.7,0.2,0.9,4.1,6.1,2021-22
1629162,226,Jordan McLaughlin,1610612750,MIN,62,14.5,1.4,3.2,0.44,0.4,1.4,0.318,0.5,0.6,0.75,0.4,1.2,1.5,2.9,0.9,0.2,0.6,3.8,6.7,2021-22
1630235,227,Trent Forrest,1610612762,UTA,60,12.8,1.3,2.6,0.49,0.1,0.5,0.185,0.6,0.8,0.792,0.4,1.3,1.7,1.8,0.5,0.1,0.8,3.3,5.0,2021-22
1630625,228,Dalano Banton,1610612761,TOR,64,10.9,1.3,3.2,0.411,0.2,0.8,0.255,0.4,0.7,0.591,0.6,1.3,1.9,1.5,0.4,0.2,0.8,3.2,4.3,2021-22
1629029,1,Luka Dončić,1610612742,DAL,70,37.5,11.5,23.6,0.487,4.1,10.6,0.382,6.8,8.7,0.786,0.8,8.4,9.2,9.8,1.4,0.5,4.0,33.9,36.9,2023-24
203507,2,Giannis Antetokounmpo,1610612749,MIL,73,35.2,11.5,18.8,0.611,0.5,1.7,0.274,7.0,10.7,0.657,2.7,8.8,11.5,6.5,1.2,1.1,3.4,30.4,36.4,2023-24
1628983,3,Shai Gilgeous-Alexander,1610612760,OKC,75,34.0,10.6,19.8,0.535,1.3,3.6,0.353,7.6,8.7,0.874,0.9,4.7,5.5,6.2,2.0,0.9,2.2,30.1,32.2,2023-24
1628973,4,Jalen Brunson,1610612752,NYK,77,35.4,10.3,21.4,0.479,2.7,6.8,0.401,5.5,6.5,0.847,0.6,3.1,3.6,6.7,0.9,0.2,2.4,28.7,25.6,2023-24
201142,5,Kevin Durant,1610612756,PHX,75,37.2,10.0,19.1,0.523,2.2,5.4,0.413,4.8,5.6,0.856,0.5,6.1,6.6,5.0,0.9,1.2,3.3,27.1,27.7,2023-24
1626164,6,Devin Booker,1610612756,PHX,68,36.0,9.4,19.2,0.492,2.2,6.1,0.364,6.0,6.7,0.886,0.8,3.7,4.5,6.9,0.9,0.4,2.6,27.1,26.7,2023-24
1628369,7,Jayson Tatum,1610612738,BOS,74,35.7,9.1,19.3,0.471,3.1,8.2,0.376,5.6,6.7,0.833,0.9,7.2,8.1,4.9,1.0,0.6,2.5,26.9,27.6,2023-24
1628368,8,De'Aaron Fox,1610612758,SAC,74,35.9,9.7,20.9,0.465,2.9,7.8,0.369,4.2,5.7,0.738,0.9,3.7,4.6,5.6,2.0,0.4,2.6,26.6,23.9,2023-24
201939,9,Stephen Curry,1610612744,GSW,74,32.7,8.8,19.5,0.45,4.8,11.8,0.408,4.0,4.4,0.923,0.5,4.0,4.5,5.1,0.7,0.4,2.8,26.4,23.2,2023-24
203999,10,Nikola Jokić,1610612743,DEN,79,34.6,10.4,17.9,0.583,1.1,2.9,0.359,4.5,5.5,0.817,2.8,9.5,12.4,9.0,1.4,0.9,3.0,26.4,38.5,2023-24
1630178,11,Tyrese Maxey,1610612755,PHI,70,37.5,9.1,20.3,0.45,3.0,8.1,0.373,4.7,5.4,0.868,0.5,3.2,3.7,6.2,1.0,0.5,1.7,25.9,23.7,2023-24
1630162,12,Anthony Edwards,1610612750,MIN,79,35.1,9.1,19.7,0.461,2.4,6.7,0.357,5.4,6.4,0.836,0.7,4.8,5.4,5.1,1.3,0.5,3.1,25.9,23.6,2023-24
2544,13,LeBron James,1610612747,LAL,71,35.3,9.6,17.9,0.54,2.1,5.1,0.41,4.3,5.7,0.75,0.9,6.4,7.3,8.3,1.3,0.5,3.5,25.7,29.9,2023-24
202681,14,Kyrie Irving,1610612742,DAL,58,35.0,9.7,19.5,0.497,3.0,7.3,0.411,3.3,3.6,0.905,0.8,4.2,5.0,5.2,1.3,0.5,1.8,25.6,25.6,2023-24
203076,15,Anthony Davis,1610612747,LAL,76,35.5,9.4,16.9,0.556,0.4,1.4,0.271,5.5,6.8,0.816,3.1,9.5,12.6,3.5,1.2,2.3,2.1,24.7,33.5,2023-24
203081,16,Damian Lillard,1610612749,MIL,73,35.3,7.4,17.5,0.424,3.0,8.5,0.354,6.5,7.0,0.92,0.5,3.9,4.4,7.0,1.0,0.2,2.6,24.3,23.6,2023-24
201942,17,DeMar DeRozan,1610612741,CHI,79,37.8,8.2,17.2,0.48,0.9,2.8,0.333,6.6,7.7,0.853,0.5,3.8,4.3,5.3,1.1,0.6,1.7,24.0,23.6,2023-24
202695,18,Kawhi Leonard,1610612746,LAC,68,34.3,9.0,17.1,0.525,2.1,4.9,0.417,3.7,4.2,0.885,1.2,4.9,6.1,3.6,1.6,0.9,1.8,23.7,25.6,2023-24
1627759,19,Jaylen Brown,1610612738,BOS,70,33.5,9.0,17.9,0.499,2.1,5.9,0.354,3.0,4.3,0.703,1.2,4.3,5.5,3.6,1.2,0.5,2.4,23.0,21.2,2023-24
1629627,20,Zion Williamson,1610612740,NOP,70,31.5,8.9,15.6,0.57,0.1,0.3,0.333,5.0,7.1,0.702,1.7,4.1,5.8,5.0,1.1,0.7,2.8,22.9,23.9,2023-24
1630595,21,Cade Cunningham,1610612765,DET,62,33.5,8.5,18.8,0.449,1.9,5.4,0.355,3.8,4.4,0.869,0.5,3.8,4.3,7.5,0.9,0.4,3.4,22.7,21.4,2023-24
202331,22,Paul George,1610612746,LAC,74,33.8,7.9,16.7,0.471,3.3,7.9,0.413,3.6,3.9,0.907,0.5,4.7,5.2,3.5,1.5,0.5,2.1,22.6,22.1,2023-24
1631094,23,Paolo Banchero,1610612753,ORL,80,35.0,8.0,17.6,0.455,1.5,4.4,0.339,5.1,7.0,0.725,1.0,5.9,6.9,5.4,0.9,0.6,3.1,22.6,21.7,2023-24
1628991,24,Jaren Jackson Jr.,1610612763,MEM,66,32.2,7.8,17.6,0.444,1.8,5.5,0.32,5.1,6.3,0.808,1.3,4.2,5.5,2.3,1.2,1.6,2.4,22.5,19.8,2023-24
1627749,25,Dejounte Murray,1610612737,ATL,78,35.7,8.6,18.8,0.459,2.6,7.1,0.363,2.7,3.4,0.794,0.8,4.5,5.3,6.4,1.4,0.3,2.6,22.5,22.6,2023-24
1630560,26,Cam Thomas,1610612751,BKN,66,31.4,8.0,18.0,0.442,2.2,6.0,0.364,4.3,5.1,0.856,0.4,2.8,3.2,2.9,0.7,0.2,1.9,22.5,16.9,2023-24
1628398,27,Kyle Kuzma,1610612764,WAS,70,32.6,8.7,18.8,0.463,2.2,6.4,0.336,2.7,3.4,0.775,0.9,5.7,6.6,4.2,0.5,0.7,2.7,22.2,20.7,2023-24
1626157,28,Karl-Anthony Towns,1610612750,MIN,62,32.7,7.7,15.3,0.504,2.2,5.3,0.416,4.1,4.7,0.873,1.5,6.8,8.3,3.0,0.7,0.7,2.9,21.8,23.4,2023-24
1627783,29,Pascal Siakam,1610612754,IND,80,33.2,8.5,15.9,0.536,1.1,3.1,0.346,3.6,5.0,0.732,1.7,5.3,7.1,4.3,0.8,0.3,1.8,21.7,23.7,2023-24
1641705,30,Victor Wembanyama,1610612759,SAS,71,29.7,7.8,16.7,0.465,1.8,5.5,0.325,4.1,5.2,0.796,2.3,8.4,10.6,3.9,1.2,3.6,3.7,21.4,27.1,2023-24
1627750,31,Jamal Murray,1610612743,DEN,59,31.5,8.0,16.7,0.481,2.5,5.8,0.425,2.7,3.1,0.853,0.7,3.4,4.1,6.5,1.0,0.7,2.1,21.2,22.2,2023-24
1630578,32,Alperen Sengun,1610612745,HOU,63,32.5,8.4,15.6,0.537,0.5,1.8,0.297,3.9,5.6,0.693,2.9,6.4,9.3,5.0,1.2,0.7,2.6,21.1,25.9,2023-24
1628970,33,Miles Bridges,1610612766,CHA,69,37.4,8.1,17.5,0.462,2.3,6.5,0.349,2.5,3.1,0.825,1.0,6.3,7.3,3.3,0.9,0.5,2.0,21.0,21.1,2023-24
1627742,34,Brandon Ingram,1610612740,NOP,64,32.9,7.8,15.9,0.492,1.3,3.8,0.355,3.8,4.8,0.801,0.7,4.4,5.1,5.7,0.8,0.6,2.5,20.8,21.4,2023-24
202710,35,Jimmy Butler III,1610612748,MIA,60,34.0,6.6,13.2,0.499,1.0,2.4,0.414,6.6,7.7,0.858,1.8,3.6,5.3,5.0,1.3,0.3,1.7,20.8,23.2,2023-24
1629628,36,RJ Barrett,1610612761,TOR,58,31.7,7.5,15.2,0.495,1.6,4.3,0.36,3.6,5.0,0.715,0.9,4.5,5.4,3.3,0.5,0.4,2.2,20.2,18.6,2023-24
1630169,37,Tyrese Haliburton,1610612754,IND,69,32.2,7.2,15.2,0.477,2.8,7.8,0.364,2.8,3.3,0.855,0.5,3.4,3.9,10.9,1.2,0.7,2.3,20.1,26.1,2023-24
203468,38,CJ McCollum,1610612740,NOP,66,32.7,7.3,16.0,0.459,3.6,8.4,0.429,1.7,2.1,0.827,0.6,3.7,4.3,4.6,0.9,0.6,1.7,20.0,19.9,2023-24
1630567,39,Scottie Barnes,1610612761,TOR,60,34.9,7.5,15.7,0.475,1.7,4.9,0.341,3.3,4.2,0.781,2.4,5.9,8.2,6.1,1.3,1.5,2.8,19.9,24.9,2023-24
1626179,40,Terry Rozier,1610612748,MIA,61,33.4,7.2,16.4,0.443,2.4,6.7,0.363,2.8,3.2,0.869,0.6,3.5,4.0,5.6,1.0,0.3,1.7,19.8,19.5,2023-24
1630532,41,Franz Wagner,1610612753,ORL,72,32.5,7.3,15.2,0.482,1.3,4.6,0.281,3.8,4.4,0.85,1.0,4.3,5.3,3.7,1.1,0.4,1.9,19.7,19.8,2023-24
1630224,42,Jalen Green,1610612745,HOU,82,31.7,6.9,16.2,0.423,2.5,7.4,0.332,3.5,4.3,0.804,0.5,4.7,5.2,3.5,0.8,0.3,2.3,19.6,16.9,2023-24
1628969,43,Mikal Bridges,1610612751,BKN,82,34.8,6.9,15.8,0.436,2.7,7.2,0.372,3.1,3.9,0.814,0.8,3.7,4.5,3.6,1.0,0.4,2.0,19.6,17.5,2023-24
1630170,44,Devin Vassell,1610612759,SAS,68,33.1,7.3,15.5,0.472,2.4,6.6,0.372,2.4,3.0,0.801,0.4,3.4,3.8,4.1,1.1,0.3,1.6,19.5,18.4,2023-24
1627734,45,Domantas Sabonis,1610612758,SAC,82,35.7,7.7,13.0,0.594,0.4,1.1,0.379,3.6,5.1,0.704,3.6,10.1,13.7,8.2,0.9,0.6,3.3,19.4,32.7,2023-24
1628389,46,Bam Adebayo,1610612748,MIA,71,34.0,7.5,14.3,0.521,0.2,0.6,0.357,4.1,5.5,0.755,2.2,8.1,10.4,3.9,1.1,0.9,2.3,19.3,25.1,2023-24
1629632,47,Coby White,1610612741,CHI,79,36.5,6.8,15.3,0.447,2.6,7.0,0.376,2.8,3.3,0.838,0.6,4.0,4.5,5.1,0.7,0.2,2.1,19.1,18.6,2023-24
1631114,48,Jalen Williams,1610612760,OKC,71,31.3,7.5,14.0,0.54,1.5,3.4,0.427,2.5,3.1,0.814,0.5,3.5,4.0,4.5,1.1,0.6,1.7,19.1,20.6,2023-24
1629012,49,Collin Sexton,1610612762,UTA,78,26.6,6.5,13.3,0.487,1.6,4.2,0.394,4.1,4.7,0.859,0.9,1.7,2.6,4.9,0.8,0.2,2.1,18.7,17.7,2023-24
202696,50,Nikola Vučević,1610612741,CHI,76,34.3,7.7,15.9,0.484,1.2,4.1,0.294,1.4,1.7,0.822,2.8,7.8,10.5,3.3,0.7,0.8,1.6,18.0,23.3,2023-24
1626156,51,D'Angelo Russell,1610612747,LAL,76,32.7,6.5,14.2,0.456,3.0,7.2,0.415,2.1,2.5,0.828,0.4,2.7,3.1,6.3,0.9,0.5,2.1,18.0,18.6,2023-24
202691,52,Klay Thompson,1610612744,GSW,77,29.7,6.4,14.7,0.432,3.5,9.0,0.387,1.6,1.8,0.927,0.5,2.8,3.3,2.3,0.6,0.5,1.5,17.9,14.5,2023-24
1627832,53,Fred VanVleet,1610612745,HOU,73,36.8,5.8,13.9,0.416,3.1,8.0,0.387,2.7,3.1,0.86,0.5,3.4,3.8,8.1,1.4,0.8,1.7,17.4,21.2,2023-24
1629673,54,Jordan Poole,1610612764,WAS,78,30.1,6.3,15.2,0.413,2.4,7.2,0.326,2.5,2.8,0.877,0.4,2.3,2.7,4.4,1.1,0.3,2.4,17.4,14.2,2023-24
1641706,55,Brandon Miller,1610612766,CHA,74,32.2,6.4,14.6,0.44,2.5,6.7,0.373,1.9,2.3,0.827,0.8,3.4,4.3,2.4,0.9,0.6,1.8,17.3,15.0,2023-24
202699,56,Tobias Harris,1610612755,PHI,70,33.8,6.6,13.6,0.487,1.3,3.7,0.353,2.7,3.0,0.878,1.1,5.3,6.5,3.1,1.0,0.7,1.3,17.2,19.8,2023-24
1626167,57,Myles Turner,1610612754,IND,77,27.0,6.2,11.8,0.524,1.5,4.2,0.358,3.2,4.1,0.773,1.5,5.5,6.9,1.3,0.5,1.9,1.4,17.1,19.7,2023-24
1630193,58,Immanuel Quickley,1610612761,TOR,68,29.2,5.7,13.1,0.434,2.5,6.4,0.395,3.1,3.6,0.853,0.3,3.6,3.8,4.9,0.7,0.1,1.5,17.0,17.1,2023-24
203992,59,Bogdan Bogdanović,1610612737,ATL,79,30.4,6.0,13.9,0.428,3.0,8.1,0.374,1.9,2.1,0.921,0.7,2.8,3.4,3.1,1.2,0.3,1.4,16.9,15.4,2023-24
1629008,60,Michael Porter Jr.,1610612743,DEN,81,31.7,6.4,13.3,0.484,2.7,6.8,0.397,1.1,1.4,0.836,1.3,5.7,7.0,1.5,0.5,0.7,1.1,16.7,18.2,2023-24
201935,61,James Harden,1610612746,LAC,72,34.3,4.9,11.4,0.428,2.6,6.8,0.381,4.2,4.8,0.878,0.5,4.7,5.1,8.5,1.1,0.8,2.6,16.6,22.4,2023-24
1631096,62,Chet Holmgren,1610612760,OKC,82,29.4,6.2,11.6,0.53,1.6,4.3,0.37,2.7,3.4,0.793,1.6,6.3,7.9,2.4,0.6,2.3,1.6,16.5,22.1,2023-24
1628386,63,Jarrett Allen,1610612739,CLE,77,31.7,6.7,10.6,0.634,0.0,0.1,0.0,3.0,4.1,0.742,3.2,7.4,10.5,2.7,0.7,1.1,1.6,16.5,25.0,2023-24
1630228,64,Jonathan Kuminga,1610612744,GSW,74,26.3,6.2,11.6,0.529,0.7,2.2,0.321,3.0,4.0,0.746,1.2,3.6,4.8,2.2,0.7,0.5,1.6,16.1,16.1,2023-24
1630559,65,Austin Reaves,1610612747,LAL,82,32.1,5.6,11.5,0.486,1.9,5.1,0.367,2.8,3.3,0.853,0.7,3.6,4.3,5.5,0.8,0.3,2.1,15.9,18.2,2023-24
1629640,66,Keldon Johnson,1610612759,SAS,69,29.5,5.7,12.5,0.454,1.8,5.3,0.346,2.5,3.2,0.792,1.4,4.1,5.5,2.8,0.7,0.3,1.4,15.7,16.1,2023-24
1628978,67,Donte DiVincenzo,1610612752,NYK,81,29.1,5.5,12.4,0.443,3.5,8.7,0.401,1.1,1.4,0.754,0.8,2.9,3.7,2.7,1.3,0.4,1.4,15.5,15.0,2023-24
1626162,68,Kelly Oubre Jr.,1610612755,PHI,68,30.2,5.7,12.9,0.441,1.5,4.8,0.311,2.6,3.4,0.75,1.4,3.6,5.0,1.5,1.1,0.7,1.3,15.4,14.4,2023-24
1628370,69,Malik Monk,1610612758,SAC,72,26.0,5.5,12.4,0.443,2.1,5.9,0.35,2.4,2.8,0.829,0.4,2.6,2.9,5.1,0.6,0.5,2.1,15.4,15.2,2023-24
1631093,70,Jaden Ivey,1610612765,DET,77,28.8,5.4,12.6,0.429,1.6,4.8,0.336,2.9,3.9,0.749,1.1,2.3,3.4,3.8,0.7,0.5,2.5,15.4,13.3,2023-24
1631099,71,Keegan Murray,1610612758,SAC,77,33.6,5.8,12.7,0.454,2.4,6.6,0.358,1.3,1.6,0.831,1.4,4.1,5.5,1.7,1.0,0.8,0.8,15.2,16.1,2023-24
1628401,72,Derrick White,1610612738,BOS,73,32.6,5.3,11.5,0.461,2.7,6.8,0.396,1.9,2.1,0.901,0.7,3.5,4.2,5.2,1.0,1.2,1.5,15.2,18.8,2023-24
1628381,73,John Collins,1610612762,UTA,68,28.0,5.8,11.0,0.532,1.3,3.4,0.371,2.2,2.7,0.795,2.3,6.1,8.5,1.1,0.6,0.9,1.4,15.1,19.0,2023-24
1630166,74,Deni Avdija,1610612764,WAS,75,30.1,5.4,10.7,0.506,1.2,3.1,0.374,2.7,3.6,0.74,1.1,6.1,7.2,3.8,0.8,0.5,2.1,14.7,18.6,2023-24
1631097,75,Bennedict Mathurin,1610612754,IND,59,26.1,5.0,11.2,0.446,1.4,3.6,0.374,3.1,3.8,0.821,1.0,2.9,4.0,2.0,0.6,0.2,1.6,14.5,12.8,2023-24
203501,76,Tim Hardaway Jr.,1610612742,DAL,79,26.8,5.0,12.4,0.402,2.7,7.6,0.353,1.8,2.1,0.852,0.3,2.9,3.2,1.8,0.5,0.1,0.9,14.4,11.4,2023-24
203471,77,Dennis Schröder,1610612751,BKN,80,31.1,5.0,11.6,0.435,1.7,4.6,0.375,2.2,2.7,0.836,0.5,2.5,3.0,6.1,0.8,0.2,1.9,14.0,15.3,2023-24
1627747,78,Caris LeVert,1610612739,CLE,68,28.8,5.1,12.1,0.421,1.6,4.9,0.325,2.3,3.0,0.766,0.6,3.5,4.1,5.1,1.1,0.5,1.7,14.0,15.4,2023-24
1630703,78,Scoot Henderson,1610612757,POR,62,28.5,5.0,12.9,0.385,1.4,4.3,0.325,2.7,3.3,0.819,0.9,2.3,3.1,5.4,0.8,0.2,3.4,14.0,11.6,2023-24
203497,80,Rudy Gobert,1610612750,MIN,76,34.1,5.3,8.1,0.661,0.0,0.0,0.0,3.3,5.1,0.638,3.8,9.2,12.9,1.3,0.7,2.1,1.6,14.0,24.9,2023-24
1626181,81,Norman Powell,1610612746,LAC,76,26.2,4.9,10.1,0.486,2.2,5.1,0.435,1.9,2.3,0.831,0.2,2.4,2.6,1.1,0.6,0.3,0.9,13.9,11.9,2023-24
203932,82,Aaron Gordon,1610612743,DEN,73,31.5,5.5,9.8,0.556,0.5,1.9,0.29,2.4,3.7,0.658,2.4,4.1,6.5,3.5,0.8,0.6,1.4,13.9,18.2,2023-24
1631105,83,Jalen Duren,1610612765,DET,61,29.1,5.7,9.2,0.619,0.0,0.1,0.0,2.3,3.0,0.79,3.1,8.5,11.6,2.4,0.5,0.8,2.1,13.8,22.9,2023-24
1626171,84,Bobby Portis,1610612749,MIL,82,24.5,5.7,11.2,0.508,1.2,3.0,0.407,1.2,1.5,0.79,1.7,5.7,7.4,1.3,0.8,0.4,1.1,13.8,16.8,2023-24
1631095,85,Jabari Smith Jr.,1610612745,HOU,76,31.9,5.0,11.0,0.454,1.8,5.0,0.363,2.0,2.4,0.811,1.8,6.3,8.1,1.6,0.7,0.8,1.2,13.7,17.3,2023-24
1629018,86,Gary Trent Jr.,1610612761,TOR,71,28.1,5.1,11.9,0.426,2.5,6.4,0.393,1.0,1.4,0.771,0.4,2.3,2.6,1.7,1.1,0.1,0.7,13.7,11.5,2023-24
1630180,87,Saddiq Bey,1610612737,ATL,63,32.7,4.6,11.1,0.416,1.8,5.7,0.316,2.7,3.2,0.837,2.7,3.9,6.5,1.5,0.8,0.2,0.9,13.7,14.8,2023-24
1629060,88,Rui Hachimura,1610612747,LAL,68,26.8,5.3,9.9,0.537,1.4,3.4,0.422,1.5,2.0,0.739,0.9,3.5,4.3,1.2,0.6,0.4,0.7,13.6,14.3,2023-24
1628960,89,Grayson Allen,1610612756,PHX,75,33.5,4.5,9.1,0.499,2.7,5.9,0.461,1.7,2.0,0.878,0.6,3.3,3.9,3.0,0.9,0.6,1.3,13.5,15.9,2023-24
1629675,90,Naz Reid,1610612750,MIN,81,24.2,5.0,10.5,0.477,2.1,5.0,0.414,1.3,1.8,0.736,0.9,4.3,5.2,1.3,0.8,0.9,1.4,13.5,14.3,2023-24
1629661,91,Cameron Johnson,1610612751,BKN,58,27.6,4.8,10.7,0.446,2.4,6.1,0.391,1.5,1.9,0.789,0.9,3.4,4.3,2.4,0.8,0.3,1.0,13.4,13.9,2023-24
1630557,92,Corey Kispert,1610612764,WAS,80,25.8,4.8,9.9,0.486,2.3,6.0,0.383,1.4,2.0,0.726,0.4,2.4,2.8,2.0,0.5,0.2,1.2,13.4,12.0,2023-24
203952,93,Andrew Wiggins,1610612744,GSW,71,27.0,5.0,11.0,0.453,1.3,3.6,0.358,2.0,2.7,0.751,1.5,3.0,4.5,1.7,0.6,0.6,1.2,13.2,12.7,2023-24
1641718,94,Keyonte George,1610612762,UTA,75,27.0,4.3,10.9,0.391,2.0,5.9,0.334,2.5,3.0,0.848,0.2,2.6,2.8,4.4,0.5,0.1,2.5,13.0,11.2,2023-24
1629130,95,Duncan Robinson,1610612748,MIA,68,28.0,4.5,9.9,0.45,2.8,7.0,0.395,1.2,1.3,0.889,0.2,2.3,2.5,2.8,0.7,0.2,1.4,12.9,12.1,2023-24
1629023,96,P.J. Washington,1610612742,DAL,73,30.4,4.8,11.1,0.436,1.8,5.7,0.32,1.4,2.0,0.683,1.2,4.5,5.6,1.9,1.0,0.8,1.3,12.9,14.0,2023-24
1628415,97,Dillon Brooks,1610612745,HOU,72,30.9,4.6,10.7,0.428,1.8,5.1,0.359,1.7,2.0,0.844,0.7,2.7,3.4,1.7,0.9,0.1,1.2,12.7,11.2,2023-24
1630591,98,Jalen Suggs,1610612753,ORL,75,27.0,4.5,9.5,0.471,2.0,5.1,0.397,1.6,2.1,0.756,0.6,2.4,3.1,2.7,1.4,0.6,1.8,12.6,13.1,2023-24
201572,99,Brook Lopez,1610612749,MIL,79,30.5,4.6,9.6,0.485,1.9,5.1,0.366,1.4,1.7,0.821,1.5,3.7,5.2,1.6,0.5,2.4,1.0,12.5,16.0,2023-24
201950,100,Jrue Holiday,1610612738,BOS,69,32.8,4.8,10.0,0.48,2.0,4.7,0.429,0.9,1.0,0.833,1.2,4.2,5.4,4.8,0.9,0.8,1.8,12.5,17.2,2023-24
1630581,101,Josh Giddey,1610612760,OKC,80,25.2,5.0,10.6,0.475,1.0,3.0,0.337,1.3,1.6,0.806,1.4,5.0,6.4,4.8,0.6,0.6,2.1,12.3,16.8,2023-24
202685,102,Jonas Valančiūnas,1610612740,NOP,82,23.5,4.9,8.8,0.559,0.5,1.5,0.308,2.0,2.5,0.785,2.3,6.5,8.8,2.1,0.4,0.8,1.4,12.2,18.6,2023-24
203084,103,Harrison Barnes,1610612758,SAC,82,29.0,4.2,8.9,0.474,1.8,4.7,0.387,1.9,2.4,0.801,0.8,2.2,3.0,1.2,0.7,0.1,0.7,12.2,11.4,2023-24
1629622,104,Max Strus,1610612739,CLE,70,32.0,4.3,10.4,0.418,2.4,6.8,0.351,1.1,1.4,0.794,0.9,3.9,4.8,4.0,0.9,0.4,1.6,12.2,14.4,2023-24
1630174,105,Aaron Nesmith,1610612754,IND,72,27.7,4.4,8.8,0.496,1.9,4.6,0.419,1.5,1.9,0.781,0.9,2.9,3.8,1.5,0.9,0.7,0.9,12.2,13.3,2023-24
1630245,106,Ayo Dosunmu,1610612741,CHI,76,29.1,4.7,9.5,0.501,1.6,3.9,0.403,1.1,1.4,0.81,0.7,2.1,2.8,3.2,0.9,0.5,1.4,12.2,13.2,2023-24
1627741,107,Buddy Hield,1610612755,PHI,84,25.7,4.4,10.1,0.436,2.6,6.8,0.386,0.6,0.7,0.881,0.7,2.5,3.2,2.8,0.8,0.5,1.2,12.1,12.4,2023-24
1626145,108,Tyus Jones,1610612764,WAS,66,29.3,4.9,10.1,0.489,1.6,3.9,0.414,0.5,0.6,0.8,0.3,2.4,2.7,7.3,1.1,0.3,1.0,12.0,17.1,2023-24
1631170,109,Jaime Jaquez Jr.,1610612748,MIA,75,28.2,4.5,9.3,0.489,0.9,2.7,0.322,1.9,2.3,0.811,1.1,2.7,3.8,2.6,1.0,0.3,1.5,11.9,12.9,2023-24
1629651,110,Nic Claxton,1610612751,BKN,71,29.8,5.2,8.2,0.629,0.0,0.1,0.2,1.5,2.8,0.551,2.7,7.2,9.9,2.1,0.6,2.1,1.3,11.8,21.0,2023-24
1627826,111,Ivica Zubac,1610612746,LAC,68,26.4,5.0,7.6,0.649,0.0,0.0,0.0,1.8,2.4,0.723,2.9,6.3,9.2,1.4,0.3,1.2,1.2,11.7,19.3,2023-24
1631110,112,Jeremy Sochan,1610612759,SAS,74,29.6,4.6,10.5,0.438,0.9,3.1,0.308,1.5,1.9,0.771,1.9,4.6,6.4,3.4,0.8,0.5,1.9,11.6,14.6,2023-24
1630175,113,Cole Anthony,1610612753,ORL,81,22.4,4.1,9.4,0.435,1.1,3.4,0.338,2.2,2.7,0.826,0.8,3.0,3.8,2.9,0.8,0.5,1.6,11.6,12.2,2023-24
203991,114,Clint Capela,1610612737,ATL,73,25.8,4.8,8.5,0.571,0.0,0.0,0.0,1.8,2.8,0.631,4.6,6.0,10.6,1.2,0.6,1.5,1.0,11.5,19.7,2023-24
201144,115,Mike Conley,1610612750,MIN,76,28.9,3.9,8.5,0.457,2.4,5.3,0.442,1.3,1.5,0.911,0.5,2.4,2.9,5.9,1.2,0.2,1.3,11.4,15.5,2023-24
1627736,116,Malik Beasley,1610612749,MIL,79,29.6,4.1,9.1,0.443,2.8,6.9,0.413,0.3,0.4,0.714,0.5,3.2,3.7,1.4,0.7,0.1,0.7,11.3,11.3,2023-24
1628380,117,Zach Collins,1610612759,SAS,69,22.1,4.3,8.9,0.484,0.8,2.6,0.32,1.8,2.3,0.753,1.7,3.7,5.4,2.8,0.5,0.8,1.9,11.2,13.6,2023-24
201566,118,Russell Westbrook,1610612746,LAC,68,22.5,4.4,9.8,0.454,0.6,2.3,0.273,1.6,2.4,0.688,1.4,3.7,5.0,4.5,1.1,0.3,2.1,11.1,13.9,2023-24
201569,119,Eric Gordon,1610612756,PHX,68,27.8,4.0,9.1,0.443,2.2,5.8,0.378,0.8,0.9,0.797,0.2,1.6,1.8,2.0,1.0,0.4,1.1,11.0,9.9,2023-24
1630529,120,Herbert Jones,1610612740,NOP,76,30.5,3.9,7.7,0.498,1.5,3.6,0.418,1.8,2.1,0.867,1.0,2.6,3.6,2.6,1.4,0.8,1.2,11.0,14.0,2023-24
1629655,121,Daniel Gafford,1610612742,DAL,74,24.5,4.7,6.5,0.725,0.0,0.0,0.0,1.6,2.4,0.674,2.6,5.0,7.6,1.6,0.9,2.1,1.0,11.0,19.5,2023-24
203994,122,Jusuf Nurkić,1610612756,PHX,76,27.3,4.2,8.3,0.51,0.3,1.2,0.244,2.2,3.4,0.64,2.9,8.1,11.0,4.0,1.1,1.1,2.3,10.9,20.4,2023-24
1629652,123,Luguentz Dort,1610612760,OKC,79,28.4,3.6,8.3,0.438,2.0,5.0,0.394,1.6,2.0,0.826,0.9,2.7,3.6,1.4,0.9,0.6,0.9,10.9,11.5,2023-24
1629021,124,Moritz Wagner,1610612753,ORL,80,17.7,4.2,6.9,0.601,0.5,1.4,0.33,2.1,2.6,0.814,1.5,2.9,4.3,1.2,0.5,0.3,1.2,10.9,12.7,2023-24
1628971,125,Bruce Brown,1610612761,TOR,67,27.8,4.1,8.7,0.478,0.8,2.4,0.323,1.7,2.1,0.824,0.8,3.4,4.2,2.9,0.9,0.3,1.3,10.8,12.9,2023-24
1630583,126,Santi Aldama,1610612763,MEM,61,26.5,4.0,9.3,0.435,1.7,5.0,0.349,0.9,1.4,0.621,1.2,4.6,5.8,2.3,0.7,0.9,1.1,10.7,13.4,2023-24
1630183,127,Jaden McDaniels,1610612750,MIN,72,29.2,4.3,8.7,0.489,1.2,3.5,0.337,0.8,1.1,0.722,0.8,2.3,3.1,1.4,0.9,0.6,1.2,10.5,10.5,2023-24
1631323,128,Simone Fontecchio,1610612765,DET,66,24.9,3.8,8.3,0.46,2.0,5.1,0.401,0.8,1.0,0.818,1.0,2.8,3.7,1.5,0.7,0.3,1.0,10.5,11.1,2023-24
203915,129,Spencer Dinwiddie,1610612747,LAL,76,28.3,3.3,8.4,0.392,1.6,4.8,0.337,2.2,2.8,0.805,0.4,2.3,2.7,4.7,0.7,0.3,1.2,10.5,11.9,2023-24
202692,130,Alec Burks,1610612752,NYK,66,18.4,3.2,8.6,0.369,1.9,5.0,0.376,2.2,2.5,0.868,0.4,1.9,2.3,1.3,0.4,0.2,0.7,10.4,8.2,2023-24
1629684,131,Grant Williams,1610612766,CHA,76,28.0,3.6,8.0,0.456,1.7,4.4,0.375,1.4,1.8,0.757,1.1,3.1,4.2,2.3,0.6,0.5,1.4,10.3,11.7,2023-24
1630167,132,Obi Toppin,1610612754,IND,82,21.1,4.0,7.1,0.573,1.2,3.1,0.403,0.9,1.2,0.77,1.0,2.9,3.9,1.6,0.6,0.5,0.8,10.3,12.7,2023-24
204456,133,T.J. McConnell,1610612754,IND,71,18.2,4.6,8.4,0.556,0.3,0.6,0.409,0.7,0.9,0.79,0.5,2.2,2.7,5.5,1.0,0.1,1.5,10.2,14.1,2023-24
1628989,134,Kevin Huerter,1610612758,SAC,64,24.4,3.9,8.8,0.443,1.9,5.3,0.361,0.6,0.7,0.766,0.6,2.9,3.5,2.6,0.7,0.4,0.8,10.2,11.5,2023-24
202704,135,Reggie Jackson,1610612743,DEN,82,22.2,4.0,9.2,0.431,1.2,3.5,0.359,1.0,1.2,0.806,0.4,1.5,1.9,3.8,0.5,0.2,1.3,10.2,9.7,2023-24
203484,136,Kentavious Caldwell-Pope,1610612743,DEN,76,31.6,3.6,7.7,0.46,1.6,4.1,0.406,1.3,1.5,0.894,0.4,2.0,2.4,2.4,1.3,0.6,1.0,10.1,11.4,2023-24
1627936,137,Alex Caruso,1610612741,CHI,71,28.7,3.6,7.6,0.468,1.9,4.7,0.408,1.0,1.4,0.76,0.9,3.0,3.8,3.5,1.7,1.0,1.4,10.1,14.3,2023-24
1630200,138,Tre Jones,1610612759,SAS,77,27.8,3.9,7.8,0.505,0.8,2.5,0.335,1.3,1.5,0.856,0.8,3.0,3.8,6.2,1.0,0.1,1.5,10.0,15.5,2023-24
1628997,139,Caleb Martin,1610612748,MIA,64,27.5,3.8,8.7,0.431,1.3,3.6,0.349,1.2,1.5,0.778,1.2,3.2,4.4,2.2,0.7,0.5,1.2,10.0,11.3,2023-24
1630188,140,Jalen Smith,1610612754,IND,61,17.2,3.8,6.5,0.592,1.0,2.4,0.424,1.2,1.7,0.692,1.8,3.7,5.5,1.0,0.3,0.6,0.7,9.9,13.4,2023-24
203482,141,Kelly Olynyk,1610612761,TOR,78,22.6,3.5,6.4,0.555,0.8,2.0,0.387,1.9,2.3,0.833,1.4,3.9,5.3,4.4,0.9,0.4,1.9,9.8,15.7,2023-24
1629022,142,Lonnie Walker IV,1610612751,BKN,58,17.4,3.6,8.5,0.423,1.8,4.7,0.384,0.8,1.0,0.763,0.2,2.0,2.2,1.3,0.6,0.3,0.9,9.7,8.1,2023-24
1630208,143,Nick Richards,1610612766,CHA,67,26.3,3.9,5.6,0.691,0.0,0.0,0.0,2.0,2.7,0.737,2.6,5.5,8.0,0.8,0.4,1.1,1.1,9.7,16.6,2023-24
1630202,144,Payton Pritchard,1610612738,BOS,82,22.3,3.6,7.7,0.468,1.8,4.7,0.385,0.6,0.7,0.821,0.9,2.4,3.2,3.4,0.5,0.1,0.7,9.6,11.8,2023-24
1641708,145,Amen Thompson,1610612745,HOU,62,22.4,3.9,7.2,0.536,0.1,0.9,0.138,1.7,2.5,0.684,2.4,4.2,6.6,2.6,1.3,0.6,1.5,9.5,15.1,2023-24
1628404,146,Josh Hart,1610612752,NYK,81,33.4,3.6,8.4,0.434,1.0,3.2,0.31,1.1,1.4,0.791,1.6,6.8,8.3,4.1,0.9,0.3,1.5,9.4,16.5,2023-24
1630171,147,Isaac Okoro,1610612739,CLE,69,27.3,3.4,7.0,0.49,1.2,3.1,0.391,1.3,2.0,0.679,1.0,2.0,3.0,1.9,0.8,0.5,0.8,9.4,10.6,2023-24
1627777,148,Georges Niang,1610612739,CLE,82,22.3,3.5,7.7,0.449,1.8,4.8,0.376,0.6,0.7,0.85,0.3,3.1,3.4,1.2,0.4,0.2,0.9,9.4,9.3,2023-24
1641764,149,Brandin Podziemski,1610612744,GSW,74,26.6,3.7,8.1,0.454,1.2,3.2,0.385,0.7,1.1,0.633,1.6,4.2,5.8,3.7,0.8,0.2,1.2,9.2,13.7,2023-24
1629614,150,Andrew Nembhard,1610612754,IND,68,25.0,3.8,7.7,0.498,0.9,2.5,0.357,0.7,0.8,0.804,0.5,1.5,2.1,4.1,0.9,0.1,1.5,9.2,10.9,2023-24
1631103,151,Malaki Branham,1610612759,SAS,75,21.3,3.6,8.4,0.432,1.2,3.6,0.347,0.7,0.8,0.873,0.4,1.6,2.0,2.1,0.4,0.1,1.2,9.2,7.6,2023-24
101108,152,Chris Paul,1610612744,GSW,58,26.4,3.6,8.1,0.441,1.3,3.6,0.371,0.7,0.9,0.827,0.3,3.6,3.9,6.8,1.2,0.1,1.3,9.2,15.2,2023-24
1641871,153,Duop Reath,1610612757,POR,68,17.9,3.4,7.3,0.461,1.3,3.6,0.359,1.0,1.4,0.742,1.4,2.3,3.7,1.0,0.5,0.6,0.8,9.1,9.7,2023-24
1630573,154,Sam Hauser,1610612738,BOS,79,22.0,3.2,7.1,0.446,2.5,5.9,0.424,0.2,0.2,0.895,0.6,2.9,3.5,1.0,0.5,0.3,0.4,9.0,10.0,2023-24
1627752,155,Taurean Prince,1610612747,LAL,78,27.0,3.2,7.3,0.442,1.8,4.6,0.396,0.6,0.9,0.735,0.3,2.7,2.9,1.5,0.7,0.4,0.9,8.9,9.3,2023-24
1631133,156,Jabari Walker,1610612757,POR,72,23.6,3.3,7.1,0.46,0.6,1.9,0.295,1.8,2.4,0.754,2.1,5.0,7.1,1.0,0.6,0.3,0.9,8.9,12.5,2023-24
1641709,157,Ausar Thompson,1610612765,DET,63,25.1,3.7,7.6,0.483,0.3,1.8,0.186,1.1,1.9,0.597,2.0,4.3,6.4,1.9,1.1,0.9,1.3,8.8,13.1,2023-24
1629611,158,Terance Mann,1610612746,LAC,75,25.0,3.4,6.6,0.515,0.9,2.7,0.348,1.1,1.3,0.832,1.2,2.2,3.4,1.6,0.6,0.2,0.6,8.8,10.5,2023-24
201143,159,Al Horford,1610612738,BOS,65,26.8,3.3,6.4,0.511,1.7,4.0,0.419,0.4,0.5,0.867,1.3,5.1,6.4,2.6,0.6,1.0,0.7,8.6,15.2,2023-24
1627884,160,Derrick Jones Jr.,1610612742,DAL,76,23.5,3.1,6.5,0.483,1.1,3.1,0.343,1.3,1.8,0.713,1.1,2.2,3.3,1.0,0.7,0.7,0.9,8.6,9.6,2023-24
1627827,161,Dorian Finney-Smith,1610612751,BKN,68,28.5,3.2,7.5,0.421,1.7,4.9,0.348,0.5,0.7,0.717,1.6,3.1,4.7,1.6,0.8,0.6,0.9,8.5,10.7,2023-24
1641711,162,Gradey Dick,1610612761,TOR,60,21.1,3.2,7.4,0.425,1.5,4.0,0.365,0.7,0.9,0.863,0.5,1.8,2.2,1.1,0.6,0.0,0.8,8.5,7.2,2023-24
1641731,163,Bilal Coulibaly,1610612764,WAS,63,27.2,3.0,6.9,0.435,1.0,2.9,0.346,1.5,2.1,0.702,0.9,3.2,4.1,1.7,0.9,0.8,1.4,8.4,10.0,2023-24
203083,164,Andre Drummond,1610612741,CHI,79,17.1,3.4,6.1,0.556,0.0,0.0,0.0,1.6,2.8,0.592,3.4,5.6,9.0,0.5,0.9,0.6,1.0,8.4,14.5,2023-24
1630540,165,Miles McBride,1610612752,NYK,68,19.5,3.0,6.7,0.452,1.6,3.9,0.41,0.6,0.7,0.86,0.5,1.0,1.5,1.7,0.7,0.1,0.4,8.3,8.0,2023-24
1631204,166,Marcus Sasser,1610612765,DET,71,19.0,3.1,7.2,0.428,1.3,3.4,0.375,0.8,0.9,0.879,0.2,1.6,1.8,3.3,0.6,0.2,1.3,8.3,8.6,2023-24
1630198,167,Isaiah Joe,1610612760,OKC,78,18.5,2.8,6.2,0.458,1.9,4.5,0.416,0.6,0.7,0.865,0.4,1.9,2.3,1.3,0.6,0.3,0.6,8.2,8.5,2023-24
200768,168,Kyle Lowry,1610612755,PHI,60,28.2,2.7,6.3,0.432,1.6,4.2,0.392,1.1,1.3,0.84,0.6,2.7,3.2,4.2,1.0,0.4,1.4,8.1,11.7,2023-24
1631117,169,Walker Kessler,1610612762,UTA,64,23.3,3.6,5.5,0.654,0.1,0.3,0.211,0.9,1.5,0.602,2.6,4.9,7.5,0.9,0.5,2.4,1.0,8.1,15.9,2023-24
1630541,170,Moses Moody,1610612744,GSW,66,17.5,2.9,6.4,0.462,1.1,3.0,0.36,1.1,1.4,0.785,1.0,2.0,3.0,0.9,0.6,0.4,0.7,8.1,8.5,2023-24
203967,171,Dario Saric,1610612744,GSW,64,17.2,2.8,6.1,0.466,1.2,3.1,0.376,1.2,1.5,0.849,1.1,3.3,4.4,2.3,0.5,0.2,1.2,8.0,10.7,2023-24
1629638,172,Nickeil Alexander-Walker,1610612750,MIN,82,23.4,2.9,6.6,0.439,1.6,4.1,0.391,0.6,0.8,0.8,0.4,1.6,2.0,2.5,0.8,0.5,0.9,8.0,9.0,2023-24
1630241,173,Sam Merrill,1610612739,CLE,61,17.5,2.6,6.4,0.402,2.3,5.8,0.404,0.4,0.5,0.929,0.4,1.6,2.0,1.8,0.3,0.1,0.3,8.0,7.9,2023-24
1631218,174,Trayce Jackson-Davis,1610612744,GSW,68,16.6,3.4,4.9,0.702,0.0,0.0,0.0,1.1,1.9,0.561,2.0,3.0,5.0,1.2,0.4,1.1,0.7,7.9,12.7,2023-24
1641722,175,Jordan Hawkins,1610612740,NOP,67,17.3,2.6,6.8,0.382,1.6,4.4,0.366,1.0,1.2,0.838,0.4,1.8,2.2,1.0,0.3,0.1,0.6,7.8,6.5,2023-24
1628392,176,Isaiah Hartenstein,1610612752,NYK,75,25.3,3.1,4.9,0.644,0.0,0.0,0.333,1.5,2.1,0.707,3.3,5.1,8.3,2.5,1.2,1.1,1.2,7.8,17.3,2023-24
1626220,177,Royce O'Neale,1610612756,PHX,79,24.7,2.7,6.8,0.397,2.0,5.3,0.37,0.3,0.4,0.686,0.8,4.0,4.8,2.8,0.7,0.6,0.9,7.7,11.4,2023-24
1630173,178,Precious Achiuwa,1610612752,NYK,74,21.9,3.2,6.3,0.501,0.4,1.3,0.268,0.9,1.5,0.616,2.6,4.0,6.6,1.3,0.6,0.9,1.1,7.6,12.2,2023-24
1641739,179,Toumani Camara,1610612757,POR,70,24.8,2.8,6.3,0.45,0.8,2.5,0.337,1.1,1.4,0.758,2.0,2.9,4.9,1.2,0.9,0.5,1.2,7.5,10.1,2023-24
1626166,180,Cameron Payne,1610612755,PHI,78,16.7,2.7,6.2,0.432,1.3,3.4,0.39,0.7,0.9,0.866,0.3,1.2,1.5,2.6,0.5,0.1,0.8,7.4,7.8,2023-24
1631128,181,Christian Braun,1610612743,DEN,82,20.2,2.7,5.9,0.46,0.8,2.0,0.384,1.1,1.6,0.694,1.0,2.8,3.7,1.6,0.5,0.4,0.7,7.3,9.2,2023-24
1630194,181,Paul Reed,1610612755,PHI,82,19.4,3.2,5.9,0.54,0.3,0.7,0.368,0.7,1.0,0.718,2.4,3.6,6.0,1.3,0.8,1.0,0.8,7.3,12.6,2023-24
1630702,183,Jaden Hardy,1610612742,DAL,73,13.5,2.7,6.6,0.407,1.1,3.1,0.362,0.8,1.0,0.776,0.3,1.5,1.8,1.5,0.3,0.1,0.8,7.3,5.9,2023-24
1626168,184,Trey Lyles,1610612758,SAC,58,20.0,2.5,5.5,0.445,1.4,3.8,0.384,0.8,1.2,0.7,1.1,3.4,4.4,1.2,0.3,0.3,0.7,7.2,9.4,2023-24
1630164,185,James Wiseman,1610612765,DET,63,17.3,3.0,4.8,0.613,0.0,0.0,0.0,1.1,1.6,0.706,1.7,3.6,5.3,0.9,0.2,0.6,1.0,7.1,10.7,2023-24
1630230,186,Naji Marshall,1610612740,NOP,66,19.0,2.6,5.6,0.463,0.9,2.3,0.387,1.0,1.3,0.791,0.8,2.8,3.6,1.9,0.7,0.2,1.0,7.1,9.3,2023-24
203995,187,Vasilije Micic,1610612766,CHA,60,19.6,2.7,6.2,0.43,0.7,2.6,0.279,1.0,1.3,0.813,0.2,1.2,1.5,4.4,0.5,0.1,1.7,7.0,8.1,2023-24
1630598,188,Aaron Wiggins,1610612760,OKC,78,15.7,2.7,4.8,0.562,0.8,1.6,0.492,0.7,0.9,0.789,0.8,1.6,2.4,1.1,0.7,0.2,0.7,6.9,8.4,2023-24
1630570,189,Trendon Watford,1610612751,BKN,63,13.6,2.6,4.9,0.527,0.4,1.1,0.397,1.2,1.5,0.794,0.8,2.3,3.1,1.3,0.4,0.3,1.0,6.9,8.2,2023-24
1641717,190,Cason Wallace,1610612760,OKC,82,20.6,2.6,5.4,0.491,1.2,2.9,0.419,0.4,0.5,0.784,0.6,1.6,2.3,1.5,0.9,0.5,0.5,6.8,8.6,2023-24
1630577,191,Julian Champagnie,1610612759,SAS,74,19.8,2.2,5.4,0.408,1.4,3.7,0.365,1.0,1.2,0.815,0.6,2.2,2.8,1.4,0.6,0.6,0.8,6.8,8.0,2023-24
1630549,192,Day'Ron Sharpe,1610612751,BKN,61,15.1,2.8,4.8,0.571,0.1,0.2,0.267,1.2,2.0,0.61,2.6,3.7,6.4,1.4,0.4,0.7,1.1,6.8,11.7,2023-24
1626224,193,Cedi Osman,1610612759,SAS,72,17.6,2.6,5.3,0.479,1.2,3.1,0.389,0.5,0.7,0.673,0.3,2.2,2.5,1.7,0.5,0.2,0.7,6.8,7.9,2023-24
1628371,194,Jonathan Isaac,1610612753,ORL,58,15.8,2.5,4.9,0.51,0.7,1.9,0.375,1.0,1.4,0.72,1.3,3.2,4.5,0.5,0.7,1.2,0.5,6.8,10.4,2023-24
1631212,195,Peyton Watson,1610612743,DEN,80,18.6,2.6,5.6,0.465,0.6,1.9,0.296,0.9,1.3,0.67,0.7,2.5,3.2,1.1,0.5,1.1,0.7,6.7,8.4,2023-24
1629599,196,Amir Coffey,1610612746,LAC,70,20.9,2.4,5.0,0.472,1.0,2.6,0.38,0.9,1.0,0.859,0.4,1.7,2.1,1.1,0.6,0.2,0.5,6.6,7.3,2023-24
1628988,197,Aaron Holiday,1610612745,HOU,78,16.3,2.4,5.3,0.446,1.1,2.8,0.387,0.7,0.8,0.921,0.3,1.3,1.6,1.8,0.5,0.1,0.7,6.6,6.9,2023-24
1631223,198,David Roddy,1610612756,PHX,65,18.1,2.5,6.3,0.403,0.7,2.5,0.293,0.7,1.0,0.691,0.8,2.4,3.2,1.2,0.4,0.2,0.9,6.5,6.6,2023-24
201145,199,Jeff Green,1610612745,HOU,78,16.8,2.1,4.7,0.456,0.7,2.1,0.331,1.6,1.9,0.819,0.6,1.7,2.3,0.9,0.2,0.4,0.6,6.5,6.8,2023-24
203937,200,Kyle Anderson,1610612750,MIN,79,22.6,2.5,5.5,0.46,0.1,0.6,0.229,1.2,1.7,0.708,0.8,2.7,3.5,4.2,0.9,0.6,1.2,6.4,10.9,2023-24
1630543,201,Isaiah Jackson,1610612754,IND,60,12.9,2.6,3.9,0.665,0.0,0.1,0.0,1.2,1.7,0.716,1.6,2.4,4.0,0.8,0.6,1.0,0.7,6.4,10.3,2023-24
1628464,202,Daniel Theis,1610612746,LAC,60,16.9,2.6,4.9,0.532,0.4,1.2,0.366,0.6,0.8,0.76,1.4,2.7,4.1,1.0,0.4,0.9,0.7,6.3,9.4,2023-24
201976,203,Patrick Beverley,1610612749,MIL,73,20.0,2.2,5.2,0.417,0.8,2.5,0.337,1.0,1.2,0.822,0.7,2.6,3.3,2.9,0.6,0.4,0.9,6.2,9.2,2023-24
1629312,204,Haywood Highsmith,1610612748,MIA,66,20.7,2.3,5.0,0.465,1.2,2.9,0.396,0.3,0.5,0.639,1.0,2.2,3.2,1.1,0.8,0.5,0.5,6.1,8.3,2023-24
1631200,205,Kris Murray,1610612757,POR,62,21.7,2.3,5.9,0.396,0.8,3.0,0.268,0.6,0.9,0.661,1.4,2.2,3.6,1.3,0.9,0.3,0.9,6.1,7.4,2023-24
1630534,206,Ochai Agbaji,1610612761,TOR,78,21.1,2.3,5.6,0.411,0.8,2.7,0.294,0.5,0.7,0.661,0.9,1.8,2.8,1.1,0.6,0.6,0.8,5.8,6.5,2023-24
1630700,207,Dyson Daniels,1610612740,NOP,61,22.3,2.3,5.1,0.447,0.7,2.2,0.311,0.6,0.9,0.642,1.0,2.9,3.9,2.7,1.4,0.4,1.0,5.8,10.1,2023-24
1626204,208,Larry Nance Jr.,1610612740,NOP,61,19.9,2.3,4.0,0.573,0.4,1.1,0.415,0.8,1.0,0.77,1.5,3.5,5.0,1.9,1.0,0.3,0.8,5.7,11.2,2023-24
1626192,209,Pat Connaughton,1610612749,MIL,76,22.1,2.0,4.6,0.435,1.1,3.1,0.345,0.6,0.8,0.759,0.7,2.5,3.1,2.1,0.5,0.3,0.6,5.6,8.3,2023-24
1630201,210,Malachi Flynn,1610612765,DET,69,12.7,2.0,4.7,0.418,0.8,2.4,0.331,0.8,1.0,0.732,0.3,1.3,1.7,1.9,0.6,0.1,0.9,5.5,5.8,2023-24
203926,211,Doug McDermott,1610612754,IND,64,14.1,1.9,4.4,0.433,1.5,3.6,0.41,0.2,0.3,0.579,0.2,0.8,0.9,1.1,0.3,0.0,0.4,5.5,4.7,2023-24
1629680,212,Matisse Thybulle,1610612757,POR,65,22.9,1.9,4.9,0.397,1.2,3.6,0.346,0.3,0.4,0.759,0.5,1.6,2.1,1.4,1.7,0.8,0.6,5.4,7.8,2023-24
1627739,213,Kris Dunn,1610612762,UTA,66,18.9,2.2,4.7,0.47,0.6,1.7,0.369,0.3,0.5,0.688,0.8,2.1,2.9,3.8,1.0,0.4,1.2,5.4,9.7,2023-24
201587,214,Nicolas Batum,1610612755,PHI,60,25.5,1.9,4.3,0.453,1.2,3.1,0.395,0.3,0.4,0.714,1.2,3.0,4.1,2.1,0.8,0.6,0.7,5.3,9.9,2023-24
1628436,215,Luke Kornet,1610612738,BOS,63,15.6,2.3,3.2,0.7,0.0,0.0,1.0,0.8,0.9,0.907,1.9,2.3,4.1,1.1,0.4,1.0,0.3,5.3,10.5,2023-24
1630558,216,Davion Mitchell,1610612758,SAC,72,15.3,2.0,4.5,0.452,0.8,2.2,0.361,0.4,0.6,0.714,0.3,1.1,1.3,1.9,0.2,0.0,0.6,5.3,5.5,2023-24
1631121,217,Bryce McGowens,1610612766,CHA,59,14.9,1.7,3.9,0.439,0.6,1.7,0.333,1.1,1.4,0.776,0.3,1.4,1.7,0.9,0.4,0.2,0.5,5.1,5.2,2023-24
1629234,218,Drew Eubanks,1610612756,PHX,75,15.6,2.0,3.4,0.601,0.0,0.0,1.0,1.0,1.2,0.774,1.4,2.9,4.3,0.8,0.4,0.8,0.8,5.1,8.9,2023-24
1629048,219,Goga Bitadze,1610612753,ORL,62,15.4,2.0,3.4,0.603,0.0,0.2,0.143,0.9,1.4,0.655,1.8,2.9,4.6,1.3,0.5,1.2,0.7,5.0,10.0,2023-24
1628975,220,Jevon Carter,1610612741,CHI,72,13.9,1.9,5.1,0.378,1.1,3.3,0.329,0.1,0.1,0.571,0.2,0.7,0.8,1.3,0.5,0.2,0.5,5.0,4.1,2023-24
1629726,221,Garrison Mathews,1610612737,ATL,66,15.0,1.6,3.4,0.456,1.3,2.9,0.44,0.5,0.6,0.81,0.3,1.1,1.4,0.6,0.3,0.1,0.3,4.9,5.0,2023-24
1629026,222,Kenrich Williams,1610612760,OKC,69,14.9,1.9,4.1,0.468,0.8,2.0,0.397,0.1,0.2,0.5,0.9,2.1,3.0,1.3,0.6,0.1,0.5,4.7,7.0,2023-24
1629006,223,Josh Okogie,1610612756,PHX,60,16.0,1.4,3.4,0.417,0.5,1.6,0.309,1.3,1.7,0.745,1.2,1.3,2.6,1.1,0.8,0.4,0.6,4.6,6.4,2023-24
1641710,224,Anthony Black,1610612753,ORL,69,16.9,1.7,3.6,0.466,0.5,1.4,0.394,0.7,1.2,0.613,0.5,1.5,2.0,1.3,0.5,0.3,0.8,4.6,5.6,2023-24
1626172,225,Kevon Looney,1610612744,GSW,74,16.1,1.9,3.1,0.597,0.0,0.0,0.0,0.8,1.1,0.675,1.9,3.7,5.7,1.8,0.4,0.4,0.7,4.5,10.4,2023-24
1631104,226,Blake Wesley,1610612759,SAS,61,14.4,1.7,3.5,0.474,0.2,0.9,0.218,0.9,1.3,0.667,0.3,1.2,1.5,2.7,0.5,0.1,0.9,4.4,6.1,2023-24
204060,227,Joe Ingles,1610612753,ORL,68,17.2,1.5,3.3,0.436,1.0,2.4,0.435,0.4,0.5,0.824,0.3,1.8,2.1,3.0,0.6,0.1,1.0,4.4,7.2,2023-24
1629637,228,Jaxson Hayes,1610612747,LAL,70,12.5,1.8,2.5,0.72,0.0,0.1,0.0,0.7,1.2,0.622,1.0,2.0,3.0,0.5,0.5,0.4,0.6,4.3,7.0,2023-24
1631216,229,Caleb Houstan,1610612753,ORL,59,13.8,1.4,3.5,0.388,1.2,3.3,0.373,0.4,0.4,0.808,0.5,0.9,1.4,0.5,0.3,0.1,0.3,4.3,4.0,2023-24
1631108,230,Max Christie,1610612747,LAL,67,14.1,1.5,3.6,0.427,0.6,1.8,0.356,0.5,0.7,0.783,0.2,1.9,2.1,0.9,0.3,0.3,0.5,4.2,5.1,2023-24
1628972,231,Troy Brown Jr.,1610612765,DET,59,14.0,1.4,3.8,0.372,0.8,2.4,0.333,0.5,0.6,0.865,0.4,2.0,2.4,1.0,0.4,0.1,0.5,4.2,5.1,2023-24
1630256,232,Jae'Sean Tate,1610612745,HOU,65,15.9,1.7,3.5,0.472,0.4,1.2,0.299,0.4,0.6,0.667,0.9,2.1,3.0,1.0,0.6,0.2,0.6,4.1,6.3,2023-24
203200,233,Justin Holiday,1610612743,DEN,58,14.9,1.5,3.3,0.454,0.9,2.3,0.404,0.1,0.1,0.75,0.2,1.1,1.2,1.2,0.6,0.2,0.2,4.0,5.1,2023-24
1631119,234,Jaylin Williams,1610612760,OKC,69,13.0,1.4,3.3,0.417,0.8,2.1,0.368,0.5,0.6,0.805,0.5,2.9,3.4,1.6,0.4,0.4,0.5,4.0,7.2,2023-24
1630537,235,Chris Duarte,1610612758,SAC,59,12.2,1.4,3.6,0.381,0.7,2.2,0.346,0.4,0.6,0.788,0.4,1.4,1.8,0.7,0.5,0.1,0.4,3.9,4.3,2023-24
1630231,236,KJ Martin,1610612755,PHI,60,12.5,1.6,3.0,0.536,0.1,0.5,0.286,0.4,0.7,0.537,0.7,1.5,2.2,0.9,0.4,0.2,0.5,3.7,5.1,2023-24
203939,237,Dwight Powell,1610612742,DAL,63,13.3,1.1,1.7,0.679,0.0,0.0,0.333,1.0,1.4,0.708,1.5,1.9,3.4,1.3,0.4,0.3,0.5,3.3,7.3,2023-24
1630192,238,Zeke Nnaji,1610612743,DEN,58,9.9,1.2,2.6,0.463,0.1,0.4,0.261,0.7,1.1,0.677,1.1,1.1,2.2,0.6,0.3,0.7,0.5,3.2,4.7,2023-24
1630550,239,JT Thor,1610612766,CHA,63,12.4,1.3,2.9,0.437,0.4,1.3,0.346,0.2,0.3,0.55,0.7,1.6,2.3,0.5,0.2,0.4,0.2,3.2,4.5,2023-24
1631207,240,Dalen Terry,1610612741,CHI,59,11.5,1.2,2.7,0.439,0.3,1.3,0.23,0.4,0.7,0.581,0.5,1.4,1.9,1.4,0.5,0.3,0.5,3.1,4.8,2023-24
1628983,1,Shai Gilgeous-Alexander,1610612760,OKC,76,34.2,11.3,21.8,0.519,2.1,5.7,0.375,7.9,8.8,0.898,0.9,4.1,5.0,6.4,1.7,1.0,2.4,32.7,33.0,2024-25
203507,2,Giannis Antetokounmpo,1610612749,MIL,67,34.2,11.8,19.7,0.601,0.2,0.9,0.222,6.5,10.6,0.617,2.2,9.7,11.9,6.5,0.9,1.2,3.1,30.4,35.8,2024-25
203999,3,Nikola Jokić,1610612743,DEN,70,36.7,11.2,19.5,0.576,2.0,4.7,0.417,5.2,6.4,0.8,2.9,9.9,12.7,10.2,1.8,0.6,3.3,29.6,42.2,2024-25
1630162,4,Anthony Edwards,1610612750,MIN,79,36.3,9.1,20.4,0.447,4.1,10.3,0.395,5.3,6.3,0.837,0.8,4.9,5.7,4.5,1.2,0.6,3.2,27.6,24.1,2024-25
1628369,5,Jayson Tatum,1610612738,BOS,72,36.4,9.2,20.3,0.452,3.5,10.1,0.343,5.0,6.1,0.814,0.7,8.0,8.7,6.0,1.1,0.5,2.9,26.8,27.9,2024-25
201142,6,Kevin Durant,1610612756,PHX,62,36.5,9.5,18.1,0.527,2.6,6.0,0.43,4.9,5.8,0.839,0.4,5.7,6.0,4.2,0.8,1.2,3.1,26.6,26.3,2024-25
1630595,7,Cade Cunningham,1610612765,DET,70,35.0,9.8,20.8,0.469,2.1,6.0,0.356,4.5,5.3,0.846,0.8,5.3,6.1,9.1,1.0,0.8,4.4,26.1,26.8,2024-25
1628973,8,Jalen Brunson,1610612752,NYK,65,35.4,9.0,18.5,0.488,2.3,6.1,0.383,5.7,6.9,0.821,0.4,2.5,2.9,7.3,0.9,0.1,2.5,26.0,24.0,2024-25
1626164,9,Devin Booker,1610612756,PHX,75,37.3,8.7,18.9,0.461,2.4,7.3,0.332,5.8,6.4,0.894,1.0,3.1,4.1,7.1,0.9,0.2,2.9,25.6,24.0,2024-25
203081,10,Damian Lillard,1610612749,MIL,58,36.1,7.7,17.1,0.448,3.4,9.0,0.376,6.2,6.8,0.921,0.5,4.2,4.7,7.1,1.2,0.2,2.8,24.9,25.3,2024-25
201939,11,Stephen Curry,1610612744,GSW,70,32.2,8.1,18.0,0.448,4.4,11.2,0.397,4.0,4.3,0.933,0.6,3.9,4.4,6.0,1.1,0.4,2.9,24.5,23.5,2024-25
1626157,12,Karl-Anthony Towns,1610612752,NYK,72,35.0,8.9,16.9,0.526,2.0,4.7,0.42,4.7,5.7,0.829,2.9,9.8,12.8,3.1,1.0,0.7,2.7,24.4,30.3,2024-25
2544,13,LeBron James,1610612747,LAL,70,34.9,9.3,18.1,0.513,2.1,5.7,0.376,3.7,4.7,0.782,1.0,6.8,7.8,8.2,1.0,0.6,3.7,24.4,28.4,2024-25
1629027,14,Trae Young,1610612737,ATL,76,36.0,7.4,18.1,0.411,2.9,8.4,0.34,6.5,7.4,0.875,0.5,2.6,3.1,11.6,1.2,0.2,4.7,24.2,24.0,2024-25
1630532,15,Franz Wagner,1610612753,ORL,60,33.7,9.0,19.4,0.463,1.7,5.9,0.295,4.5,5.2,0.871,0.9,4.8,5.7,4.7,1.3,0.4,2.3,24.2,22.8,2024-25
1628378,16,Donovan Mitchell,1610612739,CLE,71,31.4,8.2,18.6,0.443,3.3,8.9,0.368,4.2,5.1,0.823,0.8,3.7,4.5,5.0,1.3,0.2,2.1,24.0,21.7,2024-25
1629639,17,Tyler Herro,1610612748,MIA,77,35.4,8.5,17.9,0.472,3.3,8.7,0.375,3.7,4.2,0.878,0.5,4.7,5.2,5.5,0.9,0.2,2.6,23.9,23.2,2024-25
1628368,18,De'Aaron Fox,1610612759,SAS,62,36.1,8.7,18.8,0.463,1.9,6.1,0.31,4.2,5.1,0.827,0.9,3.9,4.8,6.3,1.5,0.4,2.8,23.5,22.8,2024-25
203897,19,Zach LaVine,1610612758,SAC,74,35.2,8.4,16.5,0.511,3.2,7.2,0.446,3.2,3.9,0.825,0.3,4.0,4.3,4.2,0.8,0.2,2.8,23.3,21.1,2024-25
201935,20,James Harden,1610612746,LAC,79,35.3,6.7,16.4,0.41,3.0,8.5,0.352,6.4,7.3,0.874,0.7,5.1,5.8,8.7,1.5,0.7,4.3,22.8,24.6,2024-25
201942,21,DeMar DeRozan,1610612758,SAC,77,35.9,8.1,17.0,0.477,1.1,3.3,0.328,4.9,5.7,0.857,0.6,3.2,3.9,4.4,0.8,0.4,1.4,22.2,20.7,2024-25
1627759,22,Jaylen Brown,1610612738,BOS,63,34.3,8.2,17.7,0.463,1.8,5.7,0.324,3.9,5.1,0.764,1.3,4.5,5.8,4.5,1.2,0.3,2.6,22.2,20.7,2024-25
1628991,23,Jaren Jackson Jr.,1610612763,MEM,74,29.8,8.0,16.4,0.488,2.0,5.3,0.375,4.2,5.4,0.781,1.2,4.4,5.6,2.0,1.2,1.5,2.1,22.2,20.9,2024-25
1626181,24,Norman Powell,1610612746,LAC,60,32.6,7.6,15.8,0.484,3.0,7.1,0.418,3.6,4.4,0.804,0.4,2.8,3.2,2.1,1.2,0.2,1.8,21.8,17.6,2024-25
1631114,25,Jalen Williams,1610612760,OKC,69,32.4,8.2,16.9,0.484,1.8,4.9,0.365,3.4,4.3,0.789,0.9,4.5,5.3,5.1,1.6,0.7,2.2,21.6,22.5,2024-25
1627750,26,Jamal Murray,1610612743,DEN,67,36.1,7.9,16.7,0.474,2.3,5.9,0.393,3.3,3.7,0.886,0.7,3.2,3.9,6.0,1.4,0.5,2.1,21.4,21.9,2024-25
1629628,27,RJ Barrett,1610612761,TOR,58,32.2,7.9,16.9,0.468,1.8,5.3,0.35,3.4,5.4,0.63,1.1,5.3,6.3,5.4,0.8,0.3,2.9,21.1,20.1,2024-25
1630224,28,Jalen Green,1610612745,HOU,82,32.9,7.4,17.5,0.423,2.9,8.1,0.354,3.3,4.1,0.813,0.5,4.0,4.6,3.4,0.9,0.3,2.5,21.0,16.9,2024-25
1629636,29,Darius Garland,1610612739,CLE,75,30.7,7.4,15.7,0.472,2.8,7.1,0.401,3.0,3.4,0.878,0.6,2.2,2.9,6.7,1.2,0.1,2.5,20.6,20.3,2024-25
1629673,30,Jordan Poole,1610612764,WAS,68,29.4,6.7,15.5,0.432,3.5,9.1,0.378,3.6,4.0,0.883,0.5,2.5,3.0,4.5,1.3,0.4,3.0,20.5,17.3,2024-25
1629632,31,Coby White,1610612741,CHI,74,33.1,6.9,15.1,0.453,2.9,7.9,0.37,3.7,4.1,0.902,0.3,3.4,3.7,4.5,0.9,0.2,2.4,20.4,18.6,2024-25
1628970,32,Miles Bridges,1610612766,CHA,64,31.7,7.3,17.0,0.431,2.2,7.0,0.313,3.5,4.0,0.87,1.1,6.4,7.5,3.9,0.7,0.7,2.1,20.3,20.8,2024-25
1627783,33,Pascal Siakam,1610612754,IND,78,32.7,7.9,15.2,0.519,1.6,4.2,0.389,2.9,3.9,0.734,1.7,5.2,6.9,3.4,0.9,0.5,1.4,20.2,22.2,2024-25
1630559,34,Austin Reaves,1610612747,LAL,73,34.9,6.5,14.2,0.46,2.7,7.3,0.377,4.4,5.0,0.877,0.8,3.7,4.5,5.8,1.1,0.3,2.4,20.2,21.2,2024-25
1630567,35,Scottie Barnes,1610612761,TOR,65,32.8,7.3,16.4,0.446,1.2,4.3,0.271,3.5,4.6,0.755,1.7,6.0,7.7,5.8,1.4,1.0,2.8,19.3,22.2,2024-25
1629014,36,Anfernee Simons,1610612757,POR,70,32.7,6.8,16.1,0.426,3.1,8.5,0.363,2.5,2.8,0.902,0.4,2.3,2.7,4.8,0.9,0.1,2.0,19.3,16.2,2024-25
1630217,37,Desmond Bane,1610612753,ORL,69,32.0,7.1,14.8,0.484,2.4,6.1,0.392,2.6,2.9,0.894,0.9,5.2,6.1,5.3,1.2,0.4,2.4,19.2,21.8,2024-25
1627734,38,Domantas Sabonis,1610612758,SAC,70,34.7,7.5,12.8,0.59,0.9,2.2,0.417,3.1,4.1,0.754,3.8,10.1,13.9,6.0,0.7,0.4,2.9,19.1,31.0,2024-25
1630578,39,Alperen Sengun,1610612745,HOU,76,31.5,7.5,15.0,0.496,0.3,1.2,0.233,3.9,5.6,0.692,3.4,6.9,10.3,4.9,1.1,0.8,2.6,19.1,24.4,2024-25
203944,40,Julius Randle,1610612750,MIN,69,32.3,6.6,13.6,0.485,1.6,4.6,0.344,3.9,4.9,0.806,2.1,5.0,7.1,4.7,0.7,0.2,2.8,18.7,20.5,2024-25
1630169,41,Tyrese Haliburton,1610612754,IND,73,33.6,6.5,13.8,0.473,3.0,7.7,0.388,2.6,3.0,0.851,0.6,3.0,3.5,9.2,1.4,0.7,1.6,18.6,24.1,2024-25
1631101,42,Shaedon Sharpe,1610612757,POR,72,31.3,6.9,15.3,0.452,2.0,6.6,0.311,2.6,3.4,0.785,0.9,3.6,4.5,2.8,0.9,0.2,2.1,18.5,15.7,2024-25
1630596,43,Evan Mobley,1610612739,CLE,71,30.5,7.1,12.8,0.557,1.2,3.2,0.37,3.1,4.3,0.725,2.3,7.0,9.3,3.2,0.9,1.6,2.0,18.5,24.6,2024-25
202696,44,Nikola Vučević,1610612741,CHI,73,31.2,7.5,14.2,0.53,1.8,4.4,0.402,1.6,2.0,0.805,2.4,7.6,10.1,3.5,0.8,0.7,1.6,18.5,24.9,2024-25
1629012,45,Collin Sexton,1610612762,UTA,63,27.9,6.6,13.8,0.48,1.7,4.3,0.406,3.4,4.0,0.865,1.0,1.8,2.7,4.2,0.7,0.1,2.5,18.4,15.9,2024-25
1629008,46,Michael Porter Jr.,1610612743,DEN,77,33.7,6.9,13.6,0.504,2.5,6.4,0.395,1.9,2.5,0.768,1.8,5.2,7.0,2.1,0.6,0.5,1.4,18.2,19.8,2024-25
1628389,47,Bam Adebayo,1610612748,MIA,78,34.3,6.9,14.3,0.485,1.0,2.8,0.357,3.2,4.2,0.765,2.4,7.2,9.6,4.3,1.3,0.7,2.1,18.1,23.5,2024-25
1628384,48,OG Anunoby,1610612752,NYK,74,36.6,6.6,13.9,0.476,2.3,6.2,0.372,2.5,3.1,0.81,1.3,3.5,4.8,2.2,1.5,0.9,1.4,18.0,18.2,2024-25
203952,49,Andrew Wiggins,1610612748,MIA,60,30.7,6.3,14.0,0.448,2.2,5.8,0.374,3.3,4.3,0.763,1.5,3.0,4.5,2.6,1.0,0.8,1.7,18.0,16.5,2024-25
1628969,50,Mikal Bridges,1610612752,NYK,82,37.0,7.2,14.4,0.5,2.0,5.6,0.354,1.2,1.4,0.814,0.9,2.3,3.2,3.7,0.9,0.5,1.6,17.6,16.9,2024-25
1628370,51,Malik Monk,1610612758,SAC,65,31.6,6.3,14.4,0.439,2.1,6.6,0.325,2.4,2.7,0.865,0.5,3.3,3.8,5.6,0.9,0.6,2.4,17.2,17.1,2024-25
1629631,52,De'Andre Hunter,1610612739,CLE,64,27.2,5.6,11.9,0.47,2.5,6.1,0.405,3.4,4.0,0.846,0.7,3.3,4.0,1.4,0.8,0.2,1.3,17.0,15.3,2024-25
1630166,53,Deni Avdija,1610612757,POR,72,30.0,5.6,11.7,0.476,1.7,4.8,0.365,4.0,5.2,0.78,1.5,5.7,7.3,3.9,1.0,0.5,2.7,16.9,19.6,2024-25
1641718,54,Keyonte George,1610612762,UTA,67,31.5,5.4,13.7,0.391,2.6,7.6,0.343,3.5,4.3,0.818,0.4,3.4,3.8,5.6,0.7,0.1,2.7,16.8,15.1,2024-25
1627826,55,Ivica Zubac,1610612746,LAC,80,32.8,7.4,11.8,0.628,0.0,0.0,0.0,2.0,3.0,0.661,3.8,8.9,12.6,2.7,0.7,1.1,1.6,16.8,26.9,2024-25
1628401,56,Derrick White,1610612738,BOS,76,33.9,5.6,12.6,0.442,3.5,9.1,0.384,1.8,2.1,0.839,0.9,3.6,4.5,4.8,0.9,1.1,1.7,16.4,18.6,2024-25
1627736,57,Malik Beasley,1610612765,DET,82,27.8,5.6,13.1,0.43,3.9,9.3,0.416,1.2,1.7,0.679,0.6,2.0,2.6,1.7,0.9,0.1,1.0,16.3,12.5,2024-25
1630170,58,Devin Vassell,1610612759,SAS,64,31.0,6.2,13.9,0.443,2.5,6.7,0.368,1.5,1.9,0.792,0.5,3.5,4.0,2.9,1.3,0.5,1.4,16.3,15.4,2024-25
1631097,59,Bennedict Mathurin,1610612754,IND,72,29.8,5.4,11.8,0.458,1.4,4.0,0.34,3.8,4.6,0.831,1.2,4.1,5.3,1.9,0.7,0.3,1.9,16.1,15.2,2024-25
1626167,60,Myles Turner,1610612754,IND,72,30.2,5.4,11.3,0.481,2.2,5.5,0.396,2.6,3.3,0.773,1.3,5.3,6.5,1.5,0.8,2.0,1.7,15.6,18.1,2024-25
1631128,61,Christian Braun,1610612743,DEN,79,33.9,6.0,10.4,0.58,1.1,2.8,0.397,2.2,2.7,0.827,1.2,3.9,5.2,2.6,1.1,0.5,1.0,15.4,18.9,2024-25
1626162,62,Kelly Oubre Jr.,1610612755,PHI,60,34.6,5.8,12.4,0.47,1.2,4.0,0.293,2.3,3.1,0.751,1.6,4.5,6.1,1.8,1.5,0.5,1.3,15.1,16.4,2024-25
1628398,63,Kyle Kuzma,1610612749,MIL,65,29.8,5.7,13.0,0.436,1.5,4.8,0.307,2.0,3.1,0.634,0.8,4.9,5.7,2.3,0.6,0.3,2.2,14.8,13.0,2024-25
1642264,64,Stephon Castle,1610612759,SAS,81,26.7,5.2,12.2,0.428,1.2,4.1,0.285,3.1,4.2,0.724,1.1,2.6,3.7,4.1,0.9,0.3,2.2,14.7,13.3,2024-25
1630581,65,Josh Giddey,1610612741,CHI,70,30.2,5.3,11.4,0.465,1.5,4.0,0.378,2.5,3.2,0.781,1.8,6.3,8.1,7.2,1.2,0.6,2.9,14.6,22.0,2024-25
1629656,66,Quentin Grimes,1610612755,PHI,75,26.8,5.1,11.0,0.467,2.2,5.6,0.385,2.2,2.9,0.757,0.8,3.5,4.3,3.0,1.0,0.3,1.9,14.6,14.8,2024-25
1630202,67,Payton Pritchard,1610612738,BOS,80,28.4,5.1,10.8,0.472,3.2,7.8,0.407,0.9,1.1,0.845,1.3,2.6,3.8,3.5,0.9,0.2,1.0,14.3,15.8,2024-25
1629675,68,Naz Reid,1610612750,MIN,80,27.5,5.3,11.5,0.462,2.2,5.8,0.379,1.4,1.8,0.776,1.2,4.9,6.0,2.3,0.7,0.9,1.4,14.2,16.2,2024-25
1630700,69,Dyson Daniels,1610612737,ATL,76,33.8,6.0,12.1,0.493,1.1,3.1,0.34,1.1,1.8,0.593,1.6,4.3,5.9,4.4,3.0,0.7,2.0,14.1,19.2,2024-25
1627832,70,Fred VanVleet,1610612745,HOU,60,35.2,4.8,12.7,0.378,2.7,7.7,0.345,1.9,2.3,0.81,0.5,3.2,3.7,5.6,1.6,0.4,1.5,14.1,15.5,2024-25
1641708,71,Amen Thompson,1610612745,HOU,69,32.2,5.6,10.1,0.557,0.4,1.3,0.275,2.4,3.6,0.684,2.8,5.4,8.2,3.8,1.4,1.3,2.0,14.1,21.2,2024-25
1628415,72,Dillon Brooks,1610612745,HOU,75,31.8,5.1,11.9,0.429,2.5,6.3,0.397,1.3,1.6,0.818,1.0,2.7,3.7,1.7,0.8,0.2,1.0,14.0,12.3,2024-25
202691,73,Klay Thompson,1610612742,DAL,72,27.3,5.0,12.2,0.412,3.0,7.7,0.391,0.9,1.0,0.905,0.6,2.8,3.4,2.0,0.7,0.4,1.2,14.0,12.0,2024-25
202699,74,Tobias Harris,1610612765,DET,73,31.6,5.3,11.0,0.477,1.2,3.6,0.345,2.0,2.3,0.861,0.9,5.0,5.9,2.2,1.0,0.8,1.2,13.7,16.4,2024-25
1628404,75,Josh Hart,1610612752,NYK,77,37.6,5.2,10.0,0.525,1.1,3.3,0.333,2.1,2.7,0.776,2.1,7.5,9.6,5.9,1.5,0.4,2.1,13.6,23.6,2024-25
1628386,76,Jarrett Allen,1610612739,CLE,82,28.0,5.5,7.8,0.706,0.0,0.1,0.0,2.4,3.4,0.718,2.6,7.1,9.7,1.9,0.9,0.9,1.2,13.5,22.5,2024-25
1630168,77,Onyeka Okongwu,1610612737,ATL,74,27.9,5.2,9.2,0.567,0.6,2.0,0.324,2.2,2.9,0.759,3.0,5.9,8.9,2.3,0.9,0.9,1.2,13.4,20.5,2024-25
201566,78,Russell Westbrook,1610612743,DEN,75,27.9,5.0,11.1,0.449,1.3,3.9,0.323,2.1,3.1,0.661,1.4,3.6,4.9,6.1,1.4,0.5,3.2,13.3,15.8,2024-25
1630230,79,Naji Marshall,1610612742,DAL,69,27.8,5.2,10.3,0.508,0.9,3.2,0.275,1.9,2.3,0.813,1.1,3.7,4.8,3.0,1.0,0.2,1.6,13.2,15.1,2024-25
1629060,80,Rui Hachimura,1610612747,LAL,59,31.7,5.0,9.8,0.509,1.7,4.2,0.413,1.5,1.9,0.77,1.3,3.7,5.0,1.4,0.8,0.4,0.8,13.1,14.7,2024-25
203471,81,Dennis Schröder,1610612765,DET,75,28.1,4.5,11.0,0.406,1.7,4.9,0.342,2.4,2.9,0.838,0.4,2.3,2.6,5.4,0.9,0.2,1.9,13.1,13.2,2024-25
201572,82,Brook Lopez,1610612749,MIL,80,31.8,4.9,9.7,0.509,1.7,4.7,0.373,1.4,1.7,0.826,1.4,3.6,5.0,1.8,0.6,1.9,1.1,13.0,16.2,2024-25
1642259,83,Alex Sarr,1610612764,WAS,67,27.1,4.9,12.4,0.394,1.6,5.1,0.308,1.7,2.5,0.679,1.9,4.6,6.5,2.4,0.7,1.5,1.7,13.0,14.0,2024-25
1629640,84,Keldon Johnson,1610612759,SAS,77,23.9,4.8,10.0,0.482,1.1,3.6,0.318,1.9,2.5,0.773,1.5,3.4,4.8,1.6,0.6,0.3,1.0,12.7,13.3,2024-25
1630703,85,Scoot Henderson,1610612757,POR,66,26.7,4.3,10.4,0.419,1.6,4.5,0.354,2.4,3.1,0.767,0.8,2.2,3.0,5.1,1.0,0.2,2.7,12.7,12.5,2024-25
1626156,86,D'Angelo Russell,1610612751,BKN,58,25.5,4.3,11.0,0.39,1.9,6.2,0.314,2.1,2.5,0.834,0.3,2.4,2.8,5.1,1.0,0.4,1.9,12.6,12.9,2024-25
1642258,87,Zaccharie Risacher,1610612737,ATL,75,24.6,4.8,10.4,0.458,1.6,4.6,0.355,1.4,2.0,0.711,1.1,2.4,3.6,1.2,0.7,0.5,1.2,12.6,11.1,2024-25
1629660,88,Ty Jerome,1610612739,CLE,70,19.9,4.6,8.8,0.516,1.6,3.6,0.439,1.8,2.1,0.872,0.7,1.8,2.5,3.4,1.1,0.0,1.3,12.5,13.7,2024-25
1630583,89,Santi Aldama,1610612763,MEM,65,25.5,4.8,10.0,0.483,1.8,5.0,0.368,1.0,1.4,0.691,1.4,5.0,6.4,2.9,0.8,0.4,1.1,12.5,16.3,2024-25
1631099,90,Keegan Murray,1610612758,SAC,76,34.3,4.8,10.8,0.444,2.0,5.9,0.343,0.8,0.9,0.833,1.9,4.8,6.7,1.4,0.8,0.9,0.8,12.4,15.3,2024-25
203084,91,Harrison Barnes,1610612759,SAS,82,27.2,4.2,8.3,0.508,1.9,4.4,0.433,2.0,2.4,0.809,1.2,2.6,3.8,1.7,0.5,0.2,0.6,12.3,13.2,2024-25
1641731,92,Bilal Coulibaly,1610612764,WAS,59,33.0,4.5,10.6,0.421,1.1,3.8,0.281,2.3,3.1,0.746,1.5,3.4,5.0,3.4,1.3,0.7,2.1,12.3,13.7,2024-25
1630183,93,Jaden McDaniels,1610612750,MIN,82,31.9,4.9,10.2,0.477,1.2,3.7,0.33,1.3,1.6,0.813,1.6,4.2,5.7,2.0,1.3,0.9,1.2,12.2,15.4,2024-25
1627747,94,Caris LeVert,1610612737,ATL,64,24.9,4.4,9.4,0.467,1.7,4.4,0.373,1.7,2.4,0.71,0.6,2.5,3.2,3.4,0.9,0.5,1.2,12.1,13.2,2024-25
203497,95,Rudy Gobert,1610612750,MIN,72,33.2,4.7,7.1,0.669,0.0,0.0,0.0,2.6,3.8,0.674,3.7,7.2,10.9,1.8,0.8,1.4,1.2,12.0,22.1,2024-25
1630598,96,Aaron Wiggins,1610612760,OKC,76,22.9,4.7,9.6,0.488,1.7,4.5,0.383,1.0,1.2,0.831,1.1,2.8,3.9,1.8,0.8,0.2,0.9,12.0,12.7,2024-25
1631105,97,Jalen Duren,1610612765,DET,78,26.1,4.8,7.0,0.692,0.0,0.0,0.0,2.1,3.1,0.669,3.6,6.8,10.3,2.7,0.7,1.1,1.7,11.8,21.7,2024-25
1641764,98,Brandin Podziemski,1610612744,GSW,64,26.8,4.4,9.8,0.445,1.8,4.8,0.372,1.1,1.5,0.758,1.0,4.1,5.1,3.4,1.1,0.2,1.2,11.7,14.5,2024-25
1628978,99,Donte DiVincenzo,1610612750,MIN,62,25.9,4.0,9.6,0.422,2.8,7.1,0.397,0.8,1.0,0.778,0.5,3.2,3.7,3.6,1.2,0.3,1.6,11.7,13.1,2024-25
1630557,100,Corey Kispert,1610612764,WAS,61,26.3,4.2,9.3,0.451,2.0,5.4,0.364,1.2,1.4,0.852,0.6,2.4,3.0,1.7,0.4,0.2,1.0,11.6,10.5,2024-25
1641739,101,Toumani Camara,1610612757,POR,78,32.7,4.2,9.2,0.458,1.7,4.6,0.375,1.2,1.6,0.722,2.2,3.6,5.8,2.2,1.5,0.6,1.4,11.3,14.6,2024-25
1629018,102,Gary Trent Jr.,1610612749,MIL,74,25.6,3.8,8.9,0.431,2.4,5.9,0.416,1.1,1.2,0.848,0.3,2.0,2.3,1.2,1.0,0.1,0.6,11.1,9.8,2024-25
1627741,103,Buddy Hield,1610612744,GSW,82,22.7,4.0,9.6,0.417,2.5,6.7,0.37,0.6,0.8,0.828,0.6,2.6,3.2,1.6,0.8,0.3,1.1,11.1,10.3,2024-25
201950,104,Jrue Holiday,1610612738,BOS,62,30.6,4.1,9.2,0.443,1.7,4.9,0.353,1.1,1.2,0.909,1.2,3.0,4.3,3.9,1.1,0.4,1.2,11.1,14.2,2024-25
1631117,105,Walker Kessler,1610612762,UTA,58,30.0,4.8,7.2,0.663,0.1,0.6,0.176,1.4,2.6,0.52,4.6,7.6,12.2,1.7,0.6,2.4,1.5,11.1,22.7,2024-25
1629130,106,Duncan Robinson,1610612748,MIA,74,24.1,3.9,9.0,0.437,2.6,6.5,0.393,0.6,0.7,0.887,0.2,2.0,2.3,2.4,0.5,0.1,1.2,11.0,10.0,2024-25
203915,107,Spencer Dinwiddie,1610612742,DAL,79,27.0,3.6,8.6,0.416,1.4,4.1,0.334,2.5,3.1,0.802,0.2,2.4,2.6,4.4,0.9,0.2,1.3,11.0,12.3,2024-25
1627824,108,Guerschon Yabusele,1610612755,PHI,70,27.1,4.0,8.0,0.501,1.5,3.9,0.38,1.4,2.0,0.725,1.9,3.7,5.6,2.1,0.8,0.3,1.2,11.0,14.1,2024-25
203501,109,Tim Hardaway Jr.,1610612765,DET,77,28.0,3.6,8.8,0.406,2.2,5.9,0.368,1.6,1.9,0.855,0.2,2.1,2.4,1.6,0.5,0.1,0.6,11.0,9.4,2024-25
1641729,110,Brice Sensabaugh,1610612762,UTA,71,20.2,3.9,8.4,0.459,2.2,5.2,0.422,0.9,1.0,0.89,0.6,2.4,3.0,1.5,0.6,0.1,1.5,10.9,10.0,2024-25
1628960,111,Grayson Allen,1610612756,PHX,64,24.1,3.4,7.6,0.448,2.3,5.5,0.426,1.5,1.8,0.816,0.5,2.5,3.0,2.1,0.8,0.3,1.2,10.6,11.2,2024-25
1630553,112,Keon Johnson,1610612751,BKN,79,24.4,3.8,9.9,0.389,1.6,5.1,0.314,1.4,1.8,0.77,0.8,3.0,3.8,2.2,1.0,0.4,1.5,10.6,10.1,2024-25
1626179,113,Terry Rozier,1610612748,MIA,64,25.9,3.9,9.9,0.391,1.4,4.8,0.295,1.4,1.7,0.852,0.7,3.0,3.7,2.6,0.6,0.2,1.2,10.6,10.2,2024-25
1630167,114,Obi Toppin,1610612754,IND,79,19.6,4.0,7.6,0.529,1.4,3.8,0.365,1.1,1.4,0.781,0.7,3.3,4.0,1.6,0.6,0.4,0.9,10.5,12.4,2024-25
1630534,115,Ochai Agbaji,1610612761,TOR,64,27.2,4.2,8.3,0.498,1.6,4.0,0.399,0.5,0.8,0.708,1.0,2.8,3.8,1.5,0.9,0.5,0.8,10.4,11.9,2024-25
1642377,116,Jaylen Wells,1610612763,MEM,79,25.9,3.6,8.6,0.425,1.7,5.0,0.352,1.4,1.7,0.822,1.1,2.3,3.4,1.7,0.6,0.1,0.9,10.4,10.1,2024-25
202685,117,Jonas Valančiūnas,1610612758,SAC,81,18.8,4.3,7.7,0.55,0.1,0.5,0.216,1.8,2.0,0.879,2.3,5.4,7.7,2.0,0.5,0.6,1.5,10.4,16.0,2024-25
1629651,118,Nic Claxton,1610612751,BKN,70,26.9,4.6,8.1,0.563,0.1,0.3,0.238,1.1,2.2,0.513,2.2,5.1,7.4,2.2,0.9,1.4,1.2,10.3,16.4,2024-25
1629645,119,Kevin Porter Jr.,1610612749,MIL,75,19.8,3.9,8.7,0.449,0.7,2.4,0.311,1.7,2.3,0.769,0.6,3.1,3.7,3.4,1.1,0.2,1.8,10.3,11.5,2024-25
1626145,120,Tyus Jones,1610612756,PHX,81,26.8,3.8,8.4,0.448,2.0,5.0,0.414,0.6,0.7,0.895,0.5,1.9,2.4,5.3,0.9,0.1,1.1,10.2,13.0,2024-25
1630198,121,Isaiah Joe,1610612760,OKC,74,21.7,3.5,7.9,0.44,2.6,6.3,0.412,0.6,0.8,0.821,0.6,2.1,2.6,1.6,0.6,0.1,0.5,10.2,10.1,2024-25
1627884,122,Derrick Jones Jr.,1610612746,LAC,77,24.3,4.0,7.6,0.526,1.0,2.8,0.356,1.1,1.5,0.703,1.2,2.2,3.4,0.8,1.0,0.4,0.9,10.1,10.9,2024-25
1629652,123,Luguentz Dort,1610612760,OKC,71,29.2,3.6,8.4,0.435,2.4,5.8,0.412,0.5,0.6,0.717,1.3,2.9,4.1,1.6,1.1,0.5,0.7,10.1,11.9,2024-25
1641709,124,Ausar Thompson,1610612765,DET,59,22.5,4.2,7.8,0.535,0.2,0.8,0.224,1.5,2.4,0.641,1.9,3.3,5.1,2.3,1.7,0.7,1.4,10.1,14.0,2024-25
1629614,125,Andrew Nembhard,1610612754,IND,65,28.9,3.8,8.3,0.458,0.8,2.7,0.291,1.7,2.1,0.794,0.5,2.8,3.3,5.0,1.2,0.2,1.7,10.0,13.1,2024-25
1630533,126,Ziaire Williams,1610612751,BKN,63,24.5,3.4,8.3,0.412,1.6,4.8,0.341,1.6,2.0,0.821,1.0,3.6,4.6,1.3,1.0,0.4,1.1,10.0,11.1,2024-25
1630577,127,Julian Champagnie,1610612759,SAS,82,23.6,3.4,8.1,0.415,2.2,5.9,0.371,1.0,1.1,0.904,0.8,3.1,3.9,1.4,0.7,0.4,0.9,9.9,10.6,2024-25
1627777,128,Georges Niang,1610612737,ATL,79,21.5,3.6,7.8,0.461,2.1,5.2,0.406,0.6,0.7,0.793,0.6,2.8,3.4,1.4,0.4,0.2,1.0,9.9,9.9,2024-25
1628989,129,Kevin Huerter,1610612741,CHI,69,24.3,3.7,8.8,0.425,1.9,5.7,0.338,0.5,0.7,0.714,0.4,2.5,3.0,2.3,1.0,0.3,1.0,9.9,10.2,2024-25
1630590,130,Scotty Pippen Jr.,1610612763,MEM,79,21.3,3.6,7.5,0.48,1.1,2.8,0.397,1.5,2.2,0.713,0.8,2.5,3.3,4.4,1.3,0.4,1.7,9.9,12.9,2024-25
1641733,131,Nick Smith Jr.,1610612766,CHA,60,22.8,3.7,9.5,0.391,1.7,5.1,0.34,0.7,0.8,0.935,0.2,1.9,2.1,2.4,0.3,0.1,1.4,9.9,7.6,2024-25
1642267,132,Bub Carrington,1610612764,WAS,82,30.0,3.7,9.1,0.401,1.7,5.0,0.339,0.8,1.0,0.812,0.4,3.8,4.2,4.4,0.7,0.3,1.7,9.8,12.0,2024-25
1630541,133,Moses Moody,1610612744,GSW,74,22.3,3.3,7.7,0.433,1.7,4.6,0.374,1.4,1.8,0.797,0.7,1.9,2.6,1.3,0.8,0.4,0.7,9.8,9.4,2024-25
1629599,134,Amir Coffey,1610612746,LAC,72,24.3,3.3,7.1,0.471,1.4,3.4,0.409,1.6,1.8,0.891,0.4,1.8,2.2,1.1,0.6,0.1,0.6,9.7,9.1,2024-25
1631108,135,Max Christie,1610612742,DAL,78,27.3,3.2,7.6,0.427,1.5,4.0,0.366,1.7,1.9,0.855,0.5,2.8,3.3,1.9,0.8,0.4,1.1,9.6,10.3,2024-25
1642271,136,Kyle Filipowski,1610612762,UTA,72,21.1,3.6,7.2,0.502,1.1,3.1,0.35,1.3,2.0,0.65,1.6,4.6,6.1,1.9,0.7,0.3,1.4,9.6,12.9,2024-25
1630540,137,Miles McBride,1610612752,NYK,64,24.9,3.5,8.5,0.406,1.8,4.9,0.369,0.8,1.0,0.813,0.7,1.8,2.5,2.9,1.0,0.3,0.6,9.5,10.4,2024-25
1630592,138,Jalen Wilson,1610612751,BKN,79,25.7,3.1,7.8,0.397,1.5,4.6,0.337,1.7,2.1,0.818,0.9,2.5,3.4,1.8,0.5,0.1,1.0,9.5,9.2,2024-25
1641710,139,Anthony Black,1610612753,ORL,78,24.2,3.4,7.9,0.423,0.8,2.5,0.318,1.9,2.5,0.761,0.7,2.3,2.9,3.1,1.1,0.6,1.8,9.4,10.2,2024-25
1629638,140,Nickeil Alexander-Walker,1610612750,MIN,82,25.3,3.3,7.5,0.438,1.7,4.5,0.381,1.1,1.4,0.78,0.7,2.6,3.2,2.7,0.6,0.4,1.2,9.4,10.7,2024-25
1630175,141,Cole Anthony,1610612763,MEM,67,18.4,3.4,8.1,0.424,1.1,3.3,0.353,1.4,1.7,0.823,0.7,2.4,3.0,2.9,0.7,0.5,1.5,9.4,9.9,2024-25
1642276,142,Kel'el Ware,1610612748,MIA,64,22.2,4.0,7.3,0.554,0.5,1.7,0.315,0.7,1.0,0.687,1.8,5.6,7.4,0.9,0.6,1.1,0.9,9.3,14.9,2024-25
1641744,143,Zach Edey,1610612763,MEM,66,21.5,3.8,6.6,0.58,0.3,0.8,0.346,1.4,1.9,0.709,3.5,4.8,8.3,1.0,0.5,1.3,1.3,9.2,15.7,2024-25
204456,144,T.J. McConnell,1610612754,IND,79,17.9,4.1,7.9,0.519,0.2,0.6,0.306,0.7,1.0,0.74,0.6,1.9,2.4,4.4,1.1,0.3,1.4,9.1,11.9,2024-25
1642274,145,Yves Missi,1610612740,NOP,73,26.8,3.7,6.7,0.547,0.0,0.0,0.0,1.7,2.8,0.623,3.5,4.7,8.2,1.4,0.5,1.3,1.1,9.1,15.3,2024-25
1628976,146,Wendell Carter Jr.,1610612753,ORL,68,25.9,3.3,7.2,0.46,0.5,2.3,0.234,1.9,2.6,0.737,2.2,5.0,7.2,2.0,0.8,0.6,1.1,9.1,14.0,2024-25
1626220,147,Royce O'Neale,1610612756,PHX,75,24.5,3.2,7.6,0.423,2.4,5.9,0.406,0.3,0.3,0.731,0.7,3.9,4.7,2.2,0.9,0.4,0.9,9.1,11.9,2024-25
1642261,148,Dalton Knecht,1610612747,LAL,78,19.2,3.3,7.1,0.461,1.6,4.4,0.376,0.8,1.1,0.762,0.5,2.3,2.8,0.8,0.3,0.1,0.5,9.1,8.5,2024-25
1631124,149,Julian Strawther,1610612743,DEN,65,21.3,3.2,7.5,0.432,1.4,4.1,0.349,1.1,1.4,0.822,0.3,1.9,2.2,1.3,0.6,0.2,0.9,9.0,8.0,2024-25
1630215,150,Jared Butler,1610612755,PHI,60,17.4,3.4,7.6,0.448,1.0,2.8,0.355,1.3,1.5,0.824,0.4,1.4,1.8,3.7,0.7,0.2,1.3,9.0,9.7,2024-25
203110,151,Draymond Green,1610612744,GSW,68,29.2,3.2,7.5,0.424,1.2,3.6,0.325,1.5,2.2,0.687,1.1,5.0,6.1,5.6,1.5,1.0,2.6,9.0,15.7,2024-25
1630172,152,Patrick Williams,1610612741,CHI,63,25.0,3.3,8.2,0.397,1.5,4.3,0.353,1.0,1.3,0.723,0.7,3.1,3.8,2.0,0.8,0.5,1.4,9.0,9.3,2024-25
201143,153,Al Horford,1610612738,BOS,60,27.7,3.3,7.7,0.423,1.9,5.2,0.363,0.6,0.6,0.895,1.3,4.8,6.2,2.1,0.6,0.9,0.8,9.0,13.4,2024-25
1630548,154,Johnny Juzang,1610612762,UTA,64,19.8,3.2,7.4,0.429,1.8,4.9,0.376,0.7,0.8,0.849,0.7,2.2,2.9,1.1,0.6,0.1,0.6,8.9,8.7,2024-25
1628379,155,Luke Kennard,1610612763,MEM,65,22.6,3.2,6.6,0.478,1.7,4.0,0.433,0.8,0.9,0.895,0.6,2.2,2.8,3.3,0.8,0.1,1.1,8.9,11.2,2024-25
101108,156,Chris Paul,1610612759,SAS,82,28.0,3.0,7.1,0.427,1.7,4.5,0.377,1.0,1.1,0.924,0.4,3.2,3.6,7.4,1.3,0.3,1.6,8.8,15.6,2024-25
1630551,157,Justin Champagnie,1610612764,WAS,62,21.6,3.4,6.6,0.511,1.2,3.1,0.383,0.8,1.2,0.685,1.8,3.9,5.7,1.0,1.0,0.6,0.9,8.8,12.6,2024-25
203484,158,Kentavious Caldwell-Pope,1610612763,MEM,77,29.6,3.1,7.1,0.439,1.5,4.3,0.342,1.1,1.2,0.863,0.4,1.8,2.2,1.8,1.3,0.4,0.8,8.7,9.5,2024-25
1631213,159,Tyrese Martin,1610612751,BKN,60,21.9,3.2,7.8,0.406,1.7,4.7,0.351,0.8,1.0,0.793,1.0,2.7,3.7,2.0,0.6,0.2,1.2,8.7,9.1,2024-25
1627827,160,Dorian Finney-Smith,1610612747,LAL,63,28.9,3.1,6.9,0.448,2.0,5.0,0.411,0.5,0.7,0.667,1.3,2.7,3.9,1.4,0.9,0.4,0.9,8.7,10.4,2024-25
1642273,161,Kyshawn George,1610612764,WAS,68,26.5,3.0,8.0,0.372,1.7,5.2,0.322,1.0,1.4,0.753,0.7,3.5,4.2,2.5,1.0,0.7,1.4,8.7,10.3,2024-25
1642268,162,Isaiah Collier,1610612762,UTA,71,25.9,3.3,7.8,0.422,0.6,2.4,0.249,1.5,2.2,0.682,0.5,2.9,3.3,6.3,0.9,0.2,2.9,8.7,11.3,2024-25
1631170,163,Jaime Jaquez Jr.,1610612748,MIA,66,20.7,3.2,7.0,0.461,0.6,1.8,0.311,1.6,2.2,0.754,1.3,3.1,4.4,2.5,0.9,0.2,1.5,8.6,10.9,2024-25
1641824,164,Matas Buzelis,1610612741,CHI,80,18.9,3.2,6.9,0.454,1.2,3.3,0.361,1.1,1.4,0.815,0.7,2.8,3.5,1.0,0.4,0.9,0.9,8.6,9.4,2024-25
1630573,165,Sam Hauser,1610612738,BOS,71,21.7,3.0,6.7,0.451,2.3,5.6,0.416,0.2,0.2,1.0,0.6,2.5,3.2,0.9,0.6,0.2,0.3,8.5,9.4,2024-25
1641717,166,Cason Wallace,1610612760,OKC,68,27.6,3.4,7.2,0.474,1.1,3.1,0.356,0.4,0.5,0.811,1.0,2.3,3.4,2.5,1.8,0.5,0.9,8.4,11.8,2024-25
1629634,167,Brandon Clarke,1610612763,MEM,64,18.9,3.7,5.9,0.621,0.0,0.3,0.059,1.0,1.4,0.701,2.0,3.1,5.1,1.0,0.8,0.6,0.6,8.3,12.5,2024-25
1630625,168,Dalano Banton,1610612757,POR,67,16.7,3.0,7.6,0.391,1.1,3.3,0.324,1.4,1.9,0.728,0.4,1.6,2.0,2.4,0.6,0.5,1.3,8.3,7.5,2024-25
1631165,169,Keon Ellis,1610612758,SAC,80,24.4,2.8,5.8,0.489,1.7,4.0,0.433,0.9,1.1,0.849,0.8,1.9,2.7,1.5,1.5,0.8,0.9,8.3,10.8,2024-25
1627752,170,Taurean Prince,1610612749,MIL,80,27.1,2.9,6.4,0.457,1.8,4.2,0.439,0.5,0.6,0.813,0.4,3.2,3.6,1.9,1.0,0.2,1.0,8.2,10.2,2024-25
201144,171,Mike Conley,1610612750,MIN,71,24.7,2.6,6.6,0.4,1.8,4.4,0.41,1.1,1.3,0.9,0.5,2.1,2.6,4.5,1.1,0.2,1.1,8.2,11.4,2024-25
1630188,172,Jalen Smith,1610612741,CHI,64,15.0,3.0,6.4,0.466,1.1,3.5,0.324,1.1,1.4,0.809,1.4,4.2,5.6,1.0,0.3,0.7,0.6,8.2,11.5,2024-25
1631212,173,Peyton Watson,1610612743,DEN,68,24.4,3.0,6.3,0.477,0.7,2.0,0.353,1.4,2.0,0.693,0.7,2.7,3.4,1.4,0.7,1.4,0.8,8.1,10.3,2024-25
1630558,174,Davion Mitchell,1610612748,MIA,74,27.4,3.0,6.4,0.468,1.1,2.9,0.398,0.8,1.1,0.69,0.5,1.8,2.3,4.9,1.0,0.2,1.7,7.9,10.8,2024-25
1629611,175,Terance Mann,1610612737,ATL,67,21.1,3.1,6.2,0.496,0.9,2.4,0.368,0.7,1.0,0.691,1.0,2.0,3.0,1.8,0.7,0.2,0.7,7.7,9.3,2024-25
1630182,176,Josh Green,1610612766,CHA,68,27.8,2.6,6.2,0.428,1.4,3.6,0.391,0.7,1.1,0.681,0.8,1.7,2.5,1.6,1.1,0.2,1.0,7.4,8.0,2024-25
1631260,177,AJ Green,1610612749,MIL,73,22.7,2.5,5.8,0.429,2.1,5.0,0.427,0.3,0.4,0.815,0.2,2.1,2.4,1.5,0.5,0.1,0.5,7.4,7.9,2024-25
1641741,178,Ricky Council IV,1610612755,PHI,73,17.1,2.4,6.3,0.382,0.8,2.9,0.258,1.7,2.1,0.804,0.7,2.2,2.9,1.3,0.4,0.2,0.7,7.3,7.1,2024-25
1641783,179,Tristan da Silva,1610612753,ORL,74,22.0,2.7,6.5,0.412,1.1,3.2,0.335,0.7,0.9,0.873,1.0,2.3,3.3,1.5,0.4,0.2,0.8,7.2,8.0,2024-25
1629048,180,Goga Bitadze,1610612753,ORL,70,20.4,3.0,4.8,0.611,0.0,0.4,0.107,1.2,1.9,0.639,2.4,4.2,6.6,2.0,0.7,1.4,1.0,7.2,14.2,2024-25
1630241,181,Sam Merrill,1610612739,CLE,71,19.7,2.4,6.0,0.406,1.9,5.2,0.372,0.4,0.4,0.966,0.5,1.7,2.2,1.5,0.7,0.2,0.5,7.2,7.8,2024-25
1642347,182,Jamal Shead,1610612761,TOR,75,19.6,2.7,6.7,0.405,1.0,3.0,0.323,0.7,0.9,0.768,0.4,1.1,1.5,4.2,0.8,0.1,1.6,7.1,8.0,2024-25
1642419,183,Jamison Battle,1610612761,TOR,59,17.7,2.5,5.9,0.429,1.8,4.4,0.405,0.3,0.3,0.889,0.6,2.1,2.7,0.9,0.3,0.2,0.5,7.1,7.3,2024-25
1626166,184,Cameron Payne,1610612752,NYK,72,15.1,2.5,6.2,0.401,1.3,3.6,0.363,0.7,0.8,0.907,0.2,1.3,1.4,2.8,0.5,0.2,0.7,6.9,7.5,2024-25
1631222,185,Jake LaRavia,1610612758,SAC,66,20.4,2.4,5.1,0.475,0.9,2.2,0.423,1.2,1.7,0.678,1.4,2.6,3.9,2.4,0.9,0.3,1.3,6.9,10.0,2024-25
1642346,186,Ryan Dunn,1610612756,PHX,74,19.1,2.8,6.4,0.43,1.1,3.6,0.311,0.3,0.5,0.487,1.2,2.4,3.6,0.8,0.6,0.5,0.5,6.9,7.9,2024-25
1630643,187,Jay Huff,1610612763,MEM,64,11.7,2.5,4.8,0.515,1.3,3.1,0.405,0.7,0.9,0.786,0.5,1.5,2.0,0.6,0.3,0.9,0.5,6.9,7.6,2024-25
1631218,188,Trayce Jackson-Davis,1610612744,GSW,62,15.6,2.8,4.9,0.576,0.0,0.0,0.0,1.0,1.6,0.578,2.0,3.0,5.0,1.7,0.4,0.6,0.7,6.6,10.8,2024-25
1626168,189,Trey Lyles,1610612758,SAC,69,19.6,2.3,5.4,0.42,1.2,3.4,0.34,0.8,1.2,0.7,1.2,3.4,4.6,1.2,0.6,0.3,0.6,6.5,9.2,2024-25
1629659,190,Talen Horton-Tucker,1610612741,CHI,58,12.5,2.3,5.0,0.457,0.7,2.1,0.336,1.2,1.7,0.735,0.3,1.4,1.7,1.4,0.4,0.2,0.7,6.5,6.4,2024-25
203552,191,Seth Curry,1610612766,CHA,68,15.6,2.4,5.0,0.478,1.2,2.7,0.456,0.5,0.6,0.846,0.4,1.3,1.7,0.9,0.4,0.1,0.5,6.5,6.4,2024-25
1642270,192,Donovan Clingan,1610612757,POR,67,19.8,2.7,5.0,0.539,0.2,0.7,0.286,0.9,1.6,0.596,3.2,4.6,7.9,1.1,0.5,1.6,1.1,6.5,13.7,2024-25
1628418,193,Thomas Bryant,1610612754,IND,66,14.6,2.5,4.9,0.508,0.7,2.2,0.324,0.8,1.0,0.859,1.3,2.5,3.8,0.8,0.4,0.6,0.5,6.5,9.2,2024-25
1629312,194,Haywood Highsmith,1610612748,MIA,74,24.6,2.4,5.3,0.458,1.2,3.1,0.382,0.4,0.6,0.721,1.0,2.4,3.4,1.5,0.9,0.5,0.7,6.5,9.0,2024-25
1627780,195,Gary Payton II,1610612744,GSW,62,15.0,2.8,4.8,0.574,0.5,1.5,0.326,0.4,0.6,0.711,0.9,2.1,3.0,1.3,0.8,0.3,0.6,6.5,9.0,2024-25
1641842,196,Ronald Holland II,1610612765,DET,81,15.6,2.4,5.1,0.474,0.4,1.9,0.238,1.1,1.5,0.754,0.5,2.2,2.7,1.0,0.6,0.2,0.9,6.4,7.0,2024-25
1627739,197,Kris Dunn,1610612746,LAC,74,24.1,2.6,5.9,0.439,1.0,3.0,0.335,0.2,0.3,0.682,0.7,2.7,3.4,2.8,1.7,0.4,1.0,6.4,10.3,2024-25
1629216,198,Gabe Vincent,1610612747,LAL,72,21.2,2.3,5.8,0.4,1.5,4.3,0.353,0.2,0.3,0.714,0.3,1.0,1.3,1.4,0.7,0.2,0.6,6.4,5.8,2024-25
1628380,199,Zach Collins,1610612741,CHI,64,15.3,2.4,4.7,0.507,0.5,1.7,0.302,1.1,1.2,0.885,1.6,2.9,4.5,1.7,0.5,0.5,0.9,6.4,10.1,2024-25
1630526,200,Jeremiah Robinson-Earl,1610612740,NOP,66,18.8,2.4,5.3,0.455,0.8,2.5,0.341,0.7,0.8,0.836,1.7,3.1,4.8,1.3,0.6,0.1,0.8,6.3,9.4,2024-25
1629026,201,Kenrich Williams,1610612760,OKC,69,16.4,2.5,5.1,0.483,1.0,2.5,0.386,0.4,0.6,0.718,0.9,2.6,3.5,1.4,0.6,0.1,0.6,6.3,8.6,2024-25
1630572,202,Sandro Mamukelashvili,1610612759,SAS,61,11.2,2.3,4.6,0.502,1.0,2.6,0.373,0.7,1.0,0.741,1.0,2.0,3.1,0.8,0.4,0.3,0.4,6.3,7.8,2024-25
1642367,203,Jonathan Mogbo,1610612761,TOR,63,20.4,2.5,5.7,0.438,0.3,1.1,0.243,1.0,1.3,0.732,1.7,3.2,4.9,2.3,0.9,0.5,1.1,6.2,10.2,2024-25
1641716,204,Jarace Walker,1610612754,IND,75,15.8,2.3,4.8,0.472,1.0,2.5,0.405,0.6,0.9,0.667,0.3,2.7,3.1,1.5,0.7,0.3,1.0,6.1,7.8,2024-25
1630191,205,Isaiah Stewart,1610612765,DET,72,19.9,2.4,4.4,0.559,0.2,0.7,0.321,0.9,1.2,0.759,1.8,3.7,5.5,1.7,0.4,1.4,0.9,6.0,11.9,2024-25
1628436,206,Luke Kornet,1610612738,BOS,73,18.6,2.6,3.8,0.668,0.0,0.0,0.0,0.9,1.3,0.691,2.6,2.7,5.3,1.6,0.5,1.0,0.4,6.0,12.3,2024-25
1631323,207,Simone Fontecchio,1610612765,DET,75,16.5,2.0,5.0,0.402,1.0,3.0,0.335,0.9,1.1,0.833,0.7,2.2,2.9,0.9,0.4,0.2,0.7,5.9,6.4,2024-25
1642275,208,Tidjane Salaün,1610612766,CHA,60,20.7,1.9,5.8,0.33,1.0,3.4,0.283,1.1,1.6,0.713,1.2,3.5,4.7,1.2,0.5,0.2,1.0,5.9,7.2,2024-25
203937,209,Kyle Anderson,1610612748,MIA,61,16.4,2.3,5.0,0.469,0.4,1.1,0.357,0.8,1.1,0.738,0.9,2.5,3.4,2.4,0.7,0.5,0.6,5.9,9.3,2024-25
1641737,210,Adem Bona,1610612755,PHI,58,15.6,2.3,3.3,0.703,0.0,0.0,0.0,1.2,1.7,0.67,1.6,2.6,4.2,0.5,0.4,1.2,1.1,5.8,9.5,2024-25
1631217,211,Moussa Diabaté,1610612766,CHA,71,17.5,2.4,3.9,0.596,0.0,0.1,0.0,1.0,1.6,0.595,2.6,3.5,6.2,0.8,0.6,0.6,0.9,5.7,10.7,2024-25
1628988,212,Aaron Holiday,1610612745,HOU,62,12.8,1.9,4.3,0.437,1.2,2.9,0.398,0.5,0.7,0.829,0.2,1.0,1.3,1.3,0.3,0.2,0.6,5.5,5.4,2024-25
1629731,213,Dean Wade,1610612739,CLE,59,21.2,1.9,4.6,0.413,1.4,3.8,0.36,0.3,0.5,0.533,0.9,3.4,4.2,1.3,0.7,0.3,0.4,5.4,8.7,2024-25
1628371,214,Jonathan Isaac,1610612753,ORL,71,15.4,1.9,4.6,0.414,0.5,2.1,0.258,1.0,1.5,0.682,1.7,2.7,4.4,0.6,0.9,1.1,0.5,5.4,8.7,2024-25
1641767,215,Ben Sheppard,1610612754,IND,63,19.5,1.9,4.6,0.418,1.1,3.2,0.342,0.4,0.4,0.889,0.7,2.1,2.8,1.3,0.6,0.2,0.3,5.3,7.2,2024-25
1631133,216,Jabari Walker,1610612757,POR,60,12.5,2.0,3.8,0.515,0.5,1.2,0.389,0.8,1.2,0.69,1.0,2.5,3.5,0.6,0.6,0.1,0.6,5.2,7.2,2024-25
1629750,217,Javonte Green,1610612739,CLE,68,18.5,1.8,4.2,0.429,0.7,2.1,0.326,0.8,1.1,0.724,0.9,2.3,3.2,0.8,1.0,0.5,0.5,5.1,7.4,2024-25
1629674,218,Neemias Queta,1610612738,BOS,62,13.9,2.1,3.3,0.65,0.0,0.0,0.0,0.7,1.0,0.754,1.4,2.4,3.8,0.7,0.3,0.7,0.6,5.0,8.5,2024-25
1641763,219,Julian Phillips,1610612741,CHI,79,14.2,1.6,3.6,0.446,0.6,1.9,0.327,0.8,1.0,0.789,0.8,1.3,2.1,0.5,0.5,0.3,0.3,4.6,5.4,2024-25
1629234,220,Drew Eubanks,1610612746,LAC,61,12.2,1.9,3.2,0.593,0.0,0.1,0.5,0.8,1.2,0.662,1.0,2.7,3.7,0.9,0.2,0.6,0.7,4.6,7.7,2024-25
1626172,221,Kevon Looney,1610612744,GSW,76,15.0,1.9,3.7,0.514,0.0,0.1,0.4,0.7,1.3,0.566,2.4,3.6,6.1,1.6,0.6,0.5,0.5,4.5,10.4,2024-25
203486,222,Mason Plumlee,1610612756,PHX,74,17.6,1.7,2.7,0.619,0.0,0.1,0.0,1.1,1.7,0.648,1.6,4.6,6.1,1.8,0.4,0.6,0.8,4.5,11.1,2024-25
1631207,223,Dalen Terry,1610612741,CHI,73,13.5,1.6,3.7,0.448,0.5,1.4,0.356,0.7,0.9,0.71,0.5,1.2,1.7,1.3,0.6,0.2,0.7,4.5,5.3,2024-25
1641724,224,Jett Howard,1610612753,ORL,60,11.7,1.6,4.4,0.374,0.9,3.1,0.296,0.3,0.4,0.696,0.3,0.8,1.2,0.7,0.2,0.2,0.6,4.5,3.3,2024-25
1642345,225,Oso Ighodaro,1610612756,PHX,61,17.1,1.9,3.1,0.604,0.0,0.0,0.0,0.5,0.8,0.58,1.1,2.6,3.6,1.2,0.5,0.5,0.6,4.2,7.7,2024-25
1631200,226,Kris Murray,1610612757,POR,69,15.1,1.7,4.0,0.419,0.4,1.7,0.225,0.4,0.8,0.456,1.1,1.5,2.6,1.0,0.5,0.2,0.6,4.2,5.1,2024-25
1631216,227,Caleb Houstan,1610612753,ORL,58,13.6,1.4,3.3,0.421,1.1,2.8,0.4,0.3,0.3,0.882,0.3,1.0,1.3,0.6,0.4,0.1,0.2,4.1,4.3,2024-25
201587,228,Nicolas Batum,1610612746,LAC,78,17.5,1.3,3.1,0.437,1.1,2.6,0.433,0.2,0.3,0.81,0.6,2.2,2.8,1.1,0.7,0.5,0.4,4.0,6.8,2024-25
203500,229,Steven Adams,1610612745,HOU,58,13.7,1.6,2.9,0.545,0.0,0.0,0.0,0.7,1.6,0.462,2.9,2.8,5.6,1.1,0.4,0.5,0.9,3.9,8.4,2024-25
1631104,230,Blake Wesley,1610612759,SAS,58,11.8,1.4,3.2,0.435,0.3,1.0,0.293,0.7,1.1,0.623,0.3,0.8,1.1,2.0,0.6,0.1,0.9,3.7,4.4,2024-25
1641748,231,Andre Jackson Jr.,1610612749,MIL,67,14.6,1.4,2.9,0.477,0.4,1.1,0.395,0.2,0.4,0.5,1.0,1.7,2.7,1.2,0.5,0.2,0.9,3.4,5.5,2024-25
