GRID_TYPE,GAME_ID,GAME_EVENT_ID,PLAYER_ID,PLAYER_NAME,TEAM_ID,TEAM_NAME,PERIOD,MINUTES_REMAINING,SECONDS_REMAINING,EVENT_TYPE,ACTION_TYPE,SHOT_TYPE,SHOT_ZONE_BASIC,SHOT_ZONE_AREA,SHOT_ZONE_RANGE,SHOT_DISTANCE,LOC_X,LOC_Y,SHOT_ATTEMPTED_FLAG,SHOT_MADE_FLAG,GAME_DATE,HTM,VTM,PLAYER_NAME_LABEL,SEASON_START_YEAR,ERA,RESULT,CALC_DISTANCE_FT,PLAYER
Shot Chart Detail,22500012,58,2544,LeBron James,1610612747,Los Angeles Lakers,1,7,5,Missed Shot,Jump Shot,3PT Field Goal,Above the Break 3,Right Side Center(RC),24+ ft.,26.0,176.0,200.0,1,0,20251225,LAL,HOU,LeBron James,2025,LAL,Missed,26.641321288554742,LeBron James
Shot Chart Detail,22500012,127,2544,LeBron James,1610612747,Los Angeles Lakers,1,1,42,Made Shot,Pullup Jump shot,3PT Field Goal,Above the Break 3,Left Side Center(LC),24+ ft.,25.0,-153.0,200.0,1,1,20251225,LAL,HOU,LeBron James,2025,LAL,Made,25.181143738917022,LeBron James
Shot Chart Detail,22500012,193,2544,LeBron James,1610612747,Los Angeles Lakers,2,8,47,Missed Shot,Jump Shot,3PT Field Goal,Left Corner 3,Left Side(L),24+ ft.,23.0,-232.0,12.0,1,0,20251225,LAL,HOU,LeBron James,2025,LAL,Missed,23.231013753170565,LeBron James
Shot Chart Detail,22500012,198,2544,LeBron James,1610612747,Los Angeles Lakers,2,7,50,Made Shot,Driving Layup Shot,2PT Field Goal,Restricted Area,Center(C),Less Than 8 ft.,3.0,-31.0,20.0,1,1,20251225,LAL,HOU,LeBron James,2025,LAL,Made,3.689173349139343,LeBron James
Shot Chart Detail,22500012,380,2544,LeBron James,1610612747,Los Angeles Lakers,3,6,43,Missed Shot,Pullup Jump shot,2PT Field Goal,In The Paint (Non-RA),Left Side(L),8-16 ft.,8.0,-42.0,72.0,1,0,20251225,LAL,HOU,LeBron James,2025,LAL,Missed,8.335466393669883,LeBron James
Shot Chart Detail,22500012,394,2544,LeBron James,1610612747,Los Angeles Lakers,3,5,30,Made Shot,Driving Finger Roll Layup Shot,2PT Field Goal,Restricted Area,Center(C),Less Than 8 ft.,3.0,5.0,39.0,1,1,20251225,LAL,HOU,LeBron James,2025,LAL,Made,3.9319206502675,LeBron James
Shot Chart Detail,22500012,396,2544,LeBron James,1610612747,Los Angeles Lakers,3,4,58,Missed Shot,Driving Layup Shot,2PT Field Goal,Restricted Area,Center(C),Less Than 8 ft.,2.0,-23.0,17.0,1,0,20251225,LAL,HOU,LeBron James,2025,LAL,Missed,2.860069929215018,LeBron James
Shot Chart Detail,22500012,405,2544,LeBron James,1610612747,Los Angeles Lakers,3,4,44,Made Shot,Driving Hook Shot,2PT Field Goal,In The Paint (Non-RA),Left Side(L),8-16 ft.,8.0,-53.0,63.0,1,1,20251225,LAL,HOU,LeBron James,2025,LAL,Made,8.232860985101109,LeBron James
Shot Chart Detail,22500012,478,2544,LeBron James,1610612747,Los Angeles Lakers,4,11,23,Made Shot,Running Finger Roll Layup Shot,2PT Field Goal,Restricted Area,Center(C),Less Than 8 ft.,2.0,2.0,25.0,1,1,20251225,LAL,HOU,LeBron James,2025,LAL,Made,2.507987240796891,LeBron James
Shot Chart Detail,22500012,485,2544,LeBron James,1610612747,Los Angeles Lakers,4,10,29,Missed Shot,Driving Layup Shot,2PT Field Goal,Restricted Area,Center(C),Less Than 8 ft.,3.0,27.0,20.0,1,0,20251225,LAL,HOU,LeBron James,2025,LAL,Missed,3.3600595232822883,LeBron James
Shot Chart Detail,22500012,491,2544,LeBron James,1610612747,Los Angeles Lakers,4,10,2,Made Shot,Driving Layup Shot,2PT Field Goal,Restricted Area,Center(C),Less Than 8 ft.,2.0,-22.0,15.0,1,1,20251225,LAL,HOU,LeBron James,2025,LAL,Made,2.6627053911388696,LeBron James
Shot Chart Detail,22500012,495,2544,LeBron James,1610612747,Los Angeles Lakers,4,9,25,Missed Shot,Driving Layup Shot,2PT Field Goal,Restricted Area,Center(C),Less Than 8 ft.,2.0,17.0,14.0,1,0,20251225,LAL,HOU,LeBron James,2025,LAL,Missed,2.2022715545545237,LeBron James
Shot Chart Detail,22500012,513,2544,LeBron James,1610612747,Los Angeles Lakers,4,8,16,Made Shot,Driving Dunk Shot,2PT Field Goal,Restricted Area,Center(C),Less Than 8 ft.,2.0,11.0,24.0,1,1,20251225,LAL,HOU,LeBron James,2025,LAL,Made,2.640075756488817,LeBron James
Shot Chart Detail,22500059,45,2544,LeBron James,1610612747,Los Angeles Lakers,1,7,11,Missed Shot,Jump Shot,3PT Field Goal,Above the Break 3,Center(C),24+ ft.,25.0,36.0,252.0,1,0,20251125,LAL,LAC,LeBron James,2025,LAL,Missed,25.45584412271571,LeBron James
Shot Chart Detail,22500059,187,2544,LeBron James,1610612747,Los Angeles Lakers,2,9,5,Missed Shot,Pullup Jump shot,2PT Field Goal,Mid-Range,Center(C),8-16 ft.,15.0,-43.0,152.0,1,0,20251125,LAL,LAC,LeBron James,2025,LAL,Missed,15.796518603793686,LeBron James
Shot Chart Detail,22500059,257,2544,LeBron James,1610612747,Los Angeles Lakers,2,3,23,Made Shot,Layup Shot,2PT Field Goal,Restricted Area,Center(C),Less Than 8 ft.,2.0,20.0,6.0,1,1,20251125,LAL,LAC,LeBron James,2025,LAL,Made,2.08806130178211,LeBron James
Shot Chart Detail,22500059,265,2544,LeBron James,1610612747,Los Angeles Lakers,2,2,54,Made Shot,Running Pull-Up Jump Shot,3PT Field Goal,Above the Break 3,Center(C),24+ ft.,28.0,56.0,278.0,1,1,20251125,LAL,LAC,LeBron James,2025,LAL,Made,28.35842026629833,LeBron James
Shot Chart Detail,22500059,319,2544,LeBron James,1610612747,Los Angeles Lakers,3,11,15,Made Shot,Driving Floating Bank Jump Shot,2PT Field Goal,In The Paint (Non-RA),Center(C),Less Than 8 ft.,7.0,-70.0,37.0,1,1,20251125,LAL,LAC,LeBron James,2025,LAL,Made,7.9177016867270265,LeBron James
Shot Chart Detail,22500059,329,2544,LeBron James,1610612747,Los Angeles Lakers,3,9,47,Made Shot,Driving Floating Bank Jump Shot,2PT Field Goal,Mid-Range,Left Side(L),8-16 ft.,9.0,-87.0,35.0,1,1,20251125,LAL,LAC,LeBron James,2025,LAL,Made,9.377632963600144,LeBron James
Shot Chart Detail,22500059,340,2544,LeBron James,1610612747,Los Angeles Lakers,3,8,30,Made Shot,Pullup Jump shot,2PT Field Goal,Mid-Range,Left Side Center(LC),16-24 ft.,17.0,-58.0,162.0,1,1,20251125,LAL,LAC,LeBron James,2025,LAL,Made,17.20697532978995,LeBron James
Shot Chart Detail,22500059,342,2544,LeBron James,1610612747,Los Angeles Lakers,3,8,6,Missed Shot,Jump Shot,3PT Field Goal,Left Corner 3,Left Side(L),24+ ft.,22.0,-229.0,9.0,1,0,20251125,LAL,LAC,LeBron James,2025,LAL,Missed,22.917678765529462,LeBron James
Shot Chart Detail,22500059,466,2544,LeBron James,1610612747,Los Angeles Lakers,3,0,20,Made Shot,Cutting Finger Roll Layup Shot,2PT Field Goal,Restricted Area,Center(C),Less Than 8 ft.,1.0,-1.0,19.0,1,1,20251125,LAL,LAC,LeBron James,2025,LAL,Made,1.9026297590440446,LeBron James
Shot Chart Detail,22500059,491,2544,LeBron James,1610612747,Los Angeles Lakers,4,11,31,Missed Shot,Pullup Jump shot,2PT Field Goal,Mid-Range,Right Side(R),8-16 ft.,9.0,83.0,37.0,1,0,20251125,LAL,LAC,LeBron James,2025,LAL,Missed,9.087353850269064,LeBron James
Shot Chart Detail,22500059,510,2544,LeBron James,1610612747,Los Angeles Lakers,4,10,3,Made Shot,Jump Shot,3PT Field Goal,Left Corner 3,Left Side(L),24+ ft.,24.0,-233.0,67.0,1,1,20251125,LAL,LAC,LeBron James,2025,LAL,Made,24.24417455802527,LeBron James
Shot Chart Detail,22500059,520,2544,LeBron James,1610612747,Los Angeles Lakers,4,9,5,Missed Shot,Turnaround Fadeaway shot,2PT Field Goal,In The Paint (Non-RA),Center(C),Less Than 8 ft.,6.0,-26.0,58.0,1,0,20251125,LAL,LAC,LeBron James,2025,LAL,Missed,6.356099432828282,LeBron James
Shot Chart Detail,22500059,522,2544,LeBron James,1610612747,Los Angeles Lakers,4,8,52,Made Shot,Fadeaway Jump Shot,2PT Field Goal,Mid-Range,Right Side(R),8-16 ft.,14.0,113.0,83.0,1,1,20251125,LAL,LAC,LeBron James,2025,LAL,Made,14.02069898400219,LeBron James
Shot Chart Detail,22500059,525,2544,LeBron James,1610612747,Los Angeles Lakers,4,8,30,Missed Shot,Running Jump Shot,3PT Field Goal,Above the Break 3,Left Side Center(LC),24+ ft.,26.0,-88.0,247.0,1,0,20251125,LAL,LAC,LeBron James,2025,LAL,Missed,26.220793275566628,LeBron James
Shot Chart Detail,22500059,655,2544,LeBron James,1610612747,Los Angeles Lakers,4,1,41,Made Shot,Running Layup Shot,2PT Field Goal,Restricted Area,Center(C),Less Than 8 ft.,2.0,11.0,19.0,1,1,20251125,LAL,LAC,LeBron James,2025,LAL,Made,2.195449840010015,LeBron James
Shot Chart Detail,22500078,11,2544,LeBron James,1610612747,Los Angeles Lakers,1,11,7,Made Shot,Alley Oop Dunk Shot,2PT Field Goal,In The Paint (Non-RA),Center(C),Less Than 8 ft.,5.0,-5.0,53.0,1,1,20251128,LAL,DAL,LeBron James,2025,LAL,Made,5.323532661682465,LeBron James
Shot Chart Detail,22500078,169,2544,LeBron James,1610612747,Los Angeles Lakers,2,11,0,Missed Shot,Fadeaway Jump Shot,2PT Field Goal,Mid-Range,Left Side Center(LC),16-24 ft.,16.0,-74.0,146.0,1,0,20251128,LAL,DAL,LeBron James,2025,LAL,Missed,16.3682619724881,LeBron James
Shot Chart Detail,22500078,192,2544,LeBron James,1610612747,Los Angeles Lakers,2,9,29,Missed Shot,Turnaround Fadeaway shot,2PT Field Goal,In The Paint (Non-RA),Center(C),Less Than 8 ft.,5.0,-50.0,9.0,1,0,20251128,LAL,DAL,LeBron James,2025,LAL,Missed,5.0803543183522155,LeBron James
Shot Chart Detail,22500078,224,2544,LeBron James,1610612747,Los Angeles Lakers,2,7,38,Missed Shot,Step Back Jump shot,3PT Field Goal,Above the Break 3,Left Side Center(LC),24+ ft.,26.0,-114.0,243.0,1,0,20251128,LAL,DAL,LeBron James,2025,LAL,Missed,26.841199675126298,LeBron James
Shot Chart Detail,22500078,382,2544,LeBron James,1610612747,Los Angeles Lakers,3,7,42,Made Shot,Running Layup Shot,2PT Field Goal,Restricted Area,Center(C),Less Than 8 ft.,2.0,-13.0,26.0,1,1,20251128,LAL,DAL,LeBron James,2025,LAL,Made,2.906888370749727,LeBron James
Shot Chart Detail,22500078,386,2544,LeBron James,1610612747,Los Angeles Lakers,3,6,59,Made Shot,Jump Shot,3PT Field Goal,Left Corner 3,Left Side(L),24+ ft.,24.0,-235.0,65.0,1,1,20251128,LAL,DAL,LeBron James,2025,LAL,Made,24.38237068047322,LeBron James
Shot Chart Detail,22500078,406,2544,LeBron James,1610612747,Los Angeles Lakers,3,5,2,Missed Shot,Jump Shot,3PT Field Goal,Left Corner 3,Left Side(L),24+ ft.,23.0,-235.0,16.0,1,0,20251128,LAL,DAL,LeBron James,2025,LAL,Missed,23.554405108174564,LeBron James
Shot Chart Detail,22500078,410,2544,LeBron James,1610612747,Los Angeles Lakers,3,4,47,Missed Shot,Layup Shot,2PT Field Goal,Restricted Area,Center(C),Less Than 8 ft.,2.0,-12.0,22.0,1,0,20251128,LAL,DAL,LeBron James,2025,LAL,Missed,2.5059928172283334,LeBron James
Shot Chart Detail,22500078,461,2544,LeBron James,1610612747,Los Angeles Lakers,3,1,2,Made Shot,Running Layup Shot,2PT Field Goal,Restricted Area,Center(C),Less Than 8 ft.,2.0,-7.0,26.0,1,1,20251128,LAL,DAL,LeBron James,2025,LAL,Made,2.692582403567252,LeBron James
Shot Chart Detail,22500078,468,2544,LeBron James,1610612747,Los Angeles Lakers,3,0,18,Missed Shot,Jump Shot,3PT Field Goal,Left Corner 3,Left Side(L),24+ ft.,23.0,-234.0,38.0,1,0,20251128,LAL,DAL,LeBron James,2025,LAL,Missed,23.706539182259398,LeBron James
Shot Chart Detail,22500078,541,2544,LeBron James,1610612747,Los Angeles Lakers,4,7,20,Missed Shot,Putback Layup Shot,2PT Field Goal,Restricted Area,Center(C),Less Than 8 ft.,2.0,-5.0,21.0,1,0,20251128,LAL,DAL,LeBron James,2025,LAL,Missed,2.15870331449229,LeBron James
Shot Chart Detail,22500078,544,2544,LeBron James,1610612747,Los Angeles Lakers,4,7,14,Missed Shot,Jump Shot,3PT Field Goal,Above the Break 3,Left Side Center(LC),24+ ft.,26.0,-201.0,179.0,1,0,20251128,LAL,DAL,LeBron James,2025,LAL,Missed,26.915051551130272,LeBron James
Shot Chart Detail,22500078,628,2544,LeBron James,1610612747,Los Angeles Lakers,4,2,0,Made Shot,Jump Shot,3PT Field Goal,Above the Break 3,Right Side Center(RC),24+ ft.,26.0,168.0,200.0,1,1,20251128,LAL,DAL,LeBron James,2025,LAL,Made,26.119724347703215,LeBron James
Shot Chart Detail,22500253,45,2544,LeBron James,1610612747,Los Angeles Lakers,1,7,43,Missed Shot,Running Pull-Up Jump Shot,3PT Field Goal,Above the Break 3,Right Side Center(RC),24+ ft.,25.0,175.0,183.0,1,0,20251118,LAL,UTA,LeBron James,2025,LAL,Missed,25.320742485164214,LeBron James
Shot Chart Detail,22500253,230,2544,LeBron James,1610612747,Los Angeles Lakers,2,8,20,Made Shot,Jump Shot,3PT Field Goal,Above the Break 3,Left Side Center(LC),24+ ft.,26.0,-206.0,162.0,1,1,20251118,LAL,UTA,LeBron James,2025,LAL,Made,26.206869328479506,LeBron James
Shot Chart Detail,22500253,253,2544,LeBron James,1610612747,Los Angeles Lakers,2,6,11,Missed Shot,Driving Layup Shot,2PT Field Goal,In The Paint (Non-RA),Center(C),Less Than 8 ft.,5.0,-13.0,55.0,1,0,20251118,LAL,UTA,LeBron James,2025,LAL,Missed,5.651548460377916,LeBron James
Shot Chart Detail,22500253,356,2544,LeBron James,1610612747,Los Angeles Lakers,2,0,43,Made Shot,Running Pull-Up Jump Shot,3PT Field Goal,Above the Break 3,Left Side Center(LC),24+ ft.,28.0,-168.0,227.0,1,1,20251118,LAL,UTA,LeBron James,2025,LAL,Made,28.240573648564578,LeBron James
Shot Chart Detail,22500253,413,2544,LeBron James,1610612747,Los Angeles Lakers,3,8,4,Made Shot,Pullup Jump shot,2PT Field Goal,In The Paint (Non-RA),Center(C),8-16 ft.,14.0,-54.0,136.0,1,1,20251118,LAL,UTA,LeBron James,2025,LAL,Made,14.632839779072276,LeBron James
Shot Chart Detail,22500253,433,2544,LeBron James,1610612747,Los Angeles Lakers,3,6,35,Made Shot,Driving Layup Shot,2PT Field Goal,Restricted Area,Center(C),Less Than 8 ft.,2.0,-6.0,21.0,1,1,20251118,LAL,UTA,LeBron James,2025,LAL,Made,2.1840329667841556,LeBron James
Shot Chart Detail,22500253,618,2544,LeBron James,1610612747,Los Angeles Lakers,4,7,36,Missed Shot,Alley Oop Layup shot,2PT Field Goal,Restricted Area,Center(C),Less Than 8 ft.,1.0,9.0,8.0,1,0,20251118,LAL,UTA,LeBron James,2025,LAL,Missed,1.2041594578792296,LeBron James
Shot Chart Detail,22500282,11,2544,LeBron James,1610612747,Los Angeles Lakers,1,11,20,Missed Shot,Running Layup Shot,2PT Field Goal,In The Paint (Non-RA),Center(C),Less Than 8 ft.,5.0,-9.0,56.0,1,0,20251123,UTA,LAL,LeBron James,2025,UTA,Missed,5.6718603649948935,LeBron James
Shot Chart Detail,22500282,15,2544,LeBron James,1610612747,Los Angeles Lakers,1,11,4,Made Shot,Running Dunk Shot,2PT Field Goal,In The Paint (Non-RA),Center(C),Less Than 8 ft.,4.0,39.0,21.0,1,1,20251123,UTA,LAL,LeBron James,2025,UTA,Made,4.4294469180700204,LeBron James
Shot Chart Detail,22500282,19,2544,LeBron James,1610612747,Los Angeles Lakers,1,10,39,Missed Shot,Driving Finger Roll Layup Shot,2PT Field Goal,In The Paint (Non-RA),Center(C),Less Than 8 ft.,4.0,38.0,20.0,1,0,20251123,UTA,LAL,LeBron James,2025,UTA,Missed,4.294182110716777,LeBron James
Shot Chart Detail,22500282,183,2544,LeBron James,1610612747,Los Angeles Lakers,2,10,32,Missed Shot,Driving Layup Shot,2PT Field Goal,In The Paint (Non-RA),Center(C),Less Than 8 ft.,5.0,-51.0,17.0,1,0,20251123,UTA,LAL,LeBron James,2025,UTA,Missed,5.375872022286245,LeBron James
Shot Chart Detail,22500282,226,2544,LeBron James,1610612747,Los Angeles Lakers,2,7,18,Missed Shot,Running Jump Shot,3PT Field Goal,Above the Break 3,Left Side Center(LC),24+ ft.,24.0,-222.0,109.0,1,0,20251123,UTA,LAL,LeBron James,2025,UTA,Missed,24.7315587862957,LeBron James
Shot Chart Detail,22500282,233,2544,LeBron James,1610612747,Los Angeles Lakers,2,7,12,Missed Shot,Jump Shot,3PT Field Goal,Above the Break 3,Right Side Center(RC),24+ ft.,24.0,109.0,224.0,1,0,20251123,UTA,LAL,LeBron James,2025,UTA,Missed,24.911242441917665,LeBron James
Shot Chart Detail,22500282,237,2544,LeBron James,1610612747,Los Angeles Lakers,2,6,50,Missed Shot,Running Alley Oop Dunk Shot,2PT Field Goal,In The Paint (Non-RA),Center(C),Less Than 8 ft.,5.0,51.0,21.0,1,0,20251123,UTA,LAL,LeBron James,2025,UTA,Missed,5.5154328932550705,LeBron James
Shot Chart Detail,22500282,241,2544,LeBron James,1610612747,Los Angeles Lakers,2,6,38,Made Shot,Running Dunk Shot,2PT Field Goal,Restricted Area,Center(C),Less Than 8 ft.,2.0,23.0,14.0,1,1,20251123,UTA,LAL,LeBron James,2025,UTA,Made,2.692582403567252,LeBron James
Shot Chart Detail,22500282,244,2544,LeBron James,1610612747,Los Angeles Lakers,2,6,1,Made Shot,Fadeaway Jump Shot,2PT Field Goal,In The Paint (Non-RA),Center(C),8-16 ft.,8.0,11.0,82.0,1,1,20251123,UTA,LAL,LeBron James,2025,UTA,Made,8.273451516749223,LeBron James
Shot Chart Detail,22500282,247,2544,LeBron James,1610612747,Los Angeles Lakers,2,5,42,Made Shot,Running Layup Shot,2PT Field Goal,Restricted Area,Center(C),Less Than 8 ft.,3.0,21.0,27.0,1,1,20251123,UTA,LAL,LeBron James,2025,UTA,Made,3.4205262752974144,LeBron James
Shot Chart Detail,22500282,311,2544,LeBron James,1610612747,Los Angeles Lakers,2,1,34,Made Shot,Driving Dunk Shot,2PT Field Goal,In The Paint (Non-RA),Center(C),Less Than 8 ft.,4.0,40.0,8.0,1,1,20251123,UTA,LAL,LeBron James,2025,UTA,Made,4.079215610874227,LeBron James
Shot Chart Detail,22500282,351,2544,LeBron James,1610612747,Los Angeles Lakers,3,10,25,Missed Shot,Jump Shot,3PT Field Goal,Right Corner 3,Right Side(R),24+ ft.,22.0,228.0,-16.0,1,0,20251123,UTA,LAL,LeBron James,2025,UTA,Missed,22.856071403458646,LeBron James
Shot Chart Detail,22500282,484,2544,LeBron James,1610612747,Los Angeles Lakers,3,1,36,Made Shot,Running Dunk Shot,2PT Field Goal,In The Paint (Non-RA),Center(C),Less Than 8 ft.,4.0,27.0,32.0,1,1,20251123,UTA,LAL,LeBron James,2025,UTA,Made,4.186884283091664,LeBron James
Shot Chart Detail,22500282,529,2544,LeBron James,1610612747,Los Angeles Lakers,4,11,44,Missed Shot,Fadeaway Jump Shot,2PT Field Goal,Mid-Range,Right Side(R),8-16 ft.,13.0,127.0,47.0,1,0,20251123,UTA,LAL,LeBron James,2025,UTA,Missed,13.541787178950937,LeBron James
Shot Chart Detail,22500282,538,2544,LeBron James,1610612747,Los Angeles Lakers,4,10,24,Missed Shot,Fadeaway Jump Shot,2PT Field Goal,Mid-Range,Left Side(L),8-16 ft.,13.0,-105.0,80.0,1,0,20251123,UTA,LAL,LeBron James,2025,UTA,Missed,13.200378782444085,LeBron James
Shot Chart Detail,22500282,559,2544,LeBron James,1610612747,Los Angeles Lakers,4,9,32,Made Shot,Running Layup Shot,2PT Field Goal,Restricted Area,Center(C),Less Than 8 ft.,3.0,29.0,20.0,1,1,20251123,UTA,LAL,LeBron James,2025,UTA,Made,3.522782990761707,LeBron James
Shot Chart Detail,22500282,627,2544,LeBron James,1610612747,Los Angeles Lakers,4,5,6,Made Shot,Driving Layup Shot,2PT Field Goal,In The Paint (Non-RA),Center(C),Less Than 8 ft.,4.0,-27.0,38.0,1,1,20251123,UTA,LAL,LeBron James,2025,UTA,Made,4.661544808322666,LeBron James
Shot Chart Detail,22500282,666,2544,LeBron James,1610612747,Los Angeles Lakers,4,0,46,Missed Shot,Jump Shot,3PT Field Goal,Above the Break 3,Right Side Center(RC),24+ ft.,26.0,86.0,246.0,1,0,20251123,UTA,LAL,LeBron James,2025,UTA,Missed,26.05993092853471,LeBron James
Shot Chart Detail,22500317,61,2544,LeBron James,1610612747,Los Angeles Lakers,1,6,20,Made Shot,Driving Floating Jump Shot,2PT Field Goal,In The Paint (Non-RA),Center(C),8-16 ft.,9.0,49.0,87.0,1,1,20251201,LAL,PHX,LeBron James,2025,LAL,Made,9.984988733093292,LeBron James
Shot Chart Detail,22500317,171,2544,LeBron James,1610612747,Los Angeles Lakers,2,11,47,Made Shot,Turnaround Fadeaway shot,2PT Field Goal,Mid-Range,Left Side(L),8-16 ft.,15.0,-158.0,10.0,1,1,20251201,LAL,PHX,LeBron James,2025,LAL,Made,15.831613941730641,LeBron James
Shot Chart Detail,22500317,214,2544,LeBron James,1610612747,Los Angeles Lakers,2,7,41,Missed Shot,Jump Shot,3PT Field Goal,Right Corner 3,Right Side(R),24+ ft.,23.0,230.0,34.0,1,0,20251201,LAL,PHX,LeBron James,2025,LAL,Missed,23.249946236496978,LeBron James
Shot Chart Detail,22500317,318,2544,LeBron James,1610612747,Los Angeles Lakers,2,0,13,Missed Shot,Turnaround Jump Shot,2PT Field Goal,In The Paint (Non-RA),Center(C),8-16 ft.,8.0,-6.0,82.0,1,0,20251201,LAL,PHX,LeBron James,2025,LAL,Missed,8.221921916437786,LeBron James
Shot Chart Detail,22500317,333,2544,LeBron James,1610612747,Los Angeles Lakers,3,11,3,Missed Shot,Driving Floating Jump Shot,2PT Field Goal,In The Paint (Non-RA),Center(C),Less Than 8 ft.,5.0,32.0,40.0,1,0,20251201,LAL,PHX,LeBron James,2025,LAL,Missed,5.122499389946279,LeBron James
Shot Chart Detail,22500317,389,2544,LeBron James,1610612747,Los Angeles Lakers,3,6,34,Missed Shot,Turnaround Jump Shot,2PT Field Goal,Mid-Range,Left Side(L),8-16 ft.,11.0,-100.0,54.0,1,0,20251201,LAL,PHX,LeBron James,2025,LAL,Missed,11.364858116140297,LeBron James
Shot Chart Detail,22500317,449,2544,LeBron James,1610612747,Los Angeles Lakers,3,2,15,Missed Shot,Jump Shot,3PT Field Goal,Above the Break 3,Center(C),24+ ft.,25.0,59.0,248.0,1,0,20251201,LAL,PHX,LeBron James,2025,LAL,Missed,25.49215565620138,LeBron James
Shot Chart Detail,22500317,534,2544,LeBron James,1610612747,Los Angeles Lakers,4,7,19,Missed Shot,Driving Floating Bank Jump Shot,2PT Field Goal,In The Paint (Non-RA),Center(C),Less Than 8 ft.,7.0,43.0,57.0,1,0,20251201,LAL,PHX,LeBron James,2025,LAL,Missed,7.1400280111495364,LeBron James
Shot Chart Detail,22500317,537,2544,LeBron James,1610612747,Los Angeles Lakers,4,6,51,Made Shot,Step Back Jump shot,3PT Field Goal,Above the Break 3,Left Side Center(LC),24+ ft.,27.0,-99.0,260.0,1,1,20251201,LAL,PHX,LeBron James,2025,LAL,Made,27.82103520719529,LeBron James
Shot Chart Detail,22500317,540,2544,LeBron James,1610612747,Los Angeles Lakers,4,6,20,Missed Shot,Pullup Jump shot,3PT Field Goal,Above the Break 3,Left Side Center(LC),24+ ft.,26.0,-148.0,217.0,1,0,20251201,LAL,PHX,LeBron James,2025,LAL,Missed,26.26651861210389,LeBron James
Shot Chart Detail,22500336,49,2544,LeBron James,1610612747,Los Angeles Lakers,1,7,45,Missed Shot,Fadeaway Jump Shot,2PT Field Goal,Mid-Range,Left Side(L),8-16 ft.,13.0,-131.0,16.0,1,0,20251204,TOR,LAL,LeBron James,2025,TOR,Missed,13.197348218486926,LeBron James
Shot Chart Detail,22500336,61,2544,LeBron James,1610612747,Los Angeles Lakers,1,6,45,Missed Shot,Driving Floating Bank Jump Shot,2PT Field Goal,In The Paint (Non-RA),Center(C),Less Than 8 ft.,6.0,-53.0,40.0,1,0,20251204,TOR,LAL,LeBron James,2025,TOR,Missed,6.640030120413611,LeBron James
Shot Chart Detail,22500336,81,2544,LeBron James,1610612747,Los Angeles Lakers,1,5,30,Missed Shot,Running Finger Roll Layup Shot,2PT Field Goal,Restricted Area,Center(C),Less Than 8 ft.,1.0,12.0,3.0,1,0,20251204,TOR,LAL,LeBron James,2025,TOR,Missed,1.236931687685298,LeBron James
Shot Chart Detail,22500336,91,2544,LeBron James,1610612747,Los Angeles Lakers,1,4,18,Missed Shot,Jump Shot,3PT Field Goal,Above the Break 3,Left Side Center(LC),24+ ft.,26.0,-88.0,250.0,1,0,20251204,TOR,LAL,LeBron James,2025,TOR,Missed,26.503584663211125,LeBron James
Shot Chart Detail,22500336,148,2544,LeBron James,1610612747,Los Angeles Lakers,1,0,59,Missed Shot,Driving Layup Shot,2PT Field Goal,Restricted Area,Center(C),Less Than 8 ft.,3.0,-31.0,16.0,1,0,20251204,TOR,LAL,LeBron James,2025,TOR,Missed,3.488552708502482,LeBron James
Shot Chart Detail,22500336,198,2544,LeBron James,1610612747,Los Angeles Lakers,2,10,23,Missed Shot,Jump Shot,3PT Field Goal,Above the Break 3,Right Side Center(RC),24+ ft.,26.0,108.0,241.0,1,0,20251204,TOR,LAL,LeBron James,2025,TOR,Missed,26.409278672466616,LeBron James
Shot Chart Detail,22500336,215,2544,LeBron James,1610612747,Los Angeles Lakers,2,9,32,Made Shot,Driving Layup Shot,2PT Field Goal,Restricted Area,Center(C),Less Than 8 ft.,0.0,-9.0,-1.0,1,1,20251204,TOR,LAL,LeBron James,2025,TOR,Made,0.9055385138137417,LeBron James
Shot Chart Detail,22500336,251,2544,LeBron James,1610612747,Los Angeles Lakers,2,7,4,Missed Shot,Driving Layup Shot,2PT Field Goal,Restricted Area,Center(C),Less Than 8 ft.,3.0,38.0,9.0,1,0,20251204,TOR,LAL,LeBron James,2025,TOR,Missed,3.905124837953327,LeBron James
Shot Chart Detail,22500336,338,2544,LeBron James,1610612747,Los Angeles Lakers,2,0,28,Made Shot,Turnaround Fadeaway shot,2PT Field Goal,In The Paint (Non-RA),Center(C),8-16 ft.,12.0,5.0,129.0,1,1,20251204,TOR,LAL,LeBron James,2025,TOR,Made,12.90968628588627,LeBron James
Shot Chart Detail,22500336,408,2544,LeBron James,1610612747,Los Angeles Lakers,3,7,32,Missed Shot,Driving Layup Shot,2PT Field Goal,Restricted Area,Center(C),Less Than 8 ft.,1.0,-10.0,12.0,1,0,20251204,TOR,LAL,LeBron James,2025,TOR,Missed,1.5620499351813308,LeBron James
Shot Chart Detail,22500336,449,2544,LeBron James,1610612747,Los Angeles Lakers,3,4,9,Made Shot,Running Finger Roll Layup Shot,2PT Field Goal,Restricted Area,Center(C),Less Than 8 ft.,0.0,6.0,7.0,1,1,20251204,TOR,LAL,LeBron James,2025,TOR,Made,0.9219544457292888,LeBron James
Shot Chart Detail,22500336,529,2544,LeBron James,1610612747,Los Angeles Lakers,4,11,39,Missed Shot,Step Back Jump shot,3PT Field Goal,Above the Break 3,Center(C),24+ ft.,27.0,-74.0,262.0,1,0,20251204,TOR,LAL,LeBron James,2025,TOR,Missed,27.22498852157701,LeBron James
Shot Chart Detail,22500336,531,2544,LeBron James,1610612747,Los Angeles Lakers,4,11,33,Missed Shot,Jump Shot,3PT Field Goal,Above the Break 3,Left Side Center(LC),24+ ft.,25.0,-190.0,165.0,1,0,20251204,TOR,LAL,LeBron James,2025,TOR,Missed,25.16445906432324,LeBron James
Shot Chart Detail,22500336,546,2544,LeBron James,1610612747,Los Angeles Lakers,4,10,29,Missed Shot,Driving Layup Shot,2PT Field Goal,Restricted Area,Center(C),Less Than 8 ft.,2.0,22.0,4.0,1,0,20251204,TOR,LAL,LeBron James,2025,TOR,Missed,2.23606797749979,LeBron James
Shot Chart Detail,22500336,596,2544,LeBron James,1610612747,Los Angeles Lakers,4,6,57,Missed Shot,Jump Shot,3PT Field Goal,Right Corner 3,Right Side(R),24+ ft.,25.0,245.0,62.0,1,0,20251204,TOR,LAL,LeBron James,2025,TOR,Missed,25.27231687044146,LeBron James
Shot Chart Detail,22500336,668,2544,LeBron James,1610612747,Los Angeles Lakers,4,1,46,Made Shot,Running Finger Roll Layup Shot,2PT Field Goal,Restricted Area,Center(C),Less Than 8 ft.,3.0,-22.0,27.0,1,1,20251204,TOR,LAL,LeBron James,2025,TOR,Made,3.4828149534535995,LeBron James
Shot Chart Detail,22500336,672,2544,LeBron James,1610612747,Los Angeles Lakers,4,1,1,Missed Shot,Turnaround Fadeaway shot,2PT Field Goal,Mid-Range,Right Side(R),8-16 ft.,13.0,110.0,79.0,1,0,20251204,TOR,LAL,LeBron James,2025,TOR,Missed,13.54289481610191,LeBron James
Shot Chart Detail,22500362,22,2544,LeBron James,1610612747,Los Angeles Lakers,1,10,24,Made Shot,Turnaround Hook Shot,2PT Field Goal,In The Paint (Non-RA),Center(C),8-16 ft.,9.0,-44.0,85.0,1,1,20251207,PHI,LAL,LeBron James,2025,PHI,Made,9.571311299921238,LeBron James
Shot Chart Detail,22500362,47,2544,LeBron James,1610612747,Los Angeles Lakers,1,7,48,Missed Shot,Jump Shot,3PT Field Goal,Left Corner 3,Left Side(L),24+ ft.,23.0,-229.0,-22.0,1,0,20251207,PHI,LAL,LeBron James,2025,PHI,Missed,23.005434140654682,LeBron James
Shot Chart Detail,22500362,140,2544,LeBron James,1610612747,Los Angeles Lakers,1,1,53,Missed Shot,Running Finger Roll Layup Shot,2PT Field Goal,Restricted Area,Center(C),Less Than 8 ft.,0.0,-7.0,4.0,1,0,20251207,PHI,LAL,LeBron James,2025,PHI,Missed,0.8062257748298549,LeBron James
Shot Chart Detail,22500362,144,2544,LeBron James,1610612747,Los Angeles Lakers,1,1,39,Made Shot,Running Finger Roll Layup Shot,2PT Field Goal,Restricted Area,Center(C),Less Than 8 ft.,1.0,1.0,10.0,1,1,20251207,PHI,LAL,LeBron James,2025,PHI,Made,1.004987562112089,LeBron James
Shot Chart Detail,22500362,153,2544,LeBron James,1610612747,Los Angeles Lakers,1,0,55,Made Shot,Running Dunk Shot,2PT Field Goal,Restricted Area,Center(C),Less Than 8 ft.,0.0,0.0,-5.0,1,1,20251207,PHI,LAL,LeBron James,2025,PHI,Made,0.5,LeBron James
Shot Chart Detail,22500362,203,2544,LeBron James,1610612747,Los Angeles Lakers,2,9,59,Made Shot,Running Pull-Up Jump Shot,3PT Field Goal,Above the Break 3,Left Side Center(LC),24+ ft.,28.0,-203.0,204.0,1,1,20251207,PHI,LAL,LeBron James,2025,PHI,Made,28.779332862316316,LeBron James
Shot Chart Detail,22500362,312,2544,LeBron James,1610612747,Los Angeles Lakers,2,2,52,Missed Shot,Pullup Jump shot,3PT Field Goal,Above the Break 3,Center(C),24+ ft.,27.0,51.0,275.0,1,0,20251207,PHI,LAL,LeBron James,2025,PHI,Missed,27.968911312383973,LeBron James
Shot Chart Detail,22500362,356,2544,LeBron James,1610612747,Los Angeles Lakers,2,0,48,Missed Shot,Driving Finger Roll Layup Shot,2PT Field Goal,In The Paint (Non-RA),Center(C),Less Than 8 ft.,5.0,-6.0,54.0,1,0,20251207,PHI,LAL,LeBron James,2025,PHI,Missed,5.4332310828824495,LeBron James
Shot Chart Detail,22500362,376,2544,LeBron James,1610612747,Los Angeles Lakers,3,11,21,Made Shot,Turnaround Fadeaway shot,2PT Field Goal,Mid-Range,Center(C),16-24 ft.,18.0,2.0,182.0,1,1,20251207,PHI,LAL,LeBron James,2025,PHI,Made,18.20109886792553,LeBron James
Shot Chart Detail,22500362,385,2544,LeBron James,1610612747,Los Angeles Lakers,3,10,26,Made Shot,Fadeaway Jump Shot,2PT Field Goal,In The Paint (Non-RA),Center(C),8-16 ft.,13.0,-56.0,121.0,1,1,20251207,PHI,LAL,LeBron James,2025,PHI,Made,13.333041663476493,LeBron James
Shot Chart Detail,22500362,394,2544,LeBron James,1610612747,Los Angeles Lakers,3,9,32,Made Shot,Jump Shot,3PT Field Goal,Above the Break 3,Center(C),24+ ft.,26.0,81.0,255.0,1,1,20251207,PHI,LAL,LeBron James,2025,PHI,Made,26.75556016980396,LeBron James
Shot Chart Detail,22500362,543,2544,LeBron James,1610612747,Los Angeles Lakers,4,10,58,Missed Shot,Floating Jump shot,2PT Field Goal,In The Paint (Non-RA),Center(C),8-16 ft.,11.0,7.0,110.0,1,0,20251207,PHI,LAL,LeBron James,2025,PHI,Missed,11.022250223978768,LeBron James
Shot Chart Detail,22500362,569,2544,LeBron James,1610612747,Los Angeles Lakers,4,8,41,Made Shot,Driving Layup Shot,2PT Field Goal,Restricted Area,Center(C),Less Than 8 ft.,1.0,16.0,-2.0,1,1,20251207,PHI,LAL,LeBron James,2025,PHI,Made,1.6124515496597098,LeBron James
Shot Chart Detail,22500362,632,2544,LeBron James,1610612747,Los Angeles Lakers,4,4,25,Made Shot,Jump Shot,2PT Field Goal,Mid-Range,Center(C),16-24 ft.,22.0,-9.0,224.0,1,1,20251207,PHI,LAL,LeBron James,2025,PHI,Made,22.418073066166947,LeBron James
Shot Chart Detail,22500362,636,2544,LeBron James,1610612747,Los Angeles Lakers,4,3,43,Made Shot,Jump Shot,3PT Field Goal,Above the Break 3,Center(C),24+ ft.,26.0,-77.0,252.0,1,1,20251207,PHI,LAL,LeBron James,2025,PHI,Made,26.350142314606195,LeBron James
Shot Chart Detail,22500362,664,2544,LeBron James,1610612747,Los Angeles Lakers,4,1,12,Made Shot,Jump Shot,3PT Field Goal,Above the Break 3,Left Side Center(LC),24+ ft.,27.0,-86.0,256.0,1,1,20251207,PHI,LAL,LeBron James,2025,PHI,Made,27.005925275761246,LeBron James
Shot Chart Detail,22500362,670,2544,LeBron James,1610612747,Los Angeles Lakers,4,0,27,Made Shot,Fadeaway Jump Shot,2PT Field Goal,Mid-Range,Left Side Center(LC),16-24 ft.,20.0,-153.0,130.0,1,1,20251207,PHI,LAL,LeBron James,2025,PHI,Made,20.07710138441304,LeBron James
Shot Chart Detail,22500379,31,2544,LeBron James,1610612747,Los Angeles Lakers,1,9,26,Made Shot,Driving Layup Shot,2PT Field Goal,In The Paint (Non-RA),Center(C),Less Than 8 ft.,4.0,32.0,32.0,1,1,20251218,UTA,LAL,LeBron James,2025,UTA,Made,4.525483399593904,LeBron James
Shot Chart Detail,22500379,47,2544,LeBron James,1610612747,Los Angeles Lakers,1,7,59,Missed Shot,Turnaround Jump Shot,2PT Field Goal,Mid-Range,Left Side(L),8-16 ft.,13.0,-136.0,14.0,1,0,20251218,UTA,LAL,LeBron James,2025,UTA,Missed,13.671868928570081,LeBron James
Shot Chart Detail,22500379,53,2544,LeBron James,1610612747,Los Angeles Lakers,1,7,21,Made Shot,Running Layup Shot,2PT Field Goal,Restricted Area,Center(C),Less Than 8 ft.,3.0,31.0,15.0,1,1,20251218,UTA,LAL,LeBron James,2025,UTA,Made,3.4438350715445125,LeBron James
Shot Chart Detail,22500379,76,2544,LeBron James,1610612747,Los Angeles Lakers,1,5,51,Missed Shot,Tip Layup Shot,2PT Field Goal,Restricted Area,Center(C),Less Than 8 ft.,0.0,0.0,0.0,1,0,20251218,UTA,LAL,LeBron James,2025,UTA,Missed,0.0,LeBron James
Shot Chart Detail,22500379,215,2544,LeBron James,1610612747,Los Angeles Lakers,2,9,59,Missed Shot,Jump Shot,3PT Field Goal,Above the Break 3,Left Side Center(LC),24+ ft.,25.0,-109.0,226.0,1,0,20251218,UTA,LAL,LeBron James,2025,UTA,Missed,25.09123352886422,LeBron James
Shot Chart Detail,22500379,239,2544,LeBron James,1610612747,Los Angeles Lakers,2,8,45,Made Shot,Running Layup Shot,2PT Field Goal,Restricted Area,Center(C),Less Than 8 ft.,3.0,31.0,22.0,1,1,20251218,UTA,LAL,LeBron James,2025,UTA,Made,3.801315561749642,LeBron James
Shot Chart Detail,22500379,248,2544,LeBron James,1610612747,Los Angeles Lakers,2,8,21,Made Shot,Driving Layup Shot,2PT Field Goal,Restricted Area,Center(C),Less Than 8 ft.,3.0,-36.0,16.0,1,1,20251218,UTA,LAL,LeBron James,2025,UTA,Made,3.9395431207184415,LeBron James
Shot Chart Detail,22500379,268,2544,LeBron James,1610612747,Los Angeles Lakers,2,7,10,Missed Shot,Turnaround Jump Shot,2PT Field Goal,In The Paint (Non-RA),Center(C),Less Than 8 ft.,7.0,9.0,74.0,1,0,20251218,UTA,LAL,LeBron James,2025,UTA,Missed,7.454528824815154,LeBron James
Shot Chart Detail,22500379,273,2544,LeBron James,1610612747,Los Angeles Lakers,2,6,33,Made Shot,Driving Reverse Layup Shot,2PT Field Goal,Restricted Area,Center(C),Less Than 8 ft.,2.0,-22.0,20.0,1,1,20251218,UTA,LAL,LeBron James,2025,UTA,Made,2.973213749463701,LeBron James
Shot Chart Detail,22500379,432,2544,LeBron James,1610612747,Los Angeles Lakers,3,8,21,Made Shot,Running Dunk Shot,2PT Field Goal,Restricted Area,Center(C),Less Than 8 ft.,2.0,25.0,10.0,1,1,20251218,UTA,LAL,LeBron James,2025,UTA,Made,2.692582403567252,LeBron James
Shot Chart Detail,22500379,546,2544,LeBron James,1610612747,Los Angeles Lakers,3,0,48,Missed Shot,Jump Shot,3PT Field Goal,Above the Break 3,Left Side Center(LC),24+ ft.,27.0,-202.0,181.0,1,0,20251218,UTA,LAL,LeBron James,2025,UTA,Missed,27.122868579853424,LeBron James
Shot Chart Detail,22500379,576,2544,LeBron James,1610612747,Los Angeles Lakers,4,11,42,Made Shot,Pullup Jump shot,2PT Field Goal,Mid-Range,Center(C),16-24 ft.,17.0,-12.0,176.0,1,1,20251218,UTA,LAL,LeBron James,2025,UTA,Made,17.640861656959956,LeBron James
Shot Chart Detail,22500379,579,2544,LeBron James,1610612747,Los Angeles Lakers,4,11,5,Missed Shot,Pullup Jump shot,3PT Field Goal,Above the Break 3,Left Side Center(LC),24+ ft.,25.0,-157.0,207.0,1,0,20251218,UTA,LAL,LeBron James,2025,UTA,Missed,25.980377210502546,LeBron James
Shot Chart Detail,22500379,581,2544,LeBron James,1610612747,Los Angeles Lakers,4,11,0,Made Shot,Cutting Dunk Shot,2PT Field Goal,In The Paint (Non-RA),Center(C),Less Than 8 ft.,6.0,-34.0,55.0,1,1,20251218,UTA,LAL,LeBron James,2025,UTA,Made,6.466065264130885,LeBron James
Shot Chart Detail,22500379,614,2544,LeBron James,1610612747,Los Angeles Lakers,4,8,48,Missed Shot,Jump Shot,3PT Field Goal,Above the Break 3,Left Side Center(LC),24+ ft.,28.0,-224.0,170.0,1,0,20251218,UTA,LAL,LeBron James,2025,UTA,Missed,28.12045518834999,LeBron James
Shot Chart Detail,22500379,708,2544,LeBron James,1610612747,Los Angeles Lakers,4,2,52,Missed Shot,Turnaround Fadeaway shot,2PT Field Goal,Mid-Range,Left Side(L),8-16 ft.,13.0,-91.0,106.0,1,0,20251218,UTA,LAL,LeBron James,2025,UTA,Missed,13.970325694127535,LeBron James
Shot Chart Detail,22500379,718,2544,LeBron James,1610612747,Los Angeles Lakers,4,1,42,Missed Shot,Pullup Jump shot,3PT Field Goal,Above the Break 3,Left Side Center(LC),24+ ft.,27.0,-202.0,186.0,1,0,20251218,UTA,LAL,LeBron James,2025,UTA,Missed,27.45906043549196,LeBron James
Shot Chart Detail,22500395,22,2544,LeBron James,1610612747,Los Angeles Lakers,1,10,26,Missed Shot,Jump Shot,3PT Field Goal,Above the Break 3,Left Side Center(LC),24+ ft.,24.0,-159.0,188.0,1,0,20251220,LAC,LAL,LeBron James,2025,LAC,Missed,24.62214450449026,LeBron James
Shot Chart Detail,22500395,32,2544,LeBron James,1610612747,Los Angeles Lakers,1,9,19,Missed Shot,Jump Shot,2PT Field Goal,Mid-Range,Right Side(R),16-24 ft.,21.0,196.0,82.0,1,0,20251220,LAC,LAL,LeBron James,2025,LAC,Missed,21.24617612654098,LeBron James
Shot Chart Detail,22500395,34,2544,LeBron James,1610612747,Los Angeles Lakers,1,9,7,Missed Shot,Fadeaway Jump Shot,2PT Field Goal,Mid-Range,Right Side(R),16-24 ft.,17.0,162.0,56.0,1,0,20251220,LAC,LAL,LeBron James,2025,LAC,Missed,17.140595088852663,LeBron James
Shot Chart Detail,22500395,47,2544,LeBron James,1610612747,Los Angeles Lakers,1,8,8,Made Shot,Step Back Jump shot,3PT Field Goal,Right Corner 3,Right Side(R),24+ ft.,24.0,229.0,74.0,1,1,20251220,LAC,LAL,LeBron James,2025,LAC,Made,24.06595105122588,LeBron James
Shot Chart Detail,22500395,49,2544,LeBron James,1610612747,Los Angeles Lakers,1,7,34,Made Shot,Cutting Dunk Shot,2PT Field Goal,Restricted Area,Center(C),Less Than 8 ft.,1.0,-9.0,9.0,1,1,20251220,LAC,LAL,LeBron James,2025,LAC,Made,1.2727922061357855,LeBron James
Shot Chart Detail,22500395,53,2544,LeBron James,1610612747,Los Angeles Lakers,1,7,10,Made Shot,Running Dunk Shot,2PT Field Goal,Restricted Area,Center(C),Less Than 8 ft.,1.0,9.0,10.0,1,1,20251220,LAC,LAL,LeBron James,2025,LAC,Made,1.345362404707371,LeBron James
Shot Chart Detail,22500395,128,2544,LeBron James,1610612747,Los Angeles Lakers,1,2,8,Missed Shot,Pullup Jump shot,3PT Field Goal,Above the Break 3,Left Side Center(LC),24+ ft.,24.0,-134.0,211.0,1,0,20251220,LAC,LAL,LeBron James,2025,LAC,Missed,24.995399576722114,LeBron James
Shot Chart Detail,22500395,166,2544,LeBron James,1610612747,Los Angeles Lakers,2,11,17,Made Shot,Pullup Jump shot,2PT Field Goal,Mid-Range,Left Side Center(LC),16-24 ft.,19.0,-96.0,166.0,1,1,20251220,LAC,LAL,LeBron James,2025,LAC,Made,19.17602670002313,LeBron James
Shot Chart Detail,22500395,169,2544,LeBron James,1610612747,Los Angeles Lakers,2,10,39,Missed Shot,Driving Layup Shot,2PT Field Goal,In The Paint (Non-RA),Center(C),Less Than 8 ft.,5.0,9.0,57.0,1,0,20251220,LAC,LAL,LeBron James,2025,LAC,Missed,5.770615218501403,LeBron James
Shot Chart Detail,22500395,190,2544,LeBron James,1610612747,Los Angeles Lakers,2,9,22,Missed Shot,Fadeaway Jump Shot,2PT Field Goal,In The Paint (Non-RA),Center(C),8-16 ft.,8.0,-42.0,74.0,1,0,20251220,LAC,LAL,LeBron James,2025,LAC,Missed,8.50881895447306,LeBron James
Shot Chart Detail,22500395,194,2544,LeBron James,1610612747,Los Angeles Lakers,2,9,9,Made Shot,Driving Dunk Shot,2PT Field Goal,Restricted Area,Center(C),Less Than 8 ft.,0.0,-2.0,8.0,1,1,20251220,LAC,LAL,LeBron James,2025,LAC,Made,0.8246211251235321,LeBron James
Shot Chart Detail,22500395,205,2544,LeBron James,1610612747,Los Angeles Lakers,2,8,17,Made Shot,Cutting Layup Shot,2PT Field Goal,Restricted Area,Center(C),Less Than 8 ft.,2.0,-29.0,1.0,1,1,20251220,LAC,LAL,LeBron James,2025,LAC,Made,2.9017236257093817,LeBron James
Shot Chart Detail,22500395,280,2544,LeBron James,1610612747,Los Angeles Lakers,2,2,44,Missed Shot,Driving Layup Shot,2PT Field Goal,Restricted Area,Center(C),Less Than 8 ft.,2.0,-22.0,8.0,1,0,20251220,LAC,LAL,LeBron James,2025,LAC,Missed,2.340939982143925,LeBron James
Shot Chart Detail,22500395,303,2544,LeBron James,1610612747,Los Angeles Lakers,2,1,30,Made Shot,Driving Layup Shot,2PT Field Goal,Restricted Area,Center(C),Less Than 8 ft.,1.0,17.0,5.0,1,1,20251220,LAC,LAL,LeBron James,2025,LAC,Made,1.772004514666935,LeBron James
Shot Chart Detail,22500395,313,2544,LeBron James,1610612747,Los Angeles Lakers,2,1,7,Missed Shot,Jump Shot,3PT Field Goal,Above the Break 3,Left Side Center(LC),24+ ft.,24.0,-96.0,229.0,1,0,20251220,LAC,LAL,LeBron James,2025,LAC,Missed,24.83082761407682,LeBron James
Shot Chart Detail,22500395,321,2544,LeBron James,1610612747,Los Angeles Lakers,2,0,8,Missed Shot,Driving Layup Shot,2PT Field Goal,Restricted Area,Center(C),Less Than 8 ft.,3.0,-34.0,11.0,1,0,20251220,LAC,LAL,LeBron James,2025,LAC,Missed,3.5735136770411273,LeBron James
Shot Chart Detail,22500395,388,2544,LeBron James,1610612747,Los Angeles Lakers,3,11,32,Missed Shot,Tip Layup Shot,2PT Field Goal,Restricted Area,Center(C),Less Than 8 ft.,0.0,8.0,-3.0,1,0,20251220,LAC,LAL,LeBron James,2025,LAC,Missed,0.854400374531753,LeBron James
Shot Chart Detail,22500395,352,2544,LeBron James,1610612747,Los Angeles Lakers,3,10,20,Made Shot,Driving Layup Shot,2PT Field Goal,Restricted Area,Center(C),Less Than 8 ft.,3.0,-29.0,17.0,1,1,20251220,LAC,LAL,LeBron James,2025,LAC,Made,3.361547262794322,LeBron James
Shot Chart Detail,22500395,357,2544,LeBron James,1610612747,Los Angeles Lakers,3,9,19,Made Shot,Driving Hook Shot,2PT Field Goal,In The Paint (Non-RA),Center(C),Less Than 8 ft.,5.0,0.0,57.0,1,1,20251220,LAC,LAL,LeBron James,2025,LAC,Made,5.7,LeBron James
Shot Chart Detail,22500395,394,2544,LeBron James,1610612747,Los Angeles Lakers,3,6,25,Made Shot,Driving Layup Shot,2PT Field Goal,Restricted Area,Center(C),Less Than 8 ft.,3.0,-25.0,18.0,1,1,20251220,LAC,LAL,LeBron James,2025,LAC,Made,3.0805843601498726,LeBron James
Shot Chart Detail,22500395,407,2544,LeBron James,1610612747,Los Angeles Lakers,3,5,7,Missed Shot,Driving Layup Shot,2PT Field Goal,Restricted Area,Center(C),Less Than 8 ft.,1.0,12.0,11.0,1,0,20251220,LAC,LAL,LeBron James,2025,LAC,Missed,1.6278820596099706,LeBron James
Shot Chart Detail,22500395,483,2544,LeBron James,1610612747,Los Angeles Lakers,3,1,0,Made Shot,Running Reverse Dunk Shot,2PT Field Goal,Restricted Area,Center(C),Less Than 8 ft.,1.0,6.0,8.0,1,1,20251220,LAC,LAL,LeBron James,2025,LAC,Made,1.0,LeBron James
Shot Chart Detail,22500395,505,2544,LeBron James,1610612747,Los Angeles Lakers,4,11,15,Made Shot,Driving Layup Shot,2PT Field Goal,Restricted Area,Center(C),Less Than 8 ft.,2.0,-11.0,18.0,1,1,20251220,LAC,LAL,LeBron James,2025,LAC,Made,2.109502310972899,LeBron James
Shot Chart Detail,22500395,523,2544,LeBron James,1610612747,Los Angeles Lakers,4,9,47,Made Shot,Driving Layup Shot,2PT Field Goal,Restricted Area,Center(C),Less Than 8 ft.,3.0,20.0,23.0,1,1,20251220,LAC,LAL,LeBron James,2025,LAC,Made,3.047950130825634,LeBron James
Shot Chart Detail,22500395,542,2544,LeBron James,1610612747,Los Angeles Lakers,4,8,32,Missed Shot,Running Jump Shot,3PT Field Goal,Left Corner 3,Left Side(L),24+ ft.,23.0,-230.0,28.0,1,0,20251220,LAC,LAL,LeBron James,2025,LAC,Missed,23.169807940507404,LeBron James
Shot Chart Detail,22500395,602,2544,LeBron James,1610612747,Los Angeles Lakers,4,3,11,Made Shot,Jump Shot,3PT Field Goal,Above the Break 3,Left Side Center(LC),24+ ft.,26.0,-112.0,235.0,1,1,20251220,LAC,LAL,LeBron James,2025,LAC,Made,26.03247971285102,LeBron James
Shot Chart Detail,22500395,622,2544,LeBron James,1610612747,Los Angeles Lakers,4,1,57,Made Shot,Jump Shot,3PT Field Goal,Above the Break 3,Center(C),24+ ft.,26.0,11.0,264.0,1,1,20251220,LAC,LAL,LeBron James,2025,LAC,Made,26.422906728821488,LeBron James
Shot Chart Detail,22500395,630,2544,LeBron James,1610612747,Los Angeles Lakers,4,1,26,Missed Shot,Pullup Jump shot,2PT Field Goal,Mid-Range,Center(C),16-24 ft.,19.0,-4.0,196.0,1,0,20251220,LAC,LAL,LeBron James,2025,LAC,Missed,19.604081207748553,LeBron James
Shot Chart Detail,22500418,18,2544,LeBron James,1610612747,Los Angeles Lakers,1,10,11,Made Shot,Turnaround Fadeaway Bank Jump Shot,2PT Field Goal,Mid-Range,Right Side(R),16-24 ft.,16.0,142.0,74.0,1,1,20251223,PHX,LAL,LeBron James,2025,PHX,Made,16.012495120998476,LeBron James
Shot Chart Detail,22500418,36,2544,LeBron James,1610612747,Los Angeles Lakers,1,8,42,Missed Shot,Driving Floating Jump Shot,2PT Field Goal,In The Paint (Non-RA),Center(C),Less Than 8 ft.,6.0,-39.0,46.0,1,0,20251223,PHX,LAL,LeBron James,2025,PHX,Missed,6.0307545133258404,LeBron James
Shot Chart Detail,22500418,47,2544,LeBron James,1610612747,Los Angeles Lakers,1,8,5,Missed Shot,Jump Shot,3PT Field Goal,Above the Break 3,Center(C),24+ ft.,28.0,39.0,284.0,1,0,20251223,PHX,LAL,LeBron James,2025,PHX,Missed,28.66653100743095,LeBron James
Shot Chart Detail,22500418,152,2544,LeBron James,1610612747,Los Angeles Lakers,1,0,28,Missed Shot,Turnaround Fadeaway shot,2PT Field Goal,In The Paint (Non-RA),Center(C),8-16 ft.,10.0,11.0,108.0,1,0,20251223,PHX,LAL,LeBron James,2025,PHX,Missed,10.855873986004074,LeBron James
Shot Chart Detail,22500418,168,2544,LeBron James,1610612747,Los Angeles Lakers,2,11,8,Made Shot,Turnaround Fadeaway shot,2PT Field Goal,In The Paint (Non-RA),Center(C),Less Than 8 ft.,6.0,-29.0,55.0,1,1,20251223,PHX,LAL,LeBron James,2025,PHX,Made,6.217716622683925,LeBron James
Shot Chart Detail,22500418,216,2544,LeBron James,1610612747,Los Angeles Lakers,2,7,34,Made Shot,Pullup Jump shot,3PT Field Goal,Above the Break 3,Right Side Center(RC),24+ ft.,26.0,213.0,151.0,1,1,20251223,PHX,LAL,LeBron James,2025,PHX,Made,26.109385285755007,LeBron James
Shot Chart Detail,22500418,293,2544,LeBron James,1610612747,Los Angeles Lakers,2,2,23,Made Shot,Turnaround Fadeaway shot,2PT Field Goal,Mid-Range,Left Side(L),8-16 ft.,13.0,-120.0,69.0,1,1,20251223,PHX,LAL,LeBron James,2025,PHX,Made,13.842326394071193,LeBron James
Shot Chart Detail,22500418,300,2544,LeBron James,1610612747,Los Angeles Lakers,2,1,35,Made Shot,Step Back Jump shot,3PT Field Goal,Above the Break 3,Left Side Center(LC),24+ ft.,27.0,-164.0,224.0,1,1,20251223,PHX,LAL,LeBron James,2025,PHX,Made,27.761844319137015,LeBron James
Shot Chart Detail,22500418,316,2544,LeBron James,1610612747,Los Angeles Lakers,2,0,22,Missed Shot,Running Pull-Up Jump Shot,3PT Field Goal,Above the Break 3,Left Side Center(LC),24+ ft.,24.0,-86.0,231.0,1,0,20251223,PHX,LAL,LeBron James,2025,PHX,Missed,24.64893506827425,LeBron James
Shot Chart Detail,22500418,319,2544,LeBron James,1610612747,Los Angeles Lakers,2,0,9,Missed Shot,Turnaround Fadeaway shot,2PT Field Goal,Mid-Range,Left Side(L),8-16 ft.,15.0,-151.0,22.0,1,0,20251223,PHX,LAL,LeBron James,2025,PHX,Missed,15.259423318068084,LeBron James
Shot Chart Detail,22500418,334,2544,LeBron James,1610612747,Los Angeles Lakers,2,0,2,Missed Shot,Driving Layup Shot,2PT Field Goal,Restricted Area,Center(C),Less Than 8 ft.,2.0,-4.0,29.0,1,0,20251223,PHX,LAL,LeBron James,2025,PHX,Missed,2.9274562336608896,LeBron James
Shot Chart Detail,22500418,372,2544,LeBron James,1610612747,Los Angeles Lakers,3,10,23,Missed Shot,Jump Shot,2PT Field Goal,Mid-Range,Left Side Center(LC),16-24 ft.,19.0,-135.0,141.0,1,0,20251223,PHX,LAL,LeBron James,2025,PHX,Missed,19.52075818199693,LeBron James
Shot Chart Detail,22500418,412,2544,LeBron James,1610612747,Los Angeles Lakers,3,6,55,Made Shot,Turnaround Jump Shot,3PT Field Goal,Above the Break 3,Left Side Center(LC),24+ ft.,24.0,-213.0,125.0,1,1,20251223,PHX,LAL,LeBron James,2025,PHX,Made,24.6969633760914,LeBron James
Shot Chart Detail,22500418,429,2544,LeBron James,1610612747,Los Angeles Lakers,3,5,28,Made Shot,Driving Floating Jump Shot,2PT Field Goal,In The Paint (Non-RA),Center(C),8-16 ft.,11.0,-54.0,100.0,1,1,20251223,PHX,LAL,LeBron James,2025,PHX,Made,11.364858116140297,LeBron James
Shot Chart Detail,22500446,7,2544,LeBron James,1610612747,Los Angeles Lakers,1,11,38,Made Shot,Driving Reverse Layup Shot,2PT Field Goal,Restricted Area,Center(C),Less Than 8 ft.,1.0,-12.0,14.0,1,1,20251228,LAL,SAC,LeBron James,2025,LAL,Made,1.8439088914585775,LeBron James
Shot Chart Detail,22500446,23,2544,LeBron James,1610612747,Los Angeles Lakers,1,9,45,Made Shot,Reverse Layup Shot,2PT Field Goal,Restricted Area,Center(C),Less Than 8 ft.,1.0,9.0,15.0,1,1,20251228,LAL,SAC,LeBron James,2025,LAL,Made,1.74928556845359,LeBron James
Shot Chart Detail,22500446,33,2544,LeBron James,1610612747,Los Angeles Lakers,1,8,58,Made Shot,Running Alley Oop Dunk Shot,2PT Field Goal,Restricted Area,Center(C),Less Than 8 ft.,1.0,-4.0,15.0,1,1,20251228,LAL,SAC,LeBron James,2025,LAL,Made,1.5524174696260025,LeBron James
Shot Chart Detail,22500446,41,2544,LeBron James,1610612747,Los Angeles Lakers,1,8,8,Missed Shot,Pullup Jump shot,3PT Field Goal,Above the Break 3,Left Side Center(LC),24+ ft.,26.0,-135.0,230.0,1,0,20251228,LAL,SAC,LeBron James,2025,LAL,Missed,26.669270706189174,LeBron James
Shot Chart Detail,22500446,145,2544,LeBron James,1610612747,Los Angeles Lakers,1,1,43,Made Shot,Turnaround Fadeaway shot,2PT Field Goal,Mid-Range,Left Side(L),8-16 ft.,14.0,-143.0,38.0,1,1,20251228,LAL,SAC,LeBron James,2025,LAL,Made,14.796283317103658,LeBron James
Shot Chart Detail,22500446,158,2544,LeBron James,1610612747,Los Angeles Lakers,1,0,0,Made Shot,Pullup Jump shot,2PT Field Goal,Mid-Range,Center(C),16-24 ft.,22.0,-54.0,215.0,1,1,20251228,LAL,SAC,LeBron James,2025,LAL,Made,22.167769396130048,LeBron James
Shot Chart Detail,22500446,222,2544,LeBron James,1610612747,Los Angeles Lakers,2,7,43,Made Shot,Running Reverse Dunk Shot,2PT Field Goal,Restricted Area,Center(C),Less Than 8 ft.,1.0,-6.0,14.0,1,1,20251228,LAL,SAC,LeBron James,2025,LAL,Made,1.5231546211727818,LeBron James
Shot Chart Detail,22500446,355,2544,LeBron James,1610612747,Los Angeles Lakers,3,10,28,Made Shot,Alley Oop Dunk Shot,2PT Field Goal,Restricted Area,Center(C),Less Than 8 ft.,0.0,-6.0,7.0,1,1,20251228,LAL,SAC,LeBron James,2025,LAL,Made,0.9219544457292888,LeBron James
Shot Chart Detail,22500446,370,2544,LeBron James,1610612747,Los Angeles Lakers,3,9,6,Made Shot,Step Back Jump shot,2PT Field Goal,Mid-Range,Right Side Center(RC),16-24 ft.,17.0,123.0,130.0,1,1,20251228,LAL,SAC,LeBron James,2025,LAL,Made,17.896647730790257,LeBron James
Shot Chart Detail,22500446,378,2544,LeBron James,1610612747,Los Angeles Lakers,3,8,32,Made Shot,Running Pull-Up Jump Shot,3PT Field Goal,Above the Break 3,Left Side Center(LC),24+ ft.,27.0,-151.0,226.0,1,1,20251228,LAL,SAC,LeBron James,2025,LAL,Made,27.18032376554775,LeBron James
Shot Chart Detail,22500446,545,2544,LeBron James,1610612747,Los Angeles Lakers,4,8,29,Made Shot,Driving Floating Jump Shot,2PT Field Goal,In The Paint (Non-RA),Center(C),Less Than 8 ft.,6.0,-7.0,65.0,1,1,20251228,LAL,SAC,LeBron James,2025,LAL,Made,6.5375836514724615,LeBron James
Shot Chart Detail,22500446,581,2544,LeBron James,1610612747,Los Angeles Lakers,4,6,8,Missed Shot,Running Layup Shot,2PT Field Goal,Restricted Area,Center(C),Less Than 8 ft.,3.0,36.0,8.0,1,0,20251228,LAL,SAC,LeBron James,2025,LAL,Missed,3.687817782917155,LeBron James
Shot Chart Detail,22500446,585,2544,LeBron James,1610612747,Los Angeles Lakers,4,5,56,Made Shot,Running Dunk Shot,2PT Field Goal,Restricted Area,Center(C),Less Than 8 ft.,0.0,-4.0,6.0,1,1,20251228,LAL,SAC,LeBron James,2025,LAL,Made,0.7211102550927978,LeBron James
Shot Chart Detail,22500460,30,2544,LeBron James,1610612747,Los Angeles Lakers,1,9,50,Made Shot,Running Reverse Layup Shot,2PT Field Goal,Restricted Area,Center(C),Less Than 8 ft.,1.0,-9.0,16.0,1,1,20251230,LAL,DET,LeBron James,2025,LAL,Made,1.835755975068582,LeBron James
Shot Chart Detail,22500460,143,2544,LeBron James,1610612747,Los Angeles Lakers,1,2,7,Made Shot,Turnaround Fadeaway shot,2PT Field Goal,Mid-Range,Left Side(L),8-16 ft.,15.0,-153.0,32.0,1,1,20251230,LAL,DET,LeBron James,2025,LAL,Made,15.631058825300352,LeBron James
Shot Chart Detail,22500460,192,2544,LeBron James,1610612747,Los Angeles Lakers,2,11,46,Missed Shot,Jump Shot,2PT Field Goal,Mid-Range,Center(C),16-24 ft.,20.0,-45.0,205.0,1,0,20251230,LAL,DET,LeBron James,2025,LAL,Missed,20.988091861815356,LeBron James
Shot Chart Detail,22500460,223,2544,LeBron James,1610612747,Los Angeles Lakers,2,9,26,Missed Shot,Running Jump Shot,3PT Field Goal,Above the Break 3,Right Side Center(RC),24+ ft.,26.0,179.0,200.0,1,0,20251230,LAL,DET,LeBron James,2025,LAL,Missed,26.840454541605663,LeBron James
Shot Chart Detail,22500460,230,2544,LeBron James,1610612747,Los Angeles Lakers,2,9,5,Made Shot,Jump Shot,3PT Field Goal,Above the Break 3,Left Side Center(LC),24+ ft.,27.0,-116.0,247.0,1,1,20251230,LAL,DET,LeBron James,2025,LAL,Made,27.288275870783774,LeBron James
Shot Chart Detail,22500460,256,2544,LeBron James,1610612747,Los Angeles Lakers,2,7,19,Made Shot,Jump Shot,3PT Field Goal,Left Corner 3,Left Side(L),24+ ft.,23.0,-228.0,55.0,1,1,20251230,LAL,DET,LeBron James,2025,LAL,Made,23.453997527074144,LeBron James
Shot Chart Detail,22500460,337,2544,LeBron James,1610612747,Los Angeles Lakers,2,2,6,Missed Shot,Turnaround Fadeaway shot,2PT Field Goal,Mid-Range,Right Side(R),8-16 ft.,12.0,114.0,40.0,1,0,20251230,LAL,DET,LeBron James,2025,LAL,Missed,12.081390648431164,LeBron James
Shot Chart Detail,22500460,355,2544,LeBron James,1610612747,Los Angeles Lakers,2,0,55,Made Shot,Pullup Jump shot,3PT Field Goal,Above the Break 3,Right Side Center(RC),24+ ft.,27.0,158.0,227.0,1,1,20251230,LAL,DET,LeBron James,2025,LAL,Made,27.657367915259037,LeBron James
Shot Chart Detail,22500460,372,2544,LeBron James,1610612747,Los Angeles Lakers,2,0,0,Missed Shot,Fadeaway Jump Shot,3PT Field Goal,Right Corner 3,Right Side(R),24+ ft.,23.0,237.0,-11.0,1,0,20251230,LAL,DET,LeBron James,2025,LAL,Missed,23.7255136930689,LeBron James
Shot Chart Detail,22500460,410,2544,LeBron James,1610612747,Los Angeles Lakers,3,9,1,Missed Shot,Step Back Jump shot,3PT Field Goal,Above the Break 3,Right Side Center(RC),24+ ft.,24.0,173.0,176.0,1,0,20251230,LAL,DET,LeBron James,2025,LAL,Missed,24.678938388836745,LeBron James
Shot Chart Detail,22500460,425,2544,LeBron James,1610612747,Los Angeles Lakers,3,8,12,Made Shot,Running Layup Shot,2PT Field Goal,Restricted Area,Center(C),Less Than 8 ft.,1.0,7.0,-13.0,1,1,20251230,LAL,DET,LeBron James,2025,LAL,Made,1.47648230602334,LeBron James
Shot Chart Detail,22500460,541,2544,LeBron James,1610612747,Los Angeles Lakers,3,1,3,Missed Shot,Jump Shot,3PT Field Goal,Above the Break 3,Left Side Center(LC),24+ ft.,27.0,-210.0,183.0,1,0,20251230,LAL,DET,LeBron James,2025,LAL,Missed,27.854802099458546,LeBron James
Shot Chart Detail,22500460,545,2544,LeBron James,1610612747,Los Angeles Lakers,3,0,53,Missed Shot,Step Back Jump shot,3PT Field Goal,Left Corner 3,Left Side(L),24+ ft.,23.0,-235.0,6.0,1,0,20251230,LAL,DET,LeBron James,2025,LAL,Missed,23.507658326596463,LeBron James
Shot Chart Detail,22500460,550,2544,LeBron James,1610612747,Los Angeles Lakers,3,0,25,Missed Shot,Cutting Finger Roll Layup Shot,2PT Field Goal,Restricted Area,Center(C),Less Than 8 ft.,3.0,-12.0,32.0,1,0,20251230,LAL,DET,LeBron James,2025,LAL,Missed,3.417601498127012,LeBron James
Shot Chart Detail,22500460,577,2544,LeBron James,1610612747,Los Angeles Lakers,4,10,31,Missed Shot,Running Layup Shot,2PT Field Goal,In The Paint (Non-RA),Center(C),Less Than 8 ft.,5.0,38.0,33.0,1,0,20251230,LAL,DET,LeBron James,2025,LAL,Missed,5.032891812864648,LeBron James
Shot Chart Detail,22500460,591,2544,LeBron James,1610612747,Los Angeles Lakers,4,9,46,Missed Shot,Turnaround Jump Shot,3PT Field Goal,Left Corner 3,Left Side(L),24+ ft.,23.0,-237.0,6.0,1,0,20251230,LAL,DET,LeBron James,2025,LAL,Missed,23.707593720156417,LeBron James
Shot Chart Detail,22500460,625,2544,LeBron James,1610612747,Los Angeles Lakers,4,7,12,Missed Shot,Jump Shot,3PT Field Goal,Above the Break 3,Right Side Center(RC),24+ ft.,27.0,97.0,252.0,1,0,20251230,LAL,DET,LeBron James,2025,LAL,Missed,27.00240730009086,LeBron James
Shot Chart Detail,22500485,15,2544,LeBron James,1610612747,Los Angeles Lakers,1,10,47,Made Shot,Running Layup Shot,2PT Field Goal,Restricted Area,Center(C),Less Than 8 ft.,0.0,-4.0,9.0,1,1,20260102,LAL,MEM,LeBron James,2026,LAL,Made,0.9848857801796104,LeBron James
Shot Chart Detail,22500485,47,2544,LeBron James,1610612747,Los Angeles Lakers,1,7,42,Missed Shot,Turnaround Fadeaway shot,2PT Field Goal,Mid-Range,Left Side(L),8-16 ft.,13.0,-134.0,38.0,1,0,20260102,LAL,MEM,LeBron James,2026,LAL,Missed,13.928388277184121,LeBron James
Shot Chart Detail,22500485,87,2544,LeBron James,1610612747,Los Angeles Lakers,1,4,48,Made Shot,Layup Shot,2PT Field Goal,Restricted Area,Center(C),Less Than 8 ft.,1.0,-11.0,16.0,1,1,20260102,LAL,MEM,LeBron James,2026,LAL,Made,1.94164878389476,LeBron James
Shot Chart Detail,22500485,156,2544,LeBron James,1610612747,Los Angeles Lakers,1,0,43,Made Shot,Pullup Jump shot,3PT Field Goal,Above the Break 3,Right Side Center(RC),24+ ft.,30.0,141.0,274.0,1,1,20260102,LAL,MEM,LeBron James,2026,LAL,Made,30.81509370422229,LeBron James
Shot Chart Detail,22500485,253,2544,LeBron James,1610612747,Los Angeles Lakers,2,7,34,Missed Shot,Running Pull-Up Jump Shot,3PT Field Goal,Above the Break 3,Left Side Center(LC),24+ ft.,26.0,-170.0,198.0,1,0,20260102,LAL,MEM,LeBron James,2026,LAL,Missed,26.096743091811284,LeBron James
Shot Chart Detail,22500485,315,2544,LeBron James,1610612747,Los Angeles Lakers,2,3,29,Missed Shot,Jump Shot,3PT Field Goal,Above the Break 3,Right Side Center(RC),24+ ft.,29.0,135.0,262.0,1,0,20260102,LAL,MEM,LeBron James,2026,LAL,Missed,29.47354746208878,LeBron James
Shot Chart Detail,22500485,341,2544,LeBron James,1610612747,Los Angeles Lakers,2,1,51,Made Shot,Turnaround Fadeaway shot,2PT Field Goal,In The Paint (Non-RA),Center(C),8-16 ft.,9.0,24.0,88.0,1,1,20260102,LAL,MEM,LeBron James,2026,LAL,Made,9.121403400793103,LeBron James
Shot Chart Detail,22500485,344,2544,LeBron James,1610612747,Los Angeles Lakers,2,1,28,Made Shot,Turnaround Fadeaway shot,2PT Field Goal,In The Paint (Non-RA),Right Side(R),8-16 ft.,10.0,55.0,92.0,1,1,20260102,LAL,MEM,LeBron James,2026,LAL,Made,10.718675291284834,LeBron James
Shot Chart Detail,22500485,353,2544,LeBron James,1610612747,Los Angeles Lakers,2,0,47,Made Shot,Running Dunk Shot,2PT Field Goal,Restricted Area,Center(C),Less Than 8 ft.,1.0,14.0,8.0,1,1,20260102,LAL,MEM,LeBron James,2026,LAL,Made,1.6124515496597098,LeBron James
Shot Chart Detail,22500485,364,2544,LeBron James,1610612747,Los Angeles Lakers,2,0,1,Missed Shot,Pullup Jump shot,3PT Field Goal,Above the Break 3,Right Side Center(RC),24+ ft.,34.0,142.0,314.0,1,0,20260102,LAL,MEM,LeBron James,2026,LAL,Missed,34.4615728021807,LeBron James
Shot Chart Detail,22500485,397,2544,LeBron James,1610612747,Los Angeles Lakers,3,9,17,Missed Shot,Fadeaway Jump Shot,2PT Field Goal,Mid-Range,Right Side(R),8-16 ft.,12.0,120.0,8.0,1,0,20260102,LAL,MEM,LeBron James,2026,LAL,Missed,12.026637102698327,LeBron James
Shot Chart Detail,22500485,410,2544,LeBron James,1610612747,Los Angeles Lakers,3,8,35,Made Shot,Cutting Layup Shot,2PT Field Goal,Restricted Area,Center(C),Less Than 8 ft.,1.0,-15.0,13.0,1,1,20260102,LAL,MEM,LeBron James,2026,LAL,Made,1.9849433241279208,LeBron James
Shot Chart Detail,22500485,547,2544,LeBron James,1610612747,Los Angeles Lakers,3,0,48,Made Shot,Driving Floating Jump Shot,2PT Field Goal,In The Paint (Non-RA),Left Side(L),8-16 ft.,9.0,-55.0,83.0,1,1,20260102,LAL,MEM,LeBron James,2026,LAL,Made,9.956907150315303,LeBron James
Shot Chart Detail,22500485,557,2544,LeBron James,1610612747,Los Angeles Lakers,3,0,5,Missed Shot,Pullup Jump shot,3PT Field Goal,Above the Break 3,Center(C),24+ ft.,29.0,-11.0,294.0,1,0,20260102,LAL,MEM,LeBron James,2026,LAL,Missed,29.420571034566954,LeBron James
Shot Chart Detail,22500485,583,2544,LeBron James,1610612747,Los Angeles Lakers,4,9,43,Made Shot,Driving Floating Jump Shot,2PT Field Goal,In The Paint (Non-RA),Center(C),8-16 ft.,8.0,4.0,81.0,1,1,20260102,LAL,MEM,LeBron James,2026,LAL,Made,8.10987052917616,LeBron James
Shot Chart Detail,22500485,589,2544,LeBron James,1610612747,Los Angeles Lakers,4,9,9,Made Shot,Driving Layup Shot,2PT Field Goal,Restricted Area,Center(C),Less Than 8 ft.,3.0,34.0,6.0,1,1,20260102,LAL,MEM,LeBron James,2026,LAL,Made,3.4525353003264136,LeBron James
Shot Chart Detail,22500485,688,2544,LeBron James,1610612747,Los Angeles Lakers,4,1,57,Made Shot,Driving Layup Shot,2PT Field Goal,Restricted Area,Center(C),Less Than 8 ft.,2.0,27.0,12.0,1,1,20260102,LAL,MEM,LeBron James,2026,LAL,Made,2.9546573405388314,LeBron James
Shot Chart Detail,22500485,711,2544,LeBron James,1610612747,Los Angeles Lakers,4,0,35,Made Shot,Driving Layup Shot,2PT Field Goal,Restricted Area,Center(C),Less Than 8 ft.,1.0,15.0,-1.0,1,1,20260102,LAL,MEM,LeBron James,2026,LAL,Made,1.503329637837291,LeBron James
Shot Chart Detail,22500501,28,2544,LeBron James,1610612747,Los Angeles Lakers,1,9,42,Made Shot,Running Layup Shot,2PT Field Goal,In The Paint (Non-RA),Center(C),Less Than 8 ft.,4.0,12.0,41.0,1,1,20260104,LAL,MEM,LeBron James,2026,LAL,Made,4.272001872658765,LeBron James
Shot Chart Detail,22500501,39,2544,LeBron James,1610612747,Los Angeles Lakers,1,8,25,Missed Shot,Jump Shot,3PT Field Goal,Left Corner 3,Left Side(L),24+ ft.,24.0,-243.0,42.0,1,0,20260104,LAL,MEM,LeBron James,2026,LAL,Missed,24.660291969074496,LeBron James
Shot Chart Detail,22500501,47,2544,LeBron James,1610612747,Los Angeles Lakers,1,8,5,Missed Shot,Pullup Jump shot,3PT Field Goal,Above the Break 3,Left Side Center(LC),24+ ft.,26.0,-102.0,245.0,1,0,20260104,LAL,MEM,LeBron James,2026,LAL,Missed,26.53846265328872,LeBron James
Shot Chart Detail,22500501,179,2544,LeBron James,1610612747,Los Angeles Lakers,2,11,36,Missed Shot,Turnaround Fadeaway shot,2PT Field Goal,In The Paint (Non-RA),Center(C),8-16 ft.,14.0,-58.0,136.0,1,0,20260104,LAL,MEM,LeBron James,2026,LAL,Missed,14.785127662620976,LeBron James
Shot Chart Detail,22500501,186,2544,LeBron James,1610612747,Los Angeles Lakers,2,10,48,Made Shot,Driving Floating Jump Shot,2PT Field Goal,Mid-Range,Left Side(L),8-16 ft.,8.0,-83.0,25.0,1,1,20260104,LAL,MEM,LeBron James,2026,LAL,Made,8.668333173107735,LeBron James
Shot Chart Detail,22500501,403,2544,LeBron James,1610612747,Los Angeles Lakers,3,8,31,Made Shot,Running Layup Shot,2PT Field Goal,In The Paint (Non-RA),Center(C),Less Than 8 ft.,4.0,-40.0,0.0,1,1,20260104,LAL,MEM,LeBron James,2026,LAL,Made,4.0,LeBron James
Shot Chart Detail,22500501,442,2544,LeBron James,1610612747,Los Angeles Lakers,3,6,28,Made Shot,Cutting Dunk Shot,2PT Field Goal,Restricted Area,Center(C),Less Than 8 ft.,0.0,-5.0,8.0,1,1,20260104,LAL,MEM,LeBron James,2026,LAL,Made,0.9433981132056604,LeBron James
Shot Chart Detail,22500501,449,2544,LeBron James,1610612747,Los Angeles Lakers,3,5,56,Missed Shot,Jump Shot,3PT Field Goal,Above the Break 3,Left Side Center(LC),24+ ft.,29.0,-159.0,244.0,1,0,20260104,LAL,MEM,LeBron James,2026,LAL,Missed,29.123358322830835,LeBron James
Shot Chart Detail,22500501,526,2544,LeBron James,1610612747,Los Angeles Lakers,3,0,35,Made Shot,Jump Shot,3PT Field Goal,Above the Break 3,Right Side Center(RC),24+ ft.,26.0,156.0,214.0,1,1,20260104,LAL,MEM,LeBron James,2026,LAL,Made,26.48244701684495,LeBron James
Shot Chart Detail,22500501,547,2544,LeBron James,1610612747,Los Angeles Lakers,4,11,43,Missed Shot,Step Back Jump shot,3PT Field Goal,Above the Break 3,Right Side Center(RC),24+ ft.,25.0,124.0,221.0,1,0,20260104,LAL,MEM,LeBron James,2026,LAL,Missed,25.341073379002715,LeBron James
Shot Chart Detail,22500501,579,2544,LeBron James,1610612747,Los Angeles Lakers,4,9,34,Made Shot,Driving Layup Shot,2PT Field Goal,Restricted Area,Center(C),Less Than 8 ft.,1.0,-17.0,8.0,1,1,20260104,LAL,MEM,LeBron James,2026,LAL,Made,1.8788294228055935,LeBron James
Shot Chart Detail,22500501,592,2544,LeBron James,1610612747,Los Angeles Lakers,4,8,38,Made Shot,Jump Shot,3PT Field Goal,Above the Break 3,Left Side Center(LC),24+ ft.,27.0,-150.0,225.0,1,1,20260104,LAL,MEM,LeBron James,2026,LAL,Made,27.041634565979923,LeBron James
Shot Chart Detail,22500501,660,2544,LeBron James,1610612747,Los Angeles Lakers,4,4,50,Made Shot,Running Layup Shot,2PT Field Goal,Restricted Area,Center(C),Less Than 8 ft.,0.0,-4.0,5.0,1,1,20260104,LAL,MEM,LeBron James,2026,LAL,Made,0.6403124237432849,LeBron James
Shot Chart Detail,22500501,700,2544,LeBron James,1610612747,Los Angeles Lakers,4,1,26,Missed Shot,Jump Shot,3PT Field Goal,Above the Break 3,Right Side Center(RC),24+ ft.,26.0,148.0,222.0,1,0,20260104,LAL,MEM,LeBron James,2026,LAL,Missed,26.68107943843352,LeBron James
Shot Chart Detail,22500514,7,2544,LeBron James,1610612747,Los Angeles Lakers,1,11,41,Made Shot,Cutting Dunk Shot,2PT Field Goal,Restricted Area,Center(C),Less Than 8 ft.,0.0,-2.0,8.0,1,1,20260106,NOP,LAL,LeBron James,2026,NOP,Made,0.8246211251235321,LeBron James
Shot Chart Detail,22500514,20,2544,LeBron James,1610612747,Los Angeles Lakers,1,9,50,Missed Shot,Driving Layup Shot,2PT Field Goal,Restricted Area,Center(C),Less Than 8 ft.,3.0,-11.0,29.0,1,0,20260106,NOP,LAL,LeBron James,2026,NOP,Missed,3.1016124838541645,LeBron James
Shot Chart Detail,22500514,38,2544,LeBron James,1610612747,Los Angeles Lakers,1,8,26,Made Shot,Jump Shot,3PT Field Goal,Above the Break 3,Right Side Center(RC),24+ ft.,27.0,124.0,241.0,1,1,20260106,NOP,LAL,LeBron James,2026,NOP,Made,27.102951868754076,LeBron James
Shot Chart Detail,22500514,61,2544,LeBron James,1610612747,Los Angeles Lakers,1,6,22,Made Shot,Fadeaway Jump Shot,2PT Field Goal,In The Paint (Non-RA),Center(C),8-16 ft.,11.0,22.0,110.0,1,1,20260106,NOP,LAL,LeBron James,2026,NOP,Made,11.217842929904126,LeBron James
Shot Chart Detail,22500514,142,2544,LeBron James,1610612747,Los Angeles Lakers,1,0,40,Missed Shot,Fadeaway Jump Shot,2PT Field Goal,Mid-Range,Left Side(L),8-16 ft.,12.0,-121.0,8.0,1,0,20260106,NOP,LAL,LeBron James,2026,NOP,Missed,12.126417442921879,LeBron James
Shot Chart Detail,22500514,173,2544,LeBron James,1610612747,Los Angeles Lakers,2,10,42,Missed Shot,Fadeaway Jump Shot,2PT Field Goal,Mid-Range,Left Side(L),16-24 ft.,16.0,-165.0,5.0,1,0,20260106,NOP,LAL,LeBron James,2026,NOP,Missed,16.507574019219177,LeBron James
Shot Chart Detail,22500514,178,2544,LeBron James,1610612747,Los Angeles Lakers,2,10,14,Missed Shot,Driving Layup Shot,2PT Field Goal,Restricted Area,Center(C),Less Than 8 ft.,3.0,15.0,29.0,1,0,20260106,NOP,LAL,LeBron James,2026,NOP,Missed,3.264965543462902,LeBron James
Shot Chart Detail,22500514,182,2544,LeBron James,1610612747,Los Angeles Lakers,2,10,7,Made Shot,Running Dunk Shot,2PT Field Goal,Restricted Area,Center(C),Less Than 8 ft.,0.0,5.0,3.0,1,1,20260106,NOP,LAL,LeBron James,2026,NOP,Made,0.5830951894845301,LeBron James
Shot Chart Detail,22500514,296,2544,LeBron James,1610612747,Los Angeles Lakers,2,3,5,Missed Shot,Running Pull-Up Jump Shot,3PT Field Goal,Above the Break 3,Right Side Center(RC),24+ ft.,25.0,146.0,210.0,1,0,20260106,NOP,LAL,LeBron James,2026,NOP,Missed,25.576551761330144,LeBron James
Shot Chart Detail,22500514,319,2544,LeBron James,1610612747,Los Angeles Lakers,2,1,38,Made Shot,Alley Oop Dunk Shot,2PT Field Goal,Restricted Area,Center(C),Less Than 8 ft.,1.0,5.0,9.0,1,1,20260106,NOP,LAL,LeBron James,2026,NOP,Made,1.0295630140987,LeBron James
Shot Chart Detail,22500514,362,2544,LeBron James,1610612747,Los Angeles Lakers,3,10,29,Missed Shot,Fadeaway Jump Shot,2PT Field Goal,In The Paint (Non-RA),Center(C),Less Than 8 ft.,6.0,-61.0,22.0,1,0,20260106,NOP,LAL,LeBron James,2026,NOP,Missed,6.48459713474939,LeBron James
Shot Chart Detail,22500514,474,2544,LeBron James,1610612747,Los Angeles Lakers,3,1,26,Missed Shot,Driving Layup Shot,2PT Field Goal,In The Paint (Non-RA),Center(C),Less Than 8 ft.,4.0,28.0,41.0,1,0,20260106,NOP,LAL,LeBron James,2026,NOP,Missed,4.964876634922564,LeBron James
Shot Chart Detail,22500514,494,2544,LeBron James,1610612747,Los Angeles Lakers,3,0,41,Made Shot,Running Dunk Shot,2PT Field Goal,Restricted Area,Center(C),Less Than 8 ft.,2.0,7.0,22.0,1,1,20260106,NOP,LAL,LeBron James,2026,NOP,Made,2.3086792761230392,LeBron James
Shot Chart Detail,22500514,516,2544,LeBron James,1610612747,Los Angeles Lakers,4,11,41,Made Shot,Jump Shot,3PT Field Goal,Above the Break 3,Left Side Center(LC),24+ ft.,25.0,-222.0,133.0,1,1,20260106,NOP,LAL,LeBron James,2026,NOP,Made,25.879142180528316,LeBron James
Shot Chart Detail,22500514,529,2544,LeBron James,1610612747,Los Angeles Lakers,4,10,4,Made Shot,Step Back Jump shot,3PT Field Goal,Above the Break 3,Left Side Center(LC),24+ ft.,27.0,-146.0,238.0,1,1,20260106,NOP,LAL,LeBron James,2026,NOP,Made,27.92131802046601,LeBron James
Shot Chart Detail,22500514,538,2544,LeBron James,1610612747,Los Angeles Lakers,4,9,30,Missed Shot,Jump Shot,3PT Field Goal,Left Corner 3,Left Side(L),24+ ft.,23.0,-233.0,-17.0,1,0,20260106,NOP,LAL,LeBron James,2026,NOP,Missed,23.36193485137736,LeBron James
Shot Chart Detail,22500514,617,2544,LeBron James,1610612747,Los Angeles Lakers,4,4,47,Missed Shot,Step Back Jump shot,2PT Field Goal,Mid-Range,Left Side(L),16-24 ft.,16.0,-165.0,-9.0,1,0,20260106,NOP,LAL,LeBron James,2026,NOP,Missed,16.524527224704492,LeBron James
Shot Chart Detail,22500514,639,2544,LeBron James,1610612747,Los Angeles Lakers,4,2,42,Made Shot,Driving Reverse Layup Shot,2PT Field Goal,Restricted Area,Center(C),Less Than 8 ft.,2.0,2.0,27.0,1,1,20260106,NOP,LAL,LeBron James,2026,NOP,Made,2.7073972741361767,LeBron James
Shot Chart Detail,22500514,652,2544,LeBron James,1610612747,Los Angeles Lakers,4,1,24,Made Shot,Reverse Layup Shot,2PT Field Goal,Restricted Area,Center(C),Less Than 8 ft.,1.0,-17.0,6.0,1,1,20260106,NOP,LAL,LeBron James,2026,NOP,Made,1.8027756377319946,LeBron James
Shot Chart Detail,22500541,12,2544,LeBron James,1610612747,Los Angeles Lakers,1,11,10,Made Shot,Running Layup Shot,2PT Field Goal,Restricted Area,Center(C),Less Than 8 ft.,2.0,-6.0,26.0,1,1,20260109,LAL,MIL,LeBron James,2026,LAL,Made,2.668332812825267,LeBron James
Shot Chart Detail,22500541,31,2544,LeBron James,1610612747,Los Angeles Lakers,1,9,0,Missed Shot,Driving Layup Shot,2PT Field Goal,In The Paint (Non-RA),Center(C),Less Than 8 ft.,4.0,32.0,36.0,1,0,20260109,LAL,MIL,LeBron James,2026,LAL,Missed,4.8166378315169185,LeBron James
Shot Chart Detail,22500541,42,2544,LeBron James,1610612747,Los Angeles Lakers,1,8,9,Missed Shot,Pullup Jump shot,2PT Field Goal,Mid-Range,Center(C),16-24 ft.,17.0,12.0,179.0,1,0,20260109,LAL,MIL,LeBron James,2026,LAL,Missed,17.940178371465542,LeBron James
Shot Chart Detail,22500541,46,2544,LeBron James,1610612747,Los Angeles Lakers,1,7,53,Made Shot,Running Alley Oop Dunk Shot,2PT Field Goal,Restricted Area,Center(C),Less Than 8 ft.,0.0,-5.0,-6.0,1,1,20260109,LAL,MIL,LeBron James,2026,LAL,Made,0.7810249675906654,LeBron James
Shot Chart Detail,22500541,158,2544,LeBron James,1610612747,Los Angeles Lakers,1,0,1,Missed Shot,Fadeaway Jump Shot,2PT Field Goal,In The Paint (Non-RA),Left Side(L),8-16 ft.,10.0,-64.0,79.0,1,0,20260109,LAL,MIL,LeBron James,2026,LAL,Missed,10.167103815738285,LeBron James
Shot Chart Detail,22500541,174,2544,LeBron James,1610612747,Los Angeles Lakers,2,10,47,Missed Shot,Jump Shot,3PT Field Goal,Above the Break 3,Right Side Center(RC),24+ ft.,26.0,150.0,216.0,1,0,20260109,LAL,MIL,LeBron James,2026,LAL,Missed,26.297528400973352,LeBron James
Shot Chart Detail,22500541,176,2544,LeBron James,1610612747,Los Angeles Lakers,2,10,42,Made Shot,Driving Dunk Shot,2PT Field Goal,Restricted Area,Center(C),Less Than 8 ft.,1.0,1.0,13.0,1,1,20260109,LAL,MIL,LeBron James,2026,LAL,Made,1.3038404810405297,LeBron James
Shot Chart Detail,22500541,219,2544,LeBron James,1610612747,Los Angeles Lakers,2,7,14,Missed Shot,Running Layup Shot,2PT Field Goal,In The Paint (Non-RA),Center(C),Less Than 8 ft.,4.0,-34.0,25.0,1,0,20260109,LAL,MIL,LeBron James,2026,LAL,Missed,4.220189569201838,LeBron James
Shot Chart Detail,22500541,294,2544,LeBron James,1610612747,Los Angeles Lakers,2,1,4,Made Shot,Jump Shot,3PT Field Goal,Above the Break 3,Center(C),24+ ft.,28.0,61.0,276.0,1,1,20260109,LAL,MIL,LeBron James,2026,LAL,Made,28.266057383370605,LeBron James
Shot Chart Detail,22500541,298,2544,LeBron James,1610612747,Los Angeles Lakers,2,0,38,Made Shot,Running Dunk Shot,2PT Field Goal,Restricted Area,Center(C),Less Than 8 ft.,1.0,-6.0,8.0,1,1,20260109,LAL,MIL,LeBron James,2026,LAL,Made,1.0,LeBron James
Shot Chart Detail,22500541,378,2544,LeBron James,1610612747,Los Angeles Lakers,3,6,2,Missed Shot,Jump Shot,3PT Field Goal,Above the Break 3,Left Side Center(LC),24+ ft.,26.0,-151.0,216.0,1,0,20260109,LAL,MIL,LeBron James,2026,LAL,Missed,26.354695976239224,LeBron James
Shot Chart Detail,22500541,496,2544,LeBron James,1610612747,Los Angeles Lakers,4,9,54,Made Shot,Step Back Jump shot,3PT Field Goal,Above the Break 3,Right Side Center(RC),24+ ft.,26.0,138.0,222.0,1,1,20260109,LAL,MIL,LeBron James,2026,LAL,Made,26.13962509295036,LeBron James
Shot Chart Detail,22500541,499,2544,LeBron James,1610612747,Los Angeles Lakers,4,9,33,Missed Shot,Running Pull-Up Jump Shot,3PT Field Goal,Above the Break 3,Right Side Center(RC),24+ ft.,25.0,103.0,231.0,1,0,20260109,LAL,MIL,LeBron James,2026,LAL,Missed,25.29229131573492,LeBron James
Shot Chart Detail,22500541,508,2544,LeBron James,1610612747,Los Angeles Lakers,4,8,55,Made Shot,Driving Finger Roll Layup Shot,2PT Field Goal,Restricted Area,Center(C),Less Than 8 ft.,0.0,9.0,4.0,1,1,20260109,LAL,MIL,LeBron James,2026,LAL,Made,0.9848857801796104,LeBron James
Shot Chart Detail,22500541,533,2544,LeBron James,1610612747,Los Angeles Lakers,4,6,50,Made Shot,Step Back Jump shot,2PT Field Goal,Mid-Range,Center(C),8-16 ft.,14.0,15.0,144.0,1,1,20260109,LAL,MIL,LeBron James,2026,LAL,Made,14.477914214416383,LeBron James
Shot Chart Detail,22500541,538,2544,LeBron James,1610612747,Los Angeles Lakers,4,6,12,Missed Shot,Turnaround Fadeaway shot,2PT Field Goal,In The Paint (Non-RA),Center(C),8-16 ft.,14.0,45.0,136.0,1,0,20260109,LAL,MIL,LeBron James,2026,LAL,Missed,14.32515270424717,LeBron James
Shot Chart Detail,22500541,544,2544,LeBron James,1610612747,Los Angeles Lakers,4,6,2,Made Shot,Driving Layup Shot,2PT Field Goal,Restricted Area,Center(C),Less Than 8 ft.,1.0,-7.0,11.0,1,1,20260109,LAL,MIL,LeBron James,2026,LAL,Made,1.3038404810405297,LeBron James
Shot Chart Detail,22500541,582,2544,LeBron James,1610612747,Los Angeles Lakers,4,3,4,Made Shot,Putback Layup Shot,2PT Field Goal,Restricted Area,Center(C),Less Than 8 ft.,0.0,0.0,0.0,1,1,20260109,LAL,MIL,LeBron James,2026,LAL,Made,0.0,LeBron James
Shot Chart Detail,22500541,585,2544,LeBron James,1610612747,Los Angeles Lakers,4,2,40,Missed Shot,Running Pull-Up Jump Shot,3PT Field Goal,Above the Break 3,Left Side Center(LC),24+ ft.,26.0,-194.0,178.0,1,0,20260109,LAL,MIL,LeBron James,2026,LAL,Missed,26.328691574022436,LeBron James
Shot Chart Detail,22500541,591,2544,LeBron James,1610612747,Los Angeles Lakers,4,2,24,Missed Shot,Jump Shot,3PT Field Goal,Above the Break 3,Left Side Center(LC),24+ ft.,25.0,-142.0,217.0,1,0,20260109,LAL,MIL,LeBron James,2026,LAL,Missed,25.933183375744676,LeBron James
Shot Chart Detail,22500541,608,2544,LeBron James,1610612747,Los Angeles Lakers,4,0,39,Missed Shot,Driving Layup Shot,2PT Field Goal,Restricted Area,Center(C),Less Than 8 ft.,3.0,37.0,11.0,1,0,20260109,LAL,MIL,LeBron James,2026,LAL,Missed,3.8600518131237562,LeBron James
Shot Chart Detail,22500562,7,2544,LeBron James,1610612747,Los Angeles Lakers,1,11,47,Made Shot,Alley Oop Dunk Shot,2PT Field Goal,Restricted Area,Center(C),Less Than 8 ft.,2.0,1.0,21.0,1,1,20260112,SAC,LAL,LeBron James,2026,SAC,Made,2.1023796041628637,LeBron James
Shot Chart Detail,22500562,21,2544,LeBron James,1610612747,Los Angeles Lakers,1,10,31,Made Shot,Running Layup Shot,2PT Field Goal,In The Paint (Non-RA),Center(C),Less Than 8 ft.,4.0,36.0,32.0,1,1,20260112,SAC,LAL,LeBron James,2026,SAC,Made,4.8166378315169185,LeBron James
Shot Chart Detail,22500562,25,2544,LeBron James,1610612747,Los Angeles Lakers,1,10,7,Made Shot,Running Layup Shot,2PT Field Goal,In The Paint (Non-RA),Center(C),Less Than 8 ft.,4.0,34.0,26.0,1,1,20260112,SAC,LAL,LeBron James,2026,SAC,Made,4.280186911806539,LeBron James
Shot Chart Detail,22500562,39,2544,LeBron James,1610612747,Los Angeles Lakers,1,8,59,Made Shot,Running Layup Shot,2PT Field Goal,Restricted Area,Center(C),Less Than 8 ft.,3.0,29.0,27.0,1,1,20260112,SAC,LAL,LeBron James,2026,SAC,Made,3.9623225512317903,LeBron James
Shot Chart Detail,22500562,42,2544,LeBron James,1610612747,Los Angeles Lakers,1,8,32,Missed Shot,Jump Shot,3PT Field Goal,Above the Break 3,Right Side Center(RC),24+ ft.,25.0,153.0,210.0,1,0,20260112,SAC,LAL,LeBron James,2026,SAC,Missed,25.98249410660955,LeBron James
Shot Chart Detail,22500562,132,2544,LeBron James,1610612747,Los Angeles Lakers,1,1,42,Missed Shot,Driving Layup Shot,2PT Field Goal,In The Paint (Non-RA),Center(C),Less Than 8 ft.,6.0,-20.0,65.0,1,0,20260112,SAC,LAL,LeBron James,2026,SAC,Missed,6.800735254367721,LeBron James
Shot Chart Detail,22500562,137,2544,LeBron James,1610612747,Los Angeles Lakers,1,1,6,Missed Shot,Fadeaway Jump Shot,2PT Field Goal,In The Paint (Non-RA),Center(C),Less Than 8 ft.,7.0,-69.0,20.0,1,0,20260112,SAC,LAL,LeBron James,2026,SAC,Missed,7.184010022264724,LeBron James
Shot Chart Detail,22500562,142,2544,LeBron James,1610612747,Los Angeles Lakers,1,0,32,Made Shot,Driving Floating Jump Shot,2PT Field Goal,In The Paint (Non-RA),Center(C),8-16 ft.,11.0,-40.0,105.0,1,1,20260112,SAC,LAL,LeBron James,2026,SAC,Made,11.236102527122117,LeBron James
Shot Chart Detail,22500562,189,2544,LeBron James,1610612747,Los Angeles Lakers,2,10,24,Missed Shot,Pullup Jump shot,2PT Field Goal,Mid-Range,Right Side(R),8-16 ft.,11.0,92.0,65.0,1,0,20260112,SAC,LAL,LeBron James,2026,SAC,Missed,11.26454615153225,LeBron James
Shot Chart Detail,22500562,192,2544,LeBron James,1610612747,Los Angeles Lakers,2,9,55,Missed Shot,Turnaround Fadeaway shot,2PT Field Goal,Mid-Range,Right Side Center(RC),16-24 ft.,16.0,82.0,147.0,1,0,20260112,SAC,LAL,LeBron James,2026,SAC,Missed,16.832409215557945,LeBron James
Shot Chart Detail,22500562,201,2544,LeBron James,1610612747,Los Angeles Lakers,2,8,53,Missed Shot,Jump Shot,3PT Field Goal,Right Corner 3,Right Side(R),24+ ft.,23.0,235.0,18.0,1,0,20260112,SAC,LAL,LeBron James,2026,SAC,Missed,23.568835355188853,LeBron James
Shot Chart Detail,22500562,227,2544,LeBron James,1610612747,Los Angeles Lakers,2,7,0,Missed Shot,Pullup Jump shot,3PT Field Goal,Left Corner 3,Left Side(L),24+ ft.,22.0,-229.0,11.0,1,0,20260112,SAC,LAL,LeBron James,2026,SAC,Missed,22.92640399190418,LeBron James
Shot Chart Detail,22500562,365,2544,LeBron James,1610612747,Los Angeles Lakers,3,7,19,Missed Shot,Jump Shot,3PT Field Goal,Above the Break 3,Right Side Center(RC),24+ ft.,24.0,172.0,178.0,1,0,20260112,SAC,LAL,LeBron James,2026,SAC,Missed,24.752373623553762,LeBron James
Shot Chart Detail,22500562,378,2544,LeBron James,1610612747,Los Angeles Lakers,3,5,39,Made Shot,Driving Reverse Layup Shot,2PT Field Goal,Restricted Area,Center(C),Less Than 8 ft.,3.0,-9.0,31.0,1,1,20260112,SAC,LAL,LeBron James,2026,SAC,Made,3.228002478313795,LeBron James
Shot Chart Detail,22500562,381,2544,LeBron James,1610612747,Los Angeles Lakers,3,5,16,Missed Shot,Pullup Jump shot,3PT Field Goal,Above the Break 3,Center(C),24+ ft.,24.0,-17.0,246.0,1,0,20260112,SAC,LAL,LeBron James,2026,SAC,Missed,24.658669874914178,LeBron James
Shot Chart Detail,22500562,386,2544,LeBron James,1610612747,Los Angeles Lakers,3,4,46,Made Shot,Running Layup Shot,2PT Field Goal,Restricted Area,Center(C),Less Than 8 ft.,3.0,37.0,11.0,1,1,20260112,SAC,LAL,LeBron James,2026,SAC,Made,3.8600518131237562,LeBron James
Shot Chart Detail,22500562,449,2544,LeBron James,1610612747,Los Angeles Lakers,3,0,36,Made Shot,Driving Layup Shot,2PT Field Goal,Restricted Area,Center(C),Less Than 8 ft.,3.0,-27.0,24.0,1,1,20260112,SAC,LAL,LeBron James,2026,SAC,Made,3.612478373637688,LeBron James
Shot Chart Detail,22500569,16,2544,LeBron James,1610612747,Los Angeles Lakers,1,11,3,Made Shot,Driving Layup Shot,2PT Field Goal,Restricted Area,Center(C),Less Than 8 ft.,2.0,17.0,24.0,1,1,20260113,LAL,ATL,LeBron James,2026,LAL,Made,2.9410882339705484,LeBron James
Shot Chart Detail,22500569,25,2544,LeBron James,1610612747,Los Angeles Lakers,1,10,12,Missed Shot,Running Layup Shot,2PT Field Goal,In The Paint (Non-RA),Center(C),Less Than 8 ft.,4.0,-34.0,27.0,1,0,20260113,LAL,ATL,LeBron James,2026,LAL,Missed,4.341658669218482,LeBron James
Shot Chart Detail,22500569,39,2544,LeBron James,1610612747,Los Angeles Lakers,1,9,5,Made Shot,Running Dunk Shot,2PT Field Goal,Restricted Area,Center(C),Less Than 8 ft.,1.0,-5.0,15.0,1,1,20260113,LAL,ATL,LeBron James,2026,LAL,Made,1.5811388300841895,LeBron James
Shot Chart Detail,22500569,60,2544,LeBron James,1610612747,Los Angeles Lakers,1,7,19,Missed Shot,Driving Layup Shot,2PT Field Goal,In The Paint (Non-RA),Center(C),Less Than 8 ft.,4.0,23.0,36.0,1,0,20260113,LAL,ATL,LeBron James,2026,LAL,Missed,4.272001872658765,LeBron James
Shot Chart Detail,22500569,74,2544,LeBron James,1610612747,Los Angeles Lakers,1,6,30,Missed Shot,Jump Shot,3PT Field Goal,Above the Break 3,Left Side Center(LC),24+ ft.,28.0,-165.0,237.0,1,0,20260113,LAL,ATL,LeBron James,2026,LAL,Missed,28.87801932266131,LeBron James
Shot Chart Detail,22500569,162,2544,LeBron James,1610612747,Los Angeles Lakers,1,0,54,Made Shot,Driving Layup Shot,2PT Field Goal,In The Paint (Non-RA),Center(C),Less Than 8 ft.,4.0,-22.0,38.0,1,1,20260113,LAL,ATL,LeBron James,2026,LAL,Made,4.39089968002003,LeBron James
Shot Chart Detail,22500569,202,2544,LeBron James,1610612747,Los Angeles Lakers,2,9,51,Missed Shot,Turnaround Fadeaway shot,2PT Field Goal,Mid-Range,Right Side(R),16-24 ft.,17.0,146.0,104.0,1,0,20260113,LAL,ATL,LeBron James,2026,LAL,Missed,17.925400971805345,LeBron James
Shot Chart Detail,22500569,321,2544,LeBron James,1610612747,Los Angeles Lakers,2,1,50,Made Shot,Running Layup Shot,2PT Field Goal,Restricted Area,Center(C),Less Than 8 ft.,1.0,9.0,14.0,1,1,20260113,LAL,ATL,LeBron James,2026,LAL,Made,1.6643316977093239,LeBron James
Shot Chart Detail,22500569,334,2544,LeBron James,1610612747,Los Angeles Lakers,2,0,47,Made Shot,Running Reverse Layup Shot,2PT Field Goal,Restricted Area,Center(C),Less Than 8 ft.,1.0,-17.0,3.0,1,1,20260113,LAL,ATL,LeBron James,2026,LAL,Made,1.7262676501632068,LeBron James
Shot Chart Detail,22500569,370,2544,LeBron James,1610612747,Los Angeles Lakers,3,10,30,Made Shot,Running Layup Shot,2PT Field Goal,Restricted Area,Center(C),Less Than 8 ft.,1.0,6.0,8.0,1,1,20260113,LAL,ATL,LeBron James,2026,LAL,Made,1.0,LeBron James
Shot Chart Detail,22500569,391,2544,LeBron James,1610612747,Los Angeles Lakers,3,8,37,Made Shot,Cutting Layup Shot,2PT Field Goal,Restricted Area,Center(C),Less Than 8 ft.,0.0,2.0,4.0,1,1,20260113,LAL,ATL,LeBron James,2026,LAL,Made,0.447213595499958,LeBron James
Shot Chart Detail,22500569,400,2544,LeBron James,1610612747,Los Angeles Lakers,3,8,0,Made Shot,Jump Shot,3PT Field Goal,Above the Break 3,Left Side Center(LC),24+ ft.,27.0,-224.0,153.0,1,1,20260113,LAL,ATL,LeBron James,2026,LAL,Made,27.126555254952667,LeBron James
Shot Chart Detail,22500569,486,2544,LeBron James,1610612747,Los Angeles Lakers,3,2,49,Missed Shot,Turnaround Fadeaway shot,2PT Field Goal,Mid-Range,Center(C),8-16 ft.,14.0,18.0,148.0,1,0,20260113,LAL,ATL,LeBron James,2026,LAL,Missed,14.909057649630308,LeBron James
Shot Chart Detail,22500569,497,2544,LeBron James,1610612747,Los Angeles Lakers,3,1,45,Missed Shot,Driving Layup Shot,2PT Field Goal,In The Paint (Non-RA),Center(C),Less Than 8 ft.,4.0,-33.0,27.0,1,0,20260113,LAL,ATL,LeBron James,2026,LAL,Missed,4.263801121065568,LeBron James
Shot Chart Detail,22500569,511,2544,LeBron James,1610612747,Los Angeles Lakers,3,0,47,Missed Shot,Driving Layup Shot,2PT Field Goal,In The Paint (Non-RA),Center(C),Less Than 8 ft.,4.0,-25.0,34.0,1,0,20260113,LAL,ATL,LeBron James,2026,LAL,Missed,4.220189569201838,LeBron James
Shot Chart Detail,22500569,530,2544,LeBron James,1610612747,Los Angeles Lakers,4,11,44,Made Shot,Pullup Jump shot,2PT Field Goal,In The Paint (Non-RA),Left Side(L),8-16 ft.,8.0,-74.0,34.0,1,1,20260113,LAL,ATL,LeBron James,2026,LAL,Made,8.143709228600933,LeBron James
Shot Chart Detail,22500569,536,2544,LeBron James,1610612747,Los Angeles Lakers,4,10,56,Missed Shot,Fadeaway Jump Shot,3PT Field Goal,Above the Break 3,Right Side Center(RC),24+ ft.,27.0,163.0,218.0,1,0,20260113,LAL,ATL,LeBron James,2026,LAL,Missed,27.220029390138432,LeBron James
Shot Chart Detail,22500569,563,2544,LeBron James,1610612747,Los Angeles Lakers,4,8,46,Made Shot,Jump Shot,3PT Field Goal,Right Corner 3,Right Side(R),24+ ft.,23.0,229.0,31.0,1,1,20260113,LAL,ATL,LeBron James,2026,LAL,Made,23.108872754853273,LeBron James
Shot Chart Detail,22500569,598,2544,LeBron James,1610612747,Los Angeles Lakers,4,6,49,Made Shot,Running Dunk Shot,2PT Field Goal,Restricted Area,Center(C),Less Than 8 ft.,1.0,-10.0,10.0,1,1,20260113,LAL,ATL,LeBron James,2026,LAL,Made,1.4142135623730951,LeBron James
Shot Chart Detail,22500569,628,2544,LeBron James,1610612747,Los Angeles Lakers,4,4,2,Made Shot,Driving Layup Shot,2PT Field Goal,Restricted Area,Center(C),Less Than 8 ft.,0.0,-6.0,7.0,1,1,20260113,LAL,ATL,LeBron James,2026,LAL,Made,0.9219544457292888,LeBron James
Shot Chart Detail,22500586,11,2544,LeBron James,1610612747,Los Angeles Lakers,1,11,0,Made Shot,Jump Shot,3PT Field Goal,Above the Break 3,Right Side Center(RC),24+ ft.,25.0,223.0,117.0,1,1,20260115,LAL,CHA,LeBron James,2026,LAL,Made,25.182930726982512,LeBron James
Shot Chart Detail,22500586,55,2544,LeBron James,1610612747,Los Angeles Lakers,1,7,11,Missed Shot,Running Jump Shot,3PT Field Goal,Above the Break 3,Right Side Center(RC),24+ ft.,26.0,134.0,230.0,1,0,20260115,LAL,CHA,LeBron James,2026,LAL,Missed,26.618790355686713,LeBron James
Shot Chart Detail,22500586,76,2544,LeBron James,1610612747,Los Angeles Lakers,1,5,3,Made Shot,Turnaround Fadeaway shot,2PT Field Goal,Mid-Range,Left Side(L),16-24 ft.,17.0,-169.0,52.0,1,1,20260115,LAL,CHA,LeBron James,2026,LAL,Made,17.681911661356075,LeBron James
Shot Chart Detail,22500586,190,2544,LeBron James,1610612747,Los Angeles Lakers,2,10,2,Missed Shot,Running Layup Shot,2PT Field Goal,Restricted Area,Center(C),Less Than 8 ft.,3.0,16.0,32.0,1,0,20260115,LAL,CHA,LeBron James,2026,LAL,Missed,3.577708763999664,LeBron James
Shot Chart Detail,22500586,203,2544,LeBron James,1610612747,Los Angeles Lakers,2,9,23,Missed Shot,Fadeaway Jump Shot,2PT Field Goal,Mid-Range,Left Side(L),8-16 ft.,15.0,-156.0,8.0,1,0,20260115,LAL,CHA,LeBron James,2026,LAL,Missed,15.620499351813308,LeBron James
Shot Chart Detail,22500586,215,2544,LeBron James,1610612747,Los Angeles Lakers,2,8,15,Missed Shot,Turnaround Fadeaway shot,2PT Field Goal,Mid-Range,Left Side(L),8-16 ft.,15.0,-131.0,81.0,1,0,20260115,LAL,CHA,LeBron James,2026,LAL,Missed,15.401947928752389,LeBron James
Shot Chart Detail,22500586,314,2544,LeBron James,1610612747,Los Angeles Lakers,2,0,44,Made Shot,Pullup Jump shot,3PT Field Goal,Above the Break 3,Center(C),24+ ft.,27.0,13.0,273.0,1,1,20260115,LAL,CHA,LeBron James,2026,LAL,Made,27.33093485411723,LeBron James
Shot Chart Detail,22500586,322,2544,LeBron James,1610612747,Los Angeles Lakers,2,0,14,Missed Shot,Jump Shot,3PT Field Goal,Above the Break 3,Center(C),24+ ft.,27.0,51.0,269.0,1,0,20260115,LAL,CHA,LeBron James,2026,LAL,Missed,27.379189177183463,LeBron James
Shot Chart Detail,22500586,336,2544,LeBron James,1610612747,Los Angeles Lakers,3,11,40,Missed Shot,Running Reverse Layup Shot,2PT Field Goal,Restricted Area,Center(C),Less Than 8 ft.,2.0,-6.0,25.0,1,0,20260115,LAL,CHA,LeBron James,2026,LAL,Missed,2.570992026436488,LeBron James
Shot Chart Detail,22500586,338,2544,LeBron James,1610612747,Los Angeles Lakers,3,11,34,Made Shot,Jump Shot,3PT Field Goal,Above the Break 3,Left Side Center(LC),24+ ft.,26.0,-234.0,126.0,1,1,20260115,LAL,CHA,LeBron James,2026,LAL,Made,26.57668150842012,LeBron James
Shot Chart Detail,22500586,373,2544,LeBron James,1610612747,Los Angeles Lakers,3,8,13,Made Shot,Running Layup Shot,2PT Field Goal,Restricted Area,Center(C),Less Than 8 ft.,2.0,7.0,20.0,1,1,20260115,LAL,CHA,LeBron James,2026,LAL,Made,2.118962010041709,LeBron James
Shot Chart Detail,22500586,475,2544,LeBron James,1610612747,Los Angeles Lakers,3,1,57,Made Shot,Driving Floating Jump Shot,2PT Field Goal,Restricted Area,Center(C),Less Than 8 ft.,3.0,-2.0,37.0,1,1,20260115,LAL,CHA,LeBron James,2026,LAL,Made,3.705401462729781,LeBron James
Shot Chart Detail,22500586,499,2544,LeBron James,1610612747,Los Angeles Lakers,3,0,15,Missed Shot,Driving Floating Jump Shot,2PT Field Goal,In The Paint (Non-RA),Center(C),Less Than 8 ft.,6.0,0.0,63.0,1,0,20260115,LAL,CHA,LeBron James,2026,LAL,Missed,6.3,LeBron James
Shot Chart Detail,22500586,511,2544,LeBron James,1610612747,Los Angeles Lakers,4,11,41,Missed Shot,Driving Layup Shot,2PT Field Goal,In The Paint (Non-RA),Center(C),8-16 ft.,9.0,25.0,87.0,1,0,20260115,LAL,CHA,LeBron James,2026,LAL,Missed,9.052071586106685,LeBron James
Shot Chart Detail,22500586,549,2544,LeBron James,1610612747,Los Angeles Lakers,4,9,6,Made Shot,Running Layup Shot,2PT Field Goal,Restricted Area,Center(C),Less Than 8 ft.,2.0,-4.0,26.0,1,1,20260115,LAL,CHA,LeBron James,2026,LAL,Made,2.630589287593181,LeBron James
Shot Chart Detail,22500586,622,2544,LeBron James,1610612747,Los Angeles Lakers,4,4,17,Made Shot,Driving Layup Shot,2PT Field Goal,In The Paint (Non-RA),Center(C),Less Than 8 ft.,4.0,-42.0,21.0,1,1,20260115,LAL,CHA,LeBron James,2026,LAL,Made,4.695742752749558,LeBron James
Shot Chart Detail,22500586,633,2544,LeBron James,1610612747,Los Angeles Lakers,4,3,20,Made Shot,Running Layup Shot,2PT Field Goal,Restricted Area,Center(C),Less Than 8 ft.,3.0,5.0,35.0,1,1,20260115,LAL,CHA,LeBron James,2026,LAL,Made,3.5355339059327378,LeBron James
Shot Chart Detail,22500586,645,2544,LeBron James,1610612747,Los Angeles Lakers,4,2,30,Made Shot,Running Pull-Up Jump Shot,2PT Field Goal,In The Paint (Non-RA),Center(C),Less Than 8 ft.,5.0,-26.0,51.0,1,1,20260115,LAL,CHA,LeBron James,2026,LAL,Made,5.724508712544685,LeBron James
Shot Chart Detail,22500586,650,2544,LeBron James,1610612747,Los Angeles Lakers,4,1,51,Missed Shot,Pullup Jump shot,3PT Field Goal,Above the Break 3,Center(C),24+ ft.,27.0,25.0,278.0,1,0,20260115,LAL,CHA,LeBron James,2026,LAL,Missed,27.912183719659055,LeBron James
Shot Chart Detail,22500601,13,2544,LeBron James,1610612747,Los Angeles Lakers,1,11,14,Missed Shot,Running Reverse Layup Shot,2PT Field Goal,Restricted Area,Center(C),Less Than 8 ft.,2.0,-20.0,9.0,1,0,20260117,POR,LAL,LeBron James,2026,POR,Missed,2.193171219946131,LeBron James
Shot Chart Detail,22500601,35,2544,LeBron James,1610612747,Los Angeles Lakers,1,9,26,Missed Shot,Driving Dunk Shot,2PT Field Goal,In The Paint (Non-RA),Center(C),Less Than 8 ft.,5.0,-6.0,50.0,1,0,20260117,POR,LAL,LeBron James,2026,POR,Missed,5.035871324805669,LeBron James
Shot Chart Detail,22500601,87,2544,LeBron James,1610612747,Los Angeles Lakers,1,6,15,Missed Shot,Fadeaway Jump Shot,2PT Field Goal,Mid-Range,Left Side(L),8-16 ft.,11.0,-115.0,32.0,1,0,20260117,POR,LAL,LeBron James,2026,POR,Missed,11.936917525056458,LeBron James
Shot Chart Detail,22500601,184,2544,LeBron James,1610612747,Los Angeles Lakers,1,1,15,Missed Shot,Turnaround Fadeaway shot,2PT Field Goal,Mid-Range,Left Side Center(LC),16-24 ft.,19.0,-86.0,180.0,1,0,20260117,POR,LAL,LeBron James,2026,POR,Missed,19.948934808655824,LeBron James
Shot Chart Detail,22500601,191,2544,LeBron James,1610612747,Los Angeles Lakers,1,0,56,Missed Shot,Pullup Jump shot,2PT Field Goal,In The Paint (Non-RA),Center(C),Less Than 8 ft.,5.0,44.0,27.0,1,0,20260117,POR,LAL,LeBron James,2026,POR,Missed,5.162363799656123,LeBron James
Shot Chart Detail,22500601,196,2544,LeBron James,1610612747,Los Angeles Lakers,1,0,28,Made Shot,Driving Layup Shot,2PT Field Goal,Restricted Area,Center(C),Less Than 8 ft.,0.0,-7.0,5.0,1,1,20260117,POR,LAL,LeBron James,2026,POR,Made,0.8602325267042626,LeBron James
Shot Chart Detail,22500601,198,2544,LeBron James,1610612747,Los Angeles Lakers,1,0,0,Missed Shot,Pullup Jump shot,2PT Field Goal,Mid-Range,Center(C),16-24 ft.,22.0,2.0,220.0,1,0,20260117,POR,LAL,LeBron James,2026,POR,Missed,22.000909072126994,LeBron James
Shot Chart Detail,22500601,213,2544,LeBron James,1610612747,Los Angeles Lakers,2,10,47,Missed Shot,Jump Shot,3PT Field Goal,Above the Break 3,Left Side Center(LC),24+ ft.,26.0,-132.0,225.0,1,0,20260117,POR,LAL,LeBron James,2026,POR,Missed,26.08620324999405,LeBron James
Shot Chart Detail,22500601,280,2544,LeBron James,1610612747,Los Angeles Lakers,2,5,51,Made Shot,Driving Layup Shot,2PT Field Goal,Restricted Area,Center(C),Less Than 8 ft.,0.0,7.0,-1.0,1,1,20260117,POR,LAL,LeBron James,2026,POR,Made,0.7071067811865476,LeBron James
Shot Chart Detail,22500601,294,2544,LeBron James,1610612747,Los Angeles Lakers,2,5,5,Made Shot,Driving Dunk Shot,2PT Field Goal,Restricted Area,Center(C),Less Than 8 ft.,0.0,-5.0,-4.0,1,1,20260117,POR,LAL,LeBron James,2026,POR,Made,0.6403124237432849,LeBron James
Shot Chart Detail,22500601,366,2544,LeBron James,1610612747,Los Angeles Lakers,2,0,37,Missed Shot,Fadeaway Jump Shot,2PT Field Goal,Mid-Range,Left Side(L),8-16 ft.,15.0,-86.0,132.0,1,0,20260117,POR,LAL,LeBron James,2026,POR,Missed,15.754364474646383,LeBron James
Shot Chart Detail,22500601,371,2544,LeBron James,1610612747,Los Angeles Lakers,2,0,7,Missed Shot,Driving Layup Shot,2PT Field Goal,Restricted Area,Center(C),Less Than 8 ft.,0.0,-7.0,-1.0,1,0,20260117,POR,LAL,LeBron James,2026,POR,Missed,0.7071067811865476,LeBron James
Shot Chart Detail,22500601,463,2544,LeBron James,1610612747,Los Angeles Lakers,3,6,16,Made Shot,Fadeaway Jump Shot,2PT Field Goal,Mid-Range,Left Side(L),8-16 ft.,12.0,-120.0,39.0,1,1,20260117,POR,LAL,LeBron James,2026,POR,Made,12.617844506887854,LeBron James
Shot Chart Detail,22500601,466,2544,LeBron James,1610612747,Los Angeles Lakers,3,5,48,Missed Shot,Pullup Jump shot,3PT Field Goal,Above the Break 3,Left Side Center(LC),24+ ft.,33.0,-126.0,309.0,1,0,20260117,POR,LAL,LeBron James,2026,POR,Missed,33.370196283510225,LeBron James
Shot Chart Detail,22500601,549,2544,LeBron James,1610612747,Los Angeles Lakers,3,0,2,Made Shot,Driving Finger Roll Layup Shot,2PT Field Goal,Restricted Area,Center(C),Less Than 8 ft.,1.0,-4.0,17.0,1,1,20260117,POR,LAL,LeBron James,2026,POR,Made,1.7464249196572978,LeBron James
Shot Chart Detail,22500601,567,2544,LeBron James,1610612747,Los Angeles Lakers,4,11,41,Made Shot,Jump Shot,3PT Field Goal,Above the Break 3,Left Side Center(LC),24+ ft.,26.0,-156.0,214.0,1,1,20260117,POR,LAL,LeBron James,2026,POR,Made,26.48244701684495,LeBron James
Shot Chart Detail,22500607,70,2544,LeBron James,1610612747,Los Angeles Lakers,1,7,0,Made Shot,Jump Shot,2PT Field Goal,Mid-Range,Left Side(L),16-24 ft.,22.0,-192.0,123.0,1,1,20260118,LAL,TOR,LeBron James,2026,LAL,Made,22.80197359879184,LeBron James
Shot Chart Detail,22500607,80,2544,LeBron James,1610612747,Los Angeles Lakers,1,6,20,Missed Shot,Jump Shot,2PT Field Goal,Mid-Range,Left Side Center(LC),16-24 ft.,21.0,-103.0,189.0,1,0,20260118,LAL,TOR,LeBron James,2026,LAL,Missed,21.524404753674375,LeBron James
Shot Chart Detail,22500607,152,2544,LeBron James,1610612747,Los Angeles Lakers,1,0,37,Missed Shot,Pullup Jump shot,3PT Field Goal,Above the Break 3,Left Side Center(LC),24+ ft.,26.0,-138.0,231.0,1,0,20260118,LAL,TOR,LeBron James,2026,LAL,Missed,26.908177195789385,LeBron James
Shot Chart Detail,22500607,179,2544,LeBron James,1610612747,Los Angeles Lakers,2,11,8,Made Shot,Jump Shot,3PT Field Goal,Above the Break 3,Right Side Center(RC),24+ ft.,26.0,145.0,217.0,1,1,20260118,LAL,TOR,LeBron James,2026,LAL,Made,26.09865896938002,LeBron James
Shot Chart Detail,22500607,191,2544,LeBron James,1610612747,Los Angeles Lakers,2,9,51,Made Shot,Turnaround Fadeaway shot,2PT Field Goal,Mid-Range,Left Side(L),8-16 ft.,11.0,-110.0,35.0,1,1,20260118,LAL,TOR,LeBron James,2026,LAL,Made,11.543396380615196,LeBron James
Shot Chart Detail,22500607,197,2544,LeBron James,1610612747,Los Angeles Lakers,2,9,17,Missed Shot,Pullup Jump shot,3PT Field Goal,Above the Break 3,Right Side Center(RC),24+ ft.,26.0,115.0,244.0,1,0,20260118,LAL,TOR,LeBron James,2026,LAL,Missed,26.974246977441275,LeBron James
Shot Chart Detail,22500607,210,2544,LeBron James,1610612747,Los Angeles Lakers,2,8,30,Made Shot,Driving Floating Jump Shot,2PT Field Goal,Restricted Area,Center(C),Less Than 8 ft.,1.0,-10.0,4.0,1,1,20260118,LAL,TOR,LeBron James,2026,LAL,Made,1.0770329614269007,LeBron James
Shot Chart Detail,22500607,228,2544,LeBron James,1610612747,Los Angeles Lakers,2,7,6,Missed Shot,Driving Reverse Layup Shot,2PT Field Goal,Restricted Area,Center(C),Less Than 8 ft.,2.0,5.0,27.0,1,0,20260118,LAL,TOR,LeBron James,2026,LAL,Missed,2.7459060435491964,LeBron James
Shot Chart Detail,22500607,310,2544,LeBron James,1610612747,Los Angeles Lakers,2,1,30,Made Shot,Driving Finger Roll Layup Shot,2PT Field Goal,Restricted Area,Center(C),Less Than 8 ft.,3.0,6.0,36.0,1,1,20260118,LAL,TOR,LeBron James,2026,LAL,Made,3.6496575181789317,LeBron James
Shot Chart Detail,22500607,385,2544,LeBron James,1610612747,Los Angeles Lakers,3,6,55,Made Shot,Running Layup Shot,2PT Field Goal,In The Paint (Non-RA),Center(C),Less Than 8 ft.,4.0,9.0,42.0,1,1,20260118,LAL,TOR,LeBron James,2026,LAL,Made,4.295346318982906,LeBron James
Shot Chart Detail,22500607,484,2544,LeBron James,1610612747,Los Angeles Lakers,3,1,24,Made Shot,Pullup Jump shot,3PT Field Goal,Above the Break 3,Right Side Center(RC),24+ ft.,24.0,121.0,216.0,1,1,20260118,LAL,TOR,LeBron James,2026,LAL,Made,24.75823095457347,LeBron James
Shot Chart Detail,22500607,520,2544,LeBron James,1610612747,Los Angeles Lakers,4,11,38,Made Shot,Driving Reverse Layup Shot,2PT Field Goal,Restricted Area,Center(C),Less Than 8 ft.,2.0,-26.0,14.0,1,1,20260118,LAL,TOR,LeBron James,2026,LAL,Made,2.95296461204668,LeBron James
Shot Chart Detail,22500607,526,2544,LeBron James,1610612747,Los Angeles Lakers,4,10,44,Made Shot,Pullup Jump shot,2PT Field Goal,In The Paint (Non-RA),Center(C),8-16 ft.,10.0,-48.0,93.0,1,1,20260118,LAL,TOR,LeBron James,2026,LAL,Made,10.465658125507444,LeBron James
Shot Chart Detail,22500607,529,2544,LeBron James,1610612747,Los Angeles Lakers,4,10,6,Missed Shot,Turnaround Fadeaway shot,2PT Field Goal,Mid-Range,Left Side(L),16-24 ft.,16.0,-158.0,41.0,1,0,20260118,LAL,TOR,LeBron James,2026,LAL,Missed,16.323296235748465,LeBron James
Shot Chart Detail,22500607,553,2544,LeBron James,1610612747,Los Angeles Lakers,4,8,13,Missed Shot,Driving Floating Jump Shot,2PT Field Goal,In The Paint (Non-RA),Center(C),8-16 ft.,10.0,36.0,96.0,1,0,20260118,LAL,TOR,LeBron James,2026,LAL,Missed,10.252804494381037,LeBron James
Shot Chart Detail,22500607,556,2544,LeBron James,1610612747,Los Angeles Lakers,4,8,11,Missed Shot,Fadeaway Jump Shot,2PT Field Goal,Mid-Range,Center(C),8-16 ft.,14.0,-10.0,143.0,1,0,20260118,LAL,TOR,LeBron James,2026,LAL,Missed,14.334922392534953,LeBron James
Shot Chart Detail,22500607,604,2544,LeBron James,1610612747,Los Angeles Lakers,4,4,46,Missed Shot,Driving Floating Bank Jump Shot,2PT Field Goal,In The Paint (Non-RA),Right Side(R),8-16 ft.,11.0,76.0,87.0,1,0,20260118,LAL,TOR,LeBron James,2026,LAL,Missed,11.552056094046636,LeBron James
Shot Chart Detail,22500617,12,2544,LeBron James,1610612747,Los Angeles Lakers,1,10,45,Missed Shot,Turnaround Fadeaway shot,2PT Field Goal,Mid-Range,Left Side(L),8-16 ft.,14.0,-148.0,19.0,1,0,20260120,DEN,LAL,LeBron James,2026,DEN,Missed,14.921461054467823,LeBron James
Shot Chart Detail,22500617,127,2544,LeBron James,1610612747,Los Angeles Lakers,1,1,35,Missed Shot,Driving Finger Roll Layup Shot,2PT Field Goal,Restricted Area,Center(C),Less Than 8 ft.,1.0,-4.0,13.0,1,0,20260120,DEN,LAL,LeBron James,2026,DEN,Missed,1.3601470508735445,LeBron James
Shot Chart Detail,22500617,149,2544,LeBron James,1610612747,Los Angeles Lakers,1,0,0,Made Shot,Fadeaway Jump Shot,2PT Field Goal,Mid-Range,Right Side(R),8-16 ft.,14.0,137.0,32.0,1,1,20260120,DEN,LAL,LeBron James,2026,DEN,Made,14.068759717899798,LeBron James
Shot Chart Detail,22500617,170,2544,LeBron James,1610612747,Los Angeles Lakers,2,10,42,Made Shot,Turnaround Fadeaway shot,2PT Field Goal,Mid-Range,Left Side(L),8-16 ft.,13.0,-129.0,37.0,1,1,20260120,DEN,LAL,LeBron James,2026,DEN,Made,13.420134127496642,LeBron James
Shot Chart Detail,22500617,239,2544,LeBron James,1610612747,Los Angeles Lakers,2,6,21,Made Shot,Running Dunk Shot,2PT Field Goal,Restricted Area,Center(C),Less Than 8 ft.,0.0,2.0,0.0,1,1,20260120,DEN,LAL,LeBron James,2026,DEN,Made,0.2,LeBron James
Shot Chart Detail,22500617,346,2544,LeBron James,1610612747,Los Angeles Lakers,3,11,48,Missed Shot,Driving Layup Shot,2PT Field Goal,Restricted Area,Center(C),Less Than 8 ft.,3.0,-18.0,32.0,1,0,20260120,DEN,LAL,LeBron James,2026,DEN,Missed,3.671511950137164,LeBron James
Shot Chart Detail,22500617,351,2544,LeBron James,1610612747,Los Angeles Lakers,3,11,31,Made Shot,Running Layup Shot,2PT Field Goal,Restricted Area,Center(C),Less Than 8 ft.,1.0,1.0,12.0,1,1,20260120,DEN,LAL,LeBron James,2026,DEN,Made,1.2041594578792296,LeBron James
Shot Chart Detail,22500617,370,2544,LeBron James,1610612747,Los Angeles Lakers,3,8,54,Made Shot,Running Layup Shot,2PT Field Goal,Restricted Area,Center(C),Less Than 8 ft.,2.0,-21.0,-1.0,1,1,20260120,DEN,LAL,LeBron James,2026,DEN,Made,2.1023796041628637,LeBron James
Shot Chart Detail,22500617,450,2544,LeBron James,1610612747,Los Angeles Lakers,3,2,9,Missed Shot,Jump Shot,2PT Field Goal,Mid-Range,Center(C),16-24 ft.,19.0,47.0,189.0,1,0,20260120,DEN,LAL,LeBron James,2026,DEN,Missed,19.47562579225633,LeBron James
Shot Chart Detail,22500617,454,2544,LeBron James,1610612747,Los Angeles Lakers,3,1,52,Made Shot,Running Pull-Up Jump Shot,3PT Field Goal,Above the Break 3,Center(C),24+ ft.,26.0,-69.0,251.0,1,1,20260120,DEN,LAL,LeBron James,2026,DEN,Made,26.031135203828512,LeBron James
Shot Chart Detail,22500617,463,2544,LeBron James,1610612747,Los Angeles Lakers,3,1,0,Made Shot,Driving Finger Roll Layup Shot,2PT Field Goal,Restricted Area,Center(C),Less Than 8 ft.,1.0,-16.0,10.0,1,1,20260120,DEN,LAL,LeBron James,2026,DEN,Made,1.8867962264113207,LeBron James
Shot Chart Detail,22500617,488,2544,LeBron James,1610612747,Los Angeles Lakers,4,10,39,Missed Shot,Turnaround Fadeaway shot,2PT Field Goal,Mid-Range,Right Side(R),8-16 ft.,14.0,116.0,84.0,1,0,20260120,DEN,LAL,LeBron James,2026,DEN,Missed,14.322011031974526,LeBron James
Shot Chart Detail,22500617,521,2544,LeBron James,1610612747,Los Angeles Lakers,4,8,35,Missed Shot,Driving Layup Shot,2PT Field Goal,In The Paint (Non-RA),Center(C),Less Than 8 ft.,6.0,17.0,59.0,1,0,20260120,DEN,LAL,LeBron James,2026,DEN,Missed,6.1400325732035,LeBron James
Shot Chart Detail,22500617,599,2544,LeBron James,1610612747,Los Angeles Lakers,4,3,54,Missed Shot,Cutting Layup Shot,2PT Field Goal,Restricted Area,Center(C),Less Than 8 ft.,1.0,-7.0,18.0,1,0,20260120,DEN,LAL,LeBron James,2026,DEN,Missed,1.9313207915827966,LeBron James
Shot Chart Detail,22500617,620,2544,LeBron James,1610612747,Los Angeles Lakers,4,1,48,Made Shot,Cutting Dunk Shot,2PT Field Goal,Restricted Area,Center(C),Less Than 8 ft.,1.0,0.0,11.0,1,1,20260120,DEN,LAL,LeBron James,2026,DEN,Made,1.1,LeBron James
Shot Chart Detail,22500633,22,2544,LeBron James,1610612747,Los Angeles Lakers,1,10,2,Missed Shot,Fadeaway Jump Shot,2PT Field Goal,In The Paint (Non-RA),Left Side(L),8-16 ft.,9.0,-61.0,79.0,1,0,20260122,LAC,LAL,LeBron James,2026,LAC,Missed,9.980981915623332,LeBron James
Shot Chart Detail,22500633,52,2544,LeBron James,1610612747,Los Angeles Lakers,1,6,26,Made Shot,Pullup Jump shot,2PT Field Goal,In The Paint (Non-RA),Center(C),8-16 ft.,12.0,44.0,122.0,1,1,20260122,LAC,LAL,LeBron James,2026,LAC,Made,12.96919426949878,LeBron James
Shot Chart Detail,22500633,79,2544,LeBron James,1610612747,Los Angeles Lakers,1,5,24,Missed Shot,Jump Shot,3PT Field Goal,Above the Break 3,Left Side Center(LC),24+ ft.,26.0,-86.0,255.0,1,0,20260122,LAC,LAL,LeBron James,2026,LAC,Missed,26.91115010548602,LeBron James
Shot Chart Detail,22500633,84,2544,LeBron James,1610612747,Los Angeles Lakers,1,4,59,Missed Shot,Pullup Jump shot,2PT Field Goal,In The Paint (Non-RA),Center(C),Less Than 8 ft.,5.0,-11.0,57.0,1,0,20260122,LAC,LAL,LeBron James,2026,LAC,Missed,5.805170109479997,LeBron James
Shot Chart Detail,22500633,153,2544,LeBron James,1610612747,Los Angeles Lakers,2,10,50,Made Shot,Fadeaway Jump Shot,2PT Field Goal,In The Paint (Non-RA),Right Side(R),8-16 ft.,11.0,77.0,79.0,1,1,20260122,LAC,LAL,LeBron James,2026,LAC,Made,11.03177229641729,LeBron James
Shot Chart Detail,22500633,157,2544,LeBron James,1610612747,Los Angeles Lakers,2,10,20,Missed Shot,Fadeaway Jump Shot,2PT Field Goal,In The Paint (Non-RA),Center(C),8-16 ft.,10.0,-26.0,103.0,1,0,20260122,LAC,LAL,LeBron James,2026,LAC,Missed,10.62308806327049,LeBron James
Shot Chart Detail,22500633,180,2544,LeBron James,1610612747,Los Angeles Lakers,2,8,30,Made Shot,Driving Layup Shot,2PT Field Goal,Restricted Area,Center(C),Less Than 8 ft.,3.0,-9.0,32.0,1,1,20260122,LAC,LAL,LeBron James,2026,LAC,Made,3.324154027718932,LeBron James
Shot Chart Detail,22500633,349,2544,LeBron James,1610612747,Los Angeles Lakers,3,8,44,Missed Shot,Running Pull-Up Jump Shot,3PT Field Goal,Above the Break 3,Center(C),24+ ft.,26.0,6.0,268.0,1,0,20260122,LAC,LAL,LeBron James,2026,LAC,Missed,26.806715576511795,LeBron James
Shot Chart Detail,22500633,356,2544,LeBron James,1610612747,Los Angeles Lakers,3,8,7,Missed Shot,Driving Hook Shot,2PT Field Goal,In The Paint (Non-RA),Center(C),Less Than 8 ft.,4.0,33.0,29.0,1,0,20260122,LAC,LAL,LeBron James,2026,LAC,Missed,4.39317652729776,LeBron James
Shot Chart Detail,22500633,360,2544,LeBron James,1610612747,Los Angeles Lakers,3,7,56,Missed Shot,Floating Jump shot,2PT Field Goal,In The Paint (Non-RA),Center(C),8-16 ft.,11.0,-10.0,116.0,1,0,20260122,LAC,LAL,LeBron James,2026,LAC,Missed,11.643023662262307,LeBron James
Shot Chart Detail,22500633,369,2544,LeBron James,1610612747,Los Angeles Lakers,3,7,4,Missed Shot,Fadeaway Jump Shot,2PT Field Goal,Mid-Range,Center(C),16-24 ft.,20.0,53.0,194.0,1,0,20260122,LAC,LAL,LeBron James,2026,LAC,Missed,20.11094229517851,LeBron James
Shot Chart Detail,22500633,392,2544,LeBron James,1610612747,Los Angeles Lakers,3,5,36,Made Shot,Jump Shot,3PT Field Goal,Above the Break 3,Center(C),24+ ft.,25.0,11.0,256.0,1,1,20260122,LAC,LAL,LeBron James,2026,LAC,Made,25.6236219141635,LeBron James
Shot Chart Detail,22500633,460,2544,LeBron James,1610612747,Los Angeles Lakers,3,0,27,Missed Shot,Step Back Jump shot,3PT Field Goal,Above the Break 3,Left Side Center(LC),24+ ft.,27.0,-129.0,244.0,1,0,20260122,LAC,LAL,LeBron James,2026,LAC,Missed,27.60018115882575,LeBron James
Shot Chart Detail,22500633,466,2544,LeBron James,1610612747,Los Angeles Lakers,3,0,3,Made Shot,Running Dunk Shot,2PT Field Goal,Restricted Area,Center(C),Less Than 8 ft.,1.0,-5.0,18.0,1,1,20260122,LAC,LAL,LeBron James,2026,LAC,Made,1.8681541692269406,LeBron James
Shot Chart Detail,22500633,486,2544,LeBron James,1610612747,Los Angeles Lakers,4,11,7,Made Shot,Driving Layup Shot,2PT Field Goal,Restricted Area,Center(C),Less Than 8 ft.,2.0,-20.0,20.0,1,1,20260122,LAC,LAL,LeBron James,2026,LAC,Made,2.8284271247461903,LeBron James
Shot Chart Detail,22500633,521,2544,LeBron James,1610612747,Los Angeles Lakers,4,8,6,Made Shot,Running Finger Roll Layup Shot,2PT Field Goal,Restricted Area,Center(C),Less Than 8 ft.,2.0,0.0,29.0,1,1,20260122,LAC,LAL,LeBron James,2026,LAC,Made,2.9,LeBron James
Shot Chart Detail,22500633,563,2544,LeBron James,1610612747,Los Angeles Lakers,4,4,35,Missed Shot,Jump Shot,2PT Field Goal,Mid-Range,Right Side Center(RC),16-24 ft.,22.0,170.0,144.0,1,0,20260122,LAC,LAL,LeBron James,2026,LAC,Missed,22.27913822390803,LeBron James
Shot Chart Detail,22500633,607,2544,LeBron James,1610612747,Los Angeles Lakers,4,2,40,Made Shot,Driving Dunk Shot,2PT Field Goal,Restricted Area,Center(C),Less Than 8 ft.,2.0,2.0,28.0,1,1,20260122,LAC,LAL,LeBron James,2026,LAC,Made,2.80713376952364,LeBron James
Shot Chart Detail,22500633,630,2544,LeBron James,1610612747,Los Angeles Lakers,4,1,28,Made Shot,Driving Layup Shot,2PT Field Goal,Restricted Area,Center(C),Less Than 8 ft.,3.0,-27.0,21.0,1,1,20260122,LAC,LAL,LeBron James,2026,LAC,Made,3.4205262752974144,LeBron James
Shot Chart Detail,22500648,7,2544,LeBron James,1610612747,Los Angeles Lakers,1,11,40,Made Shot,Fadeaway Jump Shot,2PT Field Goal,In The Paint (Non-RA),Left Side(L),8-16 ft.,9.0,-75.0,51.0,1,1,20260124,DAL,LAL,LeBron James,2026,DAL,Made,9.069729874698584,LeBron James
Shot Chart Detail,22500648,10,2544,LeBron James,1610612747,Los Angeles Lakers,1,11,13,Missed Shot,Turnaround Fadeaway shot,2PT Field Goal,Mid-Range,Left Side(L),8-16 ft.,13.0,-125.0,59.0,1,0,20260124,DAL,LAL,LeBron James,2026,DAL,Missed,13.822445514452209,LeBron James
Shot Chart Detail,22500648,253,2544,LeBron James,1610612747,Los Angeles Lakers,2,7,33,Missed Shot,Jump Shot,3PT Field Goal,Above the Break 3,Right Side Center(RC),24+ ft.,27.0,151.0,232.0,1,0,20260124,DAL,LAL,LeBron James,2026,DAL,Missed,27.681221071332818,LeBron James
Shot Chart Detail,22500648,255,2544,LeBron James,1610612747,Los Angeles Lakers,2,7,30,Missed Shot,Alley Oop Dunk Shot,2PT Field Goal,Restricted Area,Center(C),Less Than 8 ft.,1.0,10.0,15.0,1,0,20260124,DAL,LAL,LeBron James,2026,DAL,Missed,1.8027756377319946,LeBron James
Shot Chart Detail,22500648,257,2544,LeBron James,1610612747,Los Angeles Lakers,2,7,26,Made Shot,Putback Layup Shot,2PT Field Goal,Restricted Area,Center(C),Less Than 8 ft.,0.0,0.0,0.0,1,1,20260124,DAL,LAL,LeBron James,2026,DAL,Made,0.0,LeBron James
Shot Chart Detail,22500648,371,2544,LeBron James,1610612747,Los Angeles Lakers,3,11,26,Made Shot,Pullup Jump shot,2PT Field Goal,Mid-Range,Left Side Center(LC),16-24 ft.,19.0,-81.0,173.0,1,1,20260124,DAL,LAL,LeBron James,2026,DAL,Made,19.102355875650524,LeBron James
Shot Chart Detail,22500648,479,2544,LeBron James,1610612747,Los Angeles Lakers,3,6,50,Missed Shot,Driving Layup Shot,2PT Field Goal,In The Paint (Non-RA),Center(C),Less Than 8 ft.,5.0,56.0,17.0,1,0,20260124,DAL,LAL,LeBron James,2026,DAL,Missed,5.852349955359813,LeBron James
Shot Chart Detail,22500648,473,2544,LeBron James,1610612747,Los Angeles Lakers,3,3,0,Missed Shot,Running Pull-Up Jump Shot,2PT Field Goal,In The Paint (Non-RA),Center(C),Less Than 8 ft.,7.0,34.0,62.0,1,0,20260124,DAL,LAL,LeBron James,2026,DAL,Missed,7.0710678118654755,LeBron James
Shot Chart Detail,22500648,516,2544,LeBron James,1610612747,Los Angeles Lakers,3,0,10,Missed Shot,Pullup Jump shot,3PT Field Goal,Above the Break 3,Center(C),24+ ft.,25.0,45.0,251.0,1,0,20260124,DAL,LAL,LeBron James,2026,DAL,Missed,25.500196077677522,LeBron James
Shot Chart Detail,22500648,554,2544,LeBron James,1610612747,Los Angeles Lakers,4,10,59,Missed Shot,Running Layup Shot,2PT Field Goal,Restricted Area,Center(C),Less Than 8 ft.,1.0,-13.0,15.0,1,0,20260124,DAL,LAL,LeBron James,2026,DAL,Missed,1.9849433241279208,LeBron James
Shot Chart Detail,22500648,561,2544,LeBron James,1610612747,Los Angeles Lakers,4,10,32,Missed Shot,Driving Layup Shot,2PT Field Goal,Restricted Area,Center(C),Less Than 8 ft.,2.0,7.0,22.0,1,0,20260124,DAL,LAL,LeBron James,2026,DAL,Missed,2.3086792761230392,LeBron James
Shot Chart Detail,22500648,589,2544,LeBron James,1610612747,Los Angeles Lakers,4,9,0,Made Shot,Jump Shot,3PT Field Goal,Right Corner 3,Right Side(R),24+ ft.,22.0,229.0,17.0,1,1,20260124,DAL,LAL,LeBron James,2026,DAL,Made,22.96301373948986,LeBron James
Shot Chart Detail,22500648,622,2544,LeBron James,1610612747,Los Angeles Lakers,4,6,44,Made Shot,Driving Finger Roll Layup Shot,2PT Field Goal,Restricted Area,Center(C),Less Than 8 ft.,1.0,15.0,7.0,1,1,20260124,DAL,LAL,LeBron James,2026,DAL,Made,1.6552945357246849,LeBron James
Shot Chart Detail,22500648,633,2544,LeBron James,1610612747,Los Angeles Lakers,4,5,57,Made Shot,Running Dunk Shot,2PT Field Goal,Restricted Area,Center(C),Less Than 8 ft.,1.0,9.0,13.0,1,1,20260124,DAL,LAL,LeBron James,2026,DAL,Made,1.5811388300841895,LeBron James
Shot Chart Detail,22500648,666,2544,LeBron James,1610612747,Los Angeles Lakers,4,3,38,Made Shot,Cutting Layup Shot,2PT Field Goal,Restricted Area,Center(C),Less Than 8 ft.,2.0,-15.0,18.0,1,1,20260124,DAL,LAL,LeBron James,2026,DAL,Made,2.3430749027719964,LeBron James
Shot Chart Detail,22500648,703,2544,LeBron James,1610612747,Los Angeles Lakers,4,1,30,Made Shot,Tip Layup Shot,2PT Field Goal,Restricted Area,Center(C),Less Than 8 ft.,0.0,0.0,0.0,1,1,20260124,DAL,LAL,LeBron James,2026,DAL,Made,0.0,LeBron James
Shot Chart Detail,22500661,9,2544,LeBron James,1610612747,Los Angeles Lakers,1,11,36,Made Shot,Fadeaway Jump Shot,2PT Field Goal,In The Paint (Non-RA),Center(C),Less Than 8 ft.,6.0,67.0,-6.0,1,1,20260126,CHI,LAL,LeBron James,2026,CHI,Made,6.726812023536856,LeBron James
Shot Chart Detail,22500661,13,2544,LeBron James,1610612747,Los Angeles Lakers,1,11,9,Missed Shot,Fadeaway Jump Shot,2PT Field Goal,Mid-Range,Right Side(R),16-24 ft.,19.0,188.0,43.0,1,0,20260126,CHI,LAL,LeBron James,2026,CHI,Missed,19.28548677114477,LeBron James
Shot Chart Detail,22500661,25,2544,LeBron James,1610612747,Los Angeles Lakers,1,9,40,Made Shot,Running Layup Shot,2PT Field Goal,Restricted Area,Center(C),Less Than 8 ft.,1.0,17.0,0.0,1,1,20260126,CHI,LAL,LeBron James,2026,CHI,Made,1.7,LeBron James
Shot Chart Detail,22500661,38,2544,LeBron James,1610612747,Los Angeles Lakers,1,8,27,Made Shot,Running Dunk Shot,2PT Field Goal,Restricted Area,Center(C),Less Than 8 ft.,1.0,6.0,12.0,1,1,20260126,CHI,LAL,LeBron James,2026,CHI,Made,1.3416407864998738,LeBron James
Shot Chart Detail,22500661,45,2544,LeBron James,1610612747,Los Angeles Lakers,1,7,29,Missed Shot,Pullup Jump shot,2PT Field Goal,Mid-Range,Left Side Center(LC),16-24 ft.,19.0,-108.0,168.0,1,0,20260126,CHI,LAL,LeBron James,2026,CHI,Missed,19.971980372511887,LeBron James
Shot Chart Detail,22500661,58,2544,LeBron James,1610612747,Los Angeles Lakers,1,6,33,Made Shot,Driving Layup Shot,2PT Field Goal,Restricted Area,Center(C),Less Than 8 ft.,0.0,0.0,6.0,1,1,20260126,CHI,LAL,LeBron James,2026,CHI,Made,0.6,LeBron James
Shot Chart Detail,22500661,155,2544,LeBron James,1610612747,Los Angeles Lakers,2,11,27,Made Shot,Jump Shot,3PT Field Goal,Above the Break 3,Left Side Center(LC),24+ ft.,25.0,-140.0,210.0,1,1,20260126,CHI,LAL,LeBron James,2026,CHI,Made,25.238858928247925,LeBron James
Shot Chart Detail,22500661,161,2544,LeBron James,1610612747,Los Angeles Lakers,2,11,3,Made Shot,Running Layup Shot,2PT Field Goal,Restricted Area,Center(C),Less Than 8 ft.,1.0,12.0,10.0,1,1,20260126,CHI,LAL,LeBron James,2026,CHI,Made,1.5620499351813308,LeBron James
Shot Chart Detail,22500661,164,2544,LeBron James,1610612747,Los Angeles Lakers,2,10,42,Made Shot,Pullup Jump shot,2PT Field Goal,Mid-Range,Center(C),8-16 ft.,15.0,47.0,152.0,1,1,20260126,CHI,LAL,LeBron James,2026,CHI,Made,15.910059710761615,LeBron James
Shot Chart Detail,22500661,171,2544,LeBron James,1610612747,Los Angeles Lakers,2,10,6,Missed Shot,Running Pull-Up Jump Shot,3PT Field Goal,Above the Break 3,Left Side Center(LC),24+ ft.,25.0,-183.0,181.0,1,0,20260126,CHI,LAL,LeBron James,2026,CHI,Missed,25.739075352467502,LeBron James
Shot Chart Detail,22500661,199,2544,LeBron James,1610612747,Los Angeles Lakers,2,9,23,Missed Shot,Turnaround Hook Shot,2PT Field Goal,In The Paint (Non-RA),Center(C),8-16 ft.,9.0,-38.0,90.0,1,0,20260126,CHI,LAL,LeBron James,2026,CHI,Missed,9.76933979345585,LeBron James
Shot Chart Detail,22500661,202,2544,LeBron James,1610612747,Los Angeles Lakers,2,9,0,Made Shot,Driving Layup Shot,2PT Field Goal,Restricted Area,Center(C),Less Than 8 ft.,1.0,18.0,2.0,1,1,20260126,CHI,LAL,LeBron James,2026,CHI,Made,1.8110770276274835,LeBron James
Shot Chart Detail,22500661,221,2544,LeBron James,1610612747,Los Angeles Lakers,2,7,19,Made Shot,Running Dunk Shot,2PT Field Goal,Restricted Area,Center(C),Less Than 8 ft.,2.0,20.0,0.0,1,1,20260126,CHI,LAL,LeBron James,2026,CHI,Made,2.0,LeBron James
Shot Chart Detail,22500661,230,2544,LeBron James,1610612747,Los Angeles Lakers,2,6,29,Missed Shot,Turnaround Fadeaway shot,2PT Field Goal,Mid-Range,Right Side(R),8-16 ft.,15.0,154.0,36.0,1,0,20260126,CHI,LAL,LeBron James,2026,CHI,Missed,15.815182578775373,LeBron James
Shot Chart Detail,22500661,292,2544,LeBron James,1610612747,Los Angeles Lakers,2,0,49,Missed Shot,Pullup Jump shot,3PT Field Goal,Above the Break 3,Center(C),24+ ft.,27.0,-72.0,263.0,1,0,20260126,CHI,LAL,LeBron James,2026,CHI,Missed,27.26774651488458,LeBron James
Shot Chart Detail,22500661,320,2544,LeBron James,1610612747,Los Angeles Lakers,3,10,12,Missed Shot,Step Back Jump shot,3PT Field Goal,Left Corner 3,Left Side(L),24+ ft.,25.0,-237.0,85.0,1,0,20260126,CHI,LAL,LeBron James,2026,CHI,Missed,25.178165143631894,LeBron James
Shot Chart Detail,22500661,467,2544,LeBron James,1610612747,Los Angeles Lakers,4,11,40,Missed Shot,Turnaround Fadeaway shot,2PT Field Goal,Mid-Range,Left Side(L),8-16 ft.,13.0,-137.0,1.0,1,0,20260126,CHI,LAL,LeBron James,2026,CHI,Missed,13.700364958642524,LeBron James
Shot Chart Detail,22500661,515,2544,LeBron James,1610612747,Los Angeles Lakers,4,8,34,Missed Shot,Driving Layup Shot,2PT Field Goal,Restricted Area,Center(C),Less Than 8 ft.,0.0,4.0,9.0,1,0,20260126,CHI,LAL,LeBron James,2026,CHI,Missed,0.9848857801796104,LeBron James
Shot Chart Detail,22500661,554,2544,LeBron James,1610612747,Los Angeles Lakers,4,5,46,Missed Shot,Fadeaway Jump Shot,2PT Field Goal,In The Paint (Non-RA),Center(C),8-16 ft.,8.0,-31.0,82.0,1,0,20260126,CHI,LAL,LeBron James,2026,CHI,Missed,8.766413177577245,LeBron James
Shot Chart Detail,22500671,21,2544,LeBron James,1610612747,Los Angeles Lakers,1,9,51,Missed Shot,Driving Finger Roll Layup Shot,2PT Field Goal,Restricted Area,Center(C),Less Than 8 ft.,0.0,2.0,9.0,1,0,20260128,CLE,LAL,LeBron James,2026,CLE,Missed,0.9219544457292888,LeBron James
Shot Chart Detail,22500671,34,2544,LeBron James,1610612747,Los Angeles Lakers,1,8,48,Made Shot,Running Dunk Shot,2PT Field Goal,Restricted Area,Center(C),Less Than 8 ft.,2.0,23.0,19.0,1,1,20260128,CLE,LAL,LeBron James,2026,CLE,Made,2.98328677803526,LeBron James
Shot Chart Detail,22500671,40,2544,LeBron James,1610612747,Los Angeles Lakers,1,8,17,Made Shot,Running Layup Shot,2PT Field Goal,Restricted Area,Center(C),Less Than 8 ft.,1.0,13.0,9.0,1,1,20260128,CLE,LAL,LeBron James,2026,CLE,Made,1.5811388300841895,LeBron James
Shot Chart Detail,22500671,180,2544,LeBron James,1610612747,Los Angeles Lakers,2,11,3,Missed Shot,Jump Shot,3PT Field Goal,Right Corner 3,Right Side(R),24+ ft.,22.0,225.0,-6.0,1,0,20260128,CLE,LAL,LeBron James,2026,CLE,Missed,22.50799857828323,LeBron James
Shot Chart Detail,22500671,303,2544,LeBron James,1610612747,Los Angeles Lakers,2,2,44,Missed Shot,Jump Shot,3PT Field Goal,Left Corner 3,Left Side(L),24+ ft.,23.0,-227.0,56.0,1,0,20260128,CLE,LAL,LeBron James,2026,CLE,Missed,23.380547470065796,LeBron James
Shot Chart Detail,22500671,425,2544,LeBron James,1610612747,Los Angeles Lakers,3,6,1,Missed Shot,Turnaround Fadeaway shot,2PT Field Goal,In The Paint (Non-RA),Right Side(R),8-16 ft.,9.0,62.0,67.0,1,0,20260128,CLE,LAL,LeBron James,2026,CLE,Missed,9.128526715741156,LeBron James
Shot Chart Detail,22500671,437,2544,LeBron James,1610612747,Los Angeles Lakers,3,4,48,Missed Shot,Running Pull-Up Jump Shot,2PT Field Goal,In The Paint (Non-RA),Left Side(L),8-16 ft.,12.0,-75.0,105.0,1,0,20260128,CLE,LAL,LeBron James,2026,CLE,Missed,12.90348790056394,LeBron James
Shot Chart Detail,22500671,441,2544,LeBron James,1610612747,Los Angeles Lakers,3,4,30,Made Shot,Running Layup Shot,2PT Field Goal,Restricted Area,Center(C),Less Than 8 ft.,1.0,5.0,11.0,1,1,20260128,CLE,LAL,LeBron James,2026,CLE,Made,1.2083045973594573,LeBron James
Shot Chart Detail,22500671,523,2544,LeBron James,1610612747,Los Angeles Lakers,4,9,50,Missed Shot,Jump Shot,3PT Field Goal,Above the Break 3,Left Side Center(LC),24+ ft.,26.0,-208.0,160.0,1,0,20260128,CLE,LAL,LeBron James,2026,CLE,Missed,26.241951146970763,LeBron James
Shot Chart Detail,22500671,527,2544,LeBron James,1610612747,Los Angeles Lakers,4,9,24,Missed Shot,Driving Layup Shot,2PT Field Goal,In The Paint (Non-RA),Center(C),Less Than 8 ft.,7.0,-40.0,67.0,1,0,20260128,CLE,LAL,LeBron James,2026,CLE,Missed,7.803204469959762,LeBron James
Shot Chart Detail,22500688,21,2544,LeBron James,1610612747,Los Angeles Lakers,1,9,55,Missed Shot,Driving Layup Shot,2PT Field Goal,Restricted Area,Center(C),Less Than 8 ft.,2.0,-28.0,10.0,1,0,20260130,WAS,LAL,LeBron James,2026,WAS,Missed,2.973213749463701,LeBron James
Shot Chart Detail,22500688,39,2544,LeBron James,1610612747,Los Angeles Lakers,1,8,40,Missed Shot,Running Reverse Layup Shot,2PT Field Goal,Restricted Area,Center(C),Less Than 8 ft.,1.0,-15.0,-11.0,1,0,20260130,WAS,LAL,LeBron James,2026,WAS,Missed,1.8601075237738276,LeBron James
Shot Chart Detail,22500688,43,2544,LeBron James,1610612747,Los Angeles Lakers,1,8,20,Made Shot,Pullup Jump shot,3PT Field Goal,Above the Break 3,Left Side Center(LC),24+ ft.,26.0,-186.0,187.0,1,1,20260130,WAS,LAL,LeBron James,2026,WAS,Made,26.3751777245197,LeBron James
Shot Chart Detail,22500688,81,2544,LeBron James,1610612747,Los Angeles Lakers,1,5,50,Made Shot,Running Layup Shot,2PT Field Goal,Restricted Area,Center(C),Less Than 8 ft.,1.0,-11.0,5.0,1,1,20260130,WAS,LAL,LeBron James,2026,WAS,Made,1.2083045973594573,LeBron James
Shot Chart Detail,22500688,175,2544,LeBron James,1610612747,Los Angeles Lakers,2,11,34,Missed Shot,Driving Layup Shot,2PT Field Goal,In The Paint (Non-RA),Center(C),Less Than 8 ft.,5.0,55.0,6.0,1,0,20260130,WAS,LAL,LeBron James,2026,WAS,Missed,5.532630477449222,LeBron James
Shot Chart Detail,22500688,179,2544,LeBron James,1610612747,Los Angeles Lakers,2,11,23,Made Shot,Fadeaway Jump Shot,2PT Field Goal,Mid-Range,Right Side(R),16-24 ft.,17.0,151.0,94.0,1,1,20260130,WAS,LAL,LeBron James,2026,WAS,Made,17.7867928531256,LeBron James
Shot Chart Detail,22500688,185,2544,LeBron James,1610612747,Los Angeles Lakers,2,10,55,Made Shot,Jump Shot,3PT Field Goal,Above the Break 3,Right Side Center(RC),24+ ft.,25.0,154.0,197.0,1,1,20260130,WAS,LAL,LeBron James,2026,WAS,Made,25.004999500099977,LeBron James
Shot Chart Detail,22500688,192,2544,LeBron James,1610612747,Los Angeles Lakers,2,10,21,Missed Shot,Driving Layup Shot,2PT Field Goal,Restricted Area,Center(C),Less Than 8 ft.,3.0,31.0,-10.0,1,0,20260130,WAS,LAL,LeBron James,2026,WAS,Missed,3.257299494980466,LeBron James
Shot Chart Detail,22500688,216,2544,LeBron James,1610612747,Los Angeles Lakers,2,8,50,Made Shot,Fadeaway Jump Shot,2PT Field Goal,Mid-Range,Left Side(L),8-16 ft.,12.0,-113.0,41.0,1,1,20260130,WAS,LAL,LeBron James,2026,WAS,Made,12.020815280171309,LeBron James
Shot Chart Detail,22500688,245,2544,LeBron James,1610612747,Los Angeles Lakers,2,6,48,Made Shot,Alley Oop Dunk Shot,2PT Field Goal,Restricted Area,Center(C),Less Than 8 ft.,1.0,-17.0,9.0,1,1,20260130,WAS,LAL,LeBron James,2026,WAS,Made,1.9235384061671343,LeBron James
Shot Chart Detail,22500688,321,2544,LeBron James,1610612747,Los Angeles Lakers,2,1,35,Missed Shot,Running Finger Roll Layup Shot,2PT Field Goal,Restricted Area,Center(C),Less Than 8 ft.,1.0,-13.0,8.0,1,0,20260130,WAS,LAL,LeBron James,2026,WAS,Missed,1.5264337522473748,LeBron James
Shot Chart Detail,22500688,358,2544,LeBron James,1610612747,Los Angeles Lakers,3,10,40,Missed Shot,Driving Finger Roll Layup Shot,2PT Field Goal,Restricted Area,Center(C),Less Than 8 ft.,2.0,13.0,16.0,1,0,20260130,WAS,LAL,LeBron James,2026,WAS,Missed,2.0615528128088303,LeBron James
Shot Chart Detail,22500688,367,2544,LeBron James,1610612747,Los Angeles Lakers,3,10,18,Made Shot,Alley Oop Dunk Shot,2PT Field Goal,Restricted Area,Center(C),Less Than 8 ft.,1.0,12.0,13.0,1,1,20260130,WAS,LAL,LeBron James,2026,WAS,Made,1.7691806012954132,LeBron James
Shot Chart Detail,22500688,581,2544,LeBron James,1610612747,Los Angeles Lakers,4,8,25,Missed Shot,Turnaround Fadeaway shot,2PT Field Goal,Mid-Range,Left Side(L),8-16 ft.,14.0,-138.0,43.0,1,0,20260130,WAS,LAL,LeBron James,2026,WAS,Missed,14.45441109142811,LeBron James
Shot Chart Detail,22500688,595,2544,LeBron James,1610612747,Los Angeles Lakers,4,6,38,Made Shot,Driving Dunk Shot,2PT Field Goal,Restricted Area,Center(C),Less Than 8 ft.,1.0,-7.0,17.0,1,1,20260130,WAS,LAL,LeBron James,2026,WAS,Made,1.8384776310850235,LeBron James
Shot Chart Detail,22500688,597,2544,LeBron James,1610612747,Los Angeles Lakers,4,5,56,Missed Shot,Jump Shot,3PT Field Goal,Above the Break 3,Left Side Center(LC),24+ ft.,30.0,-125.0,275.0,1,0,20260130,WAS,LAL,LeBron James,2026,WAS,Missed,30.207614933986427,LeBron James
Shot Chart Detail,22500708,25,2544,LeBron James,1610612747,Los Angeles Lakers,1,9,32,Made Shot,Jump Shot,3PT Field Goal,Above the Break 3,Right Side Center(RC),24+ ft.,26.0,96.0,252.0,1,1,20260201,NYK,LAL,LeBron James,2026,NYK,Made,26.96664606509308,LeBron James
Shot Chart Detail,22500708,30,2544,LeBron James,1610612747,Los Angeles Lakers,1,9,6,Missed Shot,Fadeaway Jump Shot,2PT Field Goal,Mid-Range,Left Side(L),8-16 ft.,10.0,-92.0,46.0,1,0,20260201,NYK,LAL,LeBron James,2026,NYK,Missed,10.285912696499032,LeBron James
Shot Chart Detail,22500708,38,2544,LeBron James,1610612747,Los Angeles Lakers,1,8,23,Made Shot,Cutting Finger Roll Layup Shot,2PT Field Goal,Restricted Area,Center(C),Less Than 8 ft.,0.0,1.0,6.0,1,1,20260201,NYK,LAL,LeBron James,2026,NYK,Made,0.6082762530298219,LeBron James
Shot Chart Detail,22500708,64,2544,LeBron James,1610612747,Los Angeles Lakers,1,5,59,Missed Shot,Jump Shot,3PT Field Goal,Right Corner 3,Right Side(R),24+ ft.,23.0,237.0,37.0,1,0,20260201,NYK,LAL,LeBron James,2026,NYK,Missed,23.987079855622277,LeBron James
Shot Chart Detail,22500708,233,2544,LeBron James,1610612747,Los Angeles Lakers,2,7,30,Made Shot,Fadeaway Jump Shot,2PT Field Goal,Mid-Range,Center(C),8-16 ft.,15.0,-7.0,153.0,1,1,20260201,NYK,LAL,LeBron James,2026,NYK,Made,15.316004700965587,LeBron James
Shot Chart Detail,22500708,314,2544,LeBron James,1610612747,Los Angeles Lakers,2,2,2,Made Shot,Fadeaway Jump Shot,2PT Field Goal,Mid-Range,Right Side Center(RC),16-24 ft.,18.0,130.0,129.0,1,1,20260201,NYK,LAL,LeBron James,2026,NYK,Made,18.314202139323463,LeBron James
Shot Chart Detail,22500708,357,2544,LeBron James,1610612747,Los Angeles Lakers,3,10,48,Missed Shot,Jump Shot,3PT Field Goal,Left Corner 3,Left Side(L),24+ ft.,22.0,-228.0,-8.0,1,0,20260201,NYK,LAL,LeBron James,2026,NYK,Missed,22.81403077055872,LeBron James
Shot Chart Detail,22500708,364,2544,LeBron James,1610612747,Los Angeles Lakers,3,10,15,Made Shot,Running Alley Oop Dunk Shot,2PT Field Goal,Restricted Area,Center(C),Less Than 8 ft.,0.0,-2.0,1.0,1,1,20260201,NYK,LAL,LeBron James,2026,NYK,Made,0.223606797749979,LeBron James
Shot Chart Detail,22500708,399,2544,LeBron James,1610612747,Los Angeles Lakers,3,6,39,Missed Shot,Driving Floating Bank Jump Shot,2PT Field Goal,Restricted Area,Center(C),Less Than 8 ft.,2.0,-4.0,26.0,1,0,20260201,NYK,LAL,LeBron James,2026,NYK,Missed,2.630589287593181,LeBron James
Shot Chart Detail,22500708,467,2544,LeBron James,1610612747,Los Angeles Lakers,3,1,27,Made Shot,Driving Floating Bank Jump Shot,2PT Field Goal,Mid-Range,Left Side(L),8-16 ft.,12.0,-102.0,69.0,1,1,20260201,NYK,LAL,LeBron James,2026,NYK,Made,12.314625451064275,LeBron James
Shot Chart Detail,22500708,474,2544,LeBron James,1610612747,Los Angeles Lakers,3,0,26,Made Shot,Step Back Jump shot,3PT Field Goal,Above the Break 3,Left Side Center(LC),24+ ft.,26.0,-152.0,215.0,1,1,20260201,NYK,LAL,LeBron James,2026,NYK,Made,26.33040068058213,LeBron James
Shot Chart Detail,22500708,477,2544,LeBron James,1610612747,Los Angeles Lakers,3,0,0,Missed Shot,Pullup Jump shot,3PT Field Goal,Above the Break 3,Center(C),24+ ft.,31.0,-37.0,310.0,1,0,20260201,NYK,LAL,LeBron James,2026,NYK,Missed,31.220025624589102,LeBron James
Shot Chart Detail,22500708,490,2544,LeBron James,1610612747,Los Angeles Lakers,4,11,31,Made Shot,Driving Floating Jump Shot,2PT Field Goal,In The Paint (Non-RA),Center(C),Less Than 8 ft.,5.0,-23.0,54.0,1,1,20260201,NYK,LAL,LeBron James,2026,NYK,Made,5.869412236331676,LeBron James
Shot Chart Detail,22500708,532,2544,LeBron James,1610612747,Los Angeles Lakers,4,7,25,Missed Shot,Running Pull-Up Jump Shot,3PT Field Goal,Above the Break 3,Right Side Center(RC),24+ ft.,24.0,188.0,157.0,1,0,20260201,NYK,LAL,LeBron James,2026,NYK,Missed,24.49346851713738,LeBron James
Shot Chart Detail,22500708,612,2544,LeBron James,1610612747,Los Angeles Lakers,4,1,20,Made Shot,Driving Dunk Shot,2PT Field Goal,Restricted Area,Center(C),Less Than 8 ft.,0.0,2.0,7.0,1,1,20260201,NYK,LAL,LeBron James,2026,NYK,Made,0.7280109889280518,LeBron James
Shot Chart Detail,22500719,22,2544,LeBron James,1610612747,Los Angeles Lakers,1,10,9,Made Shot,Turnaround Fadeaway shot,2PT Field Goal,Mid-Range,Left Side(L),8-16 ft.,14.0,-123.0,73.0,1,1,20260203,BKN,LAL,LeBron James,2026,BKN,Made,14.30314650697531,LeBron James
Shot Chart Detail,22500719,73,2544,LeBron James,1610612747,Los Angeles Lakers,1,6,12,Made Shot,Turnaround Jump Shot,2PT Field Goal,In The Paint (Non-RA),Center(C),Less Than 8 ft.,4.0,16.0,43.0,1,1,20260203,BKN,LAL,LeBron James,2026,BKN,Made,4.588027898781784,LeBron James
Shot Chart Detail,22500719,82,2544,LeBron James,1610612747,Los Angeles Lakers,1,5,50,Missed Shot,Running Pull-Up Jump Shot,3PT Field Goal,Above the Break 3,Center(C),24+ ft.,34.0,-1.0,341.0,1,0,20260203,BKN,LAL,LeBron James,2026,BKN,Missed,34.10014662725074,LeBron James
Shot Chart Detail,22500719,155,2544,LeBron James,1610612747,Los Angeles Lakers,1,1,52,Missed Shot,Running Layup Shot,2PT Field Goal,Restricted Area,Center(C),Less Than 8 ft.,1.0,-16.0,-1.0,1,0,20260203,BKN,LAL,LeBron James,2026,BKN,Missed,1.6031219541881399,LeBron James
Shot Chart Detail,22500719,191,2544,LeBron James,1610612747,Los Angeles Lakers,2,11,55,Made Shot,Driving Layup Shot,2PT Field Goal,Restricted Area,Center(C),Less Than 8 ft.,1.0,6.0,8.0,1,1,20260203,BKN,LAL,LeBron James,2026,BKN,Made,1.0,LeBron James
Shot Chart Detail,22500719,204,2544,LeBron James,1610612747,Los Angeles Lakers,2,10,54,Made Shot,Running Dunk Shot,2PT Field Goal,Restricted Area,Center(C),Less Than 8 ft.,0.0,-6.0,3.0,1,1,20260203,BKN,LAL,LeBron James,2026,BKN,Made,0.6708203932499369,LeBron James
Shot Chart Detail,22500719,244,2544,LeBron James,1610612747,Los Angeles Lakers,2,8,18,Made Shot,Running Dunk Shot,2PT Field Goal,Restricted Area,Center(C),Less Than 8 ft.,1.0,5.0,10.0,1,1,20260203,BKN,LAL,LeBron James,2026,BKN,Made,1.118033988749895,LeBron James
Shot Chart Detail,22500719,256,2544,LeBron James,1610612747,Los Angeles Lakers,2,7,59,Missed Shot,Running Alley Oop Dunk Shot,2PT Field Goal,Restricted Area,Center(C),Less Than 8 ft.,0.0,1.0,1.0,1,0,20260203,BKN,LAL,LeBron James,2026,BKN,Missed,0.1414213562373095,LeBron James
Shot Chart Detail,22500719,258,2544,LeBron James,1610612747,Los Angeles Lakers,2,7,53,Made Shot,Turnaround Fadeaway shot,2PT Field Goal,Mid-Range,Right Side(R),8-16 ft.,9.0,92.0,-7.0,1,1,20260203,BKN,LAL,LeBron James,2026,BKN,Made,9.226592003551474,LeBron James
Shot Chart Detail,22500719,267,2544,LeBron James,1610612747,Los Angeles Lakers,2,6,50,Missed Shot,Step Back Jump shot,3PT Field Goal,Above the Break 3,Right Side Center(RC),24+ ft.,27.0,127.0,240.0,1,0,20260203,BKN,LAL,LeBron James,2026,BKN,Missed,27.153084539329967,LeBron James
Shot Chart Detail,22500719,376,2544,LeBron James,1610612747,Los Angeles Lakers,2,0,6,Missed Shot,Driving Layup Shot,2PT Field Goal,Restricted Area,Center(C),Less Than 8 ft.,3.0,-31.0,6.0,1,0,20260203,BKN,LAL,LeBron James,2026,BKN,Missed,3.157530680769389,LeBron James
Shot Chart Detail,22500719,386,2544,LeBron James,1610612747,Los Angeles Lakers,3,11,43,Missed Shot,Jump Shot,3PT Field Goal,Above the Break 3,Center(C),24+ ft.,25.0,21.0,259.0,1,0,20260203,BKN,LAL,LeBron James,2026,BKN,Missed,25.98499567057882,LeBron James
Shot Chart Detail,22500719,394,2544,LeBron James,1610612747,Los Angeles Lakers,3,11,8,Made Shot,Driving Layup Shot,2PT Field Goal,Restricted Area,Center(C),Less Than 8 ft.,1.0,13.0,8.0,1,1,20260203,BKN,LAL,LeBron James,2026,BKN,Made,1.5264337522473748,LeBron James
Shot Chart Detail,22500719,399,2544,LeBron James,1610612747,Los Angeles Lakers,3,10,48,Made Shot,Running Dunk Shot,2PT Field Goal,Restricted Area,Center(C),Less Than 8 ft.,2.0,11.0,22.0,1,1,20260203,BKN,LAL,LeBron James,2026,BKN,Made,2.459674775249769,LeBron James
Shot Chart Detail,22500719,424,2544,LeBron James,1610612747,Los Angeles Lakers,3,8,30,Made Shot,Driving Layup Shot,2PT Field Goal,Restricted Area,Center(C),Less Than 8 ft.,1.0,-12.0,2.0,1,1,20260203,BKN,LAL,LeBron James,2026,BKN,Made,1.2165525060596438,LeBron James
Shot Chart Detail,22500719,450,2544,LeBron James,1610612747,Los Angeles Lakers,3,6,11,Made Shot,Running Layup Shot,2PT Field Goal,Restricted Area,Center(C),Less Than 8 ft.,0.0,2.0,-3.0,1,1,20260203,BKN,LAL,LeBron James,2026,BKN,Made,0.3605551275463989,LeBron James
Shot Chart Detail,22500740,26,2544,LeBron James,1610612747,Los Angeles Lakers,1,10,5,Missed Shot,Step Back Jump shot,2PT Field Goal,Mid-Range,Right Side Center(RC),16-24 ft.,22.0,141.0,171.0,1,0,20260205,LAL,PHI,LeBron James,2026,LAL,Missed,22.163483480716653,LeBron James
Shot Chart Detail,22500740,30,2544,LeBron James,1610612747,Los Angeles Lakers,1,9,39,Missed Shot,Pullup Jump shot,3PT Field Goal,Above the Break 3,Left Side Center(LC),24+ ft.,26.0,-145.0,221.0,1,0,20260205,LAL,PHI,LeBron James,2026,LAL,Missed,26.43217736017977,LeBron James
Shot Chart Detail,22500740,150,2544,LeBron James,1610612747,Los Angeles Lakers,1,0,3,Missed Shot,Fadeaway Jump Shot,3PT Field Goal,Left Corner 3,Left Side(L),24+ ft.,22.0,-229.0,-5.0,1,0,20260205,LAL,PHI,LeBron James,2026,LAL,Missed,22.905457864884518,LeBron James
Shot Chart Detail,22500740,168,2544,LeBron James,1610612747,Los Angeles Lakers,2,10,12,Missed Shot,Driving Floating Bank Jump Shot,2PT Field Goal,Restricted Area,Center(C),Less Than 8 ft.,2.0,1.0,25.0,1,0,20260205,LAL,PHI,LeBron James,2026,LAL,Missed,2.5019992006393608,LeBron James
Shot Chart Detail,22500740,185,2544,LeBron James,1610612747,Los Angeles Lakers,2,9,36,Made Shot,Running Dunk Shot,2PT Field Goal,Restricted Area,Center(C),Less Than 8 ft.,2.0,-7.0,19.0,1,1,20260205,LAL,PHI,LeBron James,2026,LAL,Made,2.024845673131659,LeBron James
Shot Chart Detail,22500740,210,2544,LeBron James,1610612747,Los Angeles Lakers,2,7,20,Missed Shot,Driving Layup Shot,2PT Field Goal,Restricted Area,Center(C),Less Than 8 ft.,3.0,-6.0,31.0,1,0,20260205,LAL,PHI,LeBron James,2026,LAL,Missed,3.157530680769389,LeBron James
Shot Chart Detail,22500740,342,2544,LeBron James,1610612747,Los Angeles Lakers,3,10,59,Missed Shot,Pullup Jump shot,3PT Field Goal,Above the Break 3,Center(C),24+ ft.,29.0,-62.0,285.0,1,0,20260205,LAL,PHI,LeBron James,2026,LAL,Missed,29.16659047609096,LeBron James
Shot Chart Detail,22500740,377,2544,LeBron James,1610612747,Los Angeles Lakers,3,8,11,Missed Shot,Fadeaway Jump Shot,2PT Field Goal,Mid-Range,Left Side Center(LC),16-24 ft.,16.0,-109.0,126.0,1,0,20260205,LAL,PHI,LeBron James,2026,LAL,Missed,16.66043216726385,LeBron James
Shot Chart Detail,22500740,413,2544,LeBron James,1610612747,Los Angeles Lakers,3,5,37,Made Shot,Running Layup Shot,2PT Field Goal,Restricted Area,Center(C),Less Than 8 ft.,2.0,15.0,25.0,1,1,20260205,LAL,PHI,LeBron James,2026,LAL,Made,2.9154759474226504,LeBron James
Shot Chart Detail,22500740,528,2544,LeBron James,1610612747,Los Angeles Lakers,4,9,46,Missed Shot,Fadeaway Jump Shot,2PT Field Goal,In The Paint (Non-RA),Center(C),8-16 ft.,13.0,-27.0,130.0,1,0,20260205,LAL,PHI,LeBron James,2026,LAL,Missed,13.27742444904131,LeBron James
Shot Chart Detail,22500740,565,2544,LeBron James,1610612747,Los Angeles Lakers,4,7,36,Made Shot,Finger Roll Layup Shot,2PT Field Goal,Restricted Area,Center(C),Less Than 8 ft.,2.0,-6.0,25.0,1,1,20260205,LAL,PHI,LeBron James,2026,LAL,Made,2.570992026436488,LeBron James
Shot Chart Detail,22500740,603,2544,LeBron James,1610612747,Los Angeles Lakers,4,4,48,Missed Shot,Fadeaway Jump Shot,2PT Field Goal,Mid-Range,Right Side(R),16-24 ft.,16.0,146.0,76.0,1,0,20260205,LAL,PHI,LeBron James,2026,LAL,Missed,16.459647626847907,LeBron James
Shot Chart Detail,22500740,612,2544,LeBron James,1610612747,Los Angeles Lakers,4,4,26,Made Shot,Cutting Layup Shot,2PT Field Goal,Restricted Area,Center(C),Less Than 8 ft.,2.0,-11.0,27.0,1,1,20260205,LAL,PHI,LeBron James,2026,LAL,Made,2.9154759474226504,LeBron James
Shot Chart Detail,22500740,616,2544,LeBron James,1610612747,Los Angeles Lakers,4,4,4,Made Shot,Running Layup Shot,2PT Field Goal,Restricted Area,Center(C),Less Than 8 ft.,1.0,5.0,16.0,1,1,20260205,LAL,PHI,LeBron James,2026,LAL,Made,1.6763054614240211,LeBron James
Shot Chart Detail,22500740,628,2544,LeBron James,1610612747,Los Angeles Lakers,4,2,57,Missed Shot,Fadeaway Jump Shot,2PT Field Goal,In The Paint (Non-RA),Center(C),Less Than 8 ft.,7.0,-70.0,27.0,1,0,20260205,LAL,PHI,LeBron James,2026,LAL,Missed,7.502666192761078,LeBron James
Shot Chart Detail,22500740,647,2544,LeBron James,1610612747,Los Angeles Lakers,4,1,36,Made Shot,Alley Oop Dunk Shot,2PT Field Goal,Restricted Area,Center(C),Less Than 8 ft.,3.0,-15.0,26.0,1,1,20260205,LAL,PHI,LeBron James,2026,LAL,Made,3.0016662039607267,LeBron James
Shot Chart Detail,22500740,657,2544,LeBron James,1610612747,Los Angeles Lakers,4,0,45,Made Shot,Driving Dunk Shot,2PT Field Goal,Restricted Area,Center(C),Less Than 8 ft.,3.0,-13.0,32.0,1,1,20260205,LAL,PHI,LeBron James,2026,LAL,Made,3.4539832078341086,LeBron James
Shot Chart Detail,22500753,34,2544,LeBron James,1610612747,Los Angeles Lakers,1,9,0,Missed Shot,Jump Shot,3PT Field Goal,Above the Break 3,Center(C),24+ ft.,25.0,12.0,259.0,1,0,20260207,LAL,GSW,LeBron James,2026,LAL,Missed,25.927784324928346,LeBron James
Shot Chart Detail,22500753,73,2544,LeBron James,1610612747,Los Angeles Lakers,1,6,3,Made Shot,Driving Layup Shot,2PT Field Goal,Restricted Area,Center(C),Less Than 8 ft.,2.0,-16.0,12.0,1,1,20260207,LAL,GSW,LeBron James,2026,LAL,Made,2.0,LeBron James
Shot Chart Detail,22500753,77,2544,LeBron James,1610612747,Los Angeles Lakers,1,5,46,Missed Shot,Running Pull-Up Jump Shot,2PT Field Goal,Mid-Range,Right Side Center(RC),16-24 ft.,20.0,98.0,179.0,1,0,20260207,LAL,GSW,LeBron James,2026,LAL,Missed,20.40710660529807,LeBron James
Shot Chart Detail,22500753,179,2544,LeBron James,1610612747,Los Angeles Lakers,2,9,45,Made Shot,Turnaround Fadeaway Bank Jump Shot,2PT Field Goal,Mid-Range,Right Side(R),8-16 ft.,11.0,107.0,46.0,1,1,20260207,LAL,GSW,LeBron James,2026,LAL,Made,11.646887996370532,LeBron James
Shot Chart Detail,22500753,198,2544,LeBron James,1610612747,Los Angeles Lakers,2,9,7,Missed Shot,Fadeaway Jump Shot,2PT Field Goal,Mid-Range,Right Side Center(RC),16-24 ft.,16.0,81.0,149.0,1,0,20260207,LAL,GSW,LeBron James,2026,LAL,Missed,16.959363195591983,LeBron James
Shot Chart Detail,22500753,203,2544,LeBron James,1610612747,Los Angeles Lakers,2,8,46,Missed Shot,Running Pull-Up Jump Shot,3PT Field Goal,Above the Break 3,Center(C),24+ ft.,27.0,12.0,272.0,1,0,20260207,LAL,GSW,LeBron James,2026,LAL,Missed,27.226457720386616,LeBron James
Shot Chart Detail,22500753,310,2544,LeBron James,1610612747,Los Angeles Lakers,2,2,22,Missed Shot,Pullup Jump shot,2PT Field Goal,Mid-Range,Left Side(L),8-16 ft.,11.0,-116.0,12.0,1,0,20260207,LAL,GSW,LeBron James,2026,LAL,Missed,11.661903789690601,LeBron James
Shot Chart Detail,22500753,339,2544,LeBron James,1610612747,Los Angeles Lakers,2,0,35,Missed Shot,Step Back Jump shot,2PT Field Goal,Mid-Range,Left Side Center(LC),16-24 ft.,19.0,-102.0,170.0,1,0,20260207,LAL,GSW,LeBron James,2026,LAL,Missed,19.825236442474022,LeBron James
Shot Chart Detail,22500753,363,2544,LeBron James,1610612747,Los Angeles Lakers,3,11,45,Made Shot,Jump Shot,3PT Field Goal,Above the Break 3,Center(C),24+ ft.,26.0,78.0,252.0,1,1,20260207,LAL,GSW,LeBron James,2026,LAL,Made,26.37953752437673,LeBron James
Shot Chart Detail,22500753,370,2544,LeBron James,1610612747,Los Angeles Lakers,3,11,24,Made Shot,Driving Layup Shot,2PT Field Goal,Restricted Area,Center(C),Less Than 8 ft.,2.0,-7.0,20.0,1,1,20260207,LAL,GSW,LeBron James,2026,LAL,Made,2.118962010041709,LeBron James
Shot Chart Detail,22500753,381,2544,LeBron James,1610612747,Los Angeles Lakers,3,10,25,Made Shot,Running Pull-Up Jump Shot,2PT Field Goal,In The Paint (Non-RA),Center(C),Less Than 8 ft.,4.0,-22.0,42.0,1,1,20260207,LAL,GSW,LeBron James,2026,LAL,Made,4.741307836451879,LeBron James
Shot Chart Detail,22500753,398,2544,LeBron James,1610612747,Los Angeles Lakers,3,9,5,Made Shot,Jump Shot,3PT Field Goal,Above the Break 3,Left Side Center(LC),24+ ft.,28.0,-120.0,257.0,1,1,20260207,LAL,GSW,LeBron James,2026,LAL,Made,28.36353292521931,LeBron James
Shot Chart Detail,22500753,411,2544,LeBron James,1610612747,Los Angeles Lakers,3,8,0,Missed Shot,Jump Shot,3PT Field Goal,Above the Break 3,Right Side Center(RC),24+ ft.,26.0,153.0,215.0,1,0,20260207,LAL,GSW,LeBron James,2026,LAL,Missed,26.38825496314601,LeBron James
Shot Chart Detail,22500753,451,2544,LeBron James,1610612747,Los Angeles Lakers,3,5,34,Missed Shot,Jump Shot,3PT Field Goal,Right Corner 3,Right Side(R),24+ ft.,24.0,241.0,13.0,1,0,20260207,LAL,GSW,LeBron James,2026,LAL,Missed,24.135036772294338,LeBron James
Shot Chart Detail,22500753,544,2544,LeBron James,1610612747,Los Angeles Lakers,4,10,41,Missed Shot,Turnaround Fadeaway shot,2PT Field Goal,Mid-Range,Left Side Center(LC),16-24 ft.,19.0,-132.0,147.0,1,0,20260207,LAL,GSW,LeBron James,2026,LAL,Missed,19.756770991232347,LeBron James
Shot Chart Detail,22500753,567,2544,LeBron James,1610612747,Los Angeles Lakers,4,8,38,Missed Shot,Turnaround Jump Shot,2PT Field Goal,In The Paint (Non-RA),Center(C),8-16 ft.,14.0,49.0,137.0,1,0,20260207,LAL,GSW,LeBron James,2026,LAL,Missed,14.549914089093448,LeBron James
Shot Chart Detail,22500753,601,2544,LeBron James,1610612747,Los Angeles Lakers,4,6,18,Missed Shot,Pullup Jump shot,3PT Field Goal,Above the Break 3,Center(C),24+ ft.,26.0,62.0,260.0,1,0,20260207,LAL,GSW,LeBron James,2026,LAL,Missed,26.729010456805167,LeBron James
Shot Chart Detail,22500769,22,2544,LeBron James,1610612747,Los Angeles Lakers,1,9,40,Made Shot,Driving Floating Jump Shot,2PT Field Goal,In The Paint (Non-RA),Left Side(L),8-16 ft.,10.0,-72.0,76.0,1,1,20260209,LAL,OKC,LeBron James,2026,LAL,Made,10.469001862641921,LeBron James
Shot Chart Detail,22500769,161,2544,LeBron James,1610612747,Los Angeles Lakers,2,11,18,Made Shot,Fadeaway Jump Shot,2PT Field Goal,Mid-Range,Left Side(L),16-24 ft.,16.0,-158.0,57.0,1,1,20260209,LAL,OKC,LeBron James,2026,LAL,Made,16.796725871431015,LeBron James
Shot Chart Detail,22500769,194,2544,LeBron James,1610612747,Los Angeles Lakers,2,9,6,Made Shot,Pullup Jump shot,2PT Field Goal,Mid-Range,Right Side Center(RC),16-24 ft.,16.0,87.0,141.0,1,1,20260209,LAL,OKC,LeBron James,2026,LAL,Made,16.56804152578089,LeBron James
Shot Chart Detail,22500769,201,2544,LeBron James,1610612747,Los Angeles Lakers,2,8,11,Missed Shot,Pullup Jump shot,3PT Field Goal,Above the Break 3,Left Side Center(LC),24+ ft.,25.0,-130.0,220.0,1,0,20260209,LAL,OKC,LeBron James,2026,LAL,Missed,25.553864678361276,LeBron James
Shot Chart Detail,22500769,216,2544,LeBron James,1610612747,Los Angeles Lakers,2,7,21,Missed Shot,Jump Shot,3PT Field Goal,Above the Break 3,Left Side Center(LC),24+ ft.,25.0,-185.0,172.0,1,0,20260209,LAL,OKC,LeBron James,2026,LAL,Missed,25.260443384865596,LeBron James
Shot Chart Detail,22500769,302,2544,LeBron James,1610612747,Los Angeles Lakers,2,2,36,Made Shot,Running Dunk Shot,2PT Field Goal,Restricted Area,Center(C),Less Than 8 ft.,1.0,-11.0,1.0,1,1,20260209,LAL,OKC,LeBron James,2026,LAL,Made,1.104536101718726,LeBron James
Shot Chart Detail,22500769,305,2544,LeBron James,1610612747,Los Angeles Lakers,2,2,11,Missed Shot,Driving Bank Hook Shot,2PT Field Goal,In The Paint (Non-RA),Left Side(L),8-16 ft.,8.0,-64.0,50.0,1,0,20260209,LAL,OKC,LeBron James,2026,LAL,Missed,8.121576201698781,LeBron James
Shot Chart Detail,22500769,380,2544,LeBron James,1610612747,Los Angeles Lakers,3,8,51,Made Shot,Driving Layup Shot,2PT Field Goal,Restricted Area,Center(C),Less Than 8 ft.,1.0,-11.0,6.0,1,1,20260209,LAL,OKC,LeBron James,2026,LAL,Made,1.2529964086141667,LeBron James
Shot Chart Detail,22500769,392,2544,LeBron James,1610612747,Los Angeles Lakers,3,7,44,Made Shot,Driving Layup Shot,2PT Field Goal,Restricted Area,Center(C),Less Than 8 ft.,3.0,-31.0,6.0,1,1,20260209,LAL,OKC,LeBron James,2026,LAL,Made,3.157530680769389,LeBron James
Shot Chart Detail,22500769,418,2544,LeBron James,1610612747,Los Angeles Lakers,3,6,19,Missed Shot,Jump Bank Shot,2PT Field Goal,Mid-Range,Right Side(R),16-24 ft.,17.0,148.0,84.0,1,0,20260209,LAL,OKC,LeBron James,2026,LAL,Missed,17.01763790894612,LeBron James
Shot Chart Detail,22500769,435,2544,LeBron James,1610612747,Los Angeles Lakers,3,5,9,Made Shot,Turnaround Fadeaway shot,2PT Field Goal,Mid-Range,Right Side(R),8-16 ft.,13.0,113.0,70.0,1,1,20260209,LAL,OKC,LeBron James,2026,LAL,Made,13.292479076530459,LeBron James
Shot Chart Detail,22500769,539,2544,LeBron James,1610612747,Los Angeles Lakers,4,10,51,Missed Shot,Pullup Jump shot,2PT Field Goal,Mid-Range,Center(C),8-16 ft.,15.0,-40.0,151.0,1,0,20260209,LAL,OKC,LeBron James,2026,LAL,Missed,15.620819440733575,LeBron James
Shot Chart Detail,22500769,564,2544,LeBron James,1610612747,Los Angeles Lakers,4,8,45,Missed Shot,Jump Shot,3PT Field Goal,Above the Break 3,Right Side Center(RC),24+ ft.,24.0,105.0,226.0,1,0,20260209,LAL,OKC,LeBron James,2026,LAL,Missed,24.920072231034965,LeBron James
Shot Chart Detail,22500769,586,2544,LeBron James,1610612747,Los Angeles Lakers,4,8,19,Missed Shot,Driving Layup Shot,2PT Field Goal,In The Paint (Non-RA),Center(C),Less Than 8 ft.,4.0,-40.0,21.0,1,0,20260209,LAL,OKC,LeBron James,2026,LAL,Missed,4.517742799230607,LeBron James
Shot Chart Detail,22500769,651,2544,LeBron James,1610612747,Los Angeles Lakers,4,3,56,Made Shot,Layup Shot,2PT Field Goal,Restricted Area,Center(C),Less Than 8 ft.,1.0,-15.0,10.0,1,1,20260209,LAL,OKC,LeBron James,2026,LAL,Made,1.8027756377319946,LeBron James
Shot Chart Detail,22500769,684,2544,LeBron James,1610612747,Los Angeles Lakers,4,1,43,Made Shot,Cutting Dunk Shot,2PT Field Goal,Restricted Area,Center(C),Less Than 8 ft.,0.0,1.0,0.0,1,1,20260209,LAL,OKC,LeBron James,2026,LAL,Made,0.1,LeBron James
Shot Chart Detail,22500769,696,2544,LeBron James,1610612747,Los Angeles Lakers,4,0,40,Missed Shot,Jump Shot,3PT Field Goal,Right Corner 3,Right Side(R),24+ ft.,23.0,233.0,37.0,1,0,20260209,LAL,OKC,LeBron James,2026,LAL,Missed,23.591947778850308,LeBron James
Shot Chart Detail,22500791,12,2544,LeBron James,1610612747,Los Angeles Lakers,1,10,57,Made Shot,Fadeaway Bank shot,2PT Field Goal,Mid-Range,Right Side(R),8-16 ft.,14.0,119.0,85.0,1,1,20260212,LAL,DAL,LeBron James,2026,LAL,Made,14.623952953972466,LeBron James
Shot Chart Detail,22500791,34,2544,LeBron James,1610612747,Los Angeles Lakers,1,9,12,Made Shot,Jump Shot,3PT Field Goal,Above the Break 3,Left Side Center(LC),24+ ft.,27.0,-148.0,236.0,1,1,20260212,LAL,DAL,LeBron James,2026,LAL,Made,27.856776554368242,LeBron James
Shot Chart Detail,22500791,38,2544,LeBron James,1610612747,Los Angeles Lakers,1,8,50,Made Shot,Running Pull-Up Jump Shot,3PT Field Goal,Above the Break 3,Center(C),24+ ft.,29.0,-85.0,285.0,1,1,20260212,LAL,DAL,LeBron James,2026,LAL,Made,29.740544715926102,LeBron James
Shot Chart Detail,22500791,48,2544,LeBron James,1610612747,Los Angeles Lakers,1,7,53,Missed Shot,Jump Shot,3PT Field Goal,Above the Break 3,Right Side Center(RC),24+ ft.,27.0,172.0,211.0,1,0,20260212,LAL,DAL,LeBron James,2026,LAL,Missed,27.22223356008834,LeBron James
Shot Chart Detail,22500791,84,2544,LeBron James,1610612747,Los Angeles Lakers,1,5,1,Made Shot,Running Layup Shot,2PT Field Goal,In The Paint (Non-RA),Center(C),Less Than 8 ft.,6.0,60.0,11.0,1,1,20260212,LAL,DAL,LeBron James,2026,LAL,Made,6.1,LeBron James
Shot Chart Detail,22500791,157,2544,LeBron James,1610612747,Los Angeles Lakers,1,0,35,Made Shot,Running Layup Shot,2PT Field Goal,Restricted Area,Center(C),Less Than 8 ft.,1.0,-5.0,13.0,1,1,20260212,LAL,DAL,LeBron James,2026,LAL,Made,1.3928388277184118,LeBron James
Shot Chart Detail,22500791,161,2544,LeBron James,1610612747,Los Angeles Lakers,1,0,3,Missed Shot,Jump Shot,3PT Field Goal,Left Corner 3,Left Side(L),24+ ft.,23.0,-232.0,21.0,1,0,20260212,LAL,DAL,LeBron James,2026,LAL,Missed,23.29484921608208,LeBron James
Shot Chart Detail,22500791,184,2544,LeBron James,1610612747,Los Angeles Lakers,2,10,30,Made Shot,Driving Layup Shot,2PT Field Goal,In The Paint (Non-RA),Center(C),Less Than 8 ft.,4.0,-29.0,30.0,1,1,20260212,LAL,DAL,LeBron James,2026,LAL,Made,4.172529209005013,LeBron James
Shot Chart Detail,22500791,194,2544,LeBron James,1610612747,Los Angeles Lakers,2,10,4,Missed Shot,Jump Shot,3PT Field Goal,Right Corner 3,Right Side(R),24+ ft.,24.0,239.0,67.0,1,0,20260212,LAL,DAL,LeBron James,2026,LAL,Missed,24.821361767638777,LeBron James
Shot Chart Detail,22500791,196,2544,LeBron James,1610612747,Los Angeles Lakers,2,9,57,Missed Shot,Alley Oop Layup shot,2PT Field Goal,In The Paint (Non-RA),Center(C),Less Than 8 ft.,4.0,34.0,22.0,1,0,20260212,LAL,DAL,LeBron James,2026,LAL,Missed,4.049691346263318,LeBron James
Shot Chart Detail,22500791,202,2544,LeBron James,1610612747,Los Angeles Lakers,2,9,38,Missed Shot,Turnaround Hook Shot,2PT Field Goal,In The Paint (Non-RA),Center(C),8-16 ft.,10.0,10.0,100.0,1,0,20260212,LAL,DAL,LeBron James,2026,LAL,Missed,10.04987562112089,LeBron James
Shot Chart Detail,22500791,374,2544,LeBron James,1610612747,Los Angeles Lakers,3,10,0,Made Shot,Running Layup Shot,2PT Field Goal,Restricted Area,Center(C),Less Than 8 ft.,2.0,15.0,16.0,1,1,20260212,LAL,DAL,LeBron James,2026,LAL,Made,2.193171219946131,LeBron James
Shot Chart Detail,22500791,383,2544,LeBron James,1610612747,Los Angeles Lakers,3,8,45,Missed Shot,Running Layup Shot,2PT Field Goal,Restricted Area,Center(C),Less Than 8 ft.,2.0,-11.0,18.0,1,0,20260212,LAL,DAL,LeBron James,2026,LAL,Missed,2.109502310972899,LeBron James
Shot Chart Detail,22500791,393,2544,LeBron James,1610612747,Los Angeles Lakers,3,6,59,Made Shot,Driving Layup Shot,2PT Field Goal,In The Paint (Non-RA),Center(C),Less Than 8 ft.,5.0,31.0,41.0,1,1,20260212,LAL,DAL,LeBron James,2026,LAL,Made,5.140038910358559,LeBron James
Shot Chart Detail,22500791,469,2544,LeBron James,1610612747,Los Angeles Lakers,3,1,43,Missed Shot,Turnaround Fadeaway shot,2PT Field Goal,In The Paint (Non-RA),Right Side(R),8-16 ft.,9.0,71.0,65.0,1,0,20260212,LAL,DAL,LeBron James,2026,LAL,Missed,9.626006440887103,LeBron James
Shot Chart Detail,22500791,503,2544,LeBron James,1610612747,Los Angeles Lakers,4,10,51,Made Shot,Driving Layup Shot,2PT Field Goal,Restricted Area,Center(C),Less Than 8 ft.,3.0,26.0,16.0,1,1,20260212,LAL,DAL,LeBron James,2026,LAL,Made,3.0528675044947495,LeBron James
Shot Chart Detail,22500791,521,2544,LeBron James,1610612747,Los Angeles Lakers,4,9,41,Missed Shot,Step Back Jump shot,3PT Field Goal,Above the Break 3,Left Side Center(LC),24+ ft.,26.0,-140.0,228.0,1,0,20260212,LAL,DAL,LeBron James,2026,LAL,Missed,26.75518641310503,LeBron James
Shot Chart Detail,22500791,561,2544,LeBron James,1610612747,Los Angeles Lakers,4,6,58,Missed Shot,Driving Floating Jump Shot,2PT Field Goal,In The Paint (Non-RA),Center(C),Less Than 8 ft.,5.0,-23.0,53.0,1,0,20260212,LAL,DAL,LeBron James,2026,LAL,Missed,5.777542730261716,LeBron James
Shot Chart Detail,22500791,587,2544,LeBron James,1610612747,Los Angeles Lakers,4,5,22,Missed Shot,Jump Shot,3PT Field Goal,Above the Break 3,Left Side Center(LC),24+ ft.,26.0,-214.0,162.0,1,0,20260212,LAL,DAL,LeBron James,2026,LAL,Missed,26.840268254993283,LeBron James
Shot Chart Detail,22500791,617,2544,LeBron James,1610612747,Los Angeles Lakers,4,2,57,Made Shot,Driving Layup Shot,2PT Field Goal,Restricted Area,Center(C),Less Than 8 ft.,1.0,-10.0,16.0,1,1,20260212,LAL,DAL,LeBron James,2026,LAL,Made,1.8867962264113207,LeBron James
Shot Chart Detail,22500809,37,2544,LeBron James,1610612747,Los Angeles Lakers,1,8,10,Made Shot,Running Layup Shot,2PT Field Goal,Restricted Area,Center(C),Less Than 8 ft.,1.0,7.0,8.0,1,1,20260220,LAL,LAC,LeBron James,2026,LAL,Made,1.063014581273465,LeBron James
Shot Chart Detail,22500809,41,2544,LeBron James,1610612747,Los Angeles Lakers,1,7,23,Made Shot,Fadeaway Jump Shot,2PT Field Goal,In The Paint (Non-RA),Left Side(L),8-16 ft.,11.0,-70.0,91.0,1,1,20260220,LAL,LAC,LeBron James,2026,LAL,Made,11.480853626799707,LeBron James
Shot Chart Detail,22500809,47,2544,LeBron James,1610612747,Los Angeles Lakers,1,6,45,Made Shot,Jump Shot,3PT Field Goal,Above the Break 3,Left Side Center(LC),24+ ft.,27.0,-134.0,238.0,1,1,20260220,LAL,LAC,LeBron James,2026,LAL,Made,27.31300056749533,LeBron James
Shot Chart Detail,22500809,171,2544,LeBron James,1610612747,Los Angeles Lakers,2,9,18,Missed Shot,Jump Shot,3PT Field Goal,Above the Break 3,Right Side Center(RC),24+ ft.,25.0,162.0,202.0,1,0,20260220,LAL,LAC,LeBron James,2026,LAL,Missed,25.893628559937287,LeBron James
Shot Chart Detail,22500809,190,2544,LeBron James,1610612747,Los Angeles Lakers,2,7,47,Made Shot,Fadeaway Jump Shot,2PT Field Goal,In The Paint (Non-RA),Center(C),8-16 ft.,12.0,-13.0,122.0,1,1,20260220,LAL,LAC,LeBron James,2026,LAL,Made,12.269066794177949,LeBron James
Shot Chart Detail,22500809,206,2544,LeBron James,1610612747,Los Angeles Lakers,2,7,16,Missed Shot,Jump Shot,3PT Field Goal,Above the Break 3,Right Side Center(RC),24+ ft.,26.0,107.0,242.0,1,0,20260220,LAL,LAC,LeBron James,2026,LAL,Missed,26.459969765666777,LeBron James
Shot Chart Detail,22500809,275,2544,LeBron James,1610612747,Los Angeles Lakers,2,2,47,Missed Shot,Turnaround Fadeaway shot,2PT Field Goal,In The Paint (Non-RA),Center(C),8-16 ft.,12.0,37.0,122.0,1,0,20260220,LAL,LAC,LeBron James,2026,LAL,Missed,12.74872542648872,LeBron James
Shot Chart Detail,22500809,285,2544,LeBron James,1610612747,Los Angeles Lakers,2,1,45,Missed Shot,Driving Floating Jump Shot,2PT Field Goal,In The Paint (Non-RA),Center(C),8-16 ft.,11.0,-4.0,112.0,1,0,20260220,LAL,LAC,LeBron James,2026,LAL,Missed,11.20714058089752,LeBron James
Shot Chart Detail,22500809,310,2544,LeBron James,1610612747,Los Angeles Lakers,2,0,26,Missed Shot,Running Layup Shot,2PT Field Goal,Restricted Area,Center(C),Less Than 8 ft.,1.0,-7.0,18.0,1,0,20260220,LAL,LAC,LeBron James,2026,LAL,Missed,1.9313207915827966,LeBron James
Shot Chart Detail,22500809,340,2544,LeBron James,1610612747,Los Angeles Lakers,3,10,37,Made Shot,Fadeaway Jump Shot,2PT Field Goal,In The Paint (Non-RA),Center(C),8-16 ft.,14.0,-67.0,130.0,1,1,20260220,LAL,LAC,LeBron James,2026,LAL,Made,14.624978632463023,LeBron James
Shot Chart Detail,22500809,392,2544,LeBron James,1610612747,Los Angeles Lakers,3,6,32,Missed Shot,Fadeaway Jump Shot,2PT Field Goal,Mid-Range,Left Side Center(LC),16-24 ft.,16.0,-102.0,132.0,1,0,20260220,LAL,LAC,LeBron James,2026,LAL,Missed,16.68172652934941,LeBron James
Shot Chart Detail,22500809,514,2544,LeBron James,1610612747,Los Angeles Lakers,4,10,50,Missed Shot,Driving Hook Shot,2PT Field Goal,In The Paint (Non-RA),Center(C),Less Than 8 ft.,4.0,4.0,40.0,1,0,20260220,LAL,LAC,LeBron James,2026,LAL,Missed,4.019950248448356,LeBron James
Shot Chart Detail,22500809,621,2544,LeBron James,1610612747,Los Angeles Lakers,4,2,46,Missed Shot,Driving Layup Shot,2PT Field Goal,In The Paint (Non-RA),Center(C),Less Than 8 ft.,4.0,5.0,40.0,1,0,20260220,LAL,LAC,LeBron James,2026,LAL,Missed,4.031128874149275,LeBron James
Shot Chart Detail,22500823,11,2544,LeBron James,1610612747,Los Angeles Lakers,1,11,33,Made Shot,Running Dunk Shot,2PT Field Goal,Restricted Area,Center(C),Less Than 8 ft.,1.0,-7.0,11.0,1,1,20260222,LAL,BOS,LeBron James,2026,LAL,Made,1.3038404810405297,LeBron James
Shot Chart Detail,22500823,15,2544,LeBron James,1610612747,Los Angeles Lakers,1,10,57,Made Shot,Driving Hook Shot,2PT Field Goal,In The Paint (Non-RA),Center(C),8-16 ft.,8.0,10.0,87.0,1,1,20260222,LAL,BOS,LeBron James,2026,LAL,Made,8.757282683572571,LeBron James
Shot Chart Detail,22500823,44,2544,LeBron James,1610612747,Los Angeles Lakers,1,7,34,Made Shot,Pullup Jump shot,2PT Field Goal,Mid-Range,Center(C),8-16 ft.,15.0,29.0,154.0,1,1,20260222,LAL,BOS,LeBron James,2026,LAL,Made,15.670673246545599,LeBron James
Shot Chart Detail,22500823,48,2544,LeBron James,1610612747,Los Angeles Lakers,1,7,5,Missed Shot,Pullup Jump shot,2PT Field Goal,Mid-Range,Left Side Center(LC),16-24 ft.,19.0,-83.0,171.0,1,0,20260222,LAL,BOS,LeBron James,2026,LAL,Missed,19.007893097342482,LeBron James
Shot Chart Detail,22500823,147,2544,LeBron James,1610612747,Los Angeles Lakers,1,0,27,Missed Shot,Driving Layup Shot,2PT Field Goal,Restricted Area,Center(C),Less Than 8 ft.,3.0,-21.0,29.0,1,0,20260222,LAL,BOS,LeBron James,2026,LAL,Missed,3.5805027579936315,LeBron James
Shot Chart Detail,22500823,180,2544,LeBron James,1610612747,Los Angeles Lakers,2,10,53,Missed Shot,Jump Shot,3PT Field Goal,Above the Break 3,Left Side Center(LC),24+ ft.,26.0,-169.0,203.0,1,0,20260222,LAL,BOS,LeBron James,2026,LAL,Missed,26.414011433328334,LeBron James
Shot Chart Detail,22500823,202,2544,LeBron James,1610612747,Los Angeles Lakers,2,8,56,Missed Shot,Running Layup Shot,2PT Field Goal,Restricted Area,Center(C),Less Than 8 ft.,3.0,-25.0,19.0,1,0,20260222,LAL,BOS,LeBron James,2026,LAL,Missed,3.1400636936215163,LeBron James
Shot Chart Detail,22500823,303,2544,LeBron James,1610612747,Los Angeles Lakers,2,1,59,Missed Shot,Layup Shot,2PT Field Goal,Restricted Area,Center(C),Less Than 8 ft.,2.0,11.0,24.0,1,0,20260222,LAL,BOS,LeBron James,2026,LAL,Missed,2.640075756488817,LeBron James
Shot Chart Detail,22500823,356,2544,LeBron James,1610612747,Los Angeles Lakers,3,11,2,Missed Shot,Jump Shot,3PT Field Goal,Above the Break 3,Right Side Center(RC),24+ ft.,26.0,92.0,247.0,1,0,20260222,LAL,BOS,LeBron James,2026,LAL,Missed,26.357731313601327,LeBron James
Shot Chart Detail,22500823,365,2544,LeBron James,1610612747,Los Angeles Lakers,3,10,16,Made Shot,Jump Shot,3PT Field Goal,Above the Break 3,Left Side Center(LC),24+ ft.,26.0,-230.0,123.0,1,1,20260222,LAL,BOS,LeBron James,2026,LAL,Made,26.082369524259104,LeBron James
Shot Chart Detail,22500823,373,2544,LeBron James,1610612747,Los Angeles Lakers,3,8,54,Missed Shot,Turnaround Jump Shot,2PT Field Goal,In The Paint (Non-RA),Center(C),8-16 ft.,9.0,-40.0,88.0,1,0,20260222,LAL,BOS,LeBron James,2026,LAL,Missed,9.666436778875658,LeBron James
Shot Chart Detail,22500823,383,2544,LeBron James,1610612747,Los Angeles Lakers,3,7,59,Made Shot,Running Layup Shot,2PT Field Goal,In The Paint (Non-RA),Center(C),Less Than 8 ft.,4.0,-13.0,42.0,1,1,20260222,LAL,BOS,LeBron James,2026,LAL,Made,4.396589587396122,LeBron James
Shot Chart Detail,22500823,387,2544,LeBron James,1610612747,Los Angeles Lakers,3,7,34,Missed Shot,Running Layup Shot,2PT Field Goal,Restricted Area,Center(C),Less Than 8 ft.,1.0,-15.0,12.0,1,0,20260222,LAL,BOS,LeBron James,2026,LAL,Missed,1.9209372712298545,LeBron James
Shot Chart Detail,22500823,414,2544,LeBron James,1610612747,Los Angeles Lakers,3,6,38,Made Shot,Driving Layup Shot,2PT Field Goal,In The Paint (Non-RA),Center(C),Less Than 8 ft.,4.0,-40.0,28.0,1,1,20260222,LAL,BOS,LeBron James,2026,LAL,Made,4.882622246293481,LeBron James
Shot Chart Detail,22500823,421,2544,LeBron James,1610612747,Los Angeles Lakers,3,5,34,Made Shot,Driving Layup Shot,2PT Field Goal,Restricted Area,Center(C),Less Than 8 ft.,2.0,-4.0,26.0,1,1,20260222,LAL,BOS,LeBron James,2026,LAL,Made,2.630589287593181,LeBron James
Shot Chart Detail,22500823,428,2544,LeBron James,1610612747,Los Angeles Lakers,3,4,55,Missed Shot,Jump Shot,3PT Field Goal,Above the Break 3,Right Side Center(RC),24+ ft.,27.0,99.0,258.0,1,0,20260222,LAL,BOS,LeBron James,2026,LAL,Missed,27.634217919094436,LeBron James
Shot Chart Detail,22500823,503,2544,LeBron James,1610612747,Los Angeles Lakers,3,0,12,Missed Shot,Pullup Jump shot,3PT Field Goal,Above the Break 3,Left Side Center(LC),24+ ft.,28.0,-159.0,235.0,1,0,20260222,LAL,BOS,LeBron James,2026,LAL,Missed,28.373579259585846,LeBron James
Shot Chart Detail,22500823,535,2544,LeBron James,1610612747,Los Angeles Lakers,4,10,20,Made Shot,Running Layup Shot,2PT Field Goal,Restricted Area,Center(C),Less Than 8 ft.,1.0,2.0,15.0,1,1,20260222,LAL,BOS,LeBron James,2026,LAL,Made,1.5132745950421556,LeBron James
Shot Chart Detail,22500823,567,2544,LeBron James,1610612747,Los Angeles Lakers,4,7,24,Missed Shot,Driving Layup Shot,2PT Field Goal,Restricted Area,Center(C),Less Than 8 ft.,3.0,-17.0,28.0,1,0,20260222,LAL,BOS,LeBron James,2026,LAL,Missed,3.27566787083184,LeBron James
Shot Chart Detail,22500823,569,2544,LeBron James,1610612747,Los Angeles Lakers,4,7,23,Made Shot,Putback Layup Shot,2PT Field Goal,Restricted Area,Center(C),Less Than 8 ft.,1.0,-6.0,18.0,1,1,20260222,LAL,BOS,LeBron James,2026,LAL,Made,1.8973665961010275,LeBron James
Shot Chart Detail,22500823,607,2544,LeBron James,1610612747,Los Angeles Lakers,4,4,36,Missed Shot,Driving Floating Jump Shot,2PT Field Goal,In The Paint (Non-RA),Left Side(L),8-16 ft.,10.0,-65.0,85.0,1,0,20260222,LAL,BOS,LeBron James,2026,LAL,Missed,10.70046727951635,LeBron James
Shot Chart Detail,22501204,12,2544,LeBron James,1610612747,Los Angeles Lakers,1,11,11,Made Shot,Fadeaway Jump Shot,2PT Field Goal,Mid-Range,Center(C),8-16 ft.,15.0,-9.0,150.0,1,1,20251210,LAL,SAS,LeBron James,2025,LAL,Made,15.026975743641833,LeBron James
Shot Chart Detail,22501204,35,2544,LeBron James,1610612747,Los Angeles Lakers,1,8,53,Made Shot,Running Layup Shot,2PT Field Goal,Restricted Area,Center(C),Less Than 8 ft.,3.0,-31.0,24.0,1,1,20251210,LAL,SAS,LeBron James,2025,LAL,Made,3.920459156782532,LeBron James
Shot Chart Detail,22501204,51,2544,LeBron James,1610612747,Los Angeles Lakers,1,7,18,Missed Shot,Running Pull-Up Jump Shot,3PT Field Goal,Above the Break 3,Right Side Center(RC),24+ ft.,28.0,135.0,248.0,1,0,20251210,LAL,SAS,LeBron James,2025,LAL,Missed,28.236324123369883,LeBron James
Shot Chart Detail,22501204,141,2544,LeBron James,1610612747,Los Angeles Lakers,1,1,34,Made Shot,Cutting Layup Shot,2PT Field Goal,Restricted Area,Center(C),Less Than 8 ft.,2.0,-13.0,20.0,1,1,20251210,LAL,SAS,LeBron James,2025,LAL,Made,2.3853720883753127,LeBron James
Shot Chart Detail,22501204,172,2544,LeBron James,1610612747,Los Angeles Lakers,2,11,36,Missed Shot,Fadeaway Jump Shot,2PT Field Goal,Mid-Range,Center(C),8-16 ft.,14.0,-15.0,141.0,1,0,20251210,LAL,SAS,LeBron James,2025,LAL,Missed,14.179562757715768,LeBron James
Shot Chart Detail,22501204,201,2544,LeBron James,1610612747,Los Angeles Lakers,2,9,51,Missed Shot,Tip Layup Shot,2PT Field Goal,Restricted Area,Center(C),Less Than 8 ft.,0.0,0.0,0.0,1,0,20251210,LAL,SAS,LeBron James,2025,LAL,Missed,0.0,LeBron James
Shot Chart Detail,22501204,215,2544,LeBron James,1610612747,Los Angeles Lakers,2,8,56,Made Shot,Pullup Jump shot,2PT Field Goal,In The Paint (Non-RA),Center(C),8-16 ft.,15.0,-76.0,135.0,1,1,20251210,LAL,SAS,LeBron James,2025,LAL,Made,15.492256130079957,LeBron James
Shot Chart Detail,22501204,221,2544,LeBron James,1610612747,Los Angeles Lakers,2,8,25,Missed Shot,Driving Layup Shot,2PT Field Goal,Restricted Area,Center(C),Less Than 8 ft.,2.0,9.0,25.0,1,0,20251210,LAL,SAS,LeBron James,2025,LAL,Missed,2.6570660511172846,LeBron James
Shot Chart Detail,22501204,243,2544,LeBron James,1610612747,Los Angeles Lakers,2,7,29,Made Shot,Driving Layup Shot,2PT Field Goal,Restricted Area,Center(C),Less Than 8 ft.,2.0,-12.0,25.0,1,1,20251210,LAL,SAS,LeBron James,2025,LAL,Made,2.7730849247724096,LeBron James
Shot Chart Detail,22501204,343,2544,LeBron James,1610612747,Los Angeles Lakers,2,0,56,Made Shot,Running Dunk Shot,2PT Field Goal,Restricted Area,Center(C),Less Than 8 ft.,3.0,31.0,-1.0,1,1,20251210,LAL,SAS,LeBron James,2025,LAL,Made,3.1016124838541645,LeBron James
Shot Chart Detail,22501204,383,2544,LeBron James,1610612747,Los Angeles Lakers,3,10,24,Missed Shot,Jump Shot,3PT Field Goal,Above the Break 3,Right Side Center(RC),24+ ft.,28.0,147.0,246.0,1,0,20251210,LAL,SAS,LeBron James,2025,LAL,Missed,28.6574597618142,LeBron James
Shot Chart Detail,22501204,406,2544,LeBron James,1610612747,Los Angeles Lakers,3,7,59,Made Shot,Running Layup Shot,2PT Field Goal,Restricted Area,Center(C),Less Than 8 ft.,2.0,-6.0,29.0,1,1,20251210,LAL,SAS,LeBron James,2025,LAL,Made,2.9614185789921694,LeBron James
Shot Chart Detail,22501204,415,2544,LeBron James,1610612747,Los Angeles Lakers,3,7,21,Missed Shot,Driving Layup Shot,2PT Field Goal,Restricted Area,Center(C),Less Than 8 ft.,3.0,-17.0,29.0,1,0,20251210,LAL,SAS,LeBron James,2025,LAL,Missed,3.361547262794322,LeBron James
Shot Chart Detail,22501204,445,2544,LeBron James,1610612747,Los Angeles Lakers,3,6,2,Missed Shot,Jump Shot,3PT Field Goal,Above the Break 3,Left Side Center(LC),24+ ft.,27.0,-173.0,210.0,1,0,20251210,LAL,SAS,LeBron James,2025,LAL,Missed,27.20827080135744,LeBron James
Shot Chart Detail,22501228,22,2544,LeBron James,1610612747,Los Angeles Lakers,1,10,19,Made Shot,Turnaround Fadeaway shot,2PT Field Goal,Mid-Range,Left Side(L),8-16 ft.,11.0,-110.0,-17.0,1,1,20251214,PHX,LAL,LeBron James,2025,PHX,Made,11.130588483993108,LeBron James
Shot Chart Detail,22501228,129,2544,LeBron James,1610612747,Los Angeles Lakers,1,3,10,Missed Shot,Jump Shot,3PT Field Goal,Left Corner 3,Left Side(L),24+ ft.,22.0,-223.0,2.0,1,0,20251214,PHX,LAL,LeBron James,2025,PHX,Missed,22.300896842952305,LeBron James
Shot Chart Detail,22501228,187,2544,LeBron James,1610612747,Los Angeles Lakers,2,11,11,Missed Shot,Pullup Jump shot,2PT Field Goal,Mid-Range,Left Side(L),8-16 ft.,11.0,-88.0,77.0,1,0,20251214,PHX,LAL,LeBron James,2025,PHX,Missed,11.693160394008114,LeBron James
Shot Chart Detail,22501228,216,2544,LeBron James,1610612747,Los Angeles Lakers,2,8,8,Made Shot,Running Layup Shot,2PT Field Goal,Restricted Area,Center(C),Less Than 8 ft.,1.0,11.0,10.0,1,1,20251214,PHX,LAL,LeBron James,2025,PHX,Made,1.4866068747318506,LeBron James
Shot Chart Detail,22501228,220,2544,LeBron James,1610612747,Los Angeles Lakers,2,7,25,Made Shot,Turnaround Fadeaway shot,2PT Field Goal,Restricted Area,Center(C),Less Than 8 ft.,1.0,15.0,8.0,1,1,20251214,PHX,LAL,LeBron James,2025,PHX,Made,1.7,LeBron James
Shot Chart Detail,22501228,234,2544,LeBron James,1610612747,Los Angeles Lakers,2,6,6,Made Shot,Running Layup Shot,2PT Field Goal,Restricted Area,Center(C),Less Than 8 ft.,1.0,12.0,15.0,1,1,20251214,PHX,LAL,LeBron James,2025,PHX,Made,1.9209372712298545,LeBron James
Shot Chart Detail,22501228,399,2544,LeBron James,1610612747,Los Angeles Lakers,3,11,44,Missed Shot,Fadeaway Jump Shot,2PT Field Goal,Mid-Range,Left Side Center(LC),16-24 ft.,19.0,-81.0,180.0,1,0,20251214,PHX,LAL,LeBron James,2025,PHX,Missed,19.73854097951518,LeBron James
Shot Chart Detail,22501228,424,2544,LeBron James,1610612747,Los Angeles Lakers,3,10,34,Missed Shot,Cutting Layup Shot,2PT Field Goal,Restricted Area,Center(C),Less Than 8 ft.,1.0,15.0,11.0,1,0,20251214,PHX,LAL,LeBron James,2025,PHX,Missed,1.8601075237738276,LeBron James
Shot Chart Detail,22501228,479,2544,LeBron James,1610612747,Los Angeles Lakers,3,5,36,Missed Shot,Turnaround Fadeaway shot,2PT Field Goal,Mid-Range,Left Side(L),8-16 ft.,14.0,-142.0,-17.0,1,0,20251214,PHX,LAL,LeBron James,2025,PHX,Missed,14.301398533010678,LeBron James
Shot Chart Detail,22501228,569,2544,LeBron James,1610612747,Los Angeles Lakers,3,1,16,Missed Shot,Driving Layup Shot,2PT Field Goal,Restricted Area,Center(C),Less Than 8 ft.,1.0,-9.0,11.0,1,0,20251214,PHX,LAL,LeBron James,2025,PHX,Missed,1.4212670403551895,LeBron James
Shot Chart Detail,22501228,571,2544,LeBron James,1610612747,Los Angeles Lakers,3,1,13,Made Shot,Reverse Layup Shot,2PT Field Goal,Restricted Area,Center(C),Less Than 8 ft.,0.0,6.0,7.0,1,1,20251214,PHX,LAL,LeBron James,2025,PHX,Made,0.9219544457292888,LeBron James
Shot Chart Detail,22501228,615,2544,LeBron James,1610612747,Los Angeles Lakers,4,11,38,Made Shot,Running Layup Shot,2PT Field Goal,Restricted Area,Center(C),Less Than 8 ft.,1.0,-15.0,-6.0,1,1,20251214,PHX,LAL,LeBron James,2025,PHX,Made,1.6155494421403511,LeBron James
Shot Chart Detail,22501228,622,2544,LeBron James,1610612747,Los Angeles Lakers,4,10,58,Missed Shot,Pullup Jump shot,3PT Field Goal,Above the Break 3,Left Side Center(LC),24+ ft.,28.0,-94.0,270.0,1,0,20251214,PHX,LAL,LeBron James,2025,PHX,Missed,28.589508565206224,LeBron James
Shot Chart Detail,22501228,626,2544,LeBron James,1610612747,Los Angeles Lakers,4,10,37,Missed Shot,Pullup Jump shot,3PT Field Goal,Above the Break 3,Left Side Center(LC),24+ ft.,25.0,-143.0,210.0,1,0,20251214,PHX,LAL,LeBron James,2025,PHX,Missed,25.40649523251879,LeBron James
Shot Chart Detail,22501228,652,2544,LeBron James,1610612747,Los Angeles Lakers,4,9,30,Made Shot,Pullup Jump shot,3PT Field Goal,Above the Break 3,Right Side Center(RC),24+ ft.,26.0,173.0,199.0,1,1,20251214,PHX,LAL,LeBron James,2025,PHX,Made,26.368541863364385,LeBron James
Shot Chart Detail,22501228,753,2544,LeBron James,1610612747,Los Angeles Lakers,4,2,43,Missed Shot,Step Back Jump shot,3PT Field Goal,Above the Break 3,Right Side Center(RC),24+ ft.,25.0,219.0,125.0,1,0,20251214,PHX,LAL,LeBron James,2025,PHX,Missed,25.21626459252044,LeBron James
Shot Chart Detail,22501228,774,2544,LeBron James,1610612747,Los Angeles Lakers,4,0,39,Made Shot,Driving Layup Shot,2PT Field Goal,Restricted Area,Center(C),Less Than 8 ft.,2.0,-2.0,20.0,1,1,20251214,PHX,LAL,LeBron James,2025,PHX,Made,2.009975124224178,LeBron James
Shot Chart Detail,22500001,27,201142,Kevin Durant,1610612745,Houston Rockets,1,10,7,Made Shot,Running Dunk Shot,2PT Field Goal,Restricted Area,Center(C),Less Than 8 ft.,0.0,0.0,-1.0,1,1,20251021,OKC,HOU,Kevin Durant,2025,OKC,Made,0.1,Kevin Durant
Shot Chart Detail,22500001,34,201142,Kevin Durant,1610612745,Houston Rockets,1,9,6,Missed Shot,Pullup Jump shot,2PT Field Goal,Mid-Range,Right Side(R),8-16 ft.,9.0,85.0,37.0,1,0,20251021,OKC,HOU,Kevin Durant,2025,OKC,Missed,9.270382947861432,Kevin Durant
Shot Chart Detail,22500001,81,201142,Kevin Durant,1610612745,Houston Rockets,1,5,56,Made Shot,Driving Floating Jump Shot,2PT Field Goal,In The Paint (Non-RA),Center(C),Less Than 8 ft.,5.0,7.0,53.0,1,1,20251021,OKC,HOU,Kevin Durant,2025,OKC,Made,5.346026561849464,Kevin Durant
Shot Chart Detail,22500001,93,201142,Kevin Durant,1610612745,Houston Rockets,1,4,53,Missed Shot,Jump Shot,3PT Field Goal,Above the Break 3,Left Side Center(LC),24+ ft.,25.0,-195.0,157.0,1,0,20251021,OKC,HOU,Kevin Durant,2025,OKC,Missed,25.0347758128568,Kevin Durant
Shot Chart Detail,22500001,97,201142,Kevin Durant,1610612745,Houston Rockets,1,4,25,Missed Shot,Fadeaway Jump Shot,2PT Field Goal,Mid-Range,Right Side(R),8-16 ft.,11.0,82.0,78.0,1,0,20251021,OKC,HOU,Kevin Durant,2025,OKC,Missed,11.317243480636087,Kevin Durant
Shot Chart Detail,22500001,128,201142,Kevin Durant,1610612745,Houston Rockets,1,3,0,Made Shot,Pullup Jump shot,2PT Field Goal,Mid-Range,Center(C),16-24 ft.,16.0,-49.0,155.0,1,1,20251021,OKC,HOU,Kevin Durant,2025,OKC,Made,16.25607578722491,Kevin Durant
Shot Chart Detail,22500001,160,201142,Kevin Durant,1610612745,Houston Rockets,1,0,37,Missed Shot,Jump Shot,3PT Field Goal,Above the Break 3,Right Side Center(RC),24+ ft.,25.0,120.0,226.0,1,0,20251021,OKC,HOU,Kevin Durant,2025,OKC,Missed,25.588278566562465,Kevin Durant
Shot Chart Detail,22500001,245,201142,Kevin Durant,1610612745,Houston Rockets,2,6,59,Missed Shot,Turnaround Fadeaway shot,2PT Field Goal,In The Paint (Non-RA),Right Side(R),8-16 ft.,14.0,74.0,126.0,1,0,20251021,OKC,HOU,Kevin Durant,2025,OKC,Missed,14.612323566086264,Kevin Durant
Shot Chart Detail,22500001,308,201142,Kevin Durant,1610612745,Houston Rockets,2,2,46,Made Shot,Pullup Jump shot,2PT Field Goal,Mid-Range,Right Side(R),8-16 ft.,13.0,81.0,106.0,1,1,20251021,OKC,HOU,Kevin Durant,2025,OKC,Made,13.34053971921676,Kevin Durant
Shot Chart Detail,22500001,316,201142,Kevin Durant,1610612745,Houston Rockets,2,2,15,Made Shot,Pullup Jump shot,2PT Field Goal,Mid-Range,Center(C),16-24 ft.,19.0,-45.0,192.0,1,1,20251021,OKC,HOU,Kevin Durant,2025,OKC,Made,19.720294115453754,Kevin Durant
Shot Chart Detail,22500001,333,201142,Kevin Durant,1610612745,Houston Rockets,2,0,38,Made Shot,Jump Shot,2PT Field Goal,Mid-Range,Left Side(L),8-16 ft.,12.0,-93.0,77.0,1,1,20251021,OKC,HOU,Kevin Durant,2025,OKC,Made,12.07393887677091,Kevin Durant
Shot Chart Detail,22500001,374,201142,Kevin Durant,1610612745,Houston Rockets,3,11,2,Made Shot,Turnaround Fadeaway shot,2PT Field Goal,Mid-Range,Right Side(R),8-16 ft.,8.0,82.0,5.0,1,1,20251021,OKC,HOU,Kevin Durant,2025,OKC,Made,8.21522975941635,Kevin Durant
Shot Chart Detail,22500001,480,201142,Kevin Durant,1610612745,Houston Rockets,3,2,57,Missed Shot,Jump Shot,3PT Field Goal,Above the Break 3,Left Side Center(LC),24+ ft.,26.0,-135.0,233.0,1,0,20251021,OKC,HOU,Kevin Durant,2025,OKC,Missed,26.92842364491468,Kevin Durant
Shot Chart Detail,22500001,625,201142,Kevin Durant,1610612745,Houston Rockets,4,4,32,Made Shot,Pullup Jump shot,2PT Field Goal,Mid-Range,Left Side Center(LC),16-24 ft.,19.0,-129.0,149.0,1,1,20251021,OKC,HOU,Kevin Durant,2025,OKC,Made,19.708373854785684,Kevin Durant
Shot Chart Detail,22500001,836,201142,Kevin Durant,1610612745,Houston Rockets,6,1,15,Made Shot,Driving Layup Shot,2PT Field Goal,In The Paint (Non-RA),Center(C),Less Than 8 ft.,4.0,-34.0,34.0,1,1,20251021,OKC,HOU,Kevin Durant,2025,OKC,Made,4.808326112068523,Kevin Durant
Shot Chart Detail,22500001,853,201142,Kevin Durant,1610612745,Houston Rockets,6,0,24,Missed Shot,Pullup Jump shot,3PT Field Goal,Above the Break 3,Center(C),24+ ft.,25.0,-9.0,257.0,1,0,20251021,OKC,HOU,Kevin Durant,2025,OKC,Missed,25.715753926338618,Kevin Durant
Shot Chart Detail,22500012,7,201142,Kevin Durant,1610612745,Houston Rockets,1,11,39,Missed Shot,Driving Floating Jump Shot,2PT Field Goal,In The Paint (Non-RA),Center(C),8-16 ft.,12.0,-43.0,113.0,1,0,20251225,LAL,HOU,Kevin Durant,2025,LAL,Missed,12.090492132250036,Kevin Durant
Shot Chart Detail,22500012,15,201142,Kevin Durant,1610612745,Houston Rockets,1,10,45,Missed Shot,Jump Shot,3PT Field Goal,Above the Break 3,Center(C),24+ ft.,25.0,-11.0,257.0,1,0,20251225,LAL,HOU,Kevin Durant,2025,LAL,Missed,25.72353008434107,Kevin Durant
Shot Chart Detail,22500012,37,201142,Kevin Durant,1610612745,Houston Rockets,1,9,18,Missed Shot,Pullup Jump shot,2PT Field Goal,Mid-Range,Right Side Center(RC),16-24 ft.,16.0,98.0,134.0,1,0,20251225,LAL,HOU,Kevin Durant,2025,LAL,Missed,16.601204775557708,Kevin Durant
Shot Chart Detail,22500012,46,201142,Kevin Durant,1610612745,Houston Rockets,1,8,34,Missed Shot,Pullup Jump shot,2PT Field Goal,In The Paint (Non-RA),Center(C),Less Than 8 ft.,5.0,-56.0,-6.0,1,0,20251225,LAL,HOU,Kevin Durant,2025,LAL,Missed,5.632051136131489,Kevin Durant
Shot Chart Detail,22500012,54,201142,Kevin Durant,1610612745,Houston Rockets,1,7,37,Made Shot,Fadeaway Jump Shot,2PT Field Goal,In The Paint (Non-RA),Center(C),Less Than 8 ft.,6.0,-61.0,15.0,1,1,20251225,LAL,HOU,Kevin Durant,2025,LAL,Made,6.281719509815764,Kevin Durant
Shot Chart Detail,22500012,94,201142,Kevin Durant,1610612745,Houston Rockets,1,4,7,Made Shot,Pullup Jump shot,2PT Field Goal,Mid-Range,Left Side Center(LC),16-24 ft.,17.0,-134.0,110.0,1,1,20251225,LAL,HOU,Kevin Durant,2025,LAL,Made,17.33666634621547,Kevin Durant
Shot Chart Detail,22500012,117,201142,Kevin Durant,1610612745,Houston Rockets,1,2,23,Made Shot,Jump Shot,3PT Field Goal,Above the Break 3,Right Side Center(RC),24+ ft.,26.0,136.0,226.0,1,1,20251225,LAL,HOU,Kevin Durant,2025,LAL,Made,26.37650469641495,Kevin Durant
Shot Chart Detail,22500012,243,201142,Kevin Durant,1610612745,Houston Rockets,2,5,15,Made Shot,Pullup Jump shot,3PT Field Goal,Above the Break 3,Center(C),24+ ft.,26.0,70.0,255.0,1,1,20251225,LAL,HOU,Kevin Durant,2025,LAL,Made,26.443335644354704,Kevin Durant
Shot Chart Detail,22500012,258,201142,Kevin Durant,1610612745,Houston Rockets,2,3,6,Made Shot,Pullup Jump shot,2PT Field Goal,In The Paint (Non-RA),Center(C),8-16 ft.,11.0,39.0,109.0,1,1,20251225,LAL,HOU,Kevin Durant,2025,LAL,Made,11.576700738984316,Kevin Durant
Shot Chart Detail,22500012,309,201142,Kevin Durant,1610612745,Houston Rockets,2,0,35,Made Shot,Pullup Jump shot,2PT Field Goal,Mid-Range,Left Side(L),8-16 ft.,10.0,-93.0,45.0,1,1,20251225,LAL,HOU,Kevin Durant,2025,LAL,Made,10.33150521463354,Kevin Durant
Shot Chart Detail,22500012,343,201142,Kevin Durant,1610612745,Houston Rockets,3,10,36,Missed Shot,Driving Layup Shot,2PT Field Goal,In The Paint (Non-RA),Center(C),Less Than 8 ft.,6.0,-20.0,62.0,1,0,20251225,LAL,HOU,Kevin Durant,2025,LAL,Missed,6.514598989960932,Kevin Durant
Shot Chart Detail,22500012,338,201142,Kevin Durant,1610612745,Houston Rockets,3,9,50,Made Shot,Pullup Jump shot,3PT Field Goal,Above the Break 3,Center(C),24+ ft.,25.0,-38.0,256.0,1,1,20251225,LAL,HOU,Kevin Durant,2025,LAL,Made,25.880494585691366,Kevin Durant
Shot Chart Detail,22500012,502,201142,Kevin Durant,1610612745,Houston Rockets,4,9,4,Missed Shot,Pullup Jump shot,3PT Field Goal,Above the Break 3,Left Side Center(LC),24+ ft.,25.0,-195.0,164.0,1,0,20251225,LAL,HOU,Kevin Durant,2025,LAL,Missed,25.47959968288356,Kevin Durant
Shot Chart Detail,22500012,523,201142,Kevin Durant,1610612745,Houston Rockets,4,7,44,Made Shot,Jump Shot,3PT Field Goal,Above the Break 3,Center(C),24+ ft.,25.0,44.0,250.0,1,1,20251225,LAL,HOU,Kevin Durant,2025,LAL,Made,25.38424708357528,Kevin Durant
Shot Chart Detail,22500032,21,201142,Kevin Durant,1610612745,Houston Rockets,1,10,21,Missed Shot,Pullup Jump shot,2PT Field Goal,In The Paint (Non-RA),Center(C),8-16 ft.,11.0,51.0,104.0,1,0,20251107,SAS,HOU,Kevin Durant,2025,SAS,Missed,11.583177456984762,Kevin Durant
Shot Chart Detail,22500032,68,201142,Kevin Durant,1610612745,Houston Rockets,1,6,33,Missed Shot,Pullup Jump shot,2PT Field Goal,Mid-Range,Right Side(R),8-16 ft.,12.0,121.0,6.0,1,0,20251107,SAS,HOU,Kevin Durant,2025,SAS,Missed,12.11486689980538,Kevin Durant
Shot Chart Detail,22500032,78,201142,Kevin Durant,1610612745,Houston Rockets,1,5,24,Missed Shot,Jump Shot,2PT Field Goal,Mid-Range,Left Side Center(LC),16-24 ft.,16.0,-121.0,117.0,1,0,20251107,SAS,HOU,Kevin Durant,2025,SAS,Missed,16.831518053936787,Kevin Durant
Shot Chart Detail,22500032,84,201142,Kevin Durant,1610612745,Houston Rockets,1,4,54,Made Shot,Jump Shot,2PT Field Goal,In The Paint (Non-RA),Center(C),8-16 ft.,13.0,17.0,136.0,1,1,20251107,SAS,HOU,Kevin Durant,2025,SAS,Made,13.705838172107534,Kevin Durant
Shot Chart Detail,22500032,107,201142,Kevin Durant,1610612745,Houston Rockets,1,3,25,Missed Shot,Turnaround Jump Shot,2PT Field Goal,Mid-Range,Left Side(L),8-16 ft.,13.0,-121.0,65.0,1,0,20251107,SAS,HOU,Kevin Durant,2025,SAS,Missed,13.735355838128111,Kevin Durant
Shot Chart Detail,22500032,217,201142,Kevin Durant,1610612745,Houston Rockets,2,7,44,Made Shot,Turnaround Jump Shot,2PT Field Goal,Mid-Range,Left Side(L),8-16 ft.,13.0,-82.0,110.0,1,1,20251107,SAS,HOU,Kevin Durant,2025,SAS,Made,13.720058308913996,Kevin Durant
Shot Chart Detail,22500032,239,201142,Kevin Durant,1610612745,Houston Rockets,2,6,25,Made Shot,Jump Shot,3PT Field Goal,Above the Break 3,Right Side Center(RC),24+ ft.,25.0,86.0,237.0,1,1,20251107,SAS,HOU,Kevin Durant,2025,SAS,Made,25.21210026951345,Kevin Durant
Shot Chart Detail,22500032,252,201142,Kevin Durant,1610612745,Houston Rockets,2,5,39,Missed Shot,Pullup Jump shot,2PT Field Goal,Mid-Range,Left Side(L),8-16 ft.,14.0,-110.0,89.0,1,0,20251107,SAS,HOU,Kevin Durant,2025,SAS,Missed,14.149558296992879,Kevin Durant
Shot Chart Detail,22500032,279,201142,Kevin Durant,1610612745,Houston Rockets,2,4,1,Missed Shot,Pullup Jump shot,2PT Field Goal,Mid-Range,Center(C),8-16 ft.,14.0,5.0,149.0,1,0,20251107,SAS,HOU,Kevin Durant,2025,SAS,Missed,14.908386901338455,Kevin Durant
Shot Chart Detail,22500032,379,201142,Kevin Durant,1610612745,Houston Rockets,3,9,37,Made Shot,Pullup Jump shot,2PT Field Goal,In The Paint (Non-RA),Left Side(L),8-16 ft.,15.0,-80.0,132.0,1,1,20251107,SAS,HOU,Kevin Durant,2025,SAS,Made,15.435025105259792,Kevin Durant
Shot Chart Detail,22500032,388,201142,Kevin Durant,1610612745,Houston Rockets,3,8,42,Made Shot,Driving Dunk Shot,2PT Field Goal,Restricted Area,Center(C),Less Than 8 ft.,0.0,1.0,0.0,1,1,20251107,SAS,HOU,Kevin Durant,2025,SAS,Made,0.1,Kevin Durant
Shot Chart Detail,22500032,492,201142,Kevin Durant,1610612745,Houston Rockets,3,2,42,Made Shot,Pullup Jump shot,2PT Field Goal,Mid-Range,Right Side(R),16-24 ft.,17.0,153.0,89.0,1,1,20251107,SAS,HOU,Kevin Durant,2025,SAS,Made,17.700282483621553,Kevin Durant
Shot Chart Detail,22500032,526,201142,Kevin Durant,1610612745,Houston Rockets,3,0,30,Made Shot,Driving Floating Jump Shot,2PT Field Goal,Restricted Area,Center(C),Less Than 8 ft.,3.0,4.0,35.0,1,1,20251107,SAS,HOU,Kevin Durant,2025,SAS,Made,3.522782990761707,Kevin Durant
Shot Chart Detail,22500032,591,201142,Kevin Durant,1610612745,Houston Rockets,4,7,23,Missed Shot,Fadeaway Jump Shot,2PT Field Goal,Mid-Range,Left Side(L),8-16 ft.,12.0,-123.0,1.0,1,0,20251107,SAS,HOU,Kevin Durant,2025,SAS,Missed,12.300406497347964,Kevin Durant
Shot Chart Detail,22500032,596,201142,Kevin Durant,1610612745,Houston Rockets,4,7,1,Missed Shot,Pullup Jump shot,2PT Field Goal,Mid-Range,Right Side(R),8-16 ft.,14.0,131.0,71.0,1,0,20251107,SAS,HOU,Kevin Durant,2025,SAS,Missed,14.900335566691107,Kevin Durant
Shot Chart Detail,22500032,605,201142,Kevin Durant,1610612745,Houston Rockets,4,6,55,Missed Shot,Jump Shot,3PT Field Goal,Above the Break 3,Right Side Center(RC),24+ ft.,27.0,174.0,215.0,1,0,20251107,SAS,HOU,Kevin Durant,2025,SAS,Missed,27.658814146669414,Kevin Durant
Shot Chart Detail,22500032,616,201142,Kevin Durant,1610612745,Houston Rockets,4,5,51,Made Shot,Running Dunk Shot,2PT Field Goal,Restricted Area,Center(C),Less Than 8 ft.,0.0,-5.0,4.0,1,1,20251107,SAS,HOU,Kevin Durant,2025,SAS,Made,0.6403124237432849,Kevin Durant
Shot Chart Detail,22500032,659,201142,Kevin Durant,1610612745,Houston Rockets,4,1,58,Missed Shot,Fadeaway Jump Shot,2PT Field Goal,Mid-Range,Center(C),16-24 ft.,16.0,-15.0,167.0,1,0,20251107,SAS,HOU,Kevin Durant,2025,SAS,Missed,16.76722994414999,Kevin Durant
Shot Chart Detail,22500042,24,201142,Kevin Durant,1610612745,Houston Rockets,1,10,45,Missed Shot,Pullup Jump shot,2PT Field Goal,In The Paint (Non-RA),Center(C),8-16 ft.,14.0,-67.0,125.0,1,0,20251114,HOU,POR,Kevin Durant,2025,HOU,Missed,14.18238343861849,Kevin Durant
Shot Chart Detail,22500042,32,201142,Kevin Durant,1610612745,Houston Rockets,1,9,42,Made Shot,Turnaround Fadeaway shot,2PT Field Goal,In The Paint (Non-RA),Center(C),8-16 ft.,13.0,-43.0,128.0,1,1,20251114,HOU,POR,Kevin Durant,2025,HOU,Made,13.502962637880623,Kevin Durant
Shot Chart Detail,22500042,46,201142,Kevin Durant,1610612745,Houston Rockets,1,8,8,Missed Shot,Pullup Jump shot,2PT Field Goal,Mid-Range,Center(C),16-24 ft.,16.0,1.0,169.0,1,0,20251114,HOU,POR,Kevin Durant,2025,HOU,Missed,16.900295855398507,Kevin Durant
Shot Chart Detail,22500042,59,201142,Kevin Durant,1610612745,Houston Rockets,1,7,9,Made Shot,Running Jump Shot,3PT Field Goal,Above the Break 3,Left Side Center(LC),24+ ft.,24.0,-205.0,141.0,1,1,20251114,HOU,POR,Kevin Durant,2025,HOU,Made,24.880916381837707,Kevin Durant
Shot Chart Detail,22500042,88,201142,Kevin Durant,1610612745,Houston Rockets,1,5,13,Made Shot,Running Dunk Shot,2PT Field Goal,In The Paint (Non-RA),Center(C),Less Than 8 ft.,4.0,36.0,21.0,1,1,20251114,HOU,POR,Kevin Durant,2025,HOU,Made,4.167733196834941,Kevin Durant
Shot Chart Detail,22500042,103,201142,Kevin Durant,1610612745,Houston Rockets,1,4,10,Made Shot,Driving Floating Bank Jump Shot,2PT Field Goal,Mid-Range,Left Side(L),8-16 ft.,9.0,-92.0,22.0,1,1,20251114,HOU,POR,Kevin Durant,2025,HOU,Made,9.459386872308375,Kevin Durant
Shot Chart Detail,22500042,132,201142,Kevin Durant,1610612745,Houston Rockets,1,2,52,Made Shot,Fadeaway Bank shot,2PT Field Goal,In The Paint (Non-RA),Right Side(R),8-16 ft.,8.0,70.0,39.0,1,1,20251114,HOU,POR,Kevin Durant,2025,HOU,Made,8.01311425102625,Kevin Durant
Shot Chart Detail,22500042,149,201142,Kevin Durant,1610612745,Houston Rockets,1,1,44,Made Shot,Pullup Jump shot,2PT Field Goal,In The Paint (Non-RA),Left Side(L),8-16 ft.,11.0,-61.0,102.0,1,1,20251114,HOU,POR,Kevin Durant,2025,HOU,Made,11.884864324004713,Kevin Durant
Shot Chart Detail,22500042,245,201142,Kevin Durant,1610612745,Houston Rockets,2,6,37,Made Shot,Jump Shot,2PT Field Goal,Mid-Range,Center(C),16-24 ft.,16.0,-7.0,164.0,1,1,20251114,HOU,POR,Kevin Durant,2025,HOU,Made,16.414932226482083,Kevin Durant
Shot Chart Detail,22500042,273,201142,Kevin Durant,1610612745,Houston Rockets,2,4,24,Made Shot,Running Dunk Shot,2PT Field Goal,Restricted Area,Center(C),Less Than 8 ft.,1.0,6.0,18.0,1,1,20251114,HOU,POR,Kevin Durant,2025,HOU,Made,1.8973665961010275,Kevin Durant
Shot Chart Detail,22500042,285,201142,Kevin Durant,1610612745,Houston Rockets,2,3,43,Missed Shot,Driving Floating Jump Shot,2PT Field Goal,In The Paint (Non-RA),Center(C),8-16 ft.,12.0,43.0,113.0,1,0,20251114,HOU,POR,Kevin Durant,2025,HOU,Missed,12.090492132250036,Kevin Durant
Shot Chart Detail,22500042,332,201142,Kevin Durant,1610612745,Houston Rockets,2,1,5,Missed Shot,Jump Shot,3PT Field Goal,Above the Break 3,Right Side Center(RC),24+ ft.,26.0,176.0,194.0,1,0,20251114,HOU,POR,Kevin Durant,2025,HOU,Missed,26.19389241789009,Kevin Durant
Shot Chart Detail,22500042,388,201142,Kevin Durant,1610612745,Houston Rockets,3,9,49,Missed Shot,Jump Shot,3PT Field Goal,Above the Break 3,Right Side Center(RC),24+ ft.,24.0,147.0,201.0,1,0,20251114,HOU,POR,Kevin Durant,2025,HOU,Missed,24.90180716333656,Kevin Durant
Shot Chart Detail,22500042,436,201142,Kevin Durant,1610612745,Houston Rockets,3,6,17,Missed Shot,Pullup Jump shot,3PT Field Goal,Above the Break 3,Left Side Center(LC),24+ ft.,24.0,-153.0,192.0,1,0,20251114,HOU,POR,Kevin Durant,2025,HOU,Missed,24.55056007507772,Kevin Durant
Shot Chart Detail,22500042,476,201142,Kevin Durant,1610612745,Houston Rockets,3,4,9,Made Shot,Running Jump Shot,3PT Field Goal,Above the Break 3,Right Side Center(RC),24+ ft.,25.0,191.0,164.0,1,1,20251114,HOU,POR,Kevin Durant,2025,HOU,Made,25.17478897627545,Kevin Durant
Shot Chart Detail,22500042,573,201142,Kevin Durant,1610612745,Houston Rockets,4,11,16,Made Shot,Jump Shot,3PT Field Goal,Above the Break 3,Right Side Center(RC),24+ ft.,25.0,186.0,180.0,1,1,20251114,HOU,POR,Kevin Durant,2025,HOU,Made,25.88358553214759,Kevin Durant
Shot Chart Detail,22500042,594,201142,Kevin Durant,1610612745,Houston Rockets,4,9,46,Missed Shot,Jump Shot,2PT Field Goal,Mid-Range,Left Side(L),16-24 ft.,20.0,-208.0,3.0,1,0,20251114,HOU,POR,Kevin Durant,2025,HOU,Missed,20.80216334903656,Kevin Durant
Shot Chart Detail,22500042,639,201142,Kevin Durant,1610612745,Houston Rockets,4,6,46,Made Shot,Turnaround Fadeaway shot,2PT Field Goal,In The Paint (Non-RA),Center(C),Less Than 8 ft.,7.0,-71.0,36.0,1,1,20251114,HOU,POR,Kevin Durant,2025,HOU,Made,7.960527620704548,Kevin Durant
Shot Chart Detail,22500042,642,201142,Kevin Durant,1610612745,Houston Rockets,4,6,11,Made Shot,Step Back Jump shot,2PT Field Goal,Mid-Range,Left Side Center(LC),16-24 ft.,16.0,-77.0,151.0,1,1,20251114,HOU,POR,Kevin Durant,2025,HOU,Made,16.949926253526886,Kevin Durant
Shot Chart Detail,22500054,53,201142,Kevin Durant,1610612745,Houston Rockets,1,7,49,Missed Shot,Jump Shot,3PT Field Goal,Above the Break 3,Center(C),24+ ft.,25.0,15.0,254.0,1,0,20251121,HOU,DEN,Kevin Durant,2025,HOU,Missed,25.44425278918601,Kevin Durant
Shot Chart Detail,22500054,62,201142,Kevin Durant,1610612745,Houston Rockets,1,7,1,Missed Shot,Jump Shot,2PT Field Goal,In The Paint (Non-RA),Center(C),8-16 ft.,14.0,54.0,131.0,1,0,20251121,HOU,DEN,Kevin Durant,2025,HOU,Missed,14.169333082400176,Kevin Durant
Shot Chart Detail,22500054,68,201142,Kevin Durant,1610612745,Houston Rockets,1,6,31,Made Shot,Pullup Jump shot,2PT Field Goal,In The Paint (Non-RA),Center(C),8-16 ft.,11.0,6.0,111.0,1,1,20251121,HOU,DEN,Kevin Durant,2025,HOU,Made,11.116204388189342,Kevin Durant
Shot Chart Detail,22500054,75,201142,Kevin Durant,1610612745,Houston Rockets,1,5,43,Made Shot,Running Dunk Shot,2PT Field Goal,Restricted Area,Center(C),Less Than 8 ft.,2.0,1.0,22.0,1,1,20251121,HOU,DEN,Kevin Durant,2025,HOU,Made,2.2022715545545237,Kevin Durant
Shot Chart Detail,22500054,125,201142,Kevin Durant,1610612745,Houston Rockets,1,2,23,Missed Shot,Pullup Jump shot,2PT Field Goal,Mid-Range,Right Side Center(RC),16-24 ft.,19.0,105.0,163.0,1,0,20251121,HOU,DEN,Kevin Durant,2025,HOU,Missed,19.389172236070316,Kevin Durant
Shot Chart Detail,22500054,146,201142,Kevin Durant,1610612745,Houston Rockets,1,1,30,Made Shot,Pullup Jump shot,2PT Field Goal,In The Paint (Non-RA),Center(C),8-16 ft.,13.0,56.0,120.0,1,1,20251121,HOU,DEN,Kevin Durant,2025,HOU,Made,13.242356285797479,Kevin Durant
Shot Chart Detail,22500054,256,201142,Kevin Durant,1610612745,Houston Rockets,2,5,4,Made Shot,Pullup Jump shot,3PT Field Goal,Above the Break 3,Center(C),24+ ft.,25.0,61.0,248.0,1,1,20251121,HOU,DEN,Kevin Durant,2025,HOU,Made,25.53918557824427,Kevin Durant
Shot Chart Detail,22500054,358,201142,Kevin Durant,1610612745,Houston Rockets,3,8,54,Missed Shot,Jump Shot,2PT Field Goal,Mid-Range,Center(C),16-24 ft.,19.0,0.0,194.0,1,0,20251121,HOU,DEN,Kevin Durant,2025,HOU,Missed,19.4,Kevin Durant
Shot Chart Detail,22500054,389,201142,Kevin Durant,1610612745,Houston Rockets,3,6,38,Missed Shot,Pullup Jump shot,2PT Field Goal,In The Paint (Non-RA),Center(C),8-16 ft.,13.0,64.0,114.0,1,0,20251121,HOU,DEN,Kevin Durant,2025,HOU,Missed,13.073637596323374,Kevin Durant
Shot Chart Detail,22500054,434,201142,Kevin Durant,1610612745,Houston Rockets,3,3,58,Made Shot,Pullup Jump shot,2PT Field Goal,Mid-Range,Right Side(R),8-16 ft.,11.0,92.0,64.0,1,1,20251121,HOU,DEN,Kevin Durant,2025,HOU,Made,11.20714058089752,Kevin Durant
Shot Chart Detail,22500054,674,201142,Kevin Durant,1610612745,Houston Rockets,3,3,26,Missed Shot,Pullup Jump shot,2PT Field Goal,In The Paint (Non-RA),Center(C),8-16 ft.,13.0,62.0,122.0,1,0,20251121,HOU,DEN,Kevin Durant,2025,HOU,Missed,13.685028315644804,Kevin Durant
Shot Chart Detail,22500054,449,201142,Kevin Durant,1610612745,Houston Rockets,3,2,46,Missed Shot,Pullup Jump shot,3PT Field Goal,Above the Break 3,Right Side Center(RC),24+ ft.,25.0,135.0,213.0,1,0,20251121,HOU,DEN,Kevin Durant,2025,HOU,Missed,25.21785082040101,Kevin Durant
Shot Chart Detail,22500054,574,201142,Kevin Durant,1610612745,Houston Rockets,4,4,54,Missed Shot,Pullup Jump shot,3PT Field Goal,Above the Break 3,Center(C),24+ ft.,25.0,4.0,258.0,1,0,20251121,HOU,DEN,Kevin Durant,2025,HOU,Missed,25.80310058888272,Kevin Durant
Shot Chart Detail,22500054,584,201142,Kevin Durant,1610612745,Houston Rockets,4,4,14,Missed Shot,Pullup Jump shot,2PT Field Goal,Mid-Range,Right Side(R),8-16 ft.,14.0,146.0,17.0,1,0,20251121,HOU,DEN,Kevin Durant,2025,HOU,Missed,14.698639392814561,Kevin Durant
Shot Chart Detail,22500054,592,201142,Kevin Durant,1610612745,Houston Rockets,4,3,42,Missed Shot,Jump Shot,3PT Field Goal,Above the Break 3,Center(C),24+ ft.,25.0,33.0,255.0,1,0,20251121,HOU,DEN,Kevin Durant,2025,HOU,Missed,25.712642804659346,Kevin Durant
Shot Chart Detail,22500093,9,201142,Kevin Durant,1610612745,Houston Rockets,1,11,24,Made Shot,Pullup Jump shot,2PT Field Goal,In The Paint (Non-RA),Right Side(R),8-16 ft.,8.0,74.0,31.0,1,1,20251024,HOU,DET,Kevin Durant,2025,HOU,Made,8.023091673413685,Kevin Durant
Shot Chart Detail,22500093,76,201142,Kevin Durant,1610612745,Houston Rockets,1,7,18,Missed Shot,Fadeaway Jump Shot,2PT Field Goal,In The Paint (Non-RA),Left Side(L),8-16 ft.,9.0,-71.0,65.0,1,0,20251024,HOU,DET,Kevin Durant,2025,HOU,Missed,9.626006440887103,Kevin Durant
Shot Chart Detail,22500093,96,201142,Kevin Durant,1610612745,Houston Rockets,1,6,20,Made Shot,Jump Shot,3PT Field Goal,Above the Break 3,Left Side Center(LC),24+ ft.,25.0,-129.0,223.0,1,1,20251024,HOU,DET,Kevin Durant,2025,HOU,Made,25.762375666851845,Kevin Durant
Shot Chart Detail,22500093,116,201142,Kevin Durant,1610612745,Houston Rockets,1,4,50,Missed Shot,Pullup Jump shot,2PT Field Goal,In The Paint (Non-RA),Right Side(R),8-16 ft.,12.0,70.0,102.0,1,0,20251024,HOU,DET,Kevin Durant,2025,HOU,Missed,12.370933675353692,Kevin Durant
Shot Chart Detail,22500093,125,201142,Kevin Durant,1610612745,Houston Rockets,1,4,15,Missed Shot,Running Jump Shot,2PT Field Goal,In The Paint (Non-RA),Center(C),Less Than 8 ft.,4.0,38.0,20.0,1,0,20251024,HOU,DET,Kevin Durant,2025,HOU,Missed,4.294182110716777,Kevin Durant
Shot Chart Detail,22500093,153,201142,Kevin Durant,1610612745,Houston Rockets,1,3,22,Missed Shot,Jump Shot,2PT Field Goal,Mid-Range,Left Side Center(LC),16-24 ft.,20.0,-92.0,186.0,1,0,20251024,HOU,DET,Kevin Durant,2025,HOU,Missed,20.75090359478353,Kevin Durant
Shot Chart Detail,22500093,155,201142,Kevin Durant,1610612745,Houston Rockets,1,3,16,Made Shot,Driving Finger Roll Layup Shot,2PT Field Goal,In The Paint (Non-RA),Center(C),Less Than 8 ft.,6.0,-7.0,63.0,1,1,20251024,HOU,DET,Kevin Durant,2025,HOU,Made,6.338769596696191,Kevin Durant
Shot Chart Detail,22500093,415,201142,Kevin Durant,1610612745,Houston Rockets,2,6,19,Missed Shot,Pullup Jump shot,2PT Field Goal,In The Paint (Non-RA),Center(C),8-16 ft.,12.0,60.0,113.0,1,0,20251024,HOU,DET,Kevin Durant,2025,HOU,Missed,12.794139283281233,Kevin Durant
Shot Chart Detail,22500093,343,201142,Kevin Durant,1610612745,Houston Rockets,2,5,34,Missed Shot,Running Finger Roll Layup Shot,2PT Field Goal,Restricted Area,Center(C),Less Than 8 ft.,2.0,11.0,21.0,1,0,20251024,HOU,DET,Kevin Durant,2025,HOU,Missed,2.3706539182259396,Kevin Durant
Shot Chart Detail,22500093,417,201142,Kevin Durant,1610612745,Houston Rockets,2,1,54,Made Shot,Driving Layup Shot,2PT Field Goal,Restricted Area,Center(C),Less Than 8 ft.,3.0,28.0,17.0,1,1,20251024,HOU,DET,Kevin Durant,2025,HOU,Made,3.27566787083184,Kevin Durant
Shot Chart Detail,22500093,467,201142,Kevin Durant,1610612745,Houston Rockets,3,10,30,Made Shot,Fadeaway Jump Shot,2PT Field Goal,In The Paint (Non-RA),Center(C),8-16 ft.,10.0,-50.0,94.0,1,1,20251024,HOU,DET,Kevin Durant,2025,HOU,Made,10.64706532336493,Kevin Durant
Shot Chart Detail,22500093,484,201142,Kevin Durant,1610612745,Houston Rockets,3,8,40,Made Shot,Jump Shot,3PT Field Goal,Above the Break 3,Center(C),24+ ft.,27.0,-6.0,273.0,1,1,20251024,HOU,DET,Kevin Durant,2025,HOU,Made,27.30659261057666,Kevin Durant
Shot Chart Detail,22500093,544,201142,Kevin Durant,1610612745,Houston Rockets,3,5,4,Missed Shot,Pullup Jump shot,2PT Field Goal,Mid-Range,Right Side Center(RC),16-24 ft.,18.0,89.0,162.0,1,0,20251024,HOU,DET,Kevin Durant,2025,HOU,Missed,18.483776670366908,Kevin Durant
Shot Chart Detail,22500093,579,201142,Kevin Durant,1610612745,Houston Rockets,3,2,49,Missed Shot,Turnaround Fadeaway shot,2PT Field Goal,Mid-Range,Left Side(L),8-16 ft.,12.0,-116.0,47.0,1,0,20251024,HOU,DET,Kevin Durant,2025,HOU,Missed,12.515989773086265,Kevin Durant
Shot Chart Detail,22500093,624,201142,Kevin Durant,1610612745,Houston Rockets,3,0,4,Missed Shot,Driving Floating Jump Shot,2PT Field Goal,In The Paint (Non-RA),Center(C),Less Than 8 ft.,7.0,-13.0,73.0,1,0,20251024,HOU,DET,Kevin Durant,2025,HOU,Missed,7.414849964766651,Kevin Durant
Shot Chart Detail,22500093,671,201142,Kevin Durant,1610612745,Houston Rockets,4,8,7,Made Shot,Pullup Jump shot,2PT Field Goal,Mid-Range,Right Side Center(RC),16-24 ft.,19.0,108.0,168.0,1,1,20251024,HOU,DET,Kevin Durant,2025,HOU,Made,19.971980372511887,Kevin Durant
Shot Chart Detail,22500093,696,201142,Kevin Durant,1610612745,Houston Rockets,4,6,17,Made Shot,Cutting Dunk Shot,2PT Field Goal,Restricted Area,Center(C),Less Than 8 ft.,2.0,-20.0,21.0,1,1,20251024,HOU,DET,Kevin Durant,2025,HOU,Made,2.9,Kevin Durant
Shot Chart Detail,22500093,722,201142,Kevin Durant,1610612745,Houston Rockets,4,4,36,Made Shot,Pullup Jump shot,3PT Field Goal,Above the Break 3,Left Side Center(LC),24+ ft.,27.0,-152.0,226.0,1,1,20251024,HOU,DET,Kevin Durant,2025,HOU,Made,27.236005580848303,Kevin Durant
Shot Chart Detail,22500116,20,201142,Kevin Durant,1610612745,Houston Rockets,1,9,56,Made Shot,Fadeaway Jump Shot,2PT Field Goal,In The Paint (Non-RA),Center(C),Less Than 8 ft.,5.0,-10.0,55.0,1,1,20251027,HOU,BKN,Kevin Durant,2025,HOU,Made,5.5901699437494745,Kevin Durant
Shot Chart Detail,22500116,33,201142,Kevin Durant,1610612745,Houston Rockets,1,8,54,Made Shot,Driving Layup Shot,2PT Field Goal,Restricted Area,Center(C),Less Than 8 ft.,1.0,12.0,15.0,1,1,20251027,HOU,BKN,Kevin Durant,2025,HOU,Made,1.9209372712298545,Kevin Durant
Shot Chart Detail,22500116,36,201142,Kevin Durant,1610612745,Houston Rockets,1,8,32,Missed Shot,Jump Shot,3PT Field Goal,Above the Break 3,Left Side Center(LC),24+ ft.,26.0,-163.0,209.0,1,0,20251027,HOU,BKN,Kevin Durant,2025,HOU,Missed,26.504716561397146,Kevin Durant
Shot Chart Detail,22500116,52,201142,Kevin Durant,1610612745,Houston Rockets,1,7,12,Missed Shot,Driving Layup Shot,2PT Field Goal,Restricted Area,Center(C),Less Than 8 ft.,2.0,17.0,11.0,1,0,20251027,HOU,BKN,Kevin Durant,2025,HOU,Missed,2.024845673131659,Kevin Durant
Shot Chart Detail,22500116,63,201142,Kevin Durant,1610612745,Houston Rockets,1,6,9,Missed Shot,Pullup Jump shot,3PT Field Goal,Above the Break 3,Center(C),24+ ft.,25.0,43.0,252.0,1,0,20251027,HOU,BKN,Kevin Durant,2025,HOU,Missed,25.564232826353308,Kevin Durant
Shot Chart Detail,22500116,101,201142,Kevin Durant,1610612745,Houston Rockets,1,3,55,Missed Shot,Fadeaway Jump Shot,2PT Field Goal,In The Paint (Non-RA),Center(C),Less Than 8 ft.,7.0,-76.0,22.0,1,0,20251027,HOU,BKN,Kevin Durant,2025,HOU,Missed,7.912016177940993,Kevin Durant
Shot Chart Detail,22500116,116,201142,Kevin Durant,1610612745,Houston Rockets,1,2,57,Missed Shot,Pullup Jump shot,2PT Field Goal,Mid-Range,Right Side Center(RC),16-24 ft.,17.0,96.0,141.0,1,0,20251027,HOU,BKN,Kevin Durant,2025,HOU,Missed,17.0578427709954,Kevin Durant
Shot Chart Detail,22500116,120,201142,Kevin Durant,1610612745,Houston Rockets,1,2,33,Made Shot,Driving Dunk Shot,2PT Field Goal,Restricted Area,Center(C),Less Than 8 ft.,3.0,1.0,39.0,1,1,20251027,HOU,BKN,Kevin Durant,2025,HOU,Made,3.9012818406262317,Kevin Durant
Shot Chart Detail,22500116,233,201142,Kevin Durant,1610612745,Houston Rockets,2,6,50,Missed Shot,Running Jump Shot,3PT Field Goal,Right Corner 3,Right Side(R),24+ ft.,23.0,229.0,28.0,1,0,20251027,HOU,BKN,Kevin Durant,2025,HOU,Missed,23.070543990118658,Kevin Durant
Shot Chart Detail,22500116,253,201142,Kevin Durant,1610612745,Houston Rockets,2,5,46,Missed Shot,Fadeaway Jump Shot,2PT Field Goal,In The Paint (Non-RA),Left Side(L),8-16 ft.,9.0,-70.0,68.0,1,0,20251027,HOU,BKN,Kevin Durant,2025,HOU,Missed,9.759098319004682,Kevin Durant
Shot Chart Detail,22500116,334,201142,Kevin Durant,1610612745,Houston Rockets,2,0,2,Made Shot,Driving Floating Jump Shot,2PT Field Goal,In The Paint (Non-RA),Left Side(L),8-16 ft.,8.0,-48.0,68.0,1,1,20251027,HOU,BKN,Kevin Durant,2025,HOU,Made,8.323460818673926,Kevin Durant
Shot Chart Detail,22500116,348,201142,Kevin Durant,1610612745,Houston Rockets,3,11,46,Missed Shot,Jump Shot,3PT Field Goal,Above the Break 3,Left Side Center(LC),24+ ft.,24.0,-103.0,222.0,1,0,20251027,HOU,BKN,Kevin Durant,2025,HOU,Missed,24.47304639802736,Kevin Durant
Shot Chart Detail,22500116,386,201142,Kevin Durant,1610612745,Houston Rockets,3,8,31,Made Shot,Cutting Layup Shot,2PT Field Goal,Restricted Area,Center(C),Less Than 8 ft.,2.0,21.0,13.0,1,1,20251027,HOU,BKN,Kevin Durant,2025,HOU,Made,2.4698178070456938,Kevin Durant
Shot Chart Detail,22500116,404,201142,Kevin Durant,1610612745,Houston Rockets,3,7,15,Made Shot,Pullup Jump shot,2PT Field Goal,In The Paint (Non-RA),Left Side(L),8-16 ft.,10.0,-71.0,71.0,1,1,20251027,HOU,BKN,Kevin Durant,2025,HOU,Made,10.040916292848975,Kevin Durant
Shot Chart Detail,22500131,7,201142,Kevin Durant,1610612745,Houston Rockets,1,11,43,Missed Shot,Jump Shot,3PT Field Goal,Above the Break 3,Left Side Center(LC),24+ ft.,25.0,-188.0,175.0,1,0,20251029,TOR,HOU,Kevin Durant,2025,TOR,Missed,25.684431081883048,Kevin Durant
Shot Chart Detail,22500131,43,201142,Kevin Durant,1610612745,Houston Rockets,1,7,35,Made Shot,Running Layup Shot,2PT Field Goal,Restricted Area,Center(C),Less Than 8 ft.,1.0,10.0,6.0,1,1,20251029,TOR,HOU,Kevin Durant,2025,TOR,Made,1.1661903789690602,Kevin Durant
Shot Chart Detail,22500131,47,201142,Kevin Durant,1610612745,Houston Rockets,1,6,56,Missed Shot,Jump Shot,2PT Field Goal,Mid-Range,Center(C),16-24 ft.,17.0,-29.0,174.0,1,0,20251029,TOR,HOU,Kevin Durant,2025,TOR,Missed,17.640011337864838,Kevin Durant
Shot Chart Detail,22500131,55,201142,Kevin Durant,1610612745,Houston Rockets,1,6,20,Made Shot,Driving Dunk Shot,2PT Field Goal,Restricted Area,Center(C),Less Than 8 ft.,0.0,2.0,5.0,1,1,20251029,TOR,HOU,Kevin Durant,2025,TOR,Made,0.5385164807134504,Kevin Durant
Shot Chart Detail,22500131,73,201142,Kevin Durant,1610612745,Houston Rockets,1,4,55,Missed Shot,Pullup Jump shot,3PT Field Goal,Above the Break 3,Center(C),24+ ft.,26.0,70.0,258.0,1,0,20251029,TOR,HOU,Kevin Durant,2025,TOR,Missed,26.73275144836386,Kevin Durant
Shot Chart Detail,22500131,83,201142,Kevin Durant,1610612745,Houston Rockets,1,4,14,Made Shot,Pullup Jump shot,2PT Field Goal,Mid-Range,Left Side(L),8-16 ft.,14.0,-113.0,88.0,1,1,20251029,TOR,HOU,Kevin Durant,2025,TOR,Made,14.322360140703069,Kevin Durant
Shot Chart Detail,22500131,263,201142,Kevin Durant,1610612745,Houston Rockets,2,5,48,Made Shot,Pullup Jump shot,2PT Field Goal,Mid-Range,Right Side Center(RC),16-24 ft.,19.0,118.0,159.0,1,1,20251029,TOR,HOU,Kevin Durant,2025,TOR,Made,19.800252523642218,Kevin Durant
Shot Chart Detail,22500131,281,201142,Kevin Durant,1610612745,Houston Rockets,2,4,8,Made Shot,Pullup Jump shot,2PT Field Goal,Mid-Range,Right Side(R),8-16 ft.,13.0,110.0,81.0,1,1,20251029,TOR,HOU,Kevin Durant,2025,TOR,Made,13.660527076214885,Kevin Durant
Shot Chart Detail,22500131,336,201142,Kevin Durant,1610612745,Houston Rockets,2,0,23,Made Shot,Jump Shot,3PT Field Goal,Above the Break 3,Left Side Center(LC),24+ ft.,26.0,-156.0,216.0,1,1,20251029,TOR,HOU,Kevin Durant,2025,TOR,Made,26.64432397340942,Kevin Durant
Shot Chart Detail,22500131,354,201142,Kevin Durant,1610612745,Houston Rockets,3,10,49,Missed Shot,Pullup Jump shot,2PT Field Goal,In The Paint (Non-RA),Center(C),8-16 ft.,10.0,-4.0,101.0,1,0,20251029,TOR,HOU,Kevin Durant,2025,TOR,Missed,10.107917688624102,Kevin Durant
Shot Chart Detail,22500131,395,201142,Kevin Durant,1610612745,Houston Rockets,3,7,44,Made Shot,Driving Layup Shot,2PT Field Goal,In The Paint (Non-RA),Center(C),Less Than 8 ft.,4.0,37.0,26.0,1,1,20251029,TOR,HOU,Kevin Durant,2025,TOR,Made,4.522167621838006,Kevin Durant
Shot Chart Detail,22500131,491,201142,Kevin Durant,1610612745,Houston Rockets,3,1,45,Missed Shot,Pullup Jump shot,2PT Field Goal,Mid-Range,Left Side(L),8-16 ft.,14.0,-108.0,99.0,1,0,20251029,TOR,HOU,Kevin Durant,2025,TOR,Missed,14.650938536489736,Kevin Durant
Shot Chart Detail,22500131,585,201142,Kevin Durant,1610612745,Houston Rockets,4,7,59,Made Shot,Jump Shot,3PT Field Goal,Above the Break 3,Center(C),24+ ft.,25.0,67.0,247.0,1,1,20251029,TOR,HOU,Kevin Durant,2025,TOR,Made,25.592577048824136,Kevin Durant
Shot Chart Detail,22500131,589,201142,Kevin Durant,1610612745,Houston Rockets,4,7,22,Missed Shot,Running Jump Shot,3PT Field Goal,Above the Break 3,Left Side Center(LC),24+ ft.,26.0,-146.0,222.0,1,0,20251029,TOR,HOU,Kevin Durant,2025,TOR,Missed,26.570660511172843,Kevin Durant
Shot Chart Detail,22500131,608,201142,Kevin Durant,1610612745,Houston Rockets,4,6,27,Missed Shot,Jump Shot,3PT Field Goal,Above the Break 3,Left Side Center(LC),24+ ft.,26.0,-88.0,247.0,1,0,20251029,TOR,HOU,Kevin Durant,2025,TOR,Missed,26.220793275566628,Kevin Durant
Shot Chart Detail,22500131,613,201142,Kevin Durant,1610612745,Houston Rockets,4,5,45,Missed Shot,Pullup Jump shot,2PT Field Goal,Mid-Range,Right Side Center(RC),16-24 ft.,19.0,142.0,127.0,1,0,20251029,TOR,HOU,Kevin Durant,2025,TOR,Missed,19.050721771103582,Kevin Durant
Shot Chart Detail,22500131,640,201142,Kevin Durant,1610612745,Houston Rockets,4,2,51,Made Shot,Jump Shot,3PT Field Goal,Above the Break 3,Center(C),24+ ft.,25.0,45.0,250.0,1,1,20251029,TOR,HOU,Kevin Durant,2025,TOR,Made,25.401771591761076,Kevin Durant
Shot Chart Detail,22500131,647,201142,Kevin Durant,1610612745,Houston Rockets,4,2,32,Made Shot,Running Finger Roll Layup Shot,2PT Field Goal,Restricted Area,Center(C),Less Than 8 ft.,0.0,6.0,-2.0,1,1,20251029,TOR,HOU,Kevin Durant,2025,TOR,Made,0.6324555320336759,Kevin Durant
Shot Chart Detail,22500131,665,201142,Kevin Durant,1610612745,Houston Rockets,4,1,15,Made Shot,Jump Shot,3PT Field Goal,Above the Break 3,Left Side Center(LC),24+ ft.,24.0,-218.0,113.0,1,1,20251029,TOR,HOU,Kevin Durant,2025,TOR,Made,24.554632964066066,Kevin Durant
Shot Chart Detail,22500146,7,201142,Kevin Durant,1610612745,Houston Rockets,1,11,42,Made Shot,Pullup Jump shot,2PT Field Goal,Mid-Range,Left Side Center(LC),16-24 ft.,17.0,-93.0,149.0,1,1,20251101,BOS,HOU,Kevin Durant,2025,BOS,Made,17.564168070250297,Kevin Durant
Shot Chart Detail,22500146,40,201142,Kevin Durant,1610612745,Houston Rockets,1,8,17,Made Shot,Driving Floating Jump Shot,2PT Field Goal,In The Paint (Non-RA),Center(C),Less Than 8 ft.,5.0,38.0,44.0,1,1,20251101,BOS,HOU,Kevin Durant,2025,BOS,Made,5.813776741499454,Kevin Durant
Shot Chart Detail,22500146,61,201142,Kevin Durant,1610612745,Houston Rockets,1,6,43,Made Shot,Jump Shot,2PT Field Goal,Mid-Range,Left Side(L),16-24 ft.,16.0,-157.0,39.0,1,1,20251101,BOS,HOU,Kevin Durant,2025,BOS,Made,16.17714437099453,Kevin Durant
Shot Chart Detail,22500146,103,201142,Kevin Durant,1610612745,Houston Rockets,1,3,56,Made Shot,Pullup Jump shot,2PT Field Goal,Mid-Range,Center(C),16-24 ft.,16.0,-38.0,164.0,1,1,20251101,BOS,HOU,Kevin Durant,2025,BOS,Made,16.834488409215172,Kevin Durant
Shot Chart Detail,22500146,231,201142,Kevin Durant,1610612745,Houston Rockets,2,7,15,Missed Shot,Fadeaway Jump Shot,2PT Field Goal,Mid-Range,Left Side Center(LC),16-24 ft.,16.0,-123.0,116.0,1,0,20251101,BOS,HOU,Kevin Durant,2025,BOS,Missed,16.907099100673655,Kevin Durant
Shot Chart Detail,22500146,238,201142,Kevin Durant,1610612745,Houston Rockets,2,6,39,Made Shot,Fadeaway Jump Shot,2PT Field Goal,Mid-Range,Center(C),8-16 ft.,14.0,17.0,147.0,1,1,20251101,BOS,HOU,Kevin Durant,2025,BOS,Made,14.797972834141845,Kevin Durant
Shot Chart Detail,22500146,241,201142,Kevin Durant,1610612745,Houston Rockets,2,6,17,Made Shot,Jump Shot,3PT Field Goal,Above the Break 3,Right Side Center(RC),24+ ft.,28.0,156.0,243.0,1,1,20251101,BOS,HOU,Kevin Durant,2025,BOS,Made,28.876461001999537,Kevin Durant
Shot Chart Detail,22500146,303,201142,Kevin Durant,1610612745,Houston Rockets,2,1,36,Made Shot,Pullup Jump shot,3PT Field Goal,Above the Break 3,Left Side Center(LC),24+ ft.,25.0,-172.0,185.0,1,1,20251101,BOS,HOU,Kevin Durant,2025,BOS,Made,25.260443384865596,Kevin Durant
Shot Chart Detail,22500146,385,201142,Kevin Durant,1610612745,Houston Rockets,3,9,22,Missed Shot,Turnaround Jump Shot,2PT Field Goal,Mid-Range,Left Side Center(LC),16-24 ft.,18.0,-98.0,152.0,1,0,20251101,BOS,HOU,Kevin Durant,2025,BOS,Missed,18.085353189805282,Kevin Durant
Shot Chart Detail,22500146,465,201142,Kevin Durant,1610612745,Houston Rockets,3,5,3,Made Shot,Pullup Jump shot,2PT Field Goal,Mid-Range,Right Side(R),8-16 ft.,15.0,92.0,129.0,1,1,20251101,BOS,HOU,Kevin Durant,2025,BOS,Made,15.84455742518547,Kevin Durant
Shot Chart Detail,22500146,473,201142,Kevin Durant,1610612745,Houston Rockets,3,4,3,Missed Shot,Pullup Jump shot,3PT Field Goal,Above the Break 3,Right Side Center(RC),24+ ft.,26.0,130.0,235.0,1,0,20251101,BOS,HOU,Kevin Durant,2025,BOS,Missed,26.85609800399157,Kevin Durant
Shot Chart Detail,22500160,45,201142,Kevin Durant,1610612745,Houston Rockets,1,7,50,Missed Shot,Jump Shot,3PT Field Goal,Above the Break 3,Left Side Center(LC),24+ ft.,24.0,-175.0,176.0,1,0,20251103,HOU,DAL,Kevin Durant,2025,HOU,Missed,24.81954874690513,Kevin Durant
Shot Chart Detail,22500160,53,201142,Kevin Durant,1610612745,Houston Rockets,1,7,31,Missed Shot,Jump Shot,3PT Field Goal,Above the Break 3,Left Side Center(LC),24+ ft.,25.0,-154.0,205.0,1,0,20251103,HOU,DAL,Kevin Durant,2025,HOU,Missed,25.640007800310826,Kevin Durant
Shot Chart Detail,22500160,65,201142,Kevin Durant,1610612745,Houston Rockets,1,7,0,Made Shot,Running Dunk Shot,2PT Field Goal,Restricted Area,Center(C),Less Than 8 ft.,1.0,1.0,10.0,1,1,20251103,HOU,DAL,Kevin Durant,2025,HOU,Made,1.004987562112089,Kevin Durant
Shot Chart Detail,22500160,85,201142,Kevin Durant,1610612745,Houston Rockets,1,5,55,Made Shot,Fadeaway Jump Shot,2PT Field Goal,Mid-Range,Left Side Center(LC),16-24 ft.,19.0,-136.0,141.0,1,1,20251103,HOU,DAL,Kevin Durant,2025,HOU,Made,19.590048494069634,Kevin Durant
Shot Chart Detail,22500160,88,201142,Kevin Durant,1610612745,Houston Rockets,1,5,19,Missed Shot,Pullup Jump shot,2PT Field Goal,Mid-Range,Left Side(L),8-16 ft.,12.0,-118.0,54.0,1,0,20251103,HOU,DAL,Kevin Durant,2025,HOU,Missed,12.976902558006667,Kevin Durant
Shot Chart Detail,22500160,123,201142,Kevin Durant,1610612745,Houston Rockets,1,3,5,Made Shot,Tip Layup Shot,2PT Field Goal,Restricted Area,Center(C),Less Than 8 ft.,0.0,0.0,0.0,1,1,20251103,HOU,DAL,Kevin Durant,2025,HOU,Made,0.0,Kevin Durant
Shot Chart Detail,22500160,130,201142,Kevin Durant,1610612745,Houston Rockets,1,2,37,Missed Shot,Pullup Jump shot,2PT Field Goal,Mid-Range,Right Side Center(RC),16-24 ft.,18.0,93.0,163.0,1,0,20251103,HOU,DAL,Kevin Durant,2025,HOU,Missed,18.766459442313568,Kevin Durant
Shot Chart Detail,22500160,280,201142,Kevin Durant,1610612745,Houston Rockets,2,7,18,Missed Shot,Layup Shot,2PT Field Goal,Restricted Area,Center(C),Less Than 8 ft.,3.0,22.0,33.0,1,0,20251103,HOU,DAL,Kevin Durant,2025,HOU,Missed,3.966106403010388,Kevin Durant
Shot Chart Detail,22500160,310,201142,Kevin Durant,1610612745,Houston Rockets,2,4,57,Missed Shot,Jump Shot,3PT Field Goal,Above the Break 3,Center(C),24+ ft.,26.0,-25.0,267.0,1,0,20251103,HOU,DAL,Kevin Durant,2025,HOU,Missed,26.816785788009717,Kevin Durant
Shot Chart Detail,22500160,340,201142,Kevin Durant,1610612745,Houston Rockets,2,3,4,Missed Shot,Jump Shot,3PT Field Goal,Above the Break 3,Right Side Center(RC),24+ ft.,25.0,92.0,233.0,1,0,20251103,HOU,DAL,Kevin Durant,2025,HOU,Missed,25.050548896181898,Kevin Durant
Shot Chart Detail,22500160,458,201142,Kevin Durant,1610612745,Houston Rockets,3,8,18,Missed Shot,Fadeaway Jump Shot,2PT Field Goal,In The Paint (Non-RA),Center(C),8-16 ft.,13.0,-53.0,122.0,1,0,20251103,HOU,DAL,Kevin Durant,2025,HOU,Missed,13.301503674397116,Kevin Durant
Shot Chart Detail,22500160,462,201142,Kevin Durant,1610612745,Houston Rockets,3,8,0,Made Shot,Turnaround Fadeaway shot,2PT Field Goal,In The Paint (Non-RA),Center(C),8-16 ft.,10.0,20.0,108.0,1,1,20251103,HOU,DAL,Kevin Durant,2025,HOU,Made,10.983624174196786,Kevin Durant
Shot Chart Detail,22500160,470,201142,Kevin Durant,1610612745,Houston Rockets,3,6,44,Missed Shot,Jump Shot,3PT Field Goal,Above the Break 3,Center(C),24+ ft.,27.0,-48.0,274.0,1,0,20251103,HOU,DAL,Kevin Durant,2025,HOU,Missed,27.817260828485608,Kevin Durant
Shot Chart Detail,22500160,527,201142,Kevin Durant,1610612745,Houston Rockets,3,2,54,Missed Shot,Fadeaway Jump Shot,2PT Field Goal,In The Paint (Non-RA),Center(C),8-16 ft.,10.0,0.0,105.0,1,0,20251103,HOU,DAL,Kevin Durant,2025,HOU,Missed,10.5,Kevin Durant
Shot Chart Detail,22500160,569,201142,Kevin Durant,1610612745,Houston Rockets,3,0,25,Missed Shot,Jump Shot,3PT Field Goal,Above the Break 3,Right Side Center(RC),24+ ft.,25.0,148.0,204.0,1,0,20251103,HOU,DAL,Kevin Durant,2025,HOU,Missed,25.203174403237384,Kevin Durant
Shot Chart Detail,22500160,682,201142,Kevin Durant,1610612745,Houston Rockets,4,5,43,Made Shot,Pullup Jump shot,3PT Field Goal,Above the Break 3,Left Side Center(LC),24+ ft.,25.0,-108.0,230.0,1,1,20251103,HOU,DAL,Kevin Durant,2025,HOU,Made,25.40944706206729,Kevin Durant
Shot Chart Detail,22500160,685,201142,Kevin Durant,1610612745,Houston Rockets,4,5,5,Made Shot,Pullup Jump shot,3PT Field Goal,Above the Break 3,Center(C),24+ ft.,26.0,80.0,253.0,1,1,20251103,HOU,DAL,Kevin Durant,2025,HOU,Made,26.534694269955327,Kevin Durant
Shot Chart Detail,22500160,727,201142,Kevin Durant,1610612745,Houston Rockets,4,2,31,Missed Shot,Pullup Jump shot,2PT Field Goal,Mid-Range,Right Side(R),16-24 ft.,18.0,152.0,109.0,1,0,20251103,HOU,DAL,Kevin Durant,2025,HOU,Missed,18.70427758562196,Kevin Durant
Shot Chart Detail,22500176,12,201142,Kevin Durant,1610612745,Houston Rockets,1,11,14,Missed Shot,Fadeaway Jump Shot,2PT Field Goal,In The Paint (Non-RA),Center(C),8-16 ft.,11.0,-9.0,116.0,1,0,20251105,MEM,HOU,Kevin Durant,2025,MEM,Missed,11.634861408714759,Kevin Durant
Shot Chart Detail,22500176,97,201142,Kevin Durant,1610612745,Houston Rockets,1,4,57,Missed Shot,Fadeaway Jump Shot,2PT Field Goal,Mid-Range,Left Side Center(LC),16-24 ft.,17.0,-136.0,108.0,1,0,20251105,MEM,HOU,Kevin Durant,2025,MEM,Missed,17.36663467687393,Kevin Durant
Shot Chart Detail,22500176,106,201142,Kevin Durant,1610612745,Houston Rockets,1,4,29,Made Shot,Jump Shot,2PT Field Goal,Mid-Range,Right Side Center(RC),16-24 ft.,17.0,116.0,126.0,1,1,20251105,MEM,HOU,Kevin Durant,2025,MEM,Made,17.126587517658034,Kevin Durant
Shot Chart Detail,22500176,135,201142,Kevin Durant,1610612745,Houston Rockets,1,2,50,Missed Shot,Pullup Jump shot,2PT Field Goal,Mid-Range,Left Side(L),8-16 ft.,15.0,-85.0,131.0,1,0,20251105,MEM,HOU,Kevin Durant,2025,MEM,Missed,15.616017418023073,Kevin Durant
Shot Chart Detail,22500176,154,201142,Kevin Durant,1610612745,Houston Rockets,1,1,16,Missed Shot,Driving Floating Jump Shot,2PT Field Goal,In The Paint (Non-RA),Left Side(L),8-16 ft.,8.0,-43.0,68.0,1,0,20251105,MEM,HOU,Kevin Durant,2025,MEM,Missed,8.045495634204272,Kevin Durant
Shot Chart Detail,22500176,168,201142,Kevin Durant,1610612745,Houston Rockets,1,0,28,Missed Shot,Driving Floating Jump Shot,2PT Field Goal,Mid-Range,Left Side(L),8-16 ft.,11.0,-104.0,50.0,1,0,20251105,MEM,HOU,Kevin Durant,2025,MEM,Missed,11.539497389401324,Kevin Durant
Shot Chart Detail,22500176,172,201142,Kevin Durant,1610612745,Houston Rockets,1,0,23,Made Shot,Driving Dunk Shot,2PT Field Goal,Restricted Area,Center(C),Less Than 8 ft.,2.0,23.0,19.0,1,1,20251105,MEM,HOU,Kevin Durant,2025,MEM,Made,2.98328677803526,Kevin Durant
Shot Chart Detail,22500176,317,201142,Kevin Durant,1610612745,Houston Rockets,2,3,48,Made Shot,Running Jump Shot,3PT Field Goal,Above the Break 3,Center(C),24+ ft.,25.0,23.0,255.0,1,1,20251105,MEM,HOU,Kevin Durant,2025,MEM,Made,25.603515383634335,Kevin Durant
Shot Chart Detail,22500176,321,201142,Kevin Durant,1610612745,Houston Rockets,2,3,31,Missed Shot,Running Finger Roll Layup Shot,2PT Field Goal,In The Paint (Non-RA),Center(C),Less Than 8 ft.,4.0,48.0,11.0,1,0,20251105,MEM,HOU,Kevin Durant,2025,MEM,Missed,4.924428900898052,Kevin Durant
Shot Chart Detail,22500176,331,201142,Kevin Durant,1610612745,Houston Rockets,2,2,31,Missed Shot,Fadeaway Jump Shot,2PT Field Goal,Mid-Range,Left Side(L),8-16 ft.,10.0,-104.0,1.0,1,0,20251105,MEM,HOU,Kevin Durant,2025,MEM,Missed,10.400480758118828,Kevin Durant
Shot Chart Detail,22500176,336,201142,Kevin Durant,1610612745,Houston Rockets,2,2,22,Made Shot,Dunk Shot,2PT Field Goal,Restricted Area,Center(C),Less Than 8 ft.,0.0,9.0,3.0,1,1,20251105,MEM,HOU,Kevin Durant,2025,MEM,Made,0.9486832980505138,Kevin Durant
Shot Chart Detail,22500176,433,201142,Kevin Durant,1610612745,Houston Rockets,3,8,21,Made Shot,Turnaround Fadeaway shot,2PT Field Goal,In The Paint (Non-RA),Right Side(R),8-16 ft.,10.0,64.0,88.0,1,1,20251105,MEM,HOU,Kevin Durant,2025,MEM,Made,10.881176406988356,Kevin Durant
Shot Chart Detail,22500176,499,201142,Kevin Durant,1610612745,Houston Rockets,3,4,20,Missed Shot,Pullup Jump shot,2PT Field Goal,Mid-Range,Right Side Center(RC),16-24 ft.,18.0,107.0,154.0,1,0,20251105,MEM,HOU,Kevin Durant,2025,MEM,Missed,18.75233318816621,Kevin Durant
Shot Chart Detail,22500176,503,201142,Kevin Durant,1610612745,Houston Rockets,3,3,52,Missed Shot,Jump Shot,3PT Field Goal,Above the Break 3,Left Side Center(LC),24+ ft.,25.0,-184.0,179.0,1,0,20251105,MEM,HOU,Kevin Durant,2025,MEM,Missed,25.67041098229633,Kevin Durant
Shot Chart Detail,22500176,648,201142,Kevin Durant,1610612745,Houston Rockets,4,7,58,Missed Shot,Pullup Jump shot,2PT Field Goal,In The Paint (Non-RA),Center(C),Less Than 8 ft.,7.0,70.0,26.0,1,0,20251105,MEM,HOU,Kevin Durant,2025,MEM,Missed,7.467261881037788,Kevin Durant
Shot Chart Detail,22500176,658,201142,Kevin Durant,1610612745,Houston Rockets,4,6,51,Missed Shot,Driving Floating Jump Shot,2PT Field Goal,In The Paint (Non-RA),Center(C),Less Than 8 ft.,7.0,44.0,60.0,1,0,20251105,MEM,HOU,Kevin Durant,2025,MEM,Missed,7.44043009509531,Kevin Durant
Shot Chart Detail,22500176,713,201142,Kevin Durant,1610612745,Houston Rockets,4,2,27,Missed Shot,Driving Layup Shot,2PT Field Goal,Restricted Area,Center(C),Less Than 8 ft.,2.0,18.0,16.0,1,0,20251105,MEM,HOU,Kevin Durant,2025,MEM,Missed,2.4083189157584592,Kevin Durant
Shot Chart Detail,22500176,718,201142,Kevin Durant,1610612745,Houston Rockets,4,1,59,Missed Shot,Driving Finger Roll Layup Shot,2PT Field Goal,Restricted Area,Center(C),Less Than 8 ft.,2.0,27.0,13.0,1,0,20251105,MEM,HOU,Kevin Durant,2025,MEM,Missed,2.9966648127543394,Kevin Durant
Shot Chart Detail,22500191,9,201142,Kevin Durant,1610612745,Houston Rockets,1,11,21,Made Shot,Pullup Jump shot,2PT Field Goal,Mid-Range,Center(C),8-16 ft.,15.0,-74.0,140.0,1,1,20251109,MIL,HOU,Kevin Durant,2025,MIL,Made,15.835403373454053,Kevin Durant
Shot Chart Detail,22500191,15,201142,Kevin Durant,1610612745,Houston Rockets,1,10,35,Made Shot,Pullup Jump shot,2PT Field Goal,Mid-Range,Center(C),8-16 ft.,15.0,-5.0,159.0,1,1,20251109,MIL,HOU,Kevin Durant,2025,MIL,Made,15.907859692617356,Kevin Durant
Shot Chart Detail,22500191,28,201142,Kevin Durant,1610612745,Houston Rockets,1,9,46,Made Shot,Jump Shot,3PT Field Goal,Above the Break 3,Right Side Center(RC),24+ ft.,24.0,224.0,99.0,1,1,20251109,MIL,HOU,Kevin Durant,2025,MIL,Made,24.490202122481556,Kevin Durant
Shot Chart Detail,22500191,152,201142,Kevin Durant,1610612745,Houston Rockets,1,0,2,Made Shot,Step Back Jump shot,2PT Field Goal,Restricted Area,Center(C),Less Than 8 ft.,3.0,20.0,29.0,1,1,20251109,MIL,HOU,Kevin Durant,2025,MIL,Made,3.522782990761707,Kevin Durant
Shot Chart Detail,22500191,181,201142,Kevin Durant,1610612745,Houston Rockets,2,10,51,Missed Shot,Turnaround Fadeaway shot,2PT Field Goal,Mid-Range,Center(C),16-24 ft.,18.0,-44.0,177.0,1,0,20251109,MIL,HOU,Kevin Durant,2025,MIL,Missed,18.23869512876401,Kevin Durant
Shot Chart Detail,22500191,351,201142,Kevin Durant,1610612745,Houston Rockets,3,11,22,Made Shot,Pullup Jump shot,3PT Field Goal,Above the Break 3,Center(C),24+ ft.,25.0,22.0,258.0,1,1,20251109,MIL,HOU,Kevin Durant,2025,MIL,Made,25.893628559937287,Kevin Durant
Shot Chart Detail,22500191,369,201142,Kevin Durant,1610612745,Houston Rockets,3,8,58,Made Shot,Pullup Jump shot,2PT Field Goal,In The Paint (Non-RA),Center(C),8-16 ft.,10.0,28.0,102.0,1,1,20251109,MIL,HOU,Kevin Durant,2025,MIL,Made,10.577334257741882,Kevin Durant
Shot Chart Detail,22500191,411,201142,Kevin Durant,1610612745,Houston Rockets,3,6,5,Made Shot,Pullup Jump shot,2PT Field Goal,Mid-Range,Left Side Center(LC),16-24 ft.,16.0,-70.0,146.0,1,1,20251109,MIL,HOU,Kevin Durant,2025,MIL,Made,16.191355718407276,Kevin Durant
Shot Chart Detail,22500191,435,201142,Kevin Durant,1610612745,Houston Rockets,3,4,17,Made Shot,Driving Dunk Shot,2PT Field Goal,Restricted Area,Center(C),Less Than 8 ft.,2.0,13.0,17.0,1,1,20251109,MIL,HOU,Kevin Durant,2025,MIL,Made,2.1400934559032696,Kevin Durant
Shot Chart Detail,22500191,449,201142,Kevin Durant,1610612745,Houston Rockets,3,3,14,Missed Shot,Fadeaway Jump Shot,2PT Field Goal,Mid-Range,Left Side(L),8-16 ft.,14.0,-83.0,118.0,1,0,20251109,MIL,HOU,Kevin Durant,2025,MIL,Missed,14.426711336961034,Kevin Durant
Shot Chart Detail,22500191,453,201142,Kevin Durant,1610612745,Houston Rockets,3,2,24,Missed Shot,Pullup Jump shot,2PT Field Goal,In The Paint (Non-RA),Center(C),8-16 ft.,13.0,55.0,127.0,1,0,20251109,MIL,HOU,Kevin Durant,2025,MIL,Missed,13.839797686382559,Kevin Durant
Shot Chart Detail,22500191,472,201142,Kevin Durant,1610612745,Houston Rockets,3,1,41,Missed Shot,Fadeaway Jump Shot,2PT Field Goal,In The Paint (Non-RA),Center(C),8-16 ft.,14.0,62.0,134.0,1,0,20251109,MIL,HOU,Kevin Durant,2025,MIL,Missed,14.7648230602334,Kevin Durant
Shot Chart Detail,22500191,486,201142,Kevin Durant,1610612745,Houston Rockets,3,0,40,Made Shot,Pullup Jump shot,2PT Field Goal,Mid-Range,Left Side(L),8-16 ft.,15.0,-83.0,132.0,1,1,20251109,MIL,HOU,Kevin Durant,2025,MIL,Made,15.592626462530294,Kevin Durant
Shot Chart Detail,22500191,631,201142,Kevin Durant,1610612745,Houston Rockets,4,3,8,Made Shot,Turnaround Jump Shot,2PT Field Goal,Mid-Range,Left Side(L),8-16 ft.,13.0,-94.0,100.0,1,1,20251109,MIL,HOU,Kevin Durant,2025,MIL,Made,13.724430771438211,Kevin Durant
Shot Chart Detail,22500191,642,201142,Kevin Durant,1610612745,Houston Rockets,4,1,42,Made Shot,Pullup Jump shot,2PT Field Goal,Mid-Range,Left Side(L),8-16 ft.,13.0,-105.0,85.0,1,1,20251109,MIL,HOU,Kevin Durant,2025,MIL,Made,13.509256086106296,Kevin Durant
Shot Chart Detail,22500218,9,201142,Kevin Durant,1610612745,Houston Rockets,1,11,21,Missed Shot,Jump Shot,3PT Field Goal,Above the Break 3,Right Side Center(RC),24+ ft.,27.0,111.0,252.0,1,0,20251112,HOU,WAS,Kevin Durant,2025,HOU,Missed,27.536339626028727,Kevin Durant
Shot Chart Detail,22500218,31,201142,Kevin Durant,1610612745,Houston Rockets,1,9,40,Made Shot,Jump Shot,2PT Field Goal,Mid-Range,Center(C),16-24 ft.,16.0,-48.0,160.0,1,1,20251112,HOU,WAS,Kevin Durant,2025,HOU,Made,16.70449041425688,Kevin Durant
Shot Chart Detail,22500218,62,201142,Kevin Durant,1610612745,Houston Rockets,1,6,48,Missed Shot,Jump Shot,3PT Field Goal,Above the Break 3,Center(C),24+ ft.,26.0,-37.0,267.0,1,0,20251112,HOU,WAS,Kevin Durant,2025,HOU,Missed,26.955147931332153,Kevin Durant
Shot Chart Detail,22500218,72,201142,Kevin Durant,1610612745,Houston Rockets,1,6,11,Made Shot,Jump Shot,3PT Field Goal,Above the Break 3,Right Side Center(RC),24+ ft.,27.0,190.0,204.0,1,1,20251112,HOU,WAS,Kevin Durant,2025,HOU,Made,27.877589565814333,Kevin Durant
Shot Chart Detail,22500218,81,201142,Kevin Durant,1610612745,Houston Rockets,1,5,10,Missed Shot,Driving Floating Bank Jump Shot,2PT Field Goal,Restricted Area,Center(C),Less Than 8 ft.,2.0,-11.0,26.0,1,0,20251112,HOU,WAS,Kevin Durant,2025,HOU,Missed,2.8231188426986207,Kevin Durant
Shot Chart Detail,22500218,122,201142,Kevin Durant,1610612745,Houston Rockets,1,3,14,Made Shot,Pullup Jump shot,2PT Field Goal,Mid-Range,Right Side Center(RC),16-24 ft.,18.0,131.0,133.0,1,1,20251112,HOU,WAS,Kevin Durant,2025,HOU,Made,18.66815470259447,Kevin Durant
Shot Chart Detail,22500218,136,201142,Kevin Durant,1610612745,Houston Rockets,1,2,11,Made Shot,Pullup Jump shot,2PT Field Goal,Mid-Range,Left Side(L),8-16 ft.,11.0,-112.0,26.0,1,1,20251112,HOU,WAS,Kevin Durant,2025,HOU,Made,11.497825881443848,Kevin Durant
Shot Chart Detail,22500218,139,201142,Kevin Durant,1610612745,Houston Rockets,1,1,45,Made Shot,Step Back Jump shot,2PT Field Goal,Mid-Range,Center(C),16-24 ft.,16.0,-7.0,165.0,1,1,20251112,HOU,WAS,Kevin Durant,2025,HOU,Made,16.514841809717705,Kevin Durant
Shot Chart Detail,22500218,313,201142,Kevin Durant,1610612745,Houston Rockets,2,3,55,Missed Shot,Driving Layup Shot,2PT Field Goal,In The Paint (Non-RA),Center(C),Less Than 8 ft.,6.0,-4.0,63.0,1,0,20251112,HOU,WAS,Kevin Durant,2025,HOU,Missed,6.312685640834652,Kevin Durant
Shot Chart Detail,22500218,323,201142,Kevin Durant,1610612745,Houston Rockets,2,3,25,Missed Shot,Fadeaway Jump Shot,2PT Field Goal,In The Paint (Non-RA),Left Side(L),8-16 ft.,8.0,-65.0,47.0,1,0,20251112,HOU,WAS,Kevin Durant,2025,HOU,Missed,8.02122185206219,Kevin Durant
Shot Chart Detail,22500218,343,201142,Kevin Durant,1610612745,Houston Rockets,2,2,10,Made Shot,Jump Shot,3PT Field Goal,Above the Break 3,Center(C),24+ ft.,26.0,-31.0,264.0,1,1,20251112,HOU,WAS,Kevin Durant,2025,HOU,Made,26.58138446356773,Kevin Durant
Shot Chart Detail,22500218,445,201142,Kevin Durant,1610612745,Houston Rockets,3,6,19,Missed Shot,Pullup Jump shot,3PT Field Goal,Above the Break 3,Right Side Center(RC),24+ ft.,24.0,154.0,194.0,1,0,20251112,HOU,WAS,Kevin Durant,2025,HOU,Missed,24.769335881286764,Kevin Durant
Shot Chart Detail,22500218,485,201142,Kevin Durant,1610612745,Houston Rockets,3,3,30,Made Shot,Pullup Jump shot,2PT Field Goal,In The Paint (Non-RA),Center(C),8-16 ft.,13.0,-67.0,122.0,1,1,20251112,HOU,WAS,Kevin Durant,2025,HOU,Made,13.918692467326087,Kevin Durant
Shot Chart Detail,22500218,489,201142,Kevin Durant,1610612745,Houston Rockets,3,3,2,Missed Shot,Driving Floating Bank Jump Shot,2PT Field Goal,In The Paint (Non-RA),Center(C),Less Than 8 ft.,5.0,45.0,25.0,1,0,20251112,HOU,WAS,Kevin Durant,2025,HOU,Missed,5.1478150704935,Kevin Durant
Shot Chart Detail,22500218,511,201142,Kevin Durant,1610612745,Houston Rockets,3,1,4,Missed Shot,Driving Layup Shot,2PT Field Goal,In The Paint (Non-RA),Center(C),Less Than 8 ft.,7.0,-74.0,29.0,1,0,20251112,HOU,WAS,Kevin Durant,2025,HOU,Missed,7.947955712005447,Kevin Durant
Shot Chart Detail,22500218,516,201142,Kevin Durant,1610612745,Houston Rockets,3,0,35,Missed Shot,Pullup Jump shot,2PT Field Goal,In The Paint (Non-RA),Center(C),8-16 ft.,11.0,2.0,113.0,1,0,20251112,HOU,WAS,Kevin Durant,2025,HOU,Missed,11.3017697729161,Kevin Durant
Shot Chart Detail,22500236,24,201142,Kevin Durant,1610612745,Houston Rockets,1,9,18,Missed Shot,Step Back Jump shot,2PT Field Goal,Mid-Range,Left Side(L),8-16 ft.,13.0,-130.0,11.0,1,0,20251116,HOU,ORL,Kevin Durant,2025,HOU,Missed,13.046455457326331,Kevin Durant
Shot Chart Detail,22500236,63,201142,Kevin Durant,1610612745,Houston Rockets,1,5,25,Made Shot,Pullup Jump shot,2PT Field Goal,Mid-Range,Right Side Center(RC),16-24 ft.,18.0,74.0,169.0,1,1,20251116,HOU,ORL,Kevin Durant,2025,HOU,Made,18.44911922016875,Kevin Durant
Shot Chart Detail,22500236,95,201142,Kevin Durant,1610612745,Houston Rockets,1,3,6,Made Shot,Driving Layup Shot,2PT Field Goal,In The Paint (Non-RA),Center(C),Less Than 8 ft.,4.0,-16.0,41.0,1,1,20251116,HOU,ORL,Kevin Durant,2025,HOU,Made,4.401136216933077,Kevin Durant
Shot Chart Detail,22500236,99,201142,Kevin Durant,1610612745,Houston Rockets,1,2,34,Made Shot,Driving Layup Shot,2PT Field Goal,In The Paint (Non-RA),Center(C),Less Than 8 ft.,4.0,36.0,34.0,1,1,20251116,HOU,ORL,Kevin Durant,2025,HOU,Made,4.951767361255979,Kevin Durant
Shot Chart Detail,22500236,105,201142,Kevin Durant,1610612745,Houston Rockets,1,2,3,Missed Shot,Jump Shot,3PT Field Goal,Above the Break 3,Right Side Center(RC),24+ ft.,26.0,92.0,246.0,1,0,20251116,HOU,ORL,Kevin Durant,2025,HOU,Missed,26.26404386228442,Kevin Durant
Shot Chart Detail,22500236,110,201142,Kevin Durant,1610612745,Houston Rockets,1,1,33,Made Shot,Fadeaway Jump Shot,2PT Field Goal,In The Paint (Non-RA),Center(C),8-16 ft.,10.0,15.0,104.0,1,1,20251116,HOU,ORL,Kevin Durant,2025,HOU,Made,10.507616285342742,Kevin Durant
Shot Chart Detail,22500236,220,201142,Kevin Durant,1610612745,Houston Rockets,2,5,5,Missed Shot,Turnaround Fadeaway shot,2PT Field Goal,Mid-Range,Right Side(R),8-16 ft.,11.0,115.0,28.0,1,0,20251116,HOU,ORL,Kevin Durant,2025,HOU,Missed,11.835962149314266,Kevin Durant
Shot Chart Detail,22500236,243,201142,Kevin Durant,1610612745,Houston Rockets,2,3,34,Made Shot,Pullup Jump shot,2PT Field Goal,Mid-Range,Right Side(R),8-16 ft.,10.0,99.0,46.0,1,1,20251116,HOU,ORL,Kevin Durant,2025,HOU,Made,10.916501271011697,Kevin Durant
Shot Chart Detail,22500236,250,201142,Kevin Durant,1610612745,Houston Rockets,2,2,48,Missed Shot,Pullup Jump shot,3PT Field Goal,Above the Break 3,Center(C),24+ ft.,26.0,55.0,257.0,1,0,20251116,HOU,ORL,Kevin Durant,2025,HOU,Missed,26.28193295783246,Kevin Durant
Shot Chart Detail,22500236,263,201142,Kevin Durant,1610612745,Houston Rockets,2,2,15,Missed Shot,Fadeaway Jump Shot,2PT Field Goal,In The Paint (Non-RA),Center(C),8-16 ft.,12.0,-4.0,123.0,1,0,20251116,HOU,ORL,Kevin Durant,2025,HOU,Missed,12.306502346320826,Kevin Durant
Shot Chart Detail,22500236,287,201142,Kevin Durant,1610612745,Houston Rockets,2,0,32,Made Shot,Pullup Jump shot,2PT Field Goal,In The Paint (Non-RA),Center(C),8-16 ft.,13.0,-56.0,125.0,1,1,20251116,HOU,ORL,Kevin Durant,2025,HOU,Made,13.697079980784228,Kevin Durant
Shot Chart Detail,22500236,296,201142,Kevin Durant,1610612745,Houston Rockets,3,11,40,Made Shot,Pullup Jump shot,2PT Field Goal,In The Paint (Non-RA),Center(C),8-16 ft.,10.0,0.0,101.0,1,1,20251116,HOU,ORL,Kevin Durant,2025,HOU,Made,10.1,Kevin Durant
Shot Chart Detail,22500236,315,201142,Kevin Durant,1610612745,Houston Rockets,3,9,40,Missed Shot,Pullup Jump shot,3PT Field Goal,Above the Break 3,Center(C),24+ ft.,25.0,-31.0,250.0,1,0,20251116,HOU,ORL,Kevin Durant,2025,HOU,Missed,25.191466809219346,Kevin Durant
Shot Chart Detail,22500236,346,201142,Kevin Durant,1610612745,Houston Rockets,3,7,6,Made Shot,Running Pull-Up Jump Shot,2PT Field Goal,In The Paint (Non-RA),Center(C),8-16 ft.,11.0,50.0,105.0,1,1,20251116,HOU,ORL,Kevin Durant,2025,HOU,Made,11.629703349613006,Kevin Durant
Shot Chart Detail,22500236,395,201142,Kevin Durant,1610612745,Houston Rockets,3,4,47,Missed Shot,Pullup Jump shot,3PT Field Goal,Above the Break 3,Center(C),24+ ft.,25.0,-15.0,252.0,1,0,20251116,HOU,ORL,Kevin Durant,2025,HOU,Missed,25.24460338369371,Kevin Durant
Shot Chart Detail,22500236,406,201142,Kevin Durant,1610612745,Houston Rockets,3,4,5,Made Shot,Pullup Jump shot,2PT Field Goal,In The Paint (Non-RA),Center(C),8-16 ft.,12.0,54.0,109.0,1,1,20251116,HOU,ORL,Kevin Durant,2025,HOU,Made,12.164292005702592,Kevin Durant
Shot Chart Detail,22500236,425,201142,Kevin Durant,1610612745,Houston Rockets,3,2,37,Missed Shot,Pullup Jump shot,3PT Field Goal,Above the Break 3,Left Side Center(LC),24+ ft.,24.0,-104.0,227.0,1,0,20251116,HOU,ORL,Kevin Durant,2025,HOU,Missed,24.968980756130197,Kevin Durant
Shot Chart Detail,22500236,455,201142,Kevin Durant,1610612745,Houston Rockets,3,0,32,Made Shot,Driving Floating Bank Jump Shot,2PT Field Goal,In The Paint (Non-RA),Center(C),Less Than 8 ft.,7.0,70.0,22.0,1,1,20251116,HOU,ORL,Kevin Durant,2025,HOU,Made,7.337574531137657,Kevin Durant
Shot Chart Detail,22500236,536,201142,Kevin Durant,1610612745,Houston Rockets,4,8,29,Missed Shot,Running Pull-Up Jump Shot,2PT Field Goal,Mid-Range,Right Side(R),8-16 ft.,12.0,97.0,82.0,1,0,20251116,HOU,ORL,Kevin Durant,2025,HOU,Missed,12.701574705523722,Kevin Durant
Shot Chart Detail,22500236,589,201142,Kevin Durant,1610612745,Houston Rockets,4,3,41,Missed Shot,Pullup Jump shot,2PT Field Goal,Mid-Range,Right Side(R),8-16 ft.,14.0,97.0,111.0,1,0,20251116,HOU,ORL,Kevin Durant,2025,HOU,Missed,14.741099009232656,Kevin Durant
Shot Chart Detail,22500236,596,201142,Kevin Durant,1610612745,Houston Rockets,4,3,31,Missed Shot,Pullup Jump shot,3PT Field Goal,Above the Break 3,Left Side Center(LC),24+ ft.,25.0,-102.0,229.0,1,0,20251116,HOU,ORL,Kevin Durant,2025,HOU,Missed,25.068905041904003,Kevin Durant
Shot Chart Detail,22500236,600,201142,Kevin Durant,1610612745,Houston Rockets,4,2,49,Made Shot,Jump Shot,3PT Field Goal,Above the Break 3,Left Side Center(LC),24+ ft.,24.0,-134.0,211.0,1,1,20251116,HOU,ORL,Kevin Durant,2025,HOU,Made,24.995399576722114,Kevin Durant
Shot Chart Detail,22500236,627,201142,Kevin Durant,1610612745,Houston Rockets,4,0,21,Made Shot,Pullup Jump shot,3PT Field Goal,Above the Break 3,Center(C),24+ ft.,25.0,-39.0,252.0,1,1,20251116,HOU,ORL,Kevin Durant,2025,HOU,Made,25.5,Kevin Durant
Shot Chart Detail,22500236,718,201142,Kevin Durant,1610612745,Houston Rockets,5,0,9,Made Shot,Pullup Jump shot,2PT Field Goal,In The Paint (Non-RA),Center(C),8-16 ft.,11.0,-42.0,108.0,1,1,20251116,HOU,ORL,Kevin Durant,2025,HOU,Made,11.58792474949678,Kevin Durant
Shot Chart Detail,22500255,37,201142,Kevin Durant,1610612745,Houston Rockets,1,9,42,Missed Shot,Pullup Jump shot,2PT Field Goal,In The Paint (Non-RA),Center(C),8-16 ft.,11.0,-49.0,109.0,1,0,20251119,CLE,HOU,Kevin Durant,2025,CLE,Missed,11.950732195141851,Kevin Durant
Shot Chart Detail,22500255,87,201142,Kevin Durant,1610612745,Houston Rockets,1,5,20,Missed Shot,Fadeaway Jump Shot,2PT Field Goal,Mid-Range,Right Side(R),8-16 ft.,9.0,96.0,4.0,1,0,20251119,CLE,HOU,Kevin Durant,2025,CLE,Missed,9.60832971957145,Kevin Durant
Shot Chart Detail,22500255,92,201142,Kevin Durant,1610612745,Houston Rockets,1,4,58,Missed Shot,Jump Shot,3PT Field Goal,Above the Break 3,Left Side Center(LC),24+ ft.,25.0,-154.0,197.0,1,0,20251119,CLE,HOU,Kevin Durant,2025,CLE,Missed,25.004999500099977,Kevin Durant
Shot Chart Detail,22500255,237,201142,Kevin Durant,1610612745,Houston Rockets,2,6,55,Made Shot,Fadeaway Jump Shot,2PT Field Goal,Mid-Range,Left Side(L),8-16 ft.,11.0,-116.0,25.0,1,1,20251119,CLE,HOU,Kevin Durant,2025,CLE,Made,11.866338946785566,Kevin Durant
Shot Chart Detail,22500255,240,201142,Kevin Durant,1610612745,Houston Rockets,2,6,13,Missed Shot,Fadeaway Jump Shot,2PT Field Goal,Mid-Range,Left Side(L),8-16 ft.,15.0,-135.0,84.0,1,0,20251119,CLE,HOU,Kevin Durant,2025,CLE,Missed,15.9,Kevin Durant
Shot Chart Detail,22500255,247,201142,Kevin Durant,1610612745,Houston Rockets,2,5,39,Made Shot,Jump Shot,3PT Field Goal,Above the Break 3,Left Side Center(LC),24+ ft.,26.0,-200.0,172.0,1,1,20251119,CLE,HOU,Kevin Durant,2025,CLE,Made,26.378779350076076,Kevin Durant
Shot Chart Detail,22500255,316,201142,Kevin Durant,1610612745,Houston Rockets,2,2,18,Missed Shot,Pullup Jump shot,2PT Field Goal,In The Paint (Non-RA),Center(C),8-16 ft.,14.0,-60.0,137.0,1,0,20251119,CLE,HOU,Kevin Durant,2025,CLE,Missed,14.956269588369954,Kevin Durant
Shot Chart Detail,22500255,319,201142,Kevin Durant,1610612745,Houston Rockets,2,2,13,Missed Shot,Jump Shot,3PT Field Goal,Above the Break 3,Right Side Center(RC),24+ ft.,26.0,210.0,160.0,1,0,20251119,CLE,HOU,Kevin Durant,2025,CLE,Missed,26.40075756488817,Kevin Durant
Shot Chart Detail,22500255,352,201142,Kevin Durant,1610612745,Houston Rockets,2,0,45,Made Shot,Turnaround Fadeaway shot,2PT Field Goal,Mid-Range,Left Side(L),8-16 ft.,14.0,-145.0,7.0,1,1,20251119,CLE,HOU,Kevin Durant,2025,CLE,Made,14.516886718577092,Kevin Durant
Shot Chart Detail,22500255,370,201142,Kevin Durant,1610612745,Houston Rockets,3,11,44,Missed Shot,Pullup Jump shot,2PT Field Goal,Mid-Range,Right Side Center(RC),16-24 ft.,16.0,99.0,137.0,1,0,20251119,CLE,HOU,Kevin Durant,2025,CLE,Missed,16.90266251216062,Kevin Durant
Shot Chart Detail,22500255,383,201142,Kevin Durant,1610612745,Houston Rockets,3,10,13,Missed Shot,Jump Shot,3PT Field Goal,Left Corner 3,Left Side(L),24+ ft.,23.0,-232.0,-4.0,1,0,20251119,CLE,HOU,Kevin Durant,2025,CLE,Missed,23.203448019637083,Kevin Durant
Shot Chart Detail,22500255,385,201142,Kevin Durant,1610612745,Houston Rockets,3,10,7,Made Shot,Driving Floating Jump Shot,2PT Field Goal,In The Paint (Non-RA),Center(C),8-16 ft.,8.0,-29.0,77.0,1,1,20251119,CLE,HOU,Kevin Durant,2025,CLE,Made,8.228000972289685,Kevin Durant
Shot Chart Detail,22500255,391,201142,Kevin Durant,1610612745,Houston Rockets,3,9,28,Made Shot,Pullup Jump shot,2PT Field Goal,In The Paint (Non-RA),Center(C),8-16 ft.,12.0,-59.0,106.0,1,1,20251119,CLE,HOU,Kevin Durant,2025,CLE,Made,12.131364309095659,Kevin Durant
Shot Chart Detail,22500255,427,201142,Kevin Durant,1610612745,Houston Rockets,3,6,42,Missed Shot,Pullup Jump shot,2PT Field Goal,Mid-Range,Left Side(L),8-16 ft.,14.0,-142.0,-15.0,1,0,20251119,CLE,HOU,Kevin Durant,2025,CLE,Missed,14.279005567615695,Kevin Durant
Shot Chart Detail,22500255,495,201142,Kevin Durant,1610612745,Houston Rockets,3,2,35,Made Shot,Turnaround Fadeaway shot,2PT Field Goal,In The Paint (Non-RA),Center(C),8-16 ft.,14.0,40.0,138.0,1,1,20251119,CLE,HOU,Kevin Durant,2025,CLE,Made,14.368020044529448,Kevin Durant
Shot Chart Detail,22500255,654,201142,Kevin Durant,1610612745,Houston Rockets,4,4,16,Missed Shot,Pullup Jump shot,2PT Field Goal,Mid-Range,Right Side(R),8-16 ft.,14.0,105.0,103.0,1,0,20251119,CLE,HOU,Kevin Durant,2025,CLE,Missed,14.708500943332059,Kevin Durant
Shot Chart Detail,22500255,673,201142,Kevin Durant,1610612745,Houston Rockets,4,3,20,Missed Shot,Jump Shot,3PT Field Goal,Above the Break 3,Right Side Center(RC),24+ ft.,25.0,179.0,184.0,1,0,20251119,CLE,HOU,Kevin Durant,2025,CLE,Missed,25.67041098229633,Kevin Durant
Shot Chart Detail,22500255,689,201142,Kevin Durant,1610612745,Houston Rockets,4,2,2,Missed Shot,Jump Shot,3PT Field Goal,Right Corner 3,Right Side(R),24+ ft.,23.0,230.0,-1.0,1,0,20251119,CLE,HOU,Kevin Durant,2025,CLE,Missed,23.00021739027699,Kevin Durant
Shot Chart Detail,22500301,9,201142,Kevin Durant,1610612745,Houston Rockets,1,11,21,Made Shot,Jump Shot,3PT Field Goal,Above the Break 3,Left Side Center(LC),24+ ft.,25.0,-194.0,159.0,1,1,20251130,UTA,HOU,Kevin Durant,2025,UTA,Made,25.083261350948764,Kevin Durant
Shot Chart Detail,22500301,36,201142,Kevin Durant,1610612745,Houston Rockets,1,9,9,Made Shot,Pullup Jump shot,2PT Field Goal,In The Paint (Non-RA),Center(C),8-16 ft.,13.0,-61.0,125.0,1,1,20251130,UTA,HOU,Kevin Durant,2025,UTA,Made,13.908989898623119,Kevin Durant
Shot Chart Detail,22500301,50,201142,Kevin Durant,1610612745,Houston Rockets,1,7,54,Made Shot,Running Pull-Up Jump Shot,2PT Field Goal,In The Paint (Non-RA),Center(C),8-16 ft.,14.0,37.0,138.0,1,1,20251130,UTA,HOU,Kevin Durant,2025,UTA,Made,14.287407042567242,Kevin Durant
Shot Chart Detail,22500301,137,201142,Kevin Durant,1610612745,Houston Rockets,1,2,31,Missed Shot,Pullup Jump shot,2PT Field Goal,Mid-Range,Left Side(L),8-16 ft.,11.0,-89.0,80.0,1,0,20251130,UTA,HOU,Kevin Durant,2025,UTA,Missed,11.96703806294607,Kevin Durant
Shot Chart Detail,22500301,141,201142,Kevin Durant,1610612745,Houston Rockets,1,2,13,Missed Shot,Step Back Jump shot,2PT Field Goal,Mid-Range,Left Side(L),16-24 ft.,16.0,-141.0,81.0,1,0,20251130,UTA,HOU,Kevin Durant,2025,UTA,Missed,16.260996279441184,Kevin Durant
Shot Chart Detail,22500301,265,201142,Kevin Durant,1610612745,Houston Rockets,2,7,5,Made Shot,Running Layup Shot,2PT Field Goal,In The Paint (Non-RA),Center(C),Less Than 8 ft.,4.0,34.0,33.0,1,1,20251130,UTA,HOU,Kevin Durant,2025,UTA,Made,4.738143096192854,Kevin Durant
Shot Chart Detail,22500301,269,201142,Kevin Durant,1610612745,Houston Rockets,2,6,44,Missed Shot,Running Jump Shot,3PT Field Goal,Above the Break 3,Left Side Center(LC),24+ ft.,25.0,-183.0,179.0,1,0,20251130,UTA,HOU,Kevin Durant,2025,UTA,Missed,25.598828098176682,Kevin Durant
Shot Chart Detail,22500301,273,201142,Kevin Durant,1610612745,Houston Rockets,2,6,7,Missed Shot,Turnaround Fadeaway shot,2PT Field Goal,Mid-Range,Left Side(L),8-16 ft.,13.0,-131.0,41.0,1,0,20251130,UTA,HOU,Kevin Durant,2025,UTA,Missed,13.726616480400406,Kevin Durant
Shot Chart Detail,22500301,294,201142,Kevin Durant,1610612745,Houston Rockets,2,5,17,Made Shot,Pullup Jump shot,2PT Field Goal,Mid-Range,Right Side Center(RC),16-24 ft.,17.0,76.0,163.0,1,1,20251130,UTA,HOU,Kevin Durant,2025,UTA,Made,17.98471573308847,Kevin Durant
Shot Chart Detail,22500301,300,201142,Kevin Durant,1610612745,Houston Rockets,2,4,54,Made Shot,Jump Shot,3PT Field Goal,Above the Break 3,Center(C),24+ ft.,25.0,0.0,257.0,1,1,20251130,UTA,HOU,Kevin Durant,2025,UTA,Made,25.7,Kevin Durant
Shot Chart Detail,22500301,312,201142,Kevin Durant,1610612745,Houston Rockets,2,4,22,Made Shot,Jump Shot,3PT Field Goal,Above the Break 3,Left Side Center(LC),24+ ft.,25.0,-230.0,112.0,1,1,20251130,UTA,HOU,Kevin Durant,2025,UTA,Made,25.582024939398366,Kevin Durant
Shot Chart Detail,22500301,397,201142,Kevin Durant,1610612745,Houston Rockets,3,10,42,Made Shot,Jump Shot,2PT Field Goal,Mid-Range,Right Side(R),16-24 ft.,18.0,170.0,66.0,1,1,20251130,UTA,HOU,Kevin Durant,2025,UTA,Made,18.236227680087786,Kevin Durant
Shot Chart Detail,22500301,423,201142,Kevin Durant,1610612745,Houston Rockets,3,8,9,Made Shot,Turnaround Jump Shot,2PT Field Goal,In The Paint (Non-RA),Left Side(L),8-16 ft.,11.0,-80.0,89.0,1,1,20251130,UTA,HOU,Kevin Durant,2025,UTA,Made,11.96703806294607,Kevin Durant
Shot Chart Detail,22500301,520,201142,Kevin Durant,1610612745,Houston Rockets,3,2,11,Made Shot,Pullup Jump shot,2PT Field Goal,Mid-Range,Right Side(R),16-24 ft.,17.0,156.0,78.0,1,1,20251130,UTA,HOU,Kevin Durant,2025,UTA,Made,17.44133022449836,Kevin Durant
Shot Chart Detail,22500316,13,201142,Kevin Durant,1610612745,Houston Rockets,1,11,18,Missed Shot,Running Layup Shot,2PT Field Goal,In The Paint (Non-RA),Center(C),Less Than 8 ft.,5.0,40.0,32.0,1,0,20251201,UTA,HOU,Kevin Durant,2025,UTA,Missed,5.122499389946279,Kevin Durant
Shot Chart Detail,22500316,30,201142,Kevin Durant,1610612745,Houston Rockets,1,9,52,Missed Shot,Cutting Layup Shot,2PT Field Goal,Restricted Area,Center(C),Less Than 8 ft.,3.0,28.0,13.0,1,0,20251201,UTA,HOU,Kevin Durant,2025,UTA,Missed,3.087069808086626,Kevin Durant
Shot Chart Detail,22500316,68,201142,Kevin Durant,1610612745,Houston Rockets,1,7,0,Made Shot,Pullup Jump shot,2PT Field Goal,Mid-Range,Left Side(L),8-16 ft.,15.0,-85.0,125.0,1,1,20251201,UTA,HOU,Kevin Durant,2025,UTA,Made,15.116216457830973,Kevin Durant
Shot Chart Detail,22500316,111,201142,Kevin Durant,1610612745,Houston Rockets,1,4,35,Made Shot,Jump Shot,2PT Field Goal,Mid-Range,Left Side Center(LC),16-24 ft.,22.0,-168.0,154.0,1,1,20251201,UTA,HOU,Kevin Durant,2025,UTA,Made,22.79034883453959,Kevin Durant
Shot Chart Detail,22500316,149,201142,Kevin Durant,1610612745,Houston Rockets,1,2,15,Missed Shot,Pullup Jump shot,3PT Field Goal,Above the Break 3,Center(C),24+ ft.,25.0,-58.0,246.0,1,0,20251201,UTA,HOU,Kevin Durant,2025,UTA,Missed,25.2744930710786,Kevin Durant
Shot Chart Detail,22500316,152,201142,Kevin Durant,1610612745,Houston Rockets,1,1,46,Missed Shot,Fadeaway Jump Shot,2PT Field Goal,Mid-Range,Right Side Center(RC),16-24 ft.,16.0,61.0,148.0,1,0,20251201,UTA,HOU,Kevin Durant,2025,UTA,Missed,16.00781059358212,Kevin Durant
Shot Chart Detail,22500316,159,201142,Kevin Durant,1610612745,Houston Rockets,1,1,7,Missed Shot,Fadeaway Jump Shot,2PT Field Goal,In The Paint (Non-RA),Center(C),8-16 ft.,12.0,-58.0,115.0,1,0,20251201,UTA,HOU,Kevin Durant,2025,UTA,Missed,12.879829191413993,Kevin Durant
Shot Chart Detail,22500316,280,201142,Kevin Durant,1610612745,Houston Rockets,2,6,9,Missed Shot,Jump Shot,3PT Field Goal,Left Corner 3,Left Side(L),24+ ft.,22.0,-229.0,16.0,1,0,20251201,UTA,HOU,Kevin Durant,2025,UTA,Missed,22.955827146935917,Kevin Durant
Shot Chart Detail,22500316,288,201142,Kevin Durant,1610612745,Houston Rockets,2,5,39,Made Shot,Pullup Jump shot,2PT Field Goal,In The Paint (Non-RA),Center(C),8-16 ft.,15.0,75.0,137.0,1,1,20251201,UTA,HOU,Kevin Durant,2025,UTA,Made,15.618578680533002,Kevin Durant
Shot Chart Detail,22500316,355,201142,Kevin Durant,1610612745,Houston Rockets,2,1,1,Missed Shot,Pullup Jump shot,2PT Field Goal,Mid-Range,Left Side(L),8-16 ft.,14.0,-89.0,112.0,1,0,20251201,UTA,HOU,Kevin Durant,2025,UTA,Missed,14.305593311708538,Kevin Durant
Shot Chart Detail,22500316,364,201142,Kevin Durant,1610612745,Houston Rockets,2,0,24,Made Shot,Running Layup Shot,2PT Field Goal,Restricted Area,Center(C),Less Than 8 ft.,3.0,25.0,20.0,1,1,20251201,UTA,HOU,Kevin Durant,2025,UTA,Made,3.2015621187164243,Kevin Durant
Shot Chart Detail,22500316,376,201142,Kevin Durant,1610612745,Houston Rockets,3,11,40,Made Shot,Fadeaway Jump Shot,2PT Field Goal,In The Paint (Non-RA),Center(C),8-16 ft.,10.0,36.0,101.0,1,1,20251201,UTA,HOU,Kevin Durant,2025,UTA,Made,10.72240644631605,Kevin Durant
Shot Chart Detail,22500316,379,201142,Kevin Durant,1610612745,Houston Rockets,3,10,53,Made Shot,Pullup Jump shot,2PT Field Goal,Mid-Range,Left Side Center(LC),16-24 ft.,18.0,-82.0,161.0,1,1,20251201,UTA,HOU,Kevin Durant,2025,UTA,Made,18.06792738528689,Kevin Durant
Shot Chart Detail,22500316,385,201142,Kevin Durant,1610612745,Houston Rockets,3,9,57,Missed Shot,Fadeaway Jump Shot,2PT Field Goal,In The Paint (Non-RA),Center(C),8-16 ft.,13.0,61.0,116.0,1,0,20251201,UTA,HOU,Kevin Durant,2025,UTA,Missed,13.106105447462264,Kevin Durant
Shot Chart Detail,22500316,389,201142,Kevin Durant,1610612745,Houston Rockets,3,9,40,Missed Shot,Jump Shot,3PT Field Goal,Above the Break 3,Right Side Center(RC),24+ ft.,25.0,134.0,222.0,1,0,20251201,UTA,HOU,Kevin Durant,2025,UTA,Missed,25.93067681338071,Kevin Durant
Shot Chart Detail,22500316,415,201142,Kevin Durant,1610612745,Houston Rockets,3,7,23,Missed Shot,Running Pull-Up Jump Shot,2PT Field Goal,Mid-Range,Right Side(R),8-16 ft.,14.0,87.0,116.0,1,0,20251201,UTA,HOU,Kevin Durant,2025,UTA,Missed,14.5,Kevin Durant
Shot Chart Detail,22500316,452,201142,Kevin Durant,1610612745,Houston Rockets,3,5,5,Missed Shot,Pullup Jump shot,3PT Field Goal,Above the Break 3,Right Side Center(RC),24+ ft.,27.0,88.0,256.0,1,0,20251201,UTA,HOU,Kevin Durant,2025,UTA,Missed,27.07027890510181,Kevin Durant
Shot Chart Detail,22500316,459,201142,Kevin Durant,1610612745,Houston Rockets,3,4,45,Missed Shot,Driving Dunk Shot,2PT Field Goal,In The Paint (Non-RA),Center(C),Less Than 8 ft.,6.0,-51.0,34.0,1,0,20251201,UTA,HOU,Kevin Durant,2025,UTA,Missed,6.129437168288782,Kevin Durant
Shot Chart Detail,22500316,467,201142,Kevin Durant,1610612745,Houston Rockets,3,4,11,Missed Shot,Fadeaway Jump Shot,2PT Field Goal,In The Paint (Non-RA),Left Side(L),8-16 ft.,8.0,-71.0,48.0,1,0,20251201,UTA,HOU,Kevin Durant,2025,UTA,Missed,8.570297544426332,Kevin Durant
Shot Chart Detail,22500316,569,201142,Kevin Durant,1610612745,Houston Rockets,4,10,55,Made Shot,Pullup Jump shot,3PT Field Goal,Above the Break 3,Center(C),24+ ft.,25.0,40.0,251.0,1,1,20251201,UTA,HOU,Kevin Durant,2025,UTA,Made,25.416726775885206,Kevin Durant
Shot Chart Detail,22500316,603,201142,Kevin Durant,1610612745,Houston Rockets,4,8,20,Made Shot,Driving Floating Jump Shot,2PT Field Goal,In The Paint (Non-RA),Center(C),Less Than 8 ft.,5.0,10.0,59.0,1,1,20251201,UTA,HOU,Kevin Durant,2025,UTA,Made,5.984145720150872,Kevin Durant
Shot Chart Detail,22500316,630,201142,Kevin Durant,1610612745,Houston Rockets,4,6,52,Missed Shot,Pullup Jump shot,2PT Field Goal,In The Paint (Non-RA),Left Side(L),8-16 ft.,12.0,-64.0,104.0,1,0,20251201,UTA,HOU,Kevin Durant,2025,UTA,Missed,12.211470017978998,Kevin Durant
Shot Chart Detail,22500316,648,201142,Kevin Durant,1610612745,Houston Rockets,4,5,39,Made Shot,Cutting Dunk Shot,2PT Field Goal,Restricted Area,Center(C),Less Than 8 ft.,3.0,33.0,15.0,1,1,20251201,UTA,HOU,Kevin Durant,2025,UTA,Made,3.6249137920783716,Kevin Durant
Shot Chart Detail,22500316,654,201142,Kevin Durant,1610612745,Houston Rockets,4,5,12,Made Shot,Jump Shot,3PT Field Goal,Above the Break 3,Center(C),24+ ft.,24.0,-17.0,248.0,1,1,20251201,UTA,HOU,Kevin Durant,2025,UTA,Made,24.858197842965204,Kevin Durant
Shot Chart Detail,22500316,710,201142,Kevin Durant,1610612745,Houston Rockets,4,2,10,Missed Shot,Pullup Jump shot,3PT Field Goal,Above the Break 3,Left Side Center(LC),24+ ft.,24.0,-114.0,222.0,1,0,20251201,UTA,HOU,Kevin Durant,2025,UTA,Missed,24.95596121170251,Kevin Durant
Shot Chart Detail,22500330,11,201142,Kevin Durant,1610612745,Houston Rockets,1,11,9,Missed Shot,Running Layup Shot,2PT Field Goal,In The Paint (Non-RA),Center(C),Less Than 8 ft.,5.0,9.0,53.0,1,0,20251203,HOU,SAC,Kevin Durant,2025,HOU,Missed,5.375872022286245,Kevin Durant
Shot Chart Detail,22500330,15,201142,Kevin Durant,1610612745,Houston Rockets,1,10,50,Made Shot,Cutting Dunk Shot,2PT Field Goal,In The Paint (Non-RA),Center(C),Less Than 8 ft.,4.0,29.0,28.0,1,1,20251203,HOU,SAC,Kevin Durant,2025,HOU,Made,4.031128874149275,Kevin Durant
Shot Chart Detail,22500330,38,201142,Kevin Durant,1610612745,Houston Rockets,1,9,6,Missed Shot,Jump Shot,3PT Field Goal,Above the Break 3,Right Side Center(RC),24+ ft.,27.0,93.0,258.0,1,0,20251203,HOU,SAC,Kevin Durant,2025,HOU,Missed,27.424988605284778,Kevin Durant
Shot Chart Detail,22500330,57,201142,Kevin Durant,1610612745,Houston Rockets,1,7,32,Missed Shot,Running Jump Shot,3PT Field Goal,Above the Break 3,Center(C),24+ ft.,26.0,15.0,267.0,1,0,20251203,HOU,SAC,Kevin Durant,2025,HOU,Missed,26.74210163767986,Kevin Durant
Shot Chart Detail,22500330,65,201142,Kevin Durant,1610612745,Houston Rockets,1,7,3,Made Shot,Cutting Finger Roll Layup Shot,2PT Field Goal,Restricted Area,Center(C),Less Than 8 ft.,2.0,4.0,29.0,1,1,20251203,HOU,SAC,Kevin Durant,2025,HOU,Made,2.9274562336608896,Kevin Durant
Shot Chart Detail,22500330,95,201142,Kevin Durant,1610612745,Houston Rockets,1,4,56,Made Shot,Driving Layup Shot,2PT Field Goal,In The Paint (Non-RA),Center(C),Less Than 8 ft.,4.0,38.0,25.0,1,1,20251203,HOU,SAC,Kevin Durant,2025,HOU,Made,4.548626166217664,Kevin Durant
Shot Chart Detail,22500330,269,201142,Kevin Durant,1610612745,Houston Rockets,2,5,48,Made Shot,Jump Shot,2PT Field Goal,Mid-Range,Center(C),16-24 ft.,17.0,-9.0,174.0,1,1,20251203,HOU,SAC,Kevin Durant,2025,HOU,Made,17.423260314877925,Kevin Durant
Shot Chart Detail,22500330,279,201142,Kevin Durant,1610612745,Houston Rockets,2,4,50,Made Shot,Running Jump Shot,3PT Field Goal,Above the Break 3,Left Side Center(LC),24+ ft.,26.0,-211.0,158.0,1,1,20251203,HOU,SAC,Kevin Durant,2025,HOU,Made,26.360007587252323,Kevin Durant
Shot Chart Detail,22500330,368,201142,Kevin Durant,1610612745,Houston Rockets,3,9,54,Missed Shot,Jump Shot,3PT Field Goal,Above the Break 3,Center(C),24+ ft.,26.0,-71.0,251.0,1,0,20251203,HOU,SAC,Kevin Durant,2025,HOU,Missed,26.084861510078987,Kevin Durant
Shot Chart Detail,22500330,406,201142,Kevin Durant,1610612745,Houston Rockets,3,6,47,Made Shot,Running Layup Shot,2PT Field Goal,Restricted Area,Center(C),Less Than 8 ft.,2.0,26.0,13.0,1,1,20251203,HOU,SAC,Kevin Durant,2025,HOU,Made,2.906888370749727,Kevin Durant
Shot Chart Detail,22500330,433,201142,Kevin Durant,1610612745,Houston Rockets,3,5,18,Missed Shot,Driving Floating Jump Shot,2PT Field Goal,In The Paint (Non-RA),Center(C),8-16 ft.,9.0,-11.0,90.0,1,0,20251203,HOU,SAC,Kevin Durant,2025,HOU,Missed,9.066973034039531,Kevin Durant
Shot Chart Detail,22500330,450,201142,Kevin Durant,1610612745,Houston Rockets,3,3,51,Made Shot,Driving Dunk Shot,2PT Field Goal,Restricted Area,Center(C),Less Than 8 ft.,3.0,-4.0,32.0,1,1,20251203,HOU,SAC,Kevin Durant,2025,HOU,Made,3.2249030993194197,Kevin Durant
Shot Chart Detail,22500330,453,201142,Kevin Durant,1610612745,Houston Rockets,3,3,22,Missed Shot,Running Layup Shot,2PT Field Goal,Restricted Area,Center(C),Less Than 8 ft.,3.0,10.0,35.0,1,0,20251203,HOU,SAC,Kevin Durant,2025,HOU,Missed,3.6400549446402595,Kevin Durant
Shot Chart Detail,22500330,459,201142,Kevin Durant,1610612745,Houston Rockets,3,2,55,Made Shot,Running Dunk Shot,2PT Field Goal,Restricted Area,Center(C),Less Than 8 ft.,3.0,-5.0,32.0,1,1,20251203,HOU,SAC,Kevin Durant,2025,HOU,Made,3.2388269481403293,Kevin Durant
Shot Chart Detail,22500330,471,201142,Kevin Durant,1610612745,Houston Rockets,3,2,32,Missed Shot,Jump Shot,2PT Field Goal,Mid-Range,Right Side(R),8-16 ft.,11.0,108.0,51.0,1,0,20251203,HOU,SAC,Kevin Durant,2025,HOU,Missed,11.94361754243663,Kevin Durant
Shot Chart Detail,22500330,612,201142,Kevin Durant,1610612745,Houston Rockets,4,4,14,Made Shot,Pullup Jump shot,2PT Field Goal,In The Paint (Non-RA),Center(C),Less Than 8 ft.,6.0,62.0,24.0,1,1,20251203,HOU,SAC,Kevin Durant,2025,HOU,Made,6.648308055437864,Kevin Durant
Shot Chart Detail,22500346,8,201142,Kevin Durant,1610612745,Houston Rockets,1,11,19,Missed Shot,Pullup Jump shot,2PT Field Goal,Mid-Range,Left Side Center(LC),16-24 ft.,18.0,-131.0,130.0,1,0,20251205,HOU,PHX,Kevin Durant,2025,HOU,Missed,18.455622449540954,Kevin Durant
Shot Chart Detail,22500346,47,201142,Kevin Durant,1610612745,Houston Rockets,1,7,39,Missed Shot,Fadeaway Jump Shot,2PT Field Goal,Mid-Range,Right Side(R),8-16 ft.,9.0,98.0,15.0,1,0,20251205,HOU,PHX,Kevin Durant,2025,HOU,Missed,9.914131328563284,Kevin Durant
Shot Chart Detail,22500346,74,201142,Kevin Durant,1610612745,Houston Rockets,1,6,15,Made Shot,Turnaround Fadeaway shot,2PT Field Goal,In The Paint (Non-RA),Right Side(R),8-16 ft.,10.0,80.0,62.0,1,1,20251205,HOU,PHX,Kevin Durant,2025,HOU,Made,10.121264743103996,Kevin Durant
Shot Chart Detail,22500346,96,201142,Kevin Durant,1610612745,Houston Rockets,1,4,35,Missed Shot,Fadeaway Jump Shot,2PT Field Goal,In The Paint (Non-RA),Right Side(R),8-16 ft.,12.0,74.0,101.0,1,0,20251205,HOU,PHX,Kevin Durant,2025,HOU,Missed,12.52078272313676,Kevin Durant
Shot Chart Detail,22500346,106,201142,Kevin Durant,1610612745,Houston Rockets,1,3,58,Missed Shot,Driving Floating Jump Shot,2PT Field Goal,In The Paint (Non-RA),Center(C),Less Than 8 ft.,7.0,-2.0,74.0,1,0,20251205,HOU,PHX,Kevin Durant,2025,HOU,Missed,7.402702209328699,Kevin Durant
Shot Chart Detail,22500346,230,201142,Kevin Durant,1610612745,Houston Rockets,2,9,15,Made Shot,Jump Shot,3PT Field Goal,Above the Break 3,Center(C),24+ ft.,25.0,18.0,258.0,1,1,20251205,HOU,PHX,Kevin Durant,2025,HOU,Made,25.862714474702766,Kevin Durant
Shot Chart Detail,22500346,243,201142,Kevin Durant,1610612745,Houston Rockets,2,8,20,Made Shot,Running Dunk Shot,2PT Field Goal,Restricted Area,Center(C),Less Than 8 ft.,3.0,1.0,34.0,1,1,20251205,HOU,PHX,Kevin Durant,2025,HOU,Made,3.40147027033899,Kevin Durant
Shot Chart Detail,22500346,259,201142,Kevin Durant,1610612745,Houston Rockets,2,7,9,Made Shot,Fadeaway Jump Shot,2PT Field Goal,Mid-Range,Left Side(L),16-24 ft.,16.0,-162.0,25.0,1,1,20251205,HOU,PHX,Kevin Durant,2025,HOU,Made,16.391766225761028,Kevin Durant
Shot Chart Detail,22500346,266,201142,Kevin Durant,1610612745,Houston Rockets,2,6,18,Made Shot,Fadeaway Jump Shot,2PT Field Goal,Mid-Range,Right Side(R),8-16 ft.,12.0,104.0,76.0,1,1,20251205,HOU,PHX,Kevin Durant,2025,HOU,Made,12.880993750483693,Kevin Durant
Shot Chart Detail,22500346,279,201142,Kevin Durant,1610612745,Houston Rockets,2,5,47,Made Shot,Fadeaway Jump Shot,2PT Field Goal,In The Paint (Non-RA),Center(C),8-16 ft.,12.0,-64.0,111.0,1,1,20251205,HOU,PHX,Kevin Durant,2025,HOU,Made,12.81288414058287,Kevin Durant
Shot Chart Detail,22500346,294,201142,Kevin Durant,1610612745,Houston Rockets,2,4,41,Made Shot,Driving Layup Shot,2PT Field Goal,Restricted Area,Center(C),Less Than 8 ft.,3.0,-1.0,33.0,1,1,20251205,HOU,PHX,Kevin Durant,2025,HOU,Made,3.3015148038438356,Kevin Durant
Shot Chart Detail,22500346,312,201142,Kevin Durant,1610612745,Houston Rockets,2,3,20,Made Shot,Driving Floating Bank Jump Shot,2PT Field Goal,In The Paint (Non-RA),Left Side(L),8-16 ft.,9.0,-75.0,53.0,1,1,20251205,HOU,PHX,Kevin Durant,2025,HOU,Made,9.183681179135085,Kevin Durant
Shot Chart Detail,22500346,344,201142,Kevin Durant,1610612745,Houston Rockets,2,0,53,Missed Shot,Turnaround Fadeaway shot,2PT Field Goal,Mid-Range,Right Side(R),8-16 ft.,14.0,104.0,94.0,1,0,20251205,HOU,PHX,Kevin Durant,2025,HOU,Missed,14.018559127100044,Kevin Durant
Shot Chart Detail,22500346,405,201142,Kevin Durant,1610612745,Houston Rockets,3,8,50,Made Shot,Pullup Jump shot,2PT Field Goal,In The Paint (Non-RA),Center(C),Less Than 8 ft.,7.0,76.0,9.0,1,1,20251205,HOU,PHX,Kevin Durant,2025,HOU,Made,7.653103945458993,Kevin Durant
Shot Chart Detail,22500346,434,201142,Kevin Durant,1610612745,Houston Rockets,3,6,37,Made Shot,Fadeaway Jump Shot,2PT Field Goal,In The Paint (Non-RA),Left Side(L),8-16 ft.,10.0,-51.0,87.0,1,1,20251205,HOU,PHX,Kevin Durant,2025,HOU,Made,10.084641788382967,Kevin Durant
Shot Chart Detail,22500346,458,201142,Kevin Durant,1610612745,Houston Rockets,3,4,51,Missed Shot,Driving Floating Jump Shot,2PT Field Goal,In The Paint (Non-RA),Center(C),8-16 ft.,11.0,36.0,105.0,1,0,20251205,HOU,PHX,Kevin Durant,2025,HOU,Missed,11.1,Kevin Durant
Shot Chart Detail,22500346,481,201142,Kevin Durant,1610612745,Houston Rockets,3,3,13,Made Shot,Jump Shot,3PT Field Goal,Above the Break 3,Center(C),24+ ft.,25.0,-1.0,255.0,1,1,20251205,HOU,PHX,Kevin Durant,2025,HOU,Made,25.500196077677522,Kevin Durant
Shot Chart Detail,22500356,18,201142,Kevin Durant,1610612745,Houston Rockets,1,10,50,Missed Shot,Pullup Jump shot,3PT Field Goal,Above the Break 3,Left Side Center(LC),24+ ft.,25.0,-167.0,194.0,1,0,20251206,DAL,HOU,Kevin Durant,2025,DAL,Missed,25.59785147234041,Kevin Durant
Shot Chart Detail,22500356,28,201142,Kevin Durant,1610612745,Houston Rockets,1,10,8,Missed Shot,Driving Hook Shot,2PT Field Goal,Restricted Area,Center(C),Less Than 8 ft.,3.0,12.0,34.0,1,0,20251206,DAL,HOU,Kevin Durant,2025,DAL,Missed,3.605551275463989,Kevin Durant
Shot Chart Detail,22500356,35,201142,Kevin Durant,1610612745,Houston Rockets,1,9,14,Made Shot,Pullup Jump shot,2PT Field Goal,In The Paint (Non-RA),Center(C),8-16 ft.,13.0,-49.0,131.0,1,1,20251206,DAL,HOU,Kevin Durant,2025,DAL,Made,13.986421987055873,Kevin Durant
Shot Chart Detail,22500356,37,201142,Kevin Durant,1610612745,Houston Rockets,1,8,36,Made Shot,Driving Finger Roll Layup Shot,2PT Field Goal,Restricted Area,Center(C),Less Than 8 ft.,1.0,6.0,11.0,1,1,20251206,DAL,HOU,Kevin Durant,2025,DAL,Made,1.2529964086141667,Kevin Durant
Shot Chart Detail,22500356,64,201142,Kevin Durant,1610612745,Houston Rockets,1,6,29,Made Shot,Step Back Jump shot,2PT Field Goal,In The Paint (Non-RA),Left Side(L),8-16 ft.,12.0,-71.0,97.0,1,1,20251206,DAL,HOU,Kevin Durant,2025,DAL,Made,12.020815280171309,Kevin Durant
Shot Chart Detail,22500356,70,201142,Kevin Durant,1610612745,Houston Rockets,1,5,48,Made Shot,Fadeaway Jump Shot,2PT Field Goal,In The Paint (Non-RA),Center(C),8-16 ft.,11.0,51.0,102.0,1,1,20251206,DAL,HOU,Kevin Durant,2025,DAL,Made,11.403946685248927,Kevin Durant
Shot Chart Detail,22500356,91,201142,Kevin Durant,1610612745,Houston Rockets,1,4,28,Made Shot,Pullup Jump shot,2PT Field Goal,Mid-Range,Right Side(R),8-16 ft.,14.0,140.0,-10.0,1,1,20251206,DAL,HOU,Kevin Durant,2025,DAL,Made,14.0356688476182,Kevin Durant
Shot Chart Detail,22500356,98,201142,Kevin Durant,1610612745,Houston Rockets,1,4,0,Made Shot,Pullup Jump shot,3PT Field Goal,Above the Break 3,Left Side Center(LC),24+ ft.,27.0,-184.0,199.0,1,1,20251206,DAL,HOU,Kevin Durant,2025,DAL,Made,27.102951868754076,Kevin Durant
Shot Chart Detail,22500356,205,201142,Kevin Durant,1610612745,Houston Rockets,2,8,51,Missed Shot,Pullup Jump shot,2PT Field Goal,In The Paint (Non-RA),Center(C),Less Than 8 ft.,6.0,-59.0,37.0,1,0,20251206,DAL,HOU,Kevin Durant,2025,DAL,Missed,6.9641941385920605,Kevin Durant
Shot Chart Detail,22500356,256,201142,Kevin Durant,1610612745,Houston Rockets,2,6,40,Missed Shot,Pullup Jump shot,2PT Field Goal,In The Paint (Non-RA),Center(C),8-16 ft.,12.0,54.0,115.0,1,0,20251206,DAL,HOU,Kevin Durant,2025,DAL,Missed,12.704723531033645,Kevin Durant
Shot Chart Detail,22500356,264,201142,Kevin Durant,1610612745,Houston Rockets,2,6,1,Made Shot,Fadeaway Jump Shot,2PT Field Goal,Mid-Range,Left Side(L),8-16 ft.,14.0,-140.0,-3.0,1,1,20251206,DAL,HOU,Kevin Durant,2025,DAL,Made,14.003213916812097,Kevin Durant
Shot Chart Detail,22500356,299,201142,Kevin Durant,1610612745,Houston Rockets,2,2,48,Missed Shot,Driving Layup Shot,2PT Field Goal,Restricted Area,Center(C),Less Than 8 ft.,3.0,-26.0,27.0,1,0,20251206,DAL,HOU,Kevin Durant,2025,DAL,Missed,3.748332962798263,Kevin Durant
Shot Chart Detail,22500356,310,201142,Kevin Durant,1610612745,Houston Rockets,2,1,36,Made Shot,Pullup Jump shot,2PT Field Goal,In The Paint (Non-RA),Left Side(L),8-16 ft.,8.0,-51.0,70.0,1,1,20251206,DAL,HOU,Kevin Durant,2025,DAL,Made,8.66083136886985,Kevin Durant
Shot Chart Detail,22500356,352,201142,Kevin Durant,1610612745,Houston Rockets,3,10,55,Made Shot,Pullup Jump shot,2PT Field Goal,Mid-Range,Right Side(R),8-16 ft.,13.0,92.0,103.0,1,1,20251206,DAL,HOU,Kevin Durant,2025,DAL,Made,13.810503249338888,Kevin Durant
Shot Chart Detail,22500356,355,201142,Kevin Durant,1610612745,Houston Rockets,3,10,19,Missed Shot,Pullup Jump shot,3PT Field Goal,Above the Break 3,Right Side Center(RC),24+ ft.,25.0,123.0,220.0,1,0,20251206,DAL,HOU,Kevin Durant,2025,DAL,Missed,25.204959829366917,Kevin Durant
Shot Chart Detail,22500356,367,201142,Kevin Durant,1610612745,Houston Rockets,3,9,17,Missed Shot,Fadeaway Jump Shot,2PT Field Goal,In The Paint (Non-RA),Center(C),8-16 ft.,10.0,-26.0,103.0,1,0,20251206,DAL,HOU,Kevin Durant,2025,DAL,Missed,10.62308806327049,Kevin Durant
Shot Chart Detail,22500356,412,201142,Kevin Durant,1610612745,Houston Rockets,3,5,38,Missed Shot,Step Back Jump shot,2PT Field Goal,In The Paint (Non-RA),Left Side(L),8-16 ft.,12.0,-77.0,96.0,1,0,20251206,DAL,HOU,Kevin Durant,2025,DAL,Missed,12.306502346320826,Kevin Durant
Shot Chart Detail,22500356,425,201142,Kevin Durant,1610612745,Houston Rockets,3,4,51,Missed Shot,Pullup Jump shot,2PT Field Goal,Mid-Range,Center(C),8-16 ft.,15.0,-26.0,152.0,1,0,20251206,DAL,HOU,Kevin Durant,2025,DAL,Missed,15.420765220960988,Kevin Durant
Shot Chart Detail,22500356,435,201142,Kevin Durant,1610612745,Houston Rockets,3,4,10,Made Shot,Driving Layup Shot,2PT Field Goal,Restricted Area,Center(C),Less Than 8 ft.,2.0,15.0,17.0,1,1,20251206,DAL,HOU,Kevin Durant,2025,DAL,Made,2.2671568097509267,Kevin Durant
Shot Chart Detail,22500356,445,201142,Kevin Durant,1610612745,Houston Rockets,3,2,14,Made Shot,Driving Floating Bank Jump Shot,2PT Field Goal,In The Paint (Non-RA),Center(C),Less Than 8 ft.,7.0,69.0,39.0,1,1,20251206,DAL,HOU,Kevin Durant,2025,DAL,Made,7.925906888173744,Kevin Durant
Shot Chart Detail,22500375,14,201142,Kevin Durant,1610612745,Houston Rockets,1,11,11,Made Shot,Pullup Jump shot,2PT Field Goal,Mid-Range,Left Side Center(LC),16-24 ft.,20.0,-92.0,179.0,1,1,20251218,NOP,HOU,Kevin Durant,2025,NOP,Made,20.125854019146615,Kevin Durant
Shot Chart Detail,22500375,43,201142,Kevin Durant,1610612745,Houston Rockets,1,9,24,Made Shot,Jump Shot,3PT Field Goal,Above the Break 3,Center(C),24+ ft.,24.0,36.0,243.0,1,1,20251218,NOP,HOU,Kevin Durant,2025,NOP,Made,24.565219315121126,Kevin Durant
Shot Chart Detail,22500375,62,201142,Kevin Durant,1610612745,Houston Rockets,1,7,49,Made Shot,Jump Shot,3PT Field Goal,Above the Break 3,Left Side Center(LC),24+ ft.,25.0,-174.0,184.0,1,1,20251218,NOP,HOU,Kevin Durant,2025,NOP,Made,25.324296633865274,Kevin Durant
Shot Chart Detail,22500375,102,201142,Kevin Durant,1610612745,Houston Rockets,1,5,15,Made Shot,Jump Shot,3PT Field Goal,Above the Break 3,Right Side Center(RC),24+ ft.,24.0,185.0,160.0,1,1,20251218,NOP,HOU,Kevin Durant,2025,NOP,Made,24.45914961727002,Kevin Durant
Shot Chart Detail,22500375,118,201142,Kevin Durant,1610612745,Houston Rockets,1,4,4,Made Shot,Turnaround Fadeaway shot,2PT Field Goal,Mid-Range,Right Side(R),8-16 ft.,13.0,121.0,68.0,1,1,20251218,NOP,HOU,Kevin Durant,2025,NOP,Made,13.87984149765407,Kevin Durant
Shot Chart Detail,22500375,216,201142,Kevin Durant,1610612745,Houston Rockets,2,9,35,Made Shot,Pullup Jump shot,3PT Field Goal,Above the Break 3,Left Side Center(LC),24+ ft.,25.0,-180.0,180.0,1,1,20251218,NOP,HOU,Kevin Durant,2025,NOP,Made,25.45584412271571,Kevin Durant
Shot Chart Detail,22500375,232,201142,Kevin Durant,1610612745,Houston Rockets,2,8,14,Made Shot,Pullup Jump shot,2PT Field Goal,Mid-Range,Center(C),16-24 ft.,17.0,54.0,168.0,1,1,20251218,NOP,HOU,Kevin Durant,2025,NOP,Made,17.64652940382329,Kevin Durant
Shot Chart Detail,22500375,423,201142,Kevin Durant,1610612745,Houston Rockets,3,9,37,Missed Shot,Jump Shot,3PT Field Goal,Above the Break 3,Right Side Center(RC),24+ ft.,25.0,161.0,195.0,1,0,20251218,NOP,HOU,Kevin Durant,2025,NOP,Missed,25.287546342023774,Kevin Durant
Shot Chart Detail,22500375,435,201142,Kevin Durant,1610612745,Houston Rockets,3,8,50,Missed Shot,Pullup Jump shot,2PT Field Goal,Mid-Range,Right Side Center(RC),16-24 ft.,16.0,82.0,138.0,1,0,20251218,NOP,HOU,Kevin Durant,2025,NOP,Missed,16.052414148656894,Kevin Durant
Shot Chart Detail,22500375,576,201142,Kevin Durant,1610612745,Houston Rockets,4,11,17,Made Shot,Fadeaway Jump Shot,2PT Field Goal,In The Paint (Non-RA),Center(C),8-16 ft.,10.0,5.0,108.0,1,1,20251218,NOP,HOU,Kevin Durant,2025,NOP,Made,10.81156787889712,Kevin Durant
Shot Chart Detail,22500375,606,201142,Kevin Durant,1610612745,Houston Rockets,4,9,1,Missed Shot,Jump Shot,3PT Field Goal,Above the Break 3,Left Side Center(LC),24+ ft.,24.0,-176.0,172.0,1,0,20251218,NOP,HOU,Kevin Durant,2025,NOP,Missed,24.60894146443524,Kevin Durant
Shot Chart Detail,22500375,608,201142,Kevin Durant,1610612745,Houston Rockets,4,8,56,Made Shot,Driving Layup Shot,2PT Field Goal,Restricted Area,Center(C),Less Than 8 ft.,1.0,-12.0,6.0,1,1,20251218,NOP,HOU,Kevin Durant,2025,NOP,Made,1.3416407864998738,Kevin Durant
Shot Chart Detail,22500375,664,201142,Kevin Durant,1610612745,Houston Rockets,4,5,16,Made Shot,Pullup Jump shot,2PT Field Goal,In The Paint (Non-RA),Right Side(R),8-16 ft.,14.0,71.0,121.0,1,1,20251218,NOP,HOU,Kevin Durant,2025,NOP,Made,14.029255147726127,Kevin Durant
Shot Chart Detail,22500375,673,201142,Kevin Durant,1610612745,Houston Rockets,4,4,8,Made Shot,Fadeaway Jump Shot,2PT Field Goal,Mid-Range,Right Side Center(RC),16-24 ft.,17.0,116.0,131.0,1,1,20251218,NOP,HOU,Kevin Durant,2025,NOP,Made,17.49771413642365,Kevin Durant
Shot Chart Detail,22500375,784,201142,Kevin Durant,1610612745,Houston Rockets,5,0,51,Made Shot,Driving Dunk Shot,2PT Field Goal,Restricted Area,Center(C),Less Than 8 ft.,0.0,4.0,5.0,1,1,20251218,NOP,HOU,Kevin Durant,2025,NOP,Made,0.6403124237432849,Kevin Durant
Shot Chart Detail,22500386,19,201142,Kevin Durant,1610612745,Houston Rockets,1,10,24,Missed Shot,Turnaround Fadeaway shot,2PT Field Goal,In The Paint (Non-RA),Center(C),8-16 ft.,12.0,-47.0,115.0,1,0,20251220,DEN,HOU,Kevin Durant,2025,DEN,Missed,12.423365083583432,Kevin Durant
Shot Chart Detail,22500386,24,201142,Kevin Durant,1610612745,Houston Rockets,1,9,55,Made Shot,Jump Shot,3PT Field Goal,Above the Break 3,Left Side Center(LC),24+ ft.,24.0,-167.0,181.0,1,1,20251220,DEN,HOU,Kevin Durant,2025,DEN,Made,24.6272207120495,Kevin Durant
Shot Chart Detail,22500386,81,201142,Kevin Durant,1610612745,Houston Rockets,1,4,14,Missed Shot,Fadeaway Bank shot,2PT Field Goal,Restricted Area,Center(C),Less Than 8 ft.,2.0,25.0,15.0,1,0,20251220,DEN,HOU,Kevin Durant,2025,DEN,Missed,2.9154759474226504,Kevin Durant
Shot Chart Detail,22500386,149,201142,Kevin Durant,1610612745,Houston Rockets,2,11,38,Missed Shot,Turnaround Fadeaway shot,2PT Field Goal,Mid-Range,Left Side(L),8-16 ft.,15.0,-151.0,0.0,1,0,20251220,DEN,HOU,Kevin Durant,2025,DEN,Missed,15.1,Kevin Durant
Shot Chart Detail,22500386,158,201142,Kevin Durant,1610612745,Houston Rockets,2,10,22,Missed Shot,Turnaround Jump Shot,2PT Field Goal,In The Paint (Non-RA),Center(C),8-16 ft.,11.0,-12.0,110.0,1,0,20251220,DEN,HOU,Kevin Durant,2025,DEN,Missed,11.065260954898443,Kevin Durant
Shot Chart Detail,22500386,162,201142,Kevin Durant,1610612745,Houston Rockets,2,9,50,Made Shot,Jump Shot,3PT Field Goal,Right Corner 3,Right Side(R),24+ ft.,24.0,229.0,81.0,1,1,20251220,DEN,HOU,Kevin Durant,2025,DEN,Made,24.290327292978166,Kevin Durant
Shot Chart Detail,22500386,166,201142,Kevin Durant,1610612745,Houston Rockets,2,9,15,Made Shot,Pullup Jump shot,3PT Field Goal,Above the Break 3,Center(C),24+ ft.,27.0,-18.0,273.0,1,1,20251220,DEN,HOU,Kevin Durant,2025,DEN,Made,27.359276306218334,Kevin Durant
Shot Chart Detail,22500386,262,201142,Kevin Durant,1610612745,Houston Rockets,2,2,59,Made Shot,Pullup Jump shot,2PT Field Goal,In The Paint (Non-RA),Center(C),8-16 ft.,10.0,9.0,109.0,1,1,20251220,DEN,HOU,Kevin Durant,2025,DEN,Made,10.937092849564731,Kevin Durant
Shot Chart Detail,22500386,331,201142,Kevin Durant,1610612745,Houston Rockets,3,9,23,Missed Shot,Running Jump Shot,3PT Field Goal,Above the Break 3,Right Side Center(RC),24+ ft.,28.0,145.0,241.0,1,0,20251220,DEN,HOU,Kevin Durant,2025,DEN,Missed,28.12578887782528,Kevin Durant
Shot Chart Detail,22500386,340,201142,Kevin Durant,1610612745,Houston Rockets,3,8,8,Made Shot,Turnaround Jump Shot,2PT Field Goal,In The Paint (Non-RA),Center(C),8-16 ft.,11.0,49.0,108.0,1,1,20251220,DEN,HOU,Kevin Durant,2025,DEN,Made,11.859595271340417,Kevin Durant
Shot Chart Detail,22500386,394,201142,Kevin Durant,1610612745,Houston Rockets,3,4,12,Made Shot,Pullup Jump shot,2PT Field Goal,Mid-Range,Left Side(L),8-16 ft.,14.0,-146.0,6.0,1,1,20251220,DEN,HOU,Kevin Durant,2025,DEN,Made,14.612323566086264,Kevin Durant
Shot Chart Detail,22500386,404,201142,Kevin Durant,1610612745,Houston Rockets,3,2,59,Missed Shot,Jump Shot,2PT Field Goal,Mid-Range,Left Side(L),8-16 ft.,14.0,-107.0,98.0,1,0,20251220,DEN,HOU,Kevin Durant,2025,DEN,Missed,14.509651959988565,Kevin Durant
Shot Chart Detail,22500386,467,201142,Kevin Durant,1610612745,Houston Rockets,4,11,12,Made Shot,Jump Shot,3PT Field Goal,Left Corner 3,Left Side(L),24+ ft.,24.0,-238.0,52.0,1,1,20251220,DEN,HOU,Kevin Durant,2025,DEN,Made,24.361444948935194,Kevin Durant
Shot Chart Detail,22500386,545,201142,Kevin Durant,1610612745,Houston Rockets,4,6,34,Made Shot,Jump Shot,3PT Field Goal,Above the Break 3,Right Side Center(RC),24+ ft.,26.0,170.0,208.0,1,1,20251220,DEN,HOU,Kevin Durant,2025,DEN,Made,26.863357943488744,Kevin Durant
Shot Chart Detail,22500401,32,201142,Kevin Durant,1610612745,Houston Rockets,1,8,37,Missed Shot,Step Back Jump shot,2PT Field Goal,Mid-Range,Center(C),8-16 ft.,15.0,43.0,145.0,1,0,20251221,SAC,HOU,Kevin Durant,2025,SAC,Missed,15.124152868838639,Kevin Durant
Shot Chart Detail,22500401,44,201142,Kevin Durant,1610612745,Houston Rockets,1,7,41,Made Shot,Pullup Jump shot,3PT Field Goal,Above the Break 3,Left Side Center(LC),24+ ft.,26.0,-105.0,246.0,1,1,20251221,SAC,HOU,Kevin Durant,2025,SAC,Made,26.747149380821874,Kevin Durant
Shot Chart Detail,22500401,62,201142,Kevin Durant,1610612745,Houston Rockets,1,5,54,Missed Shot,Jump Shot,3PT Field Goal,Above the Break 3,Left Side Center(LC),24+ ft.,26.0,-181.0,195.0,1,0,20251221,SAC,HOU,Kevin Durant,2025,SAC,Missed,26.605638500137523,Kevin Durant
Shot Chart Detail,22500401,92,201142,Kevin Durant,1610612745,Houston Rockets,1,3,53,Missed Shot,Running Layup Shot,2PT Field Goal,In The Paint (Non-RA),Right Side(R),8-16 ft.,9.0,59.0,77.0,1,0,20251221,SAC,HOU,Kevin Durant,2025,SAC,Missed,9.70051545022222,Kevin Durant
Shot Chart Detail,22500401,181,201142,Kevin Durant,1610612745,Houston Rockets,2,10,40,Made Shot,Pullup Jump shot,2PT Field Goal,In The Paint (Non-RA),Center(C),8-16 ft.,10.0,-5.0,103.0,1,1,20251221,SAC,HOU,Kevin Durant,2025,SAC,Made,10.312128781197412,Kevin Durant
Shot Chart Detail,22500401,184,201142,Kevin Durant,1610612745,Houston Rockets,2,10,10,Made Shot,Step Back Jump shot,2PT Field Goal,Mid-Range,Left Side(L),8-16 ft.,10.0,-100.0,5.0,1,1,20251221,SAC,HOU,Kevin Durant,2025,SAC,Made,10.012492197250392,Kevin Durant
Shot Chart Detail,22500401,299,201142,Kevin Durant,1610612745,Houston Rockets,2,2,15,Made Shot,Jump Shot,3PT Field Goal,Above the Break 3,Right Side Center(RC),24+ ft.,25.0,228.0,109.0,1,1,20251221,SAC,HOU,Kevin Durant,2025,SAC,Made,25.27152547829276,Kevin Durant
Shot Chart Detail,22500401,384,201142,Kevin Durant,1610612745,Houston Rockets,3,9,42,Made Shot,Turnaround Jump Shot,2PT Field Goal,Mid-Range,Center(C),8-16 ft.,14.0,11.0,147.0,1,1,20251221,SAC,HOU,Kevin Durant,2025,SAC,Made,14.741099009232656,Kevin Durant
Shot Chart Detail,22500401,393,201142,Kevin Durant,1610612745,Houston Rockets,3,9,6,Missed Shot,Jump Shot,3PT Field Goal,Above the Break 3,Right Side Center(RC),24+ ft.,27.0,164.0,226.0,1,0,20251221,SAC,HOU,Kevin Durant,2025,SAC,Missed,27.923466833471803,Kevin Durant
Shot Chart Detail,22500401,411,201142,Kevin Durant,1610612745,Houston Rockets,3,8,18,Missed Shot,Pullup Jump shot,3PT Field Goal,Above the Break 3,Left Side Center(LC),24+ ft.,27.0,-174.0,218.0,1,0,20251221,SAC,HOU,Kevin Durant,2025,SAC,Missed,27.89265136196271,Kevin Durant
Shot Chart Detail,22500401,438,201142,Kevin Durant,1610612745,Houston Rockets,3,5,52,Missed Shot,Jump Shot,3PT Field Goal,Above the Break 3,Center(C),24+ ft.,28.0,-6.0,284.0,1,0,20251221,SAC,HOU,Kevin Durant,2025,SAC,Missed,28.406337321097908,Kevin Durant
Shot Chart Detail,22500401,450,201142,Kevin Durant,1610612745,Houston Rockets,3,4,45,Missed Shot,Turnaround Jump Shot,2PT Field Goal,In The Paint (Non-RA),Center(C),Less Than 8 ft.,7.0,48.0,52.0,1,0,20251221,SAC,HOU,Kevin Durant,2025,SAC,Missed,7.076722405181653,Kevin Durant
Shot Chart Detail,22500401,480,201142,Kevin Durant,1610612745,Houston Rockets,3,2,43,Missed Shot,Floating Jump shot,2PT Field Goal,Mid-Range,Center(C),8-16 ft.,14.0,-1.0,147.0,1,0,20251221,SAC,HOU,Kevin Durant,2025,SAC,Missed,14.700340132119393,Kevin Durant
Shot Chart Detail,22500401,522,201142,Kevin Durant,1610612745,Houston Rockets,3,0,3,Missed Shot,Step Back Jump shot,2PT Field Goal,Mid-Range,Right Side Center(RC),16-24 ft.,17.0,61.0,168.0,1,0,20251221,SAC,HOU,Kevin Durant,2025,SAC,Missed,17.87316424139833,Kevin Durant
Shot Chart Detail,22500401,541,201142,Kevin Durant,1610612745,Houston Rockets,4,11,41,Made Shot,Jump Shot,3PT Field Goal,Right Corner 3,Right Side(R),24+ ft.,24.0,239.0,54.0,1,1,20251221,SAC,HOU,Kevin Durant,2025,SAC,Made,24.50244885720609,Kevin Durant
Shot Chart Detail,22500401,606,201142,Kevin Durant,1610612745,Houston Rockets,4,6,37,Missed Shot,Fadeaway Jump Shot,2PT Field Goal,Mid-Range,Center(C),16-24 ft.,17.0,-2.0,179.0,1,0,20251221,SAC,HOU,Kevin Durant,2025,SAC,Missed,17.90111728356641,Kevin Durant
Shot Chart Detail,22500401,648,201142,Kevin Durant,1610612745,Houston Rockets,4,2,47,Made Shot,Pullup Jump shot,2PT Field Goal,In The Paint (Non-RA),Right Side(R),8-16 ft.,14.0,78.0,117.0,1,1,20251221,SAC,HOU,Kevin Durant,2025,SAC,Made,14.061649974309557,Kevin Durant
Shot Chart Detail,22500401,677,201142,Kevin Durant,1610612745,Houston Rockets,4,0,1,Missed Shot,Jump Shot,3PT Field Goal,Above the Break 3,Left Side Center(LC),24+ ft.,28.0,-96.0,269.0,1,0,20251221,SAC,HOU,Kevin Durant,2025,SAC,Missed,28.5616876252087,Kevin Durant
Shot Chart Detail,22500401,714,201142,Kevin Durant,1610612745,Houston Rockets,5,3,5,Made Shot,Running Layup Shot,2PT Field Goal,Restricted Area,Center(C),Less Than 8 ft.,2.0,-2.0,21.0,1,1,20251221,SAC,HOU,Kevin Durant,2025,SAC,Made,2.109502310972899,Kevin Durant
Shot Chart Detail,22500401,719,201142,Kevin Durant,1610612745,Houston Rockets,5,2,18,Missed Shot,Jump Shot,3PT Field Goal,Above the Break 3,Left Side Center(LC),24+ ft.,30.0,-147.0,262.0,1,0,20251221,SAC,HOU,Kevin Durant,2025,SAC,Missed,30.042137074449283,Kevin Durant
Shot Chart Detail,22500401,766,201142,Kevin Durant,1610612745,Houston Rockets,5,0,0,Missed Shot,Pullup Jump shot,2PT Field Goal,Mid-Range,Left Side Center(LC),16-24 ft.,21.0,-115.0,183.0,1,0,20251221,SAC,HOU,Kevin Durant,2025,SAC,Missed,21.61342175593675,Kevin Durant
Shot Chart Detail,22500422,9,201142,Kevin Durant,1610612745,Houston Rockets,1,11,21,Made Shot,Turnaround Jump Shot,2PT Field Goal,In The Paint (Non-RA),Center(C),8-16 ft.,10.0,-33.0,101.0,1,1,20251223,LAC,HOU,Kevin Durant,2025,LAC,Made,10.625441167311596,Kevin Durant
Shot Chart Detail,22500422,31,201142,Kevin Durant,1610612745,Houston Rockets,1,9,11,Made Shot,Jump Shot,3PT Field Goal,Above the Break 3,Right Side Center(RC),24+ ft.,26.0,156.0,210.0,1,1,20251223,LAC,HOU,Kevin Durant,2025,LAC,Made,26.16027522790997,Kevin Durant
Shot Chart Detail,22500422,35,201142,Kevin Durant,1610612745,Houston Rockets,1,8,53,Missed Shot,Jump Shot,3PT Field Goal,Above the Break 3,Right Side Center(RC),24+ ft.,26.0,107.0,245.0,1,0,20251223,LAC,HOU,Kevin Durant,2025,LAC,Missed,26.734621747838514,Kevin Durant
Shot Chart Detail,22500422,43,201142,Kevin Durant,1610612745,Houston Rockets,1,7,55,Made Shot,Turnaround Fadeaway shot,2PT Field Goal,Mid-Range,Right Side(R),8-16 ft.,14.0,140.0,24.0,1,1,20251223,LAC,HOU,Kevin Durant,2025,LAC,Made,14.204224723651762,Kevin Durant
Shot Chart Detail,22500422,72,201142,Kevin Durant,1610612745,Houston Rockets,1,6,29,Made Shot,Driving Layup Shot,2PT Field Goal,In The Paint (Non-RA),Center(C),Less Than 8 ft.,4.0,33.0,29.0,1,1,20251223,LAC,HOU,Kevin Durant,2025,LAC,Made,4.39317652729776,Kevin Durant
Shot Chart Detail,22500422,108,201142,Kevin Durant,1610612745,Houston Rockets,1,3,37,Made Shot,Cutting Layup Shot,2PT Field Goal,Restricted Area,Center(C),Less Than 8 ft.,2.0,16.0,25.0,1,1,20251223,LAC,HOU,Kevin Durant,2025,LAC,Made,2.9681644159311658,Kevin Durant
Shot Chart Detail,22500422,214,201142,Kevin Durant,1610612745,Houston Rockets,2,7,41,Made Shot,Jump Shot,2PT Field Goal,In The Paint (Non-RA),Left Side(L),8-16 ft.,9.0,-65.0,71.0,1,1,20251223,LAC,HOU,Kevin Durant,2025,LAC,Made,9.626006440887103,Kevin Durant
Shot Chart Detail,22500422,274,201142,Kevin Durant,1610612745,Houston Rockets,2,2,51,Missed Shot,Fadeaway Jump Shot,2PT Field Goal,Mid-Range,Left Side Center(LC),16-24 ft.,16.0,-74.0,143.0,1,0,20251223,LAC,HOU,Kevin Durant,2025,LAC,Missed,16.101242188104617,Kevin Durant
Shot Chart Detail,22500422,278,201142,Kevin Durant,1610612745,Houston Rockets,2,2,20,Made Shot,Pullup Jump shot,2PT Field Goal,In The Paint (Non-RA),Center(C),8-16 ft.,13.0,31.0,131.0,1,1,20251223,LAC,HOU,Kevin Durant,2025,LAC,Made,13.461797799699713,Kevin Durant
Shot Chart Detail,22500422,292,201142,Kevin Durant,1610612745,Houston Rockets,2,0,30,Missed Shot,Jump Shot,3PT Field Goal,Above the Break 3,Center(C),24+ ft.,25.0,11.0,256.0,1,0,20251223,LAC,HOU,Kevin Durant,2025,LAC,Missed,25.6236219141635,Kevin Durant
Shot Chart Detail,22500422,350,201142,Kevin Durant,1610612745,Houston Rockets,3,7,3,Missed Shot,Pullup Jump shot,2PT Field Goal,Mid-Range,Right Side(R),8-16 ft.,8.0,87.0,-1.0,1,0,20251223,LAC,HOU,Kevin Durant,2025,LAC,Missed,8.700574693662483,Kevin Durant
Shot Chart Detail,22500422,371,201142,Kevin Durant,1610612745,Houston Rockets,3,5,36,Made Shot,Driving Floating Jump Shot,2PT Field Goal,In The Paint (Non-RA),Center(C),8-16 ft.,11.0,33.0,109.0,1,1,20251223,LAC,HOU,Kevin Durant,2025,LAC,Made,11.38859078200635,Kevin Durant
Shot Chart Detail,22500422,386,201142,Kevin Durant,1610612745,Houston Rockets,3,4,28,Missed Shot,Jump Shot,3PT Field Goal,Above the Break 3,Left Side Center(LC),24+ ft.,26.0,-116.0,239.0,1,0,20251223,LAC,HOU,Kevin Durant,2025,LAC,Missed,26.566332076521213,Kevin Durant
Shot Chart Detail,22500422,421,201142,Kevin Durant,1610612745,Houston Rockets,3,1,55,Missed Shot,Turnaround Jump Shot,2PT Field Goal,In The Paint (Non-RA),Center(C),8-16 ft.,11.0,-2.0,112.0,1,0,20251223,LAC,HOU,Kevin Durant,2025,LAC,Missed,11.201785571952357,Kevin Durant
Shot Chart Detail,22500422,451,201142,Kevin Durant,1610612745,Houston Rockets,3,0,3,Missed Shot,Fadeaway Jump Shot,2PT Field Goal,In The Paint (Non-RA),Center(C),8-16 ft.,9.0,-43.0,84.0,1,0,20251223,LAC,HOU,Kevin Durant,2025,LAC,Missed,9.436630754670864,Kevin Durant
Shot Chart Detail,22500438,23,201142,Kevin Durant,1610612745,Houston Rockets,1,10,11,Made Shot,Jump Shot,2PT Field Goal,Mid-Range,Left Side Center(LC),16-24 ft.,17.0,-130.0,122.0,1,1,20251227,HOU,CLE,Kevin Durant,2025,HOU,Made,17.82806775845324,Kevin Durant
Shot Chart Detail,22500438,30,201142,Kevin Durant,1610612745,Houston Rockets,1,9,32,Missed Shot,Pullup Jump shot,2PT Field Goal,Mid-Range,Right Side(R),8-16 ft.,10.0,105.0,20.0,1,0,20251227,HOU,CLE,Kevin Durant,2025,HOU,Missed,10.688779163215974,Kevin Durant
Shot Chart Detail,22500438,54,201142,Kevin Durant,1610612745,Houston Rockets,1,7,47,Made Shot,Turnaround Fadeaway shot,2PT Field Goal,In The Paint (Non-RA),Center(C),8-16 ft.,10.0,39.0,100.0,1,1,20251227,HOU,CLE,Kevin Durant,2025,HOU,Made,10.733592129385205,Kevin Durant
Shot Chart Detail,22500438,98,201142,Kevin Durant,1610612745,Houston Rockets,1,4,50,Made Shot,Turnaround Fadeaway shot,2PT Field Goal,In The Paint (Non-RA),Center(C),8-16 ft.,12.0,-34.0,117.0,1,1,20251227,HOU,CLE,Kevin Durant,2025,HOU,Made,12.184005909387931,Kevin Durant
Shot Chart Detail,22500438,123,201142,Kevin Durant,1610612745,Houston Rockets,1,3,19,Made Shot,Jump Shot,3PT Field Goal,Above the Break 3,Center(C),24+ ft.,24.0,-67.0,237.0,1,1,20251227,HOU,CLE,Kevin Durant,2025,HOU,Made,24.628844877500853,Kevin Durant
Shot Chart Detail,22500438,132,201142,Kevin Durant,1610612745,Houston Rockets,1,2,39,Made Shot,Fadeaway Jump Shot,2PT Field Goal,In The Paint (Non-RA),Center(C),8-16 ft.,12.0,-58.0,113.0,1,1,20251227,HOU,CLE,Kevin Durant,2025,HOU,Made,12.701574705523722,Kevin Durant
Shot Chart Detail,22500438,165,201142,Kevin Durant,1610612745,Houston Rockets,1,0,10,Missed Shot,Pullup Jump shot,3PT Field Goal,Above the Break 3,Center(C),24+ ft.,26.0,-50.0,263.0,1,0,20251227,HOU,CLE,Kevin Durant,2025,HOU,Missed,26.771066471098983,Kevin Durant
Shot Chart Detail,22500438,261,201142,Kevin Durant,1610612745,Houston Rockets,2,5,32,Made Shot,Turnaround Fadeaway shot,2PT Field Goal,In The Paint (Non-RA),Center(C),8-16 ft.,13.0,-60.0,122.0,1,1,20251227,HOU,CLE,Kevin Durant,2025,HOU,Made,13.595587519485871,Kevin Durant
Shot Chart Detail,22500438,289,201142,Kevin Durant,1610612745,Houston Rockets,2,2,49,Made Shot,Pullup Jump shot,2PT Field Goal,Mid-Range,Right Side Center(RC),16-24 ft.,16.0,80.0,146.0,1,1,20251227,HOU,CLE,Kevin Durant,2025,HOU,Made,16.648123017325407,Kevin Durant
Shot Chart Detail,22500438,316,201142,Kevin Durant,1610612745,Houston Rockets,2,0,39,Made Shot,Pullup Jump shot,3PT Field Goal,Above the Break 3,Center(C),24+ ft.,24.0,13.0,246.0,1,1,20251227,HOU,CLE,Kevin Durant,2025,HOU,Made,24.634325645326687,Kevin Durant
Shot Chart Detail,22500438,339,201142,Kevin Durant,1610612745,Houston Rockets,3,11,17,Missed Shot,Turnaround Fadeaway shot,2PT Field Goal,Mid-Range,Right Side(R),8-16 ft.,11.0,104.0,59.0,1,0,20251227,HOU,CLE,Kevin Durant,2025,HOU,Missed,11.957006314291217,Kevin Durant
Shot Chart Detail,22500438,373,201142,Kevin Durant,1610612745,Houston Rockets,3,9,5,Made Shot,Pullup Jump shot,2PT Field Goal,Mid-Range,Right Side(R),8-16 ft.,9.0,99.0,8.0,1,1,20251227,HOU,CLE,Kevin Durant,2025,HOU,Made,9.932270636667125,Kevin Durant
Shot Chart Detail,22500438,377,201142,Kevin Durant,1610612745,Houston Rockets,3,8,23,Missed Shot,Jump Shot,3PT Field Goal,Above the Break 3,Center(C),24+ ft.,25.0,62.0,251.0,1,0,20251227,HOU,CLE,Kevin Durant,2025,HOU,Missed,25.854400012377006,Kevin Durant
Shot Chart Detail,22500438,425,201142,Kevin Durant,1610612745,Houston Rockets,3,5,7,Made Shot,Turnaround Fadeaway shot,2PT Field Goal,In The Paint (Non-RA),Right Side(R),8-16 ft.,13.0,78.0,109.0,1,1,20251227,HOU,CLE,Kevin Durant,2025,HOU,Made,13.403357788255898,Kevin Durant
Shot Chart Detail,22500438,429,201142,Kevin Durant,1610612745,Houston Rockets,3,4,46,Missed Shot,Running Pull-Up Jump Shot,2PT Field Goal,In The Paint (Non-RA),Left Side(L),8-16 ft.,11.0,-66.0,94.0,1,0,20251227,HOU,CLE,Kevin Durant,2025,HOU,Missed,11.485643212288984,Kevin Durant
Shot Chart Detail,22500438,431,201142,Kevin Durant,1610612745,Houston Rockets,3,4,42,Made Shot,Cutting Dunk Shot,2PT Field Goal,Restricted Area,Center(C),Less Than 8 ft.,2.0,-6.0,21.0,1,1,20251227,HOU,CLE,Kevin Durant,2025,HOU,Made,2.1840329667841556,Kevin Durant
Shot Chart Detail,22500438,462,201142,Kevin Durant,1610612745,Houston Rockets,3,2,42,Missed Shot,Pullup Jump shot,2PT Field Goal,Mid-Range,Right Side Center(RC),16-24 ft.,22.0,132.0,183.0,1,0,20251227,HOU,CLE,Kevin Durant,2025,HOU,Missed,22.563909235768524,Kevin Durant
Shot Chart Detail,22500453,11,201142,Kevin Durant,1610612745,Houston Rockets,1,11,21,Missed Shot,Fadeaway Jump Shot,2PT Field Goal,Mid-Range,Center(C),16-24 ft.,16.0,-36.0,162.0,1,0,20251229,HOU,IND,Kevin Durant,2025,HOU,Missed,16.595180023127195,Kevin Durant
Shot Chart Detail,22500453,18,201142,Kevin Durant,1610612745,Houston Rockets,1,10,42,Missed Shot,Jump Shot,3PT Field Goal,Above the Break 3,Center(C),24+ ft.,25.0,58.0,245.0,1,0,20251229,HOU,IND,Kevin Durant,2025,HOU,Missed,25.177172200229318,Kevin Durant
Shot Chart Detail,22500453,34,201142,Kevin Durant,1610612745,Houston Rockets,1,10,0,Made Shot,Pullup Jump shot,2PT Field Goal,In The Paint (Non-RA),Center(C),8-16 ft.,12.0,-11.0,129.0,1,1,20251229,HOU,IND,Kevin Durant,2025,HOU,Made,12.946814279968644,Kevin Durant
Shot Chart Detail,22500453,44,201142,Kevin Durant,1610612745,Houston Rockets,1,8,59,Missed Shot,Fadeaway Jump Shot,2PT Field Goal,Mid-Range,Right Side(R),8-16 ft.,8.0,85.0,-7.0,1,0,20251229,HOU,IND,Kevin Durant,2025,HOU,Missed,8.528774824088158,Kevin Durant
Shot Chart Detail,22500453,49,201142,Kevin Durant,1610612745,Houston Rockets,1,8,17,Made Shot,Fadeaway Jump Shot,2PT Field Goal,Mid-Range,Left Side(L),8-16 ft.,13.0,-112.0,72.0,1,1,20251229,HOU,IND,Kevin Durant,2025,HOU,Made,13.314653581674591,Kevin Durant
Shot Chart Detail,22500453,56,201142,Kevin Durant,1610612745,Houston Rockets,1,7,15,Made Shot,Fadeaway Jump Shot,2PT Field Goal,In The Paint (Non-RA),Right Side(R),8-16 ft.,10.0,76.0,73.0,1,1,20251229,HOU,IND,Kevin Durant,2025,HOU,Made,10.538026380684382,Kevin Durant
Shot Chart Detail,22500453,111,201142,Kevin Durant,1610612745,Houston Rockets,1,2,53,Missed Shot,Pullup Jump shot,3PT Field Goal,Above the Break 3,Center(C),24+ ft.,25.0,-10.0,253.0,1,0,20251229,HOU,IND,Kevin Durant,2025,HOU,Missed,25.31975513309716,Kevin Durant
Shot Chart Detail,22500453,118,201142,Kevin Durant,1610612745,Houston Rockets,1,2,25,Made Shot,Jump Shot,3PT Field Goal,Above the Break 3,Center(C),24+ ft.,27.0,44.0,268.0,1,1,20251229,HOU,IND,Kevin Durant,2025,HOU,Made,27.15879231482873,Kevin Durant
Shot Chart Detail,22500453,125,201142,Kevin Durant,1610612745,Houston Rockets,1,1,15,Made Shot,Turnaround Fadeaway shot,2PT Field Goal,In The Paint (Non-RA),Center(C),8-16 ft.,9.0,43.0,89.0,1,1,20251229,HOU,IND,Kevin Durant,2025,HOU,Made,9.884331034521255,Kevin Durant
Shot Chart Detail,22500453,263,201142,Kevin Durant,1610612745,Houston Rockets,2,4,32,Made Shot,Fadeaway Jump Shot,2PT Field Goal,Mid-Range,Left Side(L),8-16 ft.,15.0,-116.0,105.0,1,1,20251229,HOU,IND,Kevin Durant,2025,HOU,Made,15.646405337968208,Kevin Durant
Shot Chart Detail,22500453,314,201142,Kevin Durant,1610612745,Houston Rockets,2,0,58,Missed Shot,Pullup Jump shot,3PT Field Goal,Above the Break 3,Center(C),24+ ft.,25.0,56.0,248.0,1,0,20251229,HOU,IND,Kevin Durant,2025,HOU,Missed,25.424397731313128,Kevin Durant
Shot Chart Detail,22500453,319,201142,Kevin Durant,1610612745,Houston Rockets,2,0,31,Missed Shot,Driving Floating Jump Shot,2PT Field Goal,In The Paint (Non-RA),Left Side(L),8-16 ft.,8.0,-78.0,37.0,1,0,20251229,HOU,IND,Kevin Durant,2025,HOU,Missed,8.633075929238663,Kevin Durant
Shot Chart Detail,22500453,343,201142,Kevin Durant,1610612745,Houston Rockets,3,11,42,Made Shot,Turnaround Fadeaway shot,2PT Field Goal,In The Paint (Non-RA),Center(C),8-16 ft.,12.0,11.0,125.0,1,1,20251229,HOU,IND,Kevin Durant,2025,HOU,Made,12.54830665866913,Kevin Durant
Shot Chart Detail,22500453,363,201142,Kevin Durant,1610612745,Houston Rockets,3,9,47,Made Shot,Step Back Jump shot,2PT Field Goal,Mid-Range,Right Side(R),8-16 ft.,11.0,105.0,50.0,1,1,20251229,HOU,IND,Kevin Durant,2025,HOU,Made,11.629703349613006,Kevin Durant
Shot Chart Detail,22500453,378,201142,Kevin Durant,1610612745,Houston Rockets,3,8,43,Made Shot,Jump Shot,3PT Field Goal,Above the Break 3,Center(C),24+ ft.,27.0,-66.0,272.0,1,1,20251229,HOU,IND,Kevin Durant,2025,HOU,Made,27.989283663573815,Kevin Durant
Shot Chart Detail,22500453,395,201142,Kevin Durant,1610612745,Houston Rockets,3,7,59,Made Shot,Turnaround Jump Shot,2PT Field Goal,Mid-Range,Center(C),8-16 ft.,14.0,40.0,141.0,1,1,20251229,HOU,IND,Kevin Durant,2025,HOU,Made,14.65639792036229,Kevin Durant
Shot Chart Detail,22500453,435,201142,Kevin Durant,1610612745,Houston Rockets,3,4,43,Made Shot,Pullup Jump shot,2PT Field Goal,Mid-Range,Right Side(R),8-16 ft.,13.0,83.0,102.0,1,1,20251229,HOU,IND,Kevin Durant,2025,HOU,Made,13.150285168010617,Kevin Durant
Shot Chart Detail,22500453,453,201142,Kevin Durant,1610612745,Houston Rockets,3,3,27,Made Shot,Fadeaway Jump Shot,2PT Field Goal,Mid-Range,Center(C),16-24 ft.,16.0,29.0,164.0,1,1,20251229,HOU,IND,Kevin Durant,2025,HOU,Made,16.654428840401582,Kevin Durant
Shot Chart Detail,22500453,565,201142,Kevin Durant,1610612745,Houston Rockets,4,7,39,Missed Shot,Jump Shot,3PT Field Goal,Above the Break 3,Right Side Center(RC),24+ ft.,28.0,104.0,270.0,1,0,20251229,HOU,IND,Kevin Durant,2025,HOU,Missed,28.93371735536241,Kevin Durant
Shot Chart Detail,22500453,609,201142,Kevin Durant,1610612745,Houston Rockets,4,6,45,Made Shot,Driving Floating Jump Shot,2PT Field Goal,In The Paint (Non-RA),Center(C),Less Than 8 ft.,7.0,28.0,68.0,1,1,20251229,HOU,IND,Kevin Durant,2025,HOU,Made,7.353910524340094,Kevin Durant
Shot Chart Detail,22500471,51,201142,Kevin Durant,1610612745,Houston Rockets,1,7,15,Missed Shot,Fadeaway Jump Shot,2PT Field Goal,Mid-Range,Right Side(R),8-16 ft.,14.0,92.0,116.0,1,0,20260101,BKN,HOU,Kevin Durant,2026,BKN,Missed,14.805404418657398,Kevin Durant
Shot Chart Detail,22500471,72,201142,Kevin Durant,1610612745,Houston Rockets,1,6,2,Missed Shot,Pullup Jump shot,3PT Field Goal,Above the Break 3,Center(C),24+ ft.,25.0,62.0,252.0,1,0,20260101,BKN,HOU,Kevin Durant,2026,BKN,Missed,25.951493213300846,Kevin Durant
Shot Chart Detail,22500471,88,201142,Kevin Durant,1610612745,Houston Rockets,1,4,57,Missed Shot,Running Jump Shot,3PT Field Goal,Above the Break 3,Right Side Center(RC),24+ ft.,25.0,170.0,188.0,1,0,20260101,BKN,HOU,Kevin Durant,2026,BKN,Missed,25.346400138875737,Kevin Durant
Shot Chart Detail,22500471,178,201142,Kevin Durant,1610612745,Houston Rockets,2,11,4,Made Shot,Pullup Jump shot,2PT Field Goal,In The Paint (Non-RA),Center(C),8-16 ft.,10.0,-7.0,106.0,1,1,20260101,BKN,HOU,Kevin Durant,2026,BKN,Made,10.62308806327049,Kevin Durant
Shot Chart Detail,22500471,195,201142,Kevin Durant,1610612745,Houston Rockets,2,9,3,Made Shot,Fadeaway Jump Shot,2PT Field Goal,In The Paint (Non-RA),Center(C),8-16 ft.,10.0,-10.0,107.0,1,1,20260101,BKN,HOU,Kevin Durant,2026,BKN,Made,10.746627377926528,Kevin Durant
Shot Chart Detail,22500471,215,201142,Kevin Durant,1610612745,Houston Rockets,2,7,39,Made Shot,Turnaround Fadeaway shot,2PT Field Goal,Mid-Range,Left Side(L),8-16 ft.,10.0,-94.0,48.0,1,1,20260101,BKN,HOU,Kevin Durant,2026,BKN,Made,10.554619841567009,Kevin Durant
Shot Chart Detail,22500471,238,201142,Kevin Durant,1610612745,Houston Rockets,2,6,25,Missed Shot,Pullup Jump shot,2PT Field Goal,In The Paint (Non-RA),Left Side(L),8-16 ft.,11.0,-64.0,92.0,1,0,20260101,BKN,HOU,Kevin Durant,2026,BKN,Missed,11.20714058089752,Kevin Durant
Shot Chart Detail,22500471,255,201142,Kevin Durant,1610612745,Houston Rockets,2,4,34,Missed Shot,Jump Shot,3PT Field Goal,Above the Break 3,Center(C),24+ ft.,25.0,-78.0,244.0,1,0,20260101,BKN,HOU,Kevin Durant,2026,BKN,Missed,25.61640099623677,Kevin Durant
Shot Chart Detail,22500471,259,201142,Kevin Durant,1610612745,Houston Rockets,2,4,2,Made Shot,Driving Floating Jump Shot,2PT Field Goal,In The Paint (Non-RA),Right Side(R),8-16 ft.,9.0,80.0,49.0,1,1,20260101,BKN,HOU,Kevin Durant,2026,BKN,Made,9.381364506296512,Kevin Durant
Shot Chart Detail,22500471,307,201142,Kevin Durant,1610612745,Houston Rockets,2,0,57,Made Shot,Running Dunk Shot,2PT Field Goal,Restricted Area,Center(C),Less Than 8 ft.,1.0,9.0,8.0,1,1,20260101,BKN,HOU,Kevin Durant,2026,BKN,Made,1.2041594578792296,Kevin Durant
Shot Chart Detail,22500471,530,201142,Kevin Durant,1610612745,Houston Rockets,4,8,33,Missed Shot,Jump Shot,3PT Field Goal,Above the Break 3,Left Side Center(LC),24+ ft.,25.0,-103.0,236.0,1,0,20260101,BKN,HOU,Kevin Durant,2026,BKN,Missed,25.74975728040946,Kevin Durant
Shot Chart Detail,22500471,545,201142,Kevin Durant,1610612745,Houston Rockets,4,7,46,Missed Shot,Running Jump Shot,3PT Field Goal,Above the Break 3,Right Side Center(RC),24+ ft.,24.0,129.0,214.0,1,0,20260101,BKN,HOU,Kevin Durant,2026,BKN,Missed,24.98739682319869,Kevin Durant
Shot Chart Detail,22500471,578,201142,Kevin Durant,1610612745,Houston Rockets,4,5,5,Made Shot,Turnaround Fadeaway shot,2PT Field Goal,In The Paint (Non-RA),Center(C),8-16 ft.,12.0,-31.0,120.0,1,1,20260101,BKN,HOU,Kevin Durant,2026,BKN,Made,12.393950137062841,Kevin Durant
Shot Chart Detail,22500471,597,201142,Kevin Durant,1610612745,Houston Rockets,4,4,22,Made Shot,Jump Shot,3PT Field Goal,Left Corner 3,Left Side(L),24+ ft.,23.0,-230.0,-26.0,1,1,20260101,BKN,HOU,Kevin Durant,2026,BKN,Made,23.146490014686893,Kevin Durant
Shot Chart Detail,22500471,608,201142,Kevin Durant,1610612745,Houston Rockets,4,2,31,Made Shot,Pullup Jump shot,3PT Field Goal,Above the Break 3,Center(C),24+ ft.,25.0,1.0,250.0,1,1,20260101,BKN,HOU,Kevin Durant,2026,BKN,Made,25.000199999200007,Kevin Durant
Shot Chart Detail,22500491,31,201142,Kevin Durant,1610612745,Houston Rockets,1,10,28,Made Shot,Jump Shot,2PT Field Goal,Mid-Range,Center(C),16-24 ft.,17.0,-47.0,167.0,1,1,20260103,DAL,HOU,Kevin Durant,2026,DAL,Made,17.34877517290486,Kevin Durant
Shot Chart Detail,22500491,35,201142,Kevin Durant,1610612745,Houston Rockets,1,9,48,Made Shot,Pullup Jump shot,3PT Field Goal,Above the Break 3,Center(C),24+ ft.,24.0,70.0,238.0,1,1,20260103,DAL,HOU,Kevin Durant,2026,DAL,Made,24.808063205337092,Kevin Durant
Shot Chart Detail,22500491,43,201142,Kevin Durant,1610612745,Houston Rockets,1,8,51,Missed Shot,Running Jump Shot,3PT Field Goal,Above the Break 3,Left Side Center(LC),24+ ft.,28.0,-100.0,268.0,1,0,20260103,DAL,HOU,Kevin Durant,2026,DAL,Missed,28.6048946860498,Kevin Durant
Shot Chart Detail,22500491,49,201142,Kevin Durant,1610612745,Houston Rockets,1,8,15,Missed Shot,Driving Layup Shot,2PT Field Goal,Restricted Area,Center(C),Less Than 8 ft.,2.0,-2.0,28.0,1,0,20260103,DAL,HOU,Kevin Durant,2026,DAL,Missed,2.80713376952364,Kevin Durant
Shot Chart Detail,22500491,71,201142,Kevin Durant,1610612745,Houston Rockets,1,7,8,Made Shot,Running Layup Shot,2PT Field Goal,Restricted Area,Center(C),Less Than 8 ft.,1.0,-9.0,12.0,1,1,20260103,DAL,HOU,Kevin Durant,2026,DAL,Made,1.5,Kevin Durant
Shot Chart Detail,22500491,78,201142,Kevin Durant,1610612745,Houston Rockets,1,6,35,Missed Shot,Driving Floating Jump Shot,2PT Field Goal,In The Paint (Non-RA),Center(C),8-16 ft.,13.0,43.0,126.0,1,0,20260103,DAL,HOU,Kevin Durant,2026,DAL,Missed,13.313526955694348,Kevin Durant
Shot Chart Detail,22500491,83,201142,Kevin Durant,1610612745,Houston Rockets,1,6,11,Made Shot,Driving Floating Bank Jump Shot,2PT Field Goal,In The Paint (Non-RA),Center(C),Less Than 8 ft.,6.0,-63.0,30.0,1,1,20260103,DAL,HOU,Kevin Durant,2026,DAL,Made,6.977822009767804,Kevin Durant
Shot Chart Detail,22500491,88,201142,Kevin Durant,1610612745,Houston Rockets,1,5,38,Made Shot,Driving Floating Bank Jump Shot,2PT Field Goal,In The Paint (Non-RA),Center(C),Less Than 8 ft.,6.0,-58.0,23.0,1,1,20260103,DAL,HOU,Kevin Durant,2026,DAL,Made,6.239390995922599,Kevin Durant
Shot Chart Detail,22500491,140,201142,Kevin Durant,1610612745,Houston Rockets,1,2,17,Made Shot,Driving Dunk Shot,2PT Field Goal,Restricted Area,Center(C),Less Than 8 ft.,1.0,2.0,18.0,1,1,20260103,DAL,HOU,Kevin Durant,2026,DAL,Made,1.8110770276274835,Kevin Durant
Shot Chart Detail,22500491,148,201142,Kevin Durant,1610612745,Houston Rockets,1,1,6,Missed Shot,Pullup Jump shot,3PT Field Goal,Above the Break 3,Center(C),24+ ft.,26.0,59.0,258.0,1,0,20260103,DAL,HOU,Kevin Durant,2026,DAL,Missed,26.466015944981216,Kevin Durant
Shot Chart Detail,22500491,150,201142,Kevin Durant,1610612745,Houston Rockets,1,1,1,Missed Shot,Pullup Jump shot,2PT Field Goal,In The Paint (Non-RA),Center(C),8-16 ft.,12.0,-9.0,123.0,1,0,20260103,DAL,HOU,Kevin Durant,2026,DAL,Missed,12.33288287465668,Kevin Durant
Shot Chart Detail,22500491,307,201142,Kevin Durant,1610612745,Houston Rockets,2,2,46,Missed Shot,Pullup Jump shot,2PT Field Goal,Mid-Range,Right Side(R),16-24 ft.,16.0,131.0,95.0,1,0,20260103,DAL,HOU,Kevin Durant,2026,DAL,Missed,16.182088863926065,Kevin Durant
Shot Chart Detail,22500491,381,201142,Kevin Durant,1610612745,Houston Rockets,3,9,46,Missed Shot,Pullup Jump shot,2PT Field Goal,In The Paint (Non-RA),Left Side(L),8-16 ft.,11.0,-65.0,94.0,1,0,20260103,DAL,HOU,Kevin Durant,2026,DAL,Missed,11.428473213863697,Kevin Durant
Shot Chart Detail,22500491,387,201142,Kevin Durant,1610612745,Houston Rockets,3,9,21,Made Shot,Jump Shot,2PT Field Goal,Mid-Range,Left Side Center(LC),16-24 ft.,17.0,-130.0,110.0,1,1,20260103,DAL,HOU,Kevin Durant,2026,DAL,Made,17.029386365926403,Kevin Durant
Shot Chart Detail,22500491,394,201142,Kevin Durant,1610612745,Houston Rockets,3,8,4,Made Shot,Driving Floating Jump Shot,2PT Field Goal,In The Paint (Non-RA),Center(C),Less Than 8 ft.,6.0,-2.0,69.0,1,1,20260103,DAL,HOU,Kevin Durant,2026,DAL,Made,6.902897942168927,Kevin Durant
Shot Chart Detail,22500491,425,201142,Kevin Durant,1610612745,Houston Rockets,3,5,47,Missed Shot,Pullup Jump shot,2PT Field Goal,In The Paint (Non-RA),Center(C),8-16 ft.,12.0,-10.0,126.0,1,0,20260103,DAL,HOU,Kevin Durant,2026,DAL,Missed,12.63962024745997,Kevin Durant
Shot Chart Detail,22500491,444,201142,Kevin Durant,1610612745,Houston Rockets,3,4,23,Missed Shot,Pullup Jump shot,2PT Field Goal,Mid-Range,Right Side(R),8-16 ft.,12.0,94.0,85.0,1,0,20260103,DAL,HOU,Kevin Durant,2026,DAL,Missed,12.673200069437868,Kevin Durant
Shot Chart Detail,22500491,464,201142,Kevin Durant,1610612745,Houston Rockets,3,2,46,Made Shot,Driving Floating Jump Shot,2PT Field Goal,In The Paint (Non-RA),Center(C),8-16 ft.,9.0,33.0,92.0,1,1,20260103,DAL,HOU,Kevin Durant,2026,DAL,Made,9.773944955850734,Kevin Durant
Shot Chart Detail,22500491,550,201142,Kevin Durant,1610612745,Houston Rockets,4,9,29,Made Shot,Fadeaway Jump Shot,2PT Field Goal,In The Paint (Non-RA),Center(C),Less Than 8 ft.,7.0,-65.0,34.0,1,1,20260103,DAL,HOU,Kevin Durant,2026,DAL,Made,7.335529974037323,Kevin Durant
Shot Chart Detail,22500491,552,201142,Kevin Durant,1610612745,Houston Rockets,4,8,59,Made Shot,Jump Shot,3PT Field Goal,Above the Break 3,Left Side Center(LC),24+ ft.,26.0,-216.0,148.0,1,1,20260103,DAL,HOU,Kevin Durant,2026,DAL,Made,26.183964558485023,Kevin Durant
Shot Chart Detail,22500491,579,201142,Kevin Durant,1610612745,Houston Rockets,4,6,19,Missed Shot,Jump Shot,3PT Field Goal,Above the Break 3,Left Side Center(LC),24+ ft.,25.0,-207.0,157.0,1,0,20260103,DAL,HOU,Kevin Durant,2026,DAL,Missed,25.980377210502546,Kevin Durant
Shot Chart Detail,22500491,583,201142,Kevin Durant,1610612745,Houston Rockets,4,5,32,Made Shot,Pullup Jump shot,2PT Field Goal,Mid-Range,Right Side Center(RC),16-24 ft.,18.0,146.0,115.0,1,1,20260103,DAL,HOU,Kevin Durant,2026,DAL,Made,18.585209172887993,Kevin Durant
Shot Chart Detail,22500491,614,201142,Kevin Durant,1610612745,Houston Rockets,4,3,18,Missed Shot,Pullup Jump shot,3PT Field Goal,Above the Break 3,Right Side Center(RC),24+ ft.,29.0,189.0,225.0,1,0,20260103,DAL,HOU,Kevin Durant,2026,DAL,Missed,29.38468989116611,Kevin Durant
Shot Chart Detail,22500491,623,201142,Kevin Durant,1610612745,Houston Rockets,4,2,39,Made Shot,Driving Layup Shot,2PT Field Goal,Restricted Area,Center(C),Less Than 8 ft.,3.0,4.0,35.0,1,1,20260103,DAL,HOU,Kevin Durant,2026,DAL,Made,3.522782990761707,Kevin Durant
Shot Chart Detail,22500491,642,201142,Kevin Durant,1610612745,Houston Rockets,4,1,42,Made Shot,Driving Layup Shot,2PT Field Goal,In The Paint (Non-RA),Center(C),Less Than 8 ft.,4.0,36.0,24.0,1,1,20260103,DAL,HOU,Kevin Durant,2026,DAL,Made,4.3266615305567875,Kevin Durant
Shot Chart Detail,22500491,658,201142,Kevin Durant,1610612745,Houston Rockets,4,0,36,Missed Shot,Running Jump Shot,3PT Field Goal,Above the Break 3,Right Side Center(RC),24+ ft.,26.0,138.0,231.0,1,0,20260103,DAL,HOU,Kevin Durant,2026,DAL,Missed,26.908177195789385,Kevin Durant
Shot Chart Detail,22500505,7,201142,Kevin Durant,1610612745,Houston Rockets,1,11,46,Missed Shot,Pullup Jump shot,3PT Field Goal,Above the Break 3,Center(C),24+ ft.,25.0,53.0,253.0,1,0,20260105,HOU,PHX,Kevin Durant,2026,HOU,Missed,25.84917793663853,Kevin Durant
Shot Chart Detail,22500505,11,201142,Kevin Durant,1610612745,Houston Rockets,1,11,16,Missed Shot,Fadeaway Jump Shot,2PT Field Goal,Mid-Range,Left Side Center(LC),16-24 ft.,16.0,-108.0,130.0,1,0,20260105,HOU,PHX,Kevin Durant,2026,HOU,Missed,16.900887550658396,Kevin Durant
Shot Chart Detail,22500505,55,201142,Kevin Durant,1610612745,Houston Rockets,1,7,20,Missed Shot,Jump Shot,3PT Field Goal,Right Corner 3,Right Side(R),24+ ft.,25.0,243.0,71.0,1,0,20260105,HOU,PHX,Kevin Durant,2026,HOU,Missed,25.316002844051035,Kevin Durant
Shot Chart Detail,22500505,72,201142,Kevin Durant,1610612745,Houston Rockets,1,5,58,Made Shot,Pullup Jump shot,3PT Field Goal,Above the Break 3,Left Side Center(LC),24+ ft.,27.0,-174.0,217.0,1,1,20260105,HOU,PHX,Kevin Durant,2026,HOU,Made,27.814564530116236,Kevin Durant
Shot Chart Detail,22500505,98,201142,Kevin Durant,1610612745,Houston Rockets,1,4,34,Missed Shot,Running Jump Shot,3PT Field Goal,Above the Break 3,Left Side Center(LC),24+ ft.,27.0,-180.0,205.0,1,0,20260105,HOU,PHX,Kevin Durant,2026,HOU,Missed,27.280945731407478,Kevin Durant
Shot Chart Detail,22500505,100,201142,Kevin Durant,1610612745,Houston Rockets,1,4,27,Made Shot,Jump Shot,2PT Field Goal,Mid-Range,Left Side(L),16-24 ft.,20.0,-180.0,99.0,1,1,20260105,HOU,PHX,Kevin Durant,2026,HOU,Made,20.54288197892399,Kevin Durant
Shot Chart Detail,22500505,204,201142,Kevin Durant,1610612745,Houston Rockets,2,8,5,Missed Shot,Pullup Jump shot,3PT Field Goal,Above the Break 3,Left Side Center(LC),24+ ft.,27.0,-179.0,209.0,1,0,20260105,HOU,PHX,Kevin Durant,2026,HOU,Missed,27.517630711963555,Kevin Durant
Shot Chart Detail,22500505,231,201142,Kevin Durant,1610612745,Houston Rockets,2,6,0,Made Shot,Pullup Jump shot,2PT Field Goal,Mid-Range,Right Side Center(RC),16-24 ft.,17.0,141.0,106.0,1,1,20260105,HOU,PHX,Kevin Durant,2026,HOU,Made,17.640011337864838,Kevin Durant
Shot Chart Detail,22500505,272,201142,Kevin Durant,1610612745,Houston Rockets,2,3,28,Missed Shot,Pullup Jump shot,3PT Field Goal,Above the Break 3,Right Side Center(RC),24+ ft.,27.0,154.0,222.0,1,0,20260105,HOU,PHX,Kevin Durant,2026,HOU,Missed,27.018512172212592,Kevin Durant
Shot Chart Detail,22500505,286,201142,Kevin Durant,1610612745,Houston Rockets,2,2,47,Made Shot,Pullup Jump shot,2PT Field Goal,In The Paint (Non-RA),Center(C),8-16 ft.,13.0,58.0,118.0,1,1,20260105,HOU,PHX,Kevin Durant,2026,HOU,Made,13.148383931114882,Kevin Durant
Shot Chart Detail,22500505,290,201142,Kevin Durant,1610612745,Houston Rockets,2,2,27,Missed Shot,Jump Shot,3PT Field Goal,Above the Break 3,Right Side Center(RC),24+ ft.,27.0,186.0,197.0,1,0,20260105,HOU,PHX,Kevin Durant,2026,HOU,Missed,27.093357119412133,Kevin Durant
Shot Chart Detail,22500505,348,201142,Kevin Durant,1610612745,Houston Rockets,3,10,36,Missed Shot,Pullup Jump shot,2PT Field Goal,In The Paint (Non-RA),Center(C),8-16 ft.,13.0,-40.0,124.0,1,0,20260105,HOU,PHX,Kevin Durant,2026,HOU,Missed,13.029197979921864,Kevin Durant
Shot Chart Detail,22500505,366,201142,Kevin Durant,1610612745,Houston Rockets,3,9,4,Missed Shot,Pullup Jump shot,3PT Field Goal,Above the Break 3,Left Side Center(LC),24+ ft.,27.0,-141.0,232.0,1,0,20260105,HOU,PHX,Kevin Durant,2026,HOU,Missed,27.148664792214,Kevin Durant
Shot Chart Detail,22500505,382,201142,Kevin Durant,1610612745,Houston Rockets,3,7,52,Made Shot,Running Dunk Shot,2PT Field Goal,Restricted Area,Center(C),Less Than 8 ft.,3.0,21.0,32.0,1,1,20260105,HOU,PHX,Kevin Durant,2026,HOU,Made,3.8275318418009276,Kevin Durant
Shot Chart Detail,22500505,421,201142,Kevin Durant,1610612745,Houston Rockets,3,4,27,Made Shot,Pullup Jump shot,2PT Field Goal,Mid-Range,Right Side(R),8-16 ft.,14.0,112.0,85.0,1,1,20260105,HOU,PHX,Kevin Durant,2026,HOU,Made,14.060227594174995,Kevin Durant
Shot Chart Detail,22500505,438,201142,Kevin Durant,1610612745,Houston Rockets,3,2,56,Missed Shot,Pullup Jump shot,3PT Field Goal,Above the Break 3,Left Side Center(LC),24+ ft.,27.0,-140.0,234.0,1,0,20260105,HOU,PHX,Kevin Durant,2026,HOU,Missed,27.26829660979945,Kevin Durant
Shot Chart Detail,22500505,527,201142,Kevin Durant,1610612745,Houston Rockets,4,8,29,Missed Shot,Pullup Jump shot,3PT Field Goal,Above the Break 3,Right Side Center(RC),24+ ft.,27.0,115.0,246.0,1,0,20260105,HOU,PHX,Kevin Durant,2026,HOU,Missed,27.15529414313165,Kevin Durant
Shot Chart Detail,22500505,533,201142,Kevin Durant,1610612745,Houston Rockets,4,7,58,Made Shot,Turnaround Fadeaway shot,2PT Field Goal,In The Paint (Non-RA),Center(C),8-16 ft.,12.0,33.0,122.0,1,1,20260105,HOU,PHX,Kevin Durant,2026,HOU,Made,12.638433447227548,Kevin Durant
Shot Chart Detail,22500505,543,201142,Kevin Durant,1610612745,Houston Rockets,4,6,28,Made Shot,Pullup Jump shot,2PT Field Goal,Mid-Range,Left Side(L),8-16 ft.,14.0,-102.0,108.0,1,1,20260105,HOU,PHX,Kevin Durant,2026,HOU,Made,14.855302083767935,Kevin Durant
Shot Chart Detail,22500505,568,201142,Kevin Durant,1610612745,Houston Rockets,4,5,3,Missed Shot,Floating Jump shot,3PT Field Goal,Above the Break 3,Center(C),24+ ft.,26.0,-18.0,268.0,1,0,20260105,HOU,PHX,Kevin Durant,2026,HOU,Missed,26.86037974415105,Kevin Durant
Shot Chart Detail,22500505,634,201142,Kevin Durant,1610612745,Houston Rockets,4,0,1,Made Shot,Pullup Jump shot,3PT Field Goal,Above the Break 3,Right Side Center(RC),24+ ft.,27.0,172.0,216.0,1,1,20260105,HOU,PHX,Kevin Durant,2026,HOU,Made,27.61159176867571,Kevin Durant
Shot Chart Detail,22500527,12,201142,Kevin Durant,1610612745,Houston Rockets,1,11,20,Made Shot,Jump Shot,2PT Field Goal,Mid-Range,Left Side Center(LC),16-24 ft.,19.0,-98.0,174.0,1,1,20260107,POR,HOU,Kevin Durant,2026,POR,Made,19.969977466186585,Kevin Durant
Shot Chart Detail,22500527,15,201142,Kevin Durant,1610612745,Houston Rockets,1,10,53,Made Shot,Pullup Jump shot,2PT Field Goal,Mid-Range,Center(C),16-24 ft.,19.0,56.0,186.0,1,1,20260107,POR,HOU,Kevin Durant,2026,POR,Made,19.424726510301248,Kevin Durant
Shot Chart Detail,22500527,44,201142,Kevin Durant,1610612745,Houston Rockets,1,8,57,Made Shot,Fadeaway Jump Shot,2PT Field Goal,Mid-Range,Left Side Center(LC),16-24 ft.,16.0,-66.0,152.0,1,1,20260107,POR,HOU,Kevin Durant,2026,POR,Made,16.57105910918189,Kevin Durant
Shot Chart Detail,22500527,79,201142,Kevin Durant,1610612745,Houston Rockets,1,6,26,Made Shot,Fadeaway Jump Shot,2PT Field Goal,In The Paint (Non-RA),Center(C),8-16 ft.,10.0,2.0,104.0,1,1,20260107,POR,HOU,Kevin Durant,2026,POR,Made,10.401922899156675,Kevin Durant
Shot Chart Detail,22500527,107,201142,Kevin Durant,1610612745,Houston Rockets,1,4,29,Missed Shot,Fadeaway Jump Shot,2PT Field Goal,Mid-Range,Center(C),8-16 ft.,14.0,7.0,141.0,1,0,20260107,POR,HOU,Kevin Durant,2026,POR,Missed,14.117365193264641,Kevin Durant
Shot Chart Detail,22500527,258,201142,Kevin Durant,1610612745,Houston Rockets,2,7,33,Missed Shot,Running Pull-Up Jump Shot,2PT Field Goal,Mid-Range,Left Side Center(LC),16-24 ft.,19.0,-76.0,176.0,1,0,20260107,POR,HOU,Kevin Durant,2026,POR,Missed,19.170811146114815,Kevin Durant
Shot Chart Detail,22500527,283,201142,Kevin Durant,1610612745,Houston Rockets,2,5,59,Missed Shot,Fadeaway Jump Shot,2PT Field Goal,In The Paint (Non-RA),Left Side(L),8-16 ft.,12.0,-70.0,109.0,1,0,20260107,POR,HOU,Kevin Durant,2026,POR,Missed,12.95414991421668,Kevin Durant
Shot Chart Detail,22500527,292,201142,Kevin Durant,1610612745,Houston Rockets,2,4,34,Missed Shot,Pullup Jump shot,2PT Field Goal,In The Paint (Non-RA),Center(C),8-16 ft.,14.0,66.0,132.0,1,0,20260107,POR,HOU,Kevin Durant,2026,POR,Missed,14.758048651498612,Kevin Durant
Shot Chart Detail,22500527,294,201142,Kevin Durant,1610612745,Houston Rockets,2,4,28,Made Shot,Jump Shot,3PT Field Goal,Above the Break 3,Right Side Center(RC),24+ ft.,25.0,132.0,221.0,1,1,20260107,POR,HOU,Kevin Durant,2026,POR,Made,25.741989045137906,Kevin Durant
Shot Chart Detail,22500527,335,201142,Kevin Durant,1610612745,Houston Rockets,2,2,12,Missed Shot,Pullup Jump shot,2PT Field Goal,Mid-Range,Left Side Center(LC),16-24 ft.,16.0,-89.0,144.0,1,0,20260107,POR,HOU,Kevin Durant,2026,POR,Missed,16.928378540191027,Kevin Durant
Shot Chart Detail,22500527,349,201142,Kevin Durant,1610612745,Houston Rockets,2,1,7,Made Shot,Fadeaway Jump Shot,2PT Field Goal,Mid-Range,Left Side Center(LC),16-24 ft.,17.0,-69.0,163.0,1,1,20260107,POR,HOU,Kevin Durant,2026,POR,Made,17.700282483621553,Kevin Durant
Shot Chart Detail,22500527,390,201142,Kevin Durant,1610612745,Houston Rockets,3,11,13,Missed Shot,Jump Shot,3PT Field Goal,Above the Break 3,Right Side Center(RC),24+ ft.,25.0,162.0,199.0,1,0,20260107,POR,HOU,Kevin Durant,2026,POR,Missed,25.66028059082753,Kevin Durant
Shot Chart Detail,22500527,394,201142,Kevin Durant,1610612745,Houston Rockets,3,10,46,Made Shot,Pullup Jump shot,2PT Field Goal,In The Paint (Non-RA),Center(C),8-16 ft.,14.0,72.0,131.0,1,1,20260107,POR,HOU,Kevin Durant,2026,POR,Made,14.94824404403407,Kevin Durant
Shot Chart Detail,22500527,400,201142,Kevin Durant,1610612745,Houston Rockets,3,9,57,Missed Shot,Fadeaway Jump Shot,2PT Field Goal,Mid-Range,Center(C),8-16 ft.,14.0,13.0,148.0,1,0,20260107,POR,HOU,Kevin Durant,2026,POR,Missed,14.856984889270098,Kevin Durant
Shot Chart Detail,22500527,454,201142,Kevin Durant,1610612745,Houston Rockets,3,5,39,Made Shot,Running Jump Shot,3PT Field Goal,Above the Break 3,Left Side Center(LC),24+ ft.,25.0,-225.0,110.0,1,1,20260107,POR,HOU,Kevin Durant,2026,POR,Made,25.04495957273639,Kevin Durant
Shot Chart Detail,22500527,498,201142,Kevin Durant,1610612745,Houston Rockets,3,3,13,Made Shot,Fadeaway Jump Shot,2PT Field Goal,Mid-Range,Center(C),8-16 ft.,14.0,36.0,142.0,1,1,20260107,POR,HOU,Kevin Durant,2026,POR,Made,14.64923206178399,Kevin Durant
Shot Chart Detail,22500527,514,201142,Kevin Durant,1610612745,Houston Rockets,3,1,25,Made Shot,Driving Hook Shot,2PT Field Goal,In The Paint (Non-RA),Right Side(R),8-16 ft.,8.0,51.0,68.0,1,1,20260107,POR,HOU,Kevin Durant,2026,POR,Made,8.5,Kevin Durant
Shot Chart Detail,22500527,637,201142,Kevin Durant,1610612745,Houston Rockets,4,7,18,Missed Shot,Jump Shot,3PT Field Goal,Above the Break 3,Right Side Center(RC),24+ ft.,27.0,148.0,232.0,1,0,20260107,POR,HOU,Kevin Durant,2026,POR,Missed,27.518720900506985,Kevin Durant
Shot Chart Detail,22500527,650,201142,Kevin Durant,1610612745,Houston Rockets,4,6,29,Made Shot,Turnaround Fadeaway shot,2PT Field Goal,Mid-Range,Center(C),8-16 ft.,15.0,-34.0,150.0,1,1,20260107,POR,HOU,Kevin Durant,2026,POR,Made,15.380507143784303,Kevin Durant
Shot Chart Detail,22500527,658,201142,Kevin Durant,1610612745,Houston Rockets,4,5,53,Missed Shot,Jump Shot,3PT Field Goal,Right Corner 3,Right Side(R),24+ ft.,22.0,228.0,21.0,1,0,20260107,POR,HOU,Kevin Durant,2026,POR,Missed,22.89650628371062,Kevin Durant
Shot Chart Detail,22500527,669,201142,Kevin Durant,1610612745,Houston Rockets,4,5,23,Missed Shot,Turnaround Jump Shot,2PT Field Goal,Mid-Range,Right Side Center(RC),16-24 ft.,18.0,93.0,158.0,1,0,20260107,POR,HOU,Kevin Durant,2026,POR,Missed,18.33384847761102,Kevin Durant
Shot Chart Detail,22500527,674,201142,Kevin Durant,1610612745,Houston Rockets,4,4,43,Made Shot,Driving Floating Jump Shot,2PT Field Goal,Mid-Range,Left Side Center(LC),16-24 ft.,18.0,-105.0,155.0,1,1,20260107,POR,HOU,Kevin Durant,2026,POR,Made,18.721645226849056,Kevin Durant
Shot Chart Detail,22500527,702,201142,Kevin Durant,1610612745,Houston Rockets,4,2,16,Missed Shot,Jump Shot,3PT Field Goal,Above the Break 3,Right Side Center(RC),24+ ft.,25.0,180.0,174.0,1,0,20260107,POR,HOU,Kevin Durant,2026,POR,Missed,25.03517525403008,Kevin Durant
Shot Chart Detail,22500527,715,201142,Kevin Durant,1610612745,Houston Rockets,4,1,38,Made Shot,Turnaround Fadeaway shot,2PT Field Goal,Mid-Range,Center(C),8-16 ft.,15.0,55.0,141.0,1,1,20260107,POR,HOU,Kevin Durant,2026,POR,Made,15.134728276384745,Kevin Durant
Shot Chart Detail,22500527,719,201142,Kevin Durant,1610612745,Houston Rockets,4,1,9,Made Shot,Driving Floating Jump Shot,2PT Field Goal,Mid-Range,Left Side Center(LC),16-24 ft.,19.0,-103.0,161.0,1,1,20260107,POR,HOU,Kevin Durant,2026,POR,Made,19.112822920751398,Kevin Durant
Shot Chart Detail,22500527,778,201142,Kevin Durant,1610612745,Houston Rockets,4,0,2,Missed Shot,Turnaround Fadeaway shot,2PT Field Goal,Mid-Range,Right Side Center(RC),16-24 ft.,19.0,96.0,173.0,1,0,20260107,POR,HOU,Kevin Durant,2026,POR,Missed,19.785095400325975,Kevin Durant
Shot Chart Detail,22500540,55,201142,Kevin Durant,1610612745,Houston Rockets,1,7,10,Made Shot,Jump Shot,2PT Field Goal,Mid-Range,Left Side(L),8-16 ft.,12.0,-121.0,23.0,1,1,20260109,POR,HOU,Kevin Durant,2026,POR,Made,12.316655390161731,Kevin Durant
Shot Chart Detail,22500540,80,201142,Kevin Durant,1610612745,Houston Rockets,1,5,52,Missed Shot,Jump Shot,3PT Field Goal,Above the Break 3,Center(C),24+ ft.,26.0,56.0,254.0,1,0,20260109,POR,HOU,Kevin Durant,2026,POR,Missed,26.009998077662367,Kevin Durant
Shot Chart Detail,22500540,101,201142,Kevin Durant,1610612745,Houston Rockets,1,4,9,Made Shot,Turnaround Fadeaway shot,2PT Field Goal,In The Paint (Non-RA),Right Side(R),8-16 ft.,9.0,75.0,54.0,1,1,20260109,POR,HOU,Kevin Durant,2026,POR,Made,9.241753080449618,Kevin Durant
Shot Chart Detail,22500540,104,201142,Kevin Durant,1610612745,Houston Rockets,1,3,28,Made Shot,Pullup Jump shot,2PT Field Goal,Mid-Range,Left Side Center(LC),16-24 ft.,16.0,-102.0,133.0,1,1,20260109,POR,HOU,Kevin Durant,2026,POR,Made,16.760966559241147,Kevin Durant
Shot Chart Detail,22500540,224,201142,Kevin Durant,1610612745,Houston Rockets,2,8,35,Made Shot,Turnaround Fadeaway shot,2PT Field Goal,In The Paint (Non-RA),Center(C),8-16 ft.,13.0,33.0,134.0,1,1,20260109,POR,HOU,Kevin Durant,2026,POR,Made,13.800362314084367,Kevin Durant
Shot Chart Detail,22500540,234,201142,Kevin Durant,1610612745,Houston Rockets,2,8,11,Missed Shot,Running Pull-Up Jump Shot,2PT Field Goal,Mid-Range,Center(C),8-16 ft.,14.0,56.0,139.0,1,0,20260109,POR,HOU,Kevin Durant,2026,POR,Missed,14.985659811966906,Kevin Durant
Shot Chart Detail,22500540,340,201142,Kevin Durant,1610612745,Houston Rockets,2,1,53,Made Shot,Turnaround Jump Shot,2PT Field Goal,In The Paint (Non-RA),Center(C),8-16 ft.,13.0,-7.0,133.0,1,1,20260109,POR,HOU,Kevin Durant,2026,POR,Made,13.318408313308314,Kevin Durant
Shot Chart Detail,22500540,377,201142,Kevin Durant,1610612745,Houston Rockets,3,11,33,Missed Shot,Pullup Jump shot,3PT Field Goal,Above the Break 3,Right Side Center(RC),24+ ft.,25.0,104.0,229.0,1,0,20260109,POR,HOU,Kevin Durant,2026,POR,Missed,25.15094431626773,Kevin Durant
Shot Chart Detail,22500540,415,201142,Kevin Durant,1610612745,Houston Rockets,3,7,57,Made Shot,Jump Shot,3PT Field Goal,Above the Break 3,Center(C),24+ ft.,25.0,-65.0,245.0,1,1,20260109,POR,HOU,Kevin Durant,2026,POR,Made,25.347583711273153,Kevin Durant
Shot Chart Detail,22500540,438,201142,Kevin Durant,1610612745,Houston Rockets,3,5,57,Missed Shot,Step Back Jump shot,2PT Field Goal,Mid-Range,Center(C),8-16 ft.,15.0,-13.0,151.0,1,0,20260109,POR,HOU,Kevin Durant,2026,POR,Missed,15.155856953666461,Kevin Durant
Shot Chart Detail,22500540,444,201142,Kevin Durant,1610612745,Houston Rockets,3,5,23,Made Shot,Pullup Jump shot,3PT Field Goal,Above the Break 3,Center(C),24+ ft.,26.0,6.0,266.0,1,1,20260109,POR,HOU,Kevin Durant,2026,POR,Made,26.60676605677586,Kevin Durant
Shot Chart Detail,22500540,484,201142,Kevin Durant,1610612745,Houston Rockets,3,2,22,Made Shot,Jump Shot,3PT Field Goal,Above the Break 3,Right Side Center(RC),24+ ft.,26.0,92.0,246.0,1,1,20260109,POR,HOU,Kevin Durant,2026,POR,Made,26.26404386228442,Kevin Durant
Shot Chart Detail,22500540,498,201142,Kevin Durant,1610612745,Houston Rockets,3,1,52,Missed Shot,Jump Shot,3PT Field Goal,Above the Break 3,Center(C),24+ ft.,27.0,43.0,267.0,1,0,20260109,POR,HOU,Kevin Durant,2026,POR,Missed,27.044038160008576,Kevin Durant
Shot Chart Detail,22500540,587,201142,Kevin Durant,1610612745,Houston Rockets,4,7,31,Missed Shot,Fadeaway Jump Shot,2PT Field Goal,Mid-Range,Right Side Center(RC),16-24 ft.,16.0,85.0,138.0,1,0,20260109,POR,HOU,Kevin Durant,2026,POR,Missed,16.2077142126828,Kevin Durant
Shot Chart Detail,22500540,589,201142,Kevin Durant,1610612745,Houston Rockets,4,7,24,Made Shot,Pullup Jump shot,2PT Field Goal,In The Paint (Non-RA),Center(C),8-16 ft.,14.0,62.0,126.0,1,1,20260109,POR,HOU,Kevin Durant,2026,POR,Made,14.042791745233567,Kevin Durant
Shot Chart Detail,22500540,613,201142,Kevin Durant,1610612745,Houston Rockets,4,5,32,Made Shot,Jump Shot,3PT Field Goal,Above the Break 3,Left Side Center(LC),24+ ft.,25.0,-86.0,245.0,1,1,20260109,POR,HOU,Kevin Durant,2026,POR,Made,25.96555410539124,Kevin Durant
Shot Chart Detail,22500540,617,201142,Kevin Durant,1610612745,Houston Rockets,4,4,54,Missed Shot,Pullup Jump shot,2PT Field Goal,In The Paint (Non-RA),Right Side(R),8-16 ft.,14.0,77.0,126.0,1,0,20260109,POR,HOU,Kevin Durant,2026,POR,Missed,14.76651617681029,Kevin Durant
Shot Chart Detail,22500540,636,201142,Kevin Durant,1610612745,Houston Rockets,4,3,32,Missed Shot,Jump Shot,3PT Field Goal,Above the Break 3,Center(C),24+ ft.,26.0,56.0,260.0,1,0,20260109,POR,HOU,Kevin Durant,2026,POR,Missed,26.59624033580686,Kevin Durant
Shot Chart Detail,22500540,669,201142,Kevin Durant,1610612745,Houston Rockets,4,1,30,Made Shot,Pullup Jump shot,2PT Field Goal,Mid-Range,Right Side(R),16-24 ft.,16.0,152.0,56.0,1,1,20260109,POR,HOU,Kevin Durant,2026,POR,Made,16.19876538505327,Kevin Durant
Shot Chart Detail,22500540,685,201142,Kevin Durant,1610612745,Houston Rockets,4,0,45,Missed Shot,Step Back Jump shot,3PT Field Goal,Above the Break 3,Center(C),24+ ft.,25.0,4.0,251.0,1,0,20260109,POR,HOU,Kevin Durant,2026,POR,Missed,25.103187048659777,Kevin Durant
Shot Chart Detail,22500557,12,201142,Kevin Durant,1610612745,Houston Rockets,1,10,50,Missed Shot,Jump Shot,3PT Field Goal,Above the Break 3,Right Side Center(RC),24+ ft.,26.0,148.0,224.0,1,0,20260111,SAC,HOU,Kevin Durant,2026,SAC,Missed,26.847718711279736,Kevin Durant
Shot Chart Detail,22500557,33,201142,Kevin Durant,1610612745,Houston Rockets,1,9,42,Made Shot,Pullup Jump shot,2PT Field Goal,Mid-Range,Center(C),16-24 ft.,16.0,-50.0,159.0,1,1,20260111,SAC,HOU,Kevin Durant,2026,SAC,Made,16.667633305301628,Kevin Durant
Shot Chart Detail,22500557,47,201142,Kevin Durant,1610612745,Houston Rockets,1,7,49,Missed Shot,Driving Floating Bank Jump Shot,2PT Field Goal,In The Paint (Non-RA),Center(C),Less Than 8 ft.,6.0,-62.0,21.0,1,0,20260111,SAC,HOU,Kevin Durant,2026,SAC,Missed,6.545991139621256,Kevin Durant
Shot Chart Detail,22500557,51,201142,Kevin Durant,1610612745,Houston Rockets,1,7,24,Missed Shot,Driving Floating Jump Shot,2PT Field Goal,Mid-Range,Right Side(R),8-16 ft.,12.0,107.0,59.0,1,0,20260111,SAC,HOU,Kevin Durant,2026,SAC,Missed,12.218837915284743,Kevin Durant
Shot Chart Detail,22500557,56,201142,Kevin Durant,1610612745,Houston Rockets,1,6,48,Made Shot,Driving Layup Shot,2PT Field Goal,Restricted Area,Center(C),Less Than 8 ft.,3.0,-33.0,-8.0,1,1,20260111,SAC,HOU,Kevin Durant,2026,SAC,Made,3.3955853692699294,Kevin Durant
Shot Chart Detail,22500557,83,201142,Kevin Durant,1610612745,Houston Rockets,1,4,17,Made Shot,Jump Shot,3PT Field Goal,Above the Break 3,Left Side Center(LC),24+ ft.,26.0,-94.0,252.0,1,1,20260111,SAC,HOU,Kevin Durant,2026,SAC,Made,26.896096371034965,Kevin Durant
Shot Chart Detail,22500557,212,201142,Kevin Durant,1610612745,Houston Rockets,2,6,53,Made Shot,Jump Shot,3PT Field Goal,Above the Break 3,Left Side Center(LC),24+ ft.,27.0,-161.0,229.0,1,1,20260111,SAC,HOU,Kevin Durant,2026,SAC,Made,27.993213463266414,Kevin Durant
Shot Chart Detail,22500557,235,201142,Kevin Durant,1610612745,Houston Rockets,2,5,3,Made Shot,Pullup Jump shot,2PT Field Goal,Mid-Range,Right Side(R),8-16 ft.,14.0,81.0,126.0,1,1,20260111,SAC,HOU,Kevin Durant,2026,SAC,Made,14.978985279383915,Kevin Durant
Shot Chart Detail,22500557,256,201142,Kevin Durant,1610612745,Houston Rockets,2,3,20,Missed Shot,Jump Shot,3PT Field Goal,Above the Break 3,Left Side Center(LC),24+ ft.,25.0,-172.0,190.0,1,0,20260111,SAC,HOU,Kevin Durant,2026,SAC,Missed,25.62888994864975,Kevin Durant
Shot Chart Detail,22500557,350,201142,Kevin Durant,1610612745,Houston Rockets,3,9,15,Missed Shot,Running Jump Shot,3PT Field Goal,Above the Break 3,Right Side Center(RC),24+ ft.,25.0,91.0,243.0,1,0,20260111,SAC,HOU,Kevin Durant,2026,SAC,Missed,25.948024973010952,Kevin Durant
Shot Chart Detail,22500557,366,201142,Kevin Durant,1610612745,Houston Rockets,3,7,59,Made Shot,Jump Shot,3PT Field Goal,Above the Break 3,Center(C),24+ ft.,26.0,13.0,268.0,1,1,20260111,SAC,HOU,Kevin Durant,2026,SAC,Made,26.831511325305552,Kevin Durant
Shot Chart Detail,22500557,568,201142,Kevin Durant,1610612745,Houston Rockets,4,8,2,Missed Shot,Fadeaway Jump Shot,2PT Field Goal,Mid-Range,Left Side Center(LC),16-24 ft.,17.0,-94.0,149.0,1,0,20260111,SAC,HOU,Kevin Durant,2026,SAC,Missed,17.617321022221283,Kevin Durant
Shot Chart Detail,22500557,570,201142,Kevin Durant,1610612745,Houston Rockets,4,7,57,Missed Shot,Jump Shot,3PT Field Goal,Above the Break 3,Left Side Center(LC),24+ ft.,27.0,-115.0,251.0,1,0,20260111,SAC,HOU,Kevin Durant,2026,SAC,Missed,27.60905648514632,Kevin Durant
Shot Chart Detail,22500557,595,201142,Kevin Durant,1610612745,Houston Rockets,4,6,22,Missed Shot,Pullup Jump shot,2PT Field Goal,Mid-Range,Right Side Center(RC),16-24 ft.,19.0,130.0,149.0,1,0,20260111,SAC,HOU,Kevin Durant,2026,SAC,Missed,19.773972792537162,Kevin Durant
Shot Chart Detail,22500557,599,201142,Kevin Durant,1610612745,Houston Rockets,4,5,56,Made Shot,Driving Layup Shot,2PT Field Goal,In The Paint (Non-RA),Center(C),Less Than 8 ft.,7.0,6.0,74.0,1,1,20260111,SAC,HOU,Kevin Durant,2026,SAC,Made,7.424284477308234,Kevin Durant
Shot Chart Detail,22500557,636,201142,Kevin Durant,1610612745,Houston Rockets,4,3,38,Missed Shot,Jump Shot,3PT Field Goal,Above the Break 3,Left Side Center(LC),24+ ft.,27.0,-156.0,225.0,1,0,20260111,SAC,HOU,Kevin Durant,2026,SAC,Missed,27.379006556118867,Kevin Durant
Shot Chart Detail,22500557,654,201142,Kevin Durant,1610612745,Houston Rockets,4,2,22,Made Shot,Pullup Jump shot,2PT Field Goal,Mid-Range,Right Side(R),8-16 ft.,12.0,85.0,96.0,1,1,20260111,SAC,HOU,Kevin Durant,2026,SAC,Made,12.822246293064254,Kevin Durant
Shot Chart Detail,22500557,684,201142,Kevin Durant,1610612745,Houston Rockets,4,0,36,Made Shot,Jump Shot,3PT Field Goal,Above the Break 3,Right Side Center(RC),24+ ft.,26.0,137.0,230.0,1,1,20260111,SAC,HOU,Kevin Durant,2026,SAC,Made,26.771066471098983,Kevin Durant
Shot Chart Detail,22500565,11,201142,Kevin Durant,1610612745,Houston Rockets,1,11,17,Missed Shot,Jump Shot,2PT Field Goal,Mid-Range,Center(C),16-24 ft.,19.0,-34.0,193.0,1,0,20260113,HOU,CHI,Kevin Durant,2026,HOU,Missed,19.597193676646665,Kevin Durant
Shot Chart Detail,22500565,26,201142,Kevin Durant,1610612745,Houston Rockets,1,9,27,Made Shot,Pullup Jump shot,2PT Field Goal,In The Paint (Non-RA),Center(C),8-16 ft.,11.0,-55.0,100.0,1,1,20260113,HOU,CHI,Kevin Durant,2026,HOU,Made,11.412712210513327,Kevin Durant
Shot Chart Detail,22500565,39,201142,Kevin Durant,1610612745,Houston Rockets,1,8,0,Made Shot,Fadeaway Jump Shot,2PT Field Goal,Mid-Range,Right Side(R),8-16 ft.,14.0,100.0,108.0,1,1,20260113,HOU,CHI,Kevin Durant,2026,HOU,Made,14.718695594379279,Kevin Durant
Shot Chart Detail,22500565,42,201142,Kevin Durant,1610612745,Houston Rockets,1,7,18,Made Shot,Jump Shot,3PT Field Goal,Above the Break 3,Center(C),24+ ft.,24.0,54.0,237.0,1,1,20260113,HOU,CHI,Kevin Durant,2026,HOU,Made,24.30740627874558,Kevin Durant
Shot Chart Detail,22500565,84,201142,Kevin Durant,1610612745,Houston Rockets,1,5,17,Missed Shot,Turnaround Fadeaway shot,2PT Field Goal,Mid-Range,Left Side(L),8-16 ft.,13.0,-125.0,56.0,1,0,20260113,HOU,CHI,Kevin Durant,2026,HOU,Missed,13.697079980784228,Kevin Durant
Shot Chart Detail,22500565,90,201142,Kevin Durant,1610612745,Houston Rockets,1,4,41,Missed Shot,Jump Shot,3PT Field Goal,Above the Break 3,Left Side Center(LC),24+ ft.,25.0,-137.0,218.0,1,0,20260113,HOU,CHI,Kevin Durant,2026,HOU,Missed,25.74742705592153,Kevin Durant
Shot Chart Detail,22500565,184,201142,Kevin Durant,1610612745,Houston Rockets,2,9,44,Made Shot,Turnaround Fadeaway shot,2PT Field Goal,In The Paint (Non-RA),Center(C),8-16 ft.,11.0,-54.0,104.0,1,1,20260113,HOU,CHI,Kevin Durant,2026,HOU,Made,11.718361660232201,Kevin Durant
Shot Chart Detail,22500565,209,201142,Kevin Durant,1610612745,Houston Rockets,2,8,8,Missed Shot,Turnaround Fadeaway shot,2PT Field Goal,In The Paint (Non-RA),Center(C),8-16 ft.,12.0,26.0,126.0,1,0,20260113,HOU,CHI,Kevin Durant,2026,HOU,Missed,12.865457628860312,Kevin Durant
Shot Chart Detail,22500565,236,201142,Kevin Durant,1610612745,Houston Rockets,2,6,35,Missed Shot,Running Layup Shot,2PT Field Goal,In The Paint (Non-RA),Center(C),Less Than 8 ft.,6.0,38.0,48.0,1,0,20260113,HOU,CHI,Kevin Durant,2026,HOU,Missed,6.1220911460055865,Kevin Durant
Shot Chart Detail,22500565,317,201142,Kevin Durant,1610612745,Houston Rockets,2,0,57,Missed Shot,Running Jump Shot,3PT Field Goal,Above the Break 3,Right Side Center(RC),24+ ft.,25.0,159.0,194.0,1,0,20260113,HOU,CHI,Kevin Durant,2026,HOU,Missed,25.083261350948764,Kevin Durant
Shot Chart Detail,22500565,321,201142,Kevin Durant,1610612745,Houston Rockets,2,0,29,Missed Shot,Jump Shot,3PT Field Goal,Right Corner 3,Right Side(R),24+ ft.,22.0,228.0,-2.0,1,0,20260113,HOU,CHI,Kevin Durant,2026,HOU,Missed,22.80087717610882,Kevin Durant
Shot Chart Detail,22500565,349,201142,Kevin Durant,1610612745,Houston Rockets,3,11,31,Missed Shot,Pullup Jump shot,2PT Field Goal,In The Paint (Non-RA),Center(C),8-16 ft.,14.0,64.0,130.0,1,0,20260113,HOU,CHI,Kevin Durant,2026,HOU,Missed,14.489996549343966,Kevin Durant
Shot Chart Detail,22500565,378,201142,Kevin Durant,1610612745,Houston Rockets,3,9,30,Made Shot,Turnaround Fadeaway shot,2PT Field Goal,In The Paint (Non-RA),Center(C),8-16 ft.,12.0,-56.0,116.0,1,1,20260113,HOU,CHI,Kevin Durant,2026,HOU,Made,12.880993750483693,Kevin Durant
Shot Chart Detail,22500565,382,201142,Kevin Durant,1610612745,Houston Rockets,3,8,54,Made Shot,Fadeaway Jump Shot,2PT Field Goal,In The Paint (Non-RA),Center(C),8-16 ft.,12.0,-38.0,117.0,1,1,20260113,HOU,CHI,Kevin Durant,2026,HOU,Made,12.301625908797584,Kevin Durant
Shot Chart Detail,22500565,398,201142,Kevin Durant,1610612745,Houston Rockets,3,7,46,Missed Shot,Cutting Layup Shot,2PT Field Goal,In The Paint (Non-RA),Center(C),Less Than 8 ft.,7.0,65.0,44.0,1,0,20260113,HOU,CHI,Kevin Durant,2026,HOU,Missed,7.849203781276162,Kevin Durant
Shot Chart Detail,22500565,401,201142,Kevin Durant,1610612745,Houston Rockets,3,7,42,Missed Shot,Driving Floating Jump Shot,2PT Field Goal,Mid-Range,Left Side(L),8-16 ft.,8.0,-82.0,13.0,1,0,20260113,HOU,CHI,Kevin Durant,2026,HOU,Missed,8.302409288875127,Kevin Durant
Shot Chart Detail,22500565,451,201142,Kevin Durant,1610612745,Houston Rockets,3,4,18,Made Shot,Pullup Jump shot,2PT Field Goal,Mid-Range,Center(C),16-24 ft.,17.0,37.0,176.0,1,1,20260113,HOU,CHI,Kevin Durant,2026,HOU,Made,17.98471573308847,Kevin Durant
Shot Chart Detail,22500565,458,201142,Kevin Durant,1610612745,Houston Rockets,3,3,38,Made Shot,Pullup Jump shot,2PT Field Goal,Mid-Range,Center(C),16-24 ft.,19.0,-37.0,189.0,1,1,20260113,HOU,CHI,Kevin Durant,2026,HOU,Made,19.25876423865249,Kevin Durant
Shot Chart Detail,22500565,466,201142,Kevin Durant,1610612745,Houston Rockets,3,2,52,Made Shot,Running Dunk Shot,2PT Field Goal,Restricted Area,Center(C),Less Than 8 ft.,3.0,6.0,31.0,1,1,20260113,HOU,CHI,Kevin Durant,2026,HOU,Made,3.157530680769389,Kevin Durant
Shot Chart Detail,22500565,489,201142,Kevin Durant,1610612745,Houston Rockets,3,1,53,Made Shot,Fadeaway Jump Shot,2PT Field Goal,In The Paint (Non-RA),Right Side(R),8-16 ft.,9.0,70.0,59.0,1,1,20260113,HOU,CHI,Kevin Durant,2026,HOU,Made,9.154780172128657,Kevin Durant
Shot Chart Detail,22500565,648,201142,Kevin Durant,1610612745,Houston Rockets,4,4,5,Missed Shot,Pullup Jump shot,3PT Field Goal,Above the Break 3,Center(C),24+ ft.,25.0,-60.0,252.0,1,0,20260113,HOU,CHI,Kevin Durant,2026,HOU,Missed,25.904439773907484,Kevin Durant
Shot Chart Detail,22500565,662,201142,Kevin Durant,1610612745,Houston Rockets,4,3,24,Made Shot,Driving Dunk Shot,2PT Field Goal,In The Paint (Non-RA),Center(C),Less Than 8 ft.,4.0,-11.0,42.0,1,1,20260113,HOU,CHI,Kevin Durant,2026,HOU,Made,4.341658669218482,Kevin Durant
Shot Chart Detail,22500565,688,201142,Kevin Durant,1610612745,Houston Rockets,4,0,39,Made Shot,Driving Dunk Shot,2PT Field Goal,Restricted Area,Center(C),Less Than 8 ft.,3.0,26.0,26.0,1,1,20260113,HOU,CHI,Kevin Durant,2026,HOU,Made,3.676955262170047,Kevin Durant
Shot Chart Detail,22500581,22,201142,Kevin Durant,1610612745,Houston Rockets,1,10,5,Missed Shot,Running Jump Shot,3PT Field Goal,Left Corner 3,Left Side(L),24+ ft.,24.0,-235.0,57.0,1,0,20260115,HOU,OKC,Kevin Durant,2026,HOU,Missed,24.181397809059757,Kevin Durant
Shot Chart Detail,22500581,52,201142,Kevin Durant,1610612745,Houston Rockets,1,8,10,Missed Shot,Pullup Jump shot,2PT Field Goal,Mid-Range,Right Side(R),8-16 ft.,13.0,110.0,86.0,1,0,20260115,HOU,OKC,Kevin Durant,2026,HOU,Missed,13.962807740565648,Kevin Durant
Shot Chart Detail,22500581,57,201142,Kevin Durant,1610612745,Houston Rockets,1,7,42,Missed Shot,Running Pull-Up Jump Shot,2PT Field Goal,Mid-Range,Left Side(L),8-16 ft.,8.0,-82.0,-8.0,1,0,20260115,HOU,OKC,Kevin Durant,2026,HOU,Missed,8.238931969618392,Kevin Durant
Shot Chart Detail,22500581,89,201142,Kevin Durant,1610612745,Houston Rockets,1,5,32,Missed Shot,Jump Shot,2PT Field Goal,Mid-Range,Left Side(L),16-24 ft.,20.0,-168.0,116.0,1,0,20260115,HOU,OKC,Kevin Durant,2026,HOU,Missed,20.415680248279752,Kevin Durant
Shot Chart Detail,22500581,92,201142,Kevin Durant,1610612745,Houston Rockets,1,5,22,Missed Shot,Pullup Jump shot,2PT Field Goal,In The Paint (Non-RA),Center(C),8-16 ft.,13.0,-59.0,116.0,1,0,20260115,HOU,OKC,Kevin Durant,2026,HOU,Missed,13.014222988715076,Kevin Durant
Shot Chart Detail,22500581,94,201142,Kevin Durant,1610612745,Houston Rockets,1,5,11,Made Shot,Turnaround Fadeaway shot,2PT Field Goal,In The Paint (Non-RA),Center(C),8-16 ft.,12.0,44.0,116.0,1,1,20260115,HOU,OKC,Kevin Durant,2026,HOU,Made,12.406449935416658,Kevin Durant
Shot Chart Detail,22500581,130,201142,Kevin Durant,1610612745,Houston Rockets,1,3,3,Missed Shot,Turnaround Jump Shot,2PT Field Goal,Mid-Range,Right Side Center(RC),16-24 ft.,18.0,126.0,132.0,1,0,20260115,HOU,OKC,Kevin Durant,2026,HOU,Missed,18.24828759089466,Kevin Durant
Shot Chart Detail,22500581,218,201142,Kevin Durant,1610612745,Houston Rockets,2,8,13,Made Shot,Jump Shot,2PT Field Goal,Mid-Range,Right Side Center(RC),16-24 ft.,21.0,94.0,194.0,1,1,20260115,HOU,OKC,Kevin Durant,2026,HOU,Made,21.557365330670628,Kevin Durant
Shot Chart Detail,22500581,222,201142,Kevin Durant,1610612745,Houston Rockets,2,7,49,Missed Shot,Turnaround Fadeaway shot,2PT Field Goal,Mid-Range,Right Side(R),8-16 ft.,12.0,107.0,63.0,1,0,20260115,HOU,OKC,Kevin Durant,2026,HOU,Missed,12.416923934694937,Kevin Durant
Shot Chart Detail,22500581,243,201142,Kevin Durant,1610612745,Houston Rockets,2,6,27,Missed Shot,Turnaround Fadeaway shot,2PT Field Goal,Mid-Range,Right Side(R),8-16 ft.,12.0,97.0,85.0,1,0,20260115,HOU,OKC,Kevin Durant,2026,HOU,Missed,12.89728653632228,Kevin Durant
Shot Chart Detail,22500581,260,201142,Kevin Durant,1610612745,Houston Rockets,2,5,55,Missed Shot,Running Jump Shot,3PT Field Goal,Above the Break 3,Left Side Center(LC),24+ ft.,25.0,-162.0,200.0,1,0,20260115,HOU,OKC,Kevin Durant,2026,HOU,Missed,25.73790978304182,Kevin Durant
Shot Chart Detail,22500581,309,201142,Kevin Durant,1610612745,Houston Rockets,2,3,23,Made Shot,Turnaround Jump Shot,2PT Field Goal,Mid-Range,Right Side(R),16-24 ft.,16.0,147.0,75.0,1,1,20260115,HOU,OKC,Kevin Durant,2026,HOU,Made,16.50272704737008,Kevin Durant
Shot Chart Detail,22500581,313,201142,Kevin Durant,1610612745,Houston Rockets,2,2,43,Missed Shot,Turnaround Fadeaway shot,2PT Field Goal,Mid-Range,Right Side(R),16-24 ft.,16.0,147.0,65.0,1,0,20260115,HOU,OKC,Kevin Durant,2026,HOU,Missed,16.072958657322552,Kevin Durant
Shot Chart Detail,22500581,362,201142,Kevin Durant,1610612745,Houston Rockets,3,11,21,Made Shot,Pullup Jump shot,2PT Field Goal,Mid-Range,Right Side(R),16-24 ft.,19.0,164.0,98.0,1,1,20260115,HOU,OKC,Kevin Durant,2026,HOU,Made,19.1049731745428,Kevin Durant
Shot Chart Detail,22500581,377,201142,Kevin Durant,1610612745,Houston Rockets,3,9,56,Missed Shot,Pullup Jump shot,3PT Field Goal,Above the Break 3,Center(C),24+ ft.,27.0,-22.0,279.0,1,0,20260115,HOU,OKC,Kevin Durant,2026,HOU,Missed,27.98660393831306,Kevin Durant
Shot Chart Detail,22500581,397,201142,Kevin Durant,1610612745,Houston Rockets,3,7,47,Missed Shot,Pullup Jump shot,2PT Field Goal,In The Paint (Non-RA),Center(C),8-16 ft.,12.0,0.0,122.0,1,0,20260115,HOU,OKC,Kevin Durant,2026,HOU,Missed,12.2,Kevin Durant
Shot Chart Detail,22500581,423,201142,Kevin Durant,1610612745,Houston Rockets,3,6,15,Made Shot,Driving Dunk Shot,2PT Field Goal,Restricted Area,Center(C),Less Than 8 ft.,1.0,12.0,10.0,1,1,20260115,HOU,OKC,Kevin Durant,2026,HOU,Made,1.5620499351813308,Kevin Durant
Shot Chart Detail,22500581,438,201142,Kevin Durant,1610612745,Houston Rockets,3,5,11,Missed Shot,Pullup Jump shot,2PT Field Goal,In The Paint (Non-RA),Center(C),8-16 ft.,12.0,4.0,129.0,1,0,20260115,HOU,OKC,Kevin Durant,2026,HOU,Missed,12.906200060436069,Kevin Durant
Shot Chart Detail,22500581,461,201142,Kevin Durant,1610612745,Houston Rockets,3,3,46,Made Shot,Turnaround Fadeaway shot,2PT Field Goal,Mid-Range,Left Side(L),8-16 ft.,9.0,-96.0,24.0,1,1,20260115,HOU,OKC,Kevin Durant,2026,HOU,Made,9.895453501482384,Kevin Durant
Shot Chart Detail,22500581,550,201142,Kevin Durant,1610612745,Houston Rockets,4,8,47,Missed Shot,Jump Shot,2PT Field Goal,Mid-Range,Right Side(R),16-24 ft.,19.0,178.0,82.0,1,0,20260115,HOU,OKC,Kevin Durant,2026,HOU,Missed,19.597959077414156,Kevin Durant
Shot Chart Detail,22500581,562,201142,Kevin Durant,1610612745,Houston Rockets,4,7,19,Missed Shot,Pullup Jump shot,3PT Field Goal,Above the Break 3,Center(C),24+ ft.,25.0,76.0,240.0,1,0,20260115,HOU,OKC,Kevin Durant,2026,HOU,Missed,25.1745903640953,Kevin Durant
Shot Chart Detail,22500581,570,201142,Kevin Durant,1610612745,Houston Rockets,4,7,4,Made Shot,Pullup Jump shot,2PT Field Goal,Mid-Range,Right Side Center(RC),16-24 ft.,16.0,89.0,137.0,1,1,20260115,HOU,OKC,Kevin Durant,2026,HOU,Made,16.337074401495514,Kevin Durant
Shot Chart Detail,22500581,596,201142,Kevin Durant,1610612745,Houston Rockets,4,5,26,Missed Shot,Jump Shot,3PT Field Goal,Above the Break 3,Right Side Center(RC),24+ ft.,26.0,91.0,253.0,1,0,20260115,HOU,OKC,Kevin Durant,2026,HOU,Missed,26.886799735186038,Kevin Durant
Shot Chart Detail,22500591,7,201142,Kevin Durant,1610612745,Houston Rockets,1,11,38,Missed Shot,Driving Layup Shot,2PT Field Goal,Restricted Area,Center(C),Less Than 8 ft.,3.0,31.0,25.0,1,0,20260116,HOU,MIN,Kevin Durant,2026,HOU,Missed,3.9824615503479754,Kevin Durant
Shot Chart Detail,22500591,65,201142,Kevin Durant,1610612745,Houston Rockets,1,7,40,Missed Shot,Pullup Jump shot,2PT Field Goal,Mid-Range,Center(C),8-16 ft.,15.0,59.0,139.0,1,0,20260116,HOU,MIN,Kevin Durant,2026,HOU,Missed,15.100331122197286,Kevin Durant
Shot Chart Detail,22500591,57,201142,Kevin Durant,1610612745,Houston Rockets,1,7,10,Missed Shot,Pullup Jump shot,2PT Field Goal,Mid-Range,Center(C),16-24 ft.,17.0,28.0,172.0,1,0,20260116,HOU,MIN,Kevin Durant,2026,HOU,Missed,17.426416728633573,Kevin Durant
Shot Chart Detail,22500591,74,201142,Kevin Durant,1610612745,Houston Rockets,1,6,32,Made Shot,Pullup Jump shot,3PT Field Goal,Above the Break 3,Center(C),24+ ft.,26.0,-10.0,263.0,1,1,20260116,HOU,MIN,Kevin Durant,2026,HOU,Made,26.319004540445672,Kevin Durant
Shot Chart Detail,22500591,80,201142,Kevin Durant,1610612745,Houston Rockets,1,6,3,Made Shot,Pullup Jump shot,2PT Field Goal,In The Paint (Non-RA),Center(C),8-16 ft.,9.0,-5.0,95.0,1,1,20260116,HOU,MIN,Kevin Durant,2026,HOU,Made,9.513148795220223,Kevin Durant
Shot Chart Detail,22500591,131,201142,Kevin Durant,1610612745,Houston Rockets,1,3,20,Made Shot,Pullup Jump shot,2PT Field Goal,Mid-Range,Left Side(L),8-16 ft.,15.0,-126.0,96.0,1,1,20260116,HOU,MIN,Kevin Durant,2026,HOU,Made,15.840454538932903,Kevin Durant
Shot Chart Detail,22500591,266,201142,Kevin Durant,1610612745,Houston Rockets,2,6,6,Made Shot,Running Jump Shot,3PT Field Goal,Above the Break 3,Left Side Center(LC),24+ ft.,25.0,-227.0,113.0,1,1,20260116,HOU,MIN,Kevin Durant,2026,HOU,Made,25.357050301641948,Kevin Durant
Shot Chart Detail,22500591,278,201142,Kevin Durant,1610612745,Houston Rockets,2,4,39,Missed Shot,Jump Shot,2PT Field Goal,Mid-Range,Center(C),16-24 ft.,17.0,-40.0,171.0,1,0,20260116,HOU,MIN,Kevin Durant,2026,HOU,Missed,17.56160584912439,Kevin Durant
Shot Chart Detail,22500591,282,201142,Kevin Durant,1610612745,Houston Rockets,2,4,22,Made Shot,Running Layup Shot,2PT Field Goal,Restricted Area,Center(C),Less Than 8 ft.,1.0,-1.0,10.0,1,1,20260116,HOU,MIN,Kevin Durant,2026,HOU,Made,1.004987562112089,Kevin Durant
Shot Chart Detail,22500591,327,201142,Kevin Durant,1610612745,Houston Rockets,2,1,1,Made Shot,Running Pull-Up Jump Shot,2PT Field Goal,Mid-Range,Right Side(R),8-16 ft.,11.0,113.0,10.0,1,1,20260116,HOU,MIN,Kevin Durant,2026,HOU,Made,11.344161493913951,Kevin Durant
Shot Chart Detail,22500591,345,201142,Kevin Durant,1610612745,Houston Rockets,2,0,1,Made Shot,Jump Shot,3PT Field Goal,Right Corner 3,Right Side(R),24+ ft.,22.0,224.0,9.0,1,1,20260116,HOU,MIN,Kevin Durant,2026,HOU,Made,22.418073066166947,Kevin Durant
Shot Chart Detail,22500591,370,201142,Kevin Durant,1610612745,Houston Rockets,3,10,49,Made Shot,Jump Shot,3PT Field Goal,Above the Break 3,Right Side Center(RC),24+ ft.,27.0,137.0,244.0,1,1,20260116,HOU,MIN,Kevin Durant,2026,HOU,Made,27.983030572116384,Kevin Durant
Shot Chart Detail,22500591,380,201142,Kevin Durant,1610612745,Houston Rockets,3,10,16,Missed Shot,Step Back Jump shot,2PT Field Goal,Mid-Range,Center(C),8-16 ft.,15.0,20.0,158.0,1,0,20260116,HOU,MIN,Kevin Durant,2026,HOU,Missed,15.926079241294763,Kevin Durant
Shot Chart Detail,22500591,571,201142,Kevin Durant,1610612745,Houston Rockets,4,11,38,Made Shot,Pullup Jump shot,3PT Field Goal,Above the Break 3,Right Side Center(RC),24+ ft.,27.0,130.0,244.0,1,1,20260116,HOU,MIN,Kevin Durant,2026,HOU,Made,27.64706132665821,Kevin Durant
Shot Chart Detail,22500591,608,201142,Kevin Durant,1610612745,Houston Rockets,4,9,27,Made Shot,Running Dunk Shot,2PT Field Goal,Restricted Area,Center(C),Less Than 8 ft.,3.0,23.0,25.0,1,1,20260116,HOU,MIN,Kevin Durant,2026,HOU,Made,3.397057550292606,Kevin Durant
Shot Chart Detail,22500591,618,201142,Kevin Durant,1610612745,Houston Rockets,4,8,36,Missed Shot,Pullup Jump shot,3PT Field Goal,Above the Break 3,Center(C),24+ ft.,29.0,29.0,291.0,1,0,20260116,HOU,MIN,Kevin Durant,2026,HOU,Missed,29.24414471308744,Kevin Durant
Shot Chart Detail,22500591,638,201142,Kevin Durant,1610612745,Houston Rockets,4,7,24,Made Shot,Pullup Jump shot,3PT Field Goal,Above the Break 3,Right Side Center(RC),24+ ft.,30.0,143.0,273.0,1,1,20260116,HOU,MIN,Kevin Durant,2026,HOU,Made,30.818500936937216,Kevin Durant
Shot Chart Detail,22500591,724,201142,Kevin Durant,1610612745,Houston Rockets,4,1,58,Missed Shot,Pullup Jump shot,3PT Field Goal,Above the Break 3,Right Side Center(RC),24+ ft.,29.0,164.0,242.0,1,0,20260116,HOU,MIN,Kevin Durant,2026,HOU,Missed,29.233542378576015,Kevin Durant
Shot Chart Detail,22500604,44,201142,Kevin Durant,1610612745,Houston Rockets,1,8,11,Made Shot,Pullup Jump shot,3PT Field Goal,Above the Break 3,Left Side Center(LC),24+ ft.,27.0,-183.0,200.0,1,1,20260118,HOU,NOP,Kevin Durant,2026,HOU,Made,27.108854641979992,Kevin Durant
Shot Chart Detail,22500604,48,201142,Kevin Durant,1610612745,Houston Rockets,1,7,42,Made Shot,Pullup Jump shot,2PT Field Goal,In The Paint (Non-RA),Center(C),8-16 ft.,9.0,-43.0,89.0,1,1,20260118,HOU,NOP,Kevin Durant,2026,HOU,Made,9.884331034521255,Kevin Durant
Shot Chart Detail,22500604,86,201142,Kevin Durant,1610612745,Houston Rockets,1,4,40,Missed Shot,Pullup Jump shot,3PT Field Goal,Above the Break 3,Center(C),24+ ft.,27.0,10.0,277.0,1,0,20260118,HOU,NOP,Kevin Durant,2026,HOU,Missed,27.718044664081198,Kevin Durant
Shot Chart Detail,22500604,190,201142,Kevin Durant,1610612745,Houston Rockets,2,10,24,Made Shot,Pullup Jump shot,2PT Field Goal,In The Paint (Non-RA),Center(C),Less Than 8 ft.,6.0,-40.0,53.0,1,1,20260118,HOU,NOP,Kevin Durant,2026,HOU,Made,6.640030120413611,Kevin Durant
Shot Chart Detail,22500604,337,201142,Kevin Durant,1610612745,Houston Rockets,3,11,11,Missed Shot,Pullup Jump shot,3PT Field Goal,Above the Break 3,Right Side Center(RC),24+ ft.,27.0,102.0,260.0,1,0,20260118,HOU,NOP,Kevin Durant,2026,HOU,Missed,27.929196193231196,Kevin Durant
Shot Chart Detail,22500604,356,201142,Kevin Durant,1610612745,Houston Rockets,3,8,57,Missed Shot,Jump Shot,3PT Field Goal,Above the Break 3,Right Side Center(RC),24+ ft.,25.0,207.0,153.0,1,0,20260118,HOU,NOP,Kevin Durant,2026,HOU,Missed,25.740629362935163,Kevin Durant
Shot Chart Detail,22500604,358,201142,Kevin Durant,1610612745,Houston Rockets,3,8,54,Made Shot,Driving Dunk Shot,2PT Field Goal,Restricted Area,Center(C),Less Than 8 ft.,2.0,12.0,20.0,1,1,20260118,HOU,NOP,Kevin Durant,2026,HOU,Made,2.3323807579381204,Kevin Durant
Shot Chart Detail,22500604,372,201142,Kevin Durant,1610612745,Houston Rockets,3,6,59,Missed Shot,Pullup Jump shot,2PT Field Goal,In The Paint (Non-RA),Center(C),8-16 ft.,12.0,29.0,120.0,1,0,20260118,HOU,NOP,Kevin Durant,2026,HOU,Missed,12.345444503945576,Kevin Durant
Shot Chart Detail,22500604,379,201142,Kevin Durant,1610612745,Houston Rockets,3,6,36,Missed Shot,Pullup Jump shot,3PT Field Goal,Above the Break 3,Right Side Center(RC),24+ ft.,26.0,113.0,240.0,1,0,20260118,HOU,NOP,Kevin Durant,2026,HOU,Missed,26.527155897306443,Kevin Durant
Shot Chart Detail,22500604,406,201142,Kevin Durant,1610612745,Houston Rockets,3,4,51,Missed Shot,Jump Shot,3PT Field Goal,Above the Break 3,Left Side Center(LC),24+ ft.,26.0,-213.0,155.0,1,0,20260118,HOU,NOP,Kevin Durant,2026,HOU,Missed,26.34274093559742,Kevin Durant
Shot Chart Detail,22500604,427,201142,Kevin Durant,1610612745,Houston Rockets,3,2,52,Missed Shot,Jump Shot,3PT Field Goal,Above the Break 3,Center(C),24+ ft.,26.0,7.0,262.0,1,0,20260118,HOU,NOP,Kevin Durant,2026,HOU,Missed,26.209349476856538,Kevin Durant
Shot Chart Detail,22500604,461,201142,Kevin Durant,1610612745,Houston Rockets,3,0,31,Missed Shot,Turnaround Fadeaway shot,2PT Field Goal,Mid-Range,Center(C),8-16 ft.,15.0,-5.0,158.0,1,0,20260118,HOU,NOP,Kevin Durant,2026,HOU,Missed,15.807909412695912,Kevin Durant
Shot Chart Detail,22500604,465,201142,Kevin Durant,1610612745,Houston Rockets,3,0,4,Missed Shot,Driving Dunk Shot,2PT Field Goal,Restricted Area,Center(C),Less Than 8 ft.,2.0,22.0,14.0,1,0,20260118,HOU,NOP,Kevin Durant,2026,HOU,Missed,2.6076809620810595,Kevin Durant
Shot Chart Detail,22500604,594,201142,Kevin Durant,1610612745,Houston Rockets,4,3,51,Missed Shot,Running Pull-Up Jump Shot,3PT Field Goal,Above the Break 3,Left Side Center(LC),24+ ft.,25.0,-179.0,184.0,1,0,20260118,HOU,NOP,Kevin Durant,2026,HOU,Missed,25.67041098229633,Kevin Durant
Shot Chart Detail,22500604,619,201142,Kevin Durant,1610612745,Houston Rockets,4,1,5,Made Shot,Turnaround Fadeaway shot,2PT Field Goal,In The Paint (Non-RA),Center(C),8-16 ft.,12.0,10.0,126.0,1,1,20260118,HOU,NOP,Kevin Durant,2026,HOU,Made,12.63962024745997,Kevin Durant
Shot Chart Detail,22500604,622,201142,Kevin Durant,1610612745,Houston Rockets,4,0,57,Missed Shot,Pullup Jump shot,2PT Field Goal,In The Paint (Non-RA),Center(C),8-16 ft.,11.0,1.0,113.0,1,0,20260118,HOU,NOP,Kevin Durant,2026,HOU,Missed,11.30044246921332,Kevin Durant
Shot Chart Detail,22500604,630,201142,Kevin Durant,1610612745,Houston Rockets,4,0,36,Missed Shot,Alley Oop Layup shot,2PT Field Goal,Restricted Area,Center(C),Less Than 8 ft.,2.0,13.0,27.0,1,0,20260118,HOU,NOP,Kevin Durant,2026,HOU,Missed,2.9966648127543394,Kevin Durant
Shot Chart Detail,22500604,632,201142,Kevin Durant,1610612745,Houston Rockets,4,0,32,Missed Shot,Turnaround Fadeaway shot,2PT Field Goal,Mid-Range,Left Side(L),8-16 ft.,11.0,-116.0,21.0,1,0,20260118,HOU,NOP,Kevin Durant,2026,HOU,Missed,11.788553770501283,Kevin Durant
Shot Chart Detail,22500615,50,201142,Kevin Durant,1610612745,Houston Rockets,1,7,49,Made Shot,Fadeaway Jump Shot,2PT Field Goal,Mid-Range,Center(C),16-24 ft.,17.0,-29.0,169.0,1,1,20260120,HOU,SAS,Kevin Durant,2026,HOU,Made,17.147011401407536,Kevin Durant
Shot Chart Detail,22500615,57,201142,Kevin Durant,1610612745,Houston Rockets,1,6,57,Made Shot,Driving Reverse Layup Shot,2PT Field Goal,Restricted Area,Center(C),Less Than 8 ft.,1.0,-7.0,16.0,1,1,20260120,HOU,SAS,Kevin Durant,2026,HOU,Made,1.7464249196572978,Kevin Durant
Shot Chart Detail,22500615,80,201142,Kevin Durant,1610612745,Houston Rockets,1,5,29,Made Shot,Running Jump Shot,3PT Field Goal,Above the Break 3,Right Side Center(RC),24+ ft.,26.0,227.0,128.0,1,1,20260120,HOU,SAS,Kevin Durant,2026,HOU,Made,26.060122793264043,Kevin Durant
Shot Chart Detail,22500615,312,201142,Kevin Durant,1610612745,Houston Rockets,2,3,9,Made Shot,Pullup Jump shot,3PT Field Goal,Above the Break 3,Right Side Center(RC),24+ ft.,26.0,110.0,237.0,1,1,20260120,HOU,SAS,Kevin Durant,2026,HOU,Made,26.1283371074395,Kevin Durant
Shot Chart Detail,22500615,336,201142,Kevin Durant,1610612745,Houston Rockets,2,1,22,Missed Shot,Jump Shot,3PT Field Goal,Above the Break 3,Right Side Center(RC),24+ ft.,25.0,88.0,244.0,1,0,20260120,HOU,SAS,Kevin Durant,2026,HOU,Missed,25.93838853899756,Kevin Durant
Shot Chart Detail,22500615,364,201142,Kevin Durant,1610612745,Houston Rockets,3,11,45,Missed Shot,Jump Shot,2PT Field Goal,In The Paint (Non-RA),Center(C),8-16 ft.,14.0,-71.0,127.0,1,0,20260120,HOU,SAS,Kevin Durant,2026,HOU,Missed,14.549914089093448,Kevin Durant
Shot Chart Detail,22500615,371,201142,Kevin Durant,1610612745,Houston Rockets,3,10,48,Missed Shot,Pullup Jump shot,2PT Field Goal,Mid-Range,Right Side Center(RC),16-24 ft.,19.0,96.0,166.0,1,0,20260120,HOU,SAS,Kevin Durant,2026,HOU,Missed,19.17602670002313,Kevin Durant
Shot Chart Detail,22500615,405,201142,Kevin Durant,1610612745,Houston Rockets,3,7,49,Made Shot,Fadeaway Jump Shot,2PT Field Goal,In The Paint (Non-RA),Right Side(R),8-16 ft.,13.0,70.0,116.0,1,1,20260120,HOU,SAS,Kevin Durant,2026,HOU,Made,13.54843164355196,Kevin Durant
Shot Chart Detail,22500615,451,201142,Kevin Durant,1610612745,Houston Rockets,3,5,17,Made Shot,Pullup Jump shot,2PT Field Goal,In The Paint (Non-RA),Center(C),8-16 ft.,12.0,39.0,124.0,1,1,20260120,HOU,SAS,Kevin Durant,2026,HOU,Made,12.998846102635417,Kevin Durant
Shot Chart Detail,22500615,532,201142,Kevin Durant,1610612745,Houston Rockets,4,11,30,Made Shot,Running Finger Roll Layup Shot,2PT Field Goal,Restricted Area,Center(C),Less Than 8 ft.,2.0,21.0,11.0,1,1,20260120,HOU,SAS,Kevin Durant,2026,HOU,Made,2.3706539182259396,Kevin Durant
Shot Chart Detail,22500615,644,201142,Kevin Durant,1610612745,Houston Rockets,4,2,28,Missed Shot,Jump Shot,3PT Field Goal,Above the Break 3,Right Side Center(RC),24+ ft.,26.0,151.0,215.0,1,0,20260120,HOU,SAS,Kevin Durant,2026,HOU,Missed,26.27279962242319,Kevin Durant
Shot Chart Detail,22500615,655,201142,Kevin Durant,1610612745,Houston Rockets,4,1,8,Missed Shot,Pullup Jump shot,2PT Field Goal,In The Paint (Non-RA),Center(C),8-16 ft.,13.0,-54.0,119.0,1,0,20260120,HOU,SAS,Kevin Durant,2026,HOU,Missed,13.067899601695752,Kevin Durant
Shot Chart Detail,22500628,15,201142,Kevin Durant,1610612745,Houston Rockets,1,10,44,Made Shot,Running Jump Shot,3PT Field Goal,Above the Break 3,Right Side Center(RC),24+ ft.,26.0,161.0,216.0,1,1,20260122,PHI,HOU,Kevin Durant,2026,PHI,Made,26.940118782217716,Kevin Durant
Shot Chart Detail,22500628,35,201142,Kevin Durant,1610612745,Houston Rockets,1,8,42,Missed Shot,Running Jump Shot,3PT Field Goal,Above the Break 3,Center(C),24+ ft.,26.0,48.0,258.0,1,0,20260122,PHI,HOU,Kevin Durant,2026,PHI,Missed,26.242713274354845,Kevin Durant
Shot Chart Detail,22500628,109,201142,Kevin Durant,1610612745,Houston Rockets,1,3,44,Missed Shot,Fadeaway Jump Shot,2PT Field Goal,Mid-Range,Right Side Center(RC),16-24 ft.,18.0,107.0,157.0,1,0,20260122,PHI,HOU,Kevin Durant,2026,PHI,Missed,18.999473676920633,Kevin Durant
Shot Chart Detail,22500628,113,201142,Kevin Durant,1610612745,Houston Rockets,1,3,12,Made Shot,Step Back Jump shot,2PT Field Goal,Mid-Range,Right Side Center(RC),16-24 ft.,19.0,98.0,163.0,1,1,20260122,PHI,HOU,Kevin Durant,2026,PHI,Made,19.019200824430033,Kevin Durant
Shot Chart Detail,22500628,172,201142,Kevin Durant,1610612745,Houston Rockets,2,11,23,Made Shot,Step Back Jump shot,2PT Field Goal,Mid-Range,Right Side Center(RC),16-24 ft.,19.0,66.0,179.0,1,1,20260122,PHI,HOU,Kevin Durant,2026,PHI,Made,19.077997798511248,Kevin Durant
Shot Chart Detail,22500628,217,201142,Kevin Durant,1610612745,Houston Rockets,2,8,24,Made Shot,Turnaround Jump Shot,2PT Field Goal,Mid-Range,Center(C),16-24 ft.,17.0,9.0,174.0,1,1,20260122,PHI,HOU,Kevin Durant,2026,PHI,Made,17.423260314877925,Kevin Durant
Shot Chart Detail,22500628,256,201142,Kevin Durant,1610612745,Houston Rockets,2,6,12,Made Shot,Pullup Jump shot,2PT Field Goal,In The Paint (Non-RA),Center(C),8-16 ft.,13.0,-7.0,132.0,1,1,20260122,PHI,HOU,Kevin Durant,2026,PHI,Made,13.21854757528224,Kevin Durant
Shot Chart Detail,22500628,374,201142,Kevin Durant,1610612745,Houston Rockets,3,11,39,Made Shot,Pullup Jump shot,3PT Field Goal,Above the Break 3,Center(C),24+ ft.,27.0,-48.0,268.0,1,1,20260122,PHI,HOU,Kevin Durant,2026,PHI,Made,27.226457720386616,Kevin Durant
Shot Chart Detail,22500628,384,201142,Kevin Durant,1610612745,Houston Rockets,3,10,46,Made Shot,Jump Shot,3PT Field Goal,Above the Break 3,Left Side Center(LC),24+ ft.,27.0,-137.0,237.0,1,1,20260122,PHI,HOU,Kevin Durant,2026,PHI,Made,27.37480593538519,Kevin Durant
Shot Chart Detail,22500628,399,201142,Kevin Durant,1610612745,Houston Rockets,3,9,7,Missed Shot,Driving Floating Jump Shot,2PT Field Goal,Mid-Range,Left Side Center(LC),16-24 ft.,16.0,-69.0,155.0,1,0,20260122,PHI,HOU,Kevin Durant,2026,PHI,Missed,16.966437457521835,Kevin Durant
Shot Chart Detail,22500628,427,201142,Kevin Durant,1610612745,Houston Rockets,3,7,35,Made Shot,Jump Shot,3PT Field Goal,Above the Break 3,Center(C),24+ ft.,27.0,-16.0,270.0,1,1,20260122,PHI,HOU,Kevin Durant,2026,PHI,Made,27.04736586065268,Kevin Durant
Shot Chart Detail,22500628,440,201142,Kevin Durant,1610612745,Houston Rockets,3,6,4,Missed Shot,Pullup Jump shot,2PT Field Goal,Mid-Range,Right Side Center(RC),16-24 ft.,18.0,92.0,163.0,1,0,20260122,PHI,HOU,Kevin Durant,2026,PHI,Missed,18.717104476921637,Kevin Durant
Shot Chart Detail,22500628,553,201142,Kevin Durant,1610612745,Houston Rockets,4,10,29,Made Shot,Driving Hook Shot,2PT Field Goal,In The Paint (Non-RA),Center(C),Less Than 8 ft.,5.0,42.0,28.0,1,1,20260122,PHI,HOU,Kevin Durant,2026,PHI,Made,5.047771785649585,Kevin Durant
Shot Chart Detail,22500628,592,201142,Kevin Durant,1610612745,Houston Rockets,4,7,0,Made Shot,Driving Floating Jump Shot,2PT Field Goal,Mid-Range,Left Side Center(LC),16-24 ft.,18.0,-107.0,149.0,1,1,20260122,PHI,HOU,Kevin Durant,2026,PHI,Made,18.34393632784414,Kevin Durant
Shot Chart Detail,22500628,661,201142,Kevin Durant,1610612745,Houston Rockets,4,1,9,Made Shot,Pullup Jump shot,2PT Field Goal,In The Paint (Non-RA),Center(C),8-16 ft.,13.0,-66.0,123.0,1,1,20260122,PHI,HOU,Kevin Durant,2026,PHI,Made,13.958868148958208,Kevin Durant
Shot Chart Detail,22500628,673,201142,Kevin Durant,1610612745,Houston Rockets,4,0,15,Missed Shot,Pullup Jump shot,2PT Field Goal,Mid-Range,Right Side Center(RC),16-24 ft.,21.0,100.0,195.0,1,0,20260122,PHI,HOU,Kevin Durant,2026,PHI,Missed,21.914607000811124,Kevin Durant
Shot Chart Detail,22500628,711,201142,Kevin Durant,1610612745,Houston Rockets,5,3,19,Made Shot,Pullup Jump shot,3PT Field Goal,Above the Break 3,Center(C),24+ ft.,27.0,31.0,272.0,1,1,20260122,PHI,HOU,Kevin Durant,2026,PHI,Made,27.376084453405678,Kevin Durant
Shot Chart Detail,22500628,729,201142,Kevin Durant,1610612745,Houston Rockets,5,0,56,Missed Shot,Driving Floating Jump Shot,2PT Field Goal,In The Paint (Non-RA),Center(C),Less Than 8 ft.,6.0,67.0,0.0,1,0,20260122,PHI,HOU,Kevin Durant,2026,PHI,Missed,6.7,Kevin Durant
Shot Chart Detail,22500628,739,201142,Kevin Durant,1610612745,Houston Rockets,5,0,31,Missed Shot,Running Jump Shot,3PT Field Goal,Above the Break 3,Right Side Center(RC),24+ ft.,27.0,109.0,249.0,1,0,20260122,PHI,HOU,Kevin Durant,2026,PHI,Missed,27.181243532995317,Kevin Durant
Shot Chart Detail,22500628,741,201142,Kevin Durant,1610612745,Houston Rockets,5,0,27,Missed Shot,Jump Shot,3PT Field Goal,Above the Break 3,Right Side Center(RC),24+ ft.,28.0,120.0,254.0,1,0,20260122,PHI,HOU,Kevin Durant,2026,PHI,Missed,28.091991741419832,Kevin Durant
Shot Chart Detail,22500628,743,201142,Kevin Durant,1610612745,Houston Rockets,5,0,23,Made Shot,Driving Floating Jump Shot,2PT Field Goal,In The Paint (Non-RA),Center(C),8-16 ft.,11.0,0.0,113.0,1,1,20260122,PHI,HOU,Kevin Durant,2026,PHI,Made,11.3,Kevin Durant
Shot Chart Detail,22500635,16,201142,Kevin Durant,1610612745,Houston Rockets,1,10,45,Made Shot,Fadeaway Jump Shot,2PT Field Goal,In The Paint (Non-RA),Left Side(L),8-16 ft.,9.0,-50.0,84.0,1,1,20260123,DET,HOU,Kevin Durant,2026,DET,Made,9.775479527879948,Kevin Durant
Shot Chart Detail,22500635,70,201142,Kevin Durant,1610612745,Houston Rockets,1,5,43,Missed Shot,Pullup Jump shot,3PT Field Goal,Above the Break 3,Right Side Center(RC),24+ ft.,26.0,175.0,204.0,1,0,20260123,DET,HOU,Kevin Durant,2026,DET,Missed,26.87768591229535,Kevin Durant
Shot Chart Detail,22500635,147,201142,Kevin Durant,1610612745,Houston Rockets,1,0,10,Made Shot,Jump Shot,3PT Field Goal,Right Corner 3,Right Side(R),24+ ft.,23.0,235.0,-5.0,1,1,20260123,DET,HOU,Kevin Durant,2026,DET,Made,23.505318547086315,Kevin Durant
Shot Chart Detail,22500635,169,201142,Kevin Durant,1610612745,Houston Rockets,2,11,16,Made Shot,Jump Shot,3PT Field Goal,Right Corner 3,Right Side(R),24+ ft.,22.0,224.0,48.0,1,1,20260123,DET,HOU,Kevin Durant,2026,DET,Made,22.908513701242164,Kevin Durant
Shot Chart Detail,22500635,176,201142,Kevin Durant,1610612745,Houston Rockets,2,10,30,Made Shot,Pullup Jump shot,2PT Field Goal,Mid-Range,Left Side Center(LC),16-24 ft.,18.0,-134.0,122.0,1,1,20260123,DET,HOU,Kevin Durant,2026,DET,Made,18.12181006411887,Kevin Durant
Shot Chart Detail,22500635,184,201142,Kevin Durant,1610612745,Houston Rockets,2,9,40,Missed Shot,Jump Shot,3PT Field Goal,Above the Break 3,Center(C),24+ ft.,25.0,11.0,256.0,1,0,20260123,DET,HOU,Kevin Durant,2026,DET,Missed,25.6236219141635,Kevin Durant
Shot Chart Detail,22500635,202,201142,Kevin Durant,1610612745,Houston Rockets,2,8,34,Missed Shot,Step Back Jump shot,2PT Field Goal,Mid-Range,Center(C),16-24 ft.,16.0,-32.0,163.0,1,0,20260123,DET,HOU,Kevin Durant,2026,DET,Missed,16.611140839809888,Kevin Durant
Shot Chart Detail,22500635,290,201142,Kevin Durant,1610612745,Houston Rockets,2,3,19,Made Shot,Jump Shot,3PT Field Goal,Right Corner 3,Right Side(R),24+ ft.,22.0,228.0,10.0,1,1,20260123,DET,HOU,Kevin Durant,2026,DET,Made,22.821919288263203,Kevin Durant
Shot Chart Detail,22500635,293,201142,Kevin Durant,1610612745,Houston Rockets,2,2,52,Missed Shot,Pullup Jump shot,3PT Field Goal,Above the Break 3,Left Side Center(LC),24+ ft.,25.0,-175.0,191.0,1,0,20260123,DET,HOU,Kevin Durant,2026,DET,Missed,25.904825805243313,Kevin Durant
Shot Chart Detail,22500635,297,201142,Kevin Durant,1610612745,Houston Rockets,2,2,28,Made Shot,Cutting Dunk Shot,2PT Field Goal,Restricted Area,Center(C),Less Than 8 ft.,2.0,-20.0,4.0,1,1,20260123,DET,HOU,Kevin Durant,2026,DET,Made,2.0396078054371136,Kevin Durant
Shot Chart Detail,22500635,315,201142,Kevin Durant,1610612745,Houston Rockets,2,0,36,Missed Shot,Pullup Jump shot,3PT Field Goal,Above the Break 3,Right Side Center(RC),24+ ft.,27.0,86.0,259.0,1,0,20260123,DET,HOU,Kevin Durant,2026,DET,Missed,27.290474528670256,Kevin Durant
Shot Chart Detail,22500635,387,201142,Kevin Durant,1610612745,Houston Rockets,3,7,13,Made Shot,Pullup Jump shot,3PT Field Goal,Above the Break 3,Right Side Center(RC),24+ ft.,27.0,109.0,248.0,1,1,20260123,DET,HOU,Kevin Durant,2026,DET,Made,27.089665926326962,Kevin Durant
Shot Chart Detail,22500635,396,201142,Kevin Durant,1610612745,Houston Rockets,3,6,45,Made Shot,Pullup Jump shot,3PT Field Goal,Above the Break 3,Center(C),24+ ft.,25.0,45.0,253.0,1,1,20260123,DET,HOU,Kevin Durant,2026,DET,Made,25.69708154635464,Kevin Durant
Shot Chart Detail,22500635,436,201142,Kevin Durant,1610612745,Houston Rockets,3,4,6,Made Shot,Pullup Jump shot,2PT Field Goal,Mid-Range,Right Side Center(RC),16-24 ft.,19.0,105.0,163.0,1,1,20260123,DET,HOU,Kevin Durant,2026,DET,Made,19.389172236070316,Kevin Durant
Shot Chart Detail,22500635,569,201142,Kevin Durant,1610612745,Houston Rockets,4,7,58,Missed Shot,Pullup Jump shot,3PT Field Goal,Above the Break 3,Right Side Center(RC),24+ ft.,27.0,150.0,234.0,1,0,20260123,DET,HOU,Kevin Durant,2026,DET,Missed,27.794963572561123,Kevin Durant
Shot Chart Detail,22500635,578,201142,Kevin Durant,1610612745,Houston Rockets,4,7,20,Missed Shot,Jump Shot,2PT Field Goal,Mid-Range,Center(C),8-16 ft.,15.0,48.0,151.0,1,0,20260123,DET,HOU,Kevin Durant,2026,DET,Missed,15.84455742518547,Kevin Durant
Shot Chart Detail,22500635,586,201142,Kevin Durant,1610612745,Houston Rockets,4,6,14,Made Shot,Pullup Jump shot,2PT Field Goal,Mid-Range,Center(C),16-24 ft.,17.0,-53.0,164.0,1,1,20260123,DET,HOU,Kevin Durant,2026,DET,Made,17.235138525698016,Kevin Durant
Shot Chart Detail,22500635,615,201142,Kevin Durant,1610612745,Houston Rockets,4,4,2,Missed Shot,Pullup Jump shot,3PT Field Goal,Above the Break 3,Right Side Center(RC),24+ ft.,26.0,125.0,229.0,1,0,20260123,DET,HOU,Kevin Durant,2026,DET,Missed,26.089461473936176,Kevin Durant
Shot Chart Detail,22500635,640,201142,Kevin Durant,1610612745,Houston Rockets,4,2,43,Made Shot,Pullup Jump shot,2PT Field Goal,Mid-Range,Right Side Center(RC),16-24 ft.,20.0,96.0,183.0,1,1,20260123,DET,HOU,Kevin Durant,2026,DET,Made,20.665188119153427,Kevin Durant
Shot Chart Detail,22500662,38,201142,Kevin Durant,1610612745,Houston Rockets,1,9,6,Missed Shot,Running Jump Shot,3PT Field Goal,Above the Break 3,Right Side Center(RC),24+ ft.,26.0,185.0,190.0,1,0,20260126,HOU,MEM,Kevin Durant,2026,HOU,Missed,26.51886121235224,Kevin Durant
Shot Chart Detail,22500662,42,201142,Kevin Durant,1610612745,Houston Rockets,1,8,41,Made Shot,Cutting Layup Shot,2PT Field Goal,Restricted Area,Center(C),Less Than 8 ft.,3.0,31.0,10.0,1,1,20260126,HOU,MEM,Kevin Durant,2026,HOU,Made,3.257299494980466,Kevin Durant
Shot Chart Detail,22500662,80,201142,Kevin Durant,1610612745,Houston Rockets,1,6,51,Missed Shot,Pullup Jump shot,2PT Field Goal,Mid-Range,Right Side Center(RC),16-24 ft.,20.0,131.0,160.0,1,0,20260126,HOU,MEM,Kevin Durant,2026,HOU,Missed,20.678733036624852,Kevin Durant
Shot Chart Detail,22500662,98,201142,Kevin Durant,1610612745,Houston Rockets,1,5,39,Missed Shot,Pullup Jump shot,2PT Field Goal,Mid-Range,Right Side(R),8-16 ft.,10.0,104.0,25.0,1,0,20260126,HOU,MEM,Kevin Durant,2026,HOU,Missed,10.696261028976433,Kevin Durant
Shot Chart Detail,22500662,117,201142,Kevin Durant,1610612745,Houston Rockets,1,4,13,Missed Shot,Pullup Jump shot,2PT Field Goal,In The Paint (Non-RA),Center(C),8-16 ft.,13.0,-32.0,131.0,1,0,20260126,HOU,MEM,Kevin Durant,2026,HOU,Missed,13.485177047410241,Kevin Durant
Shot Chart Detail,22500662,202,201142,Kevin Durant,1610612745,Houston Rockets,2,11,0,Missed Shot,Running Layup Shot,2PT Field Goal,In The Paint (Non-RA),Center(C),Less Than 8 ft.,6.0,60.0,23.0,1,0,20260126,HOU,MEM,Kevin Durant,2026,HOU,Missed,6.4257295305669375,Kevin Durant
Shot Chart Detail,22500662,213,201142,Kevin Durant,1610612745,Houston Rockets,2,10,21,Missed Shot,Jump Shot,3PT Field Goal,Above the Break 3,Right Side Center(RC),24+ ft.,25.0,225.0,118.0,1,0,20260126,HOU,MEM,Kevin Durant,2026,HOU,Missed,25.40649523251879,Kevin Durant
Shot Chart Detail,22500662,216,201142,Kevin Durant,1610612745,Houston Rockets,2,9,55,Missed Shot,Pullup Jump shot,2PT Field Goal,Mid-Range,Center(C),16-24 ft.,18.0,16.0,189.0,1,0,20260126,HOU,MEM,Kevin Durant,2026,HOU,Missed,18.967603960437387,Kevin Durant
Shot Chart Detail,22500662,218,201142,Kevin Durant,1610612745,Houston Rockets,2,9,51,Made Shot,Fadeaway Jump Shot,2PT Field Goal,In The Paint (Non-RA),Center(C),8-16 ft.,9.0,25.0,89.0,1,1,20260126,HOU,MEM,Kevin Durant,2026,HOU,Made,9.244457799135652,Kevin Durant
Shot Chart Detail,22500662,221,201142,Kevin Durant,1610612745,Houston Rockets,2,9,37,Made Shot,Running Finger Roll Layup Shot,2PT Field Goal,In The Paint (Non-RA),Center(C),Less Than 8 ft.,6.0,-2.0,68.0,1,1,20260126,HOU,MEM,Kevin Durant,2026,HOU,Made,6.80294054067798,Kevin Durant
Shot Chart Detail,22500662,257,201142,Kevin Durant,1610612745,Houston Rockets,2,7,37,Made Shot,Pullup Jump shot,2PT Field Goal,Mid-Range,Right Side Center(RC),16-24 ft.,16.0,93.0,139.0,1,1,20260126,HOU,MEM,Kevin Durant,2026,HOU,Made,16.72423391369542,Kevin Durant
Shot Chart Detail,22500662,329,201142,Kevin Durant,1610612745,Houston Rockets,2,2,49,Missed Shot,Turnaround Fadeaway shot,2PT Field Goal,In The Paint (Non-RA),Right Side(R),8-16 ft.,14.0,72.0,121.0,1,0,20260126,HOU,MEM,Kevin Durant,2026,HOU,Missed,14.080127840328723,Kevin Durant
Shot Chart Detail,22500662,349,201142,Kevin Durant,1610612745,Houston Rockets,2,1,16,Missed Shot,Driving Reverse Layup Shot,2PT Field Goal,Restricted Area,Center(C),Less Than 8 ft.,3.0,28.0,15.0,1,0,20260126,HOU,MEM,Kevin Durant,2026,HOU,Missed,3.176476034853718,Kevin Durant
Shot Chart Detail,22500662,389,201142,Kevin Durant,1610612745,Houston Rockets,3,10,59,Made Shot,Pullup Jump shot,2PT Field Goal,Mid-Range,Center(C),16-24 ft.,16.0,4.0,163.0,1,1,20260126,HOU,MEM,Kevin Durant,2026,HOU,Made,16.304907236779975,Kevin Durant
Shot Chart Detail,22500662,438,201142,Kevin Durant,1610612745,Houston Rockets,3,7,4,Missed Shot,Pullup Jump shot,2PT Field Goal,In The Paint (Non-RA),Left Side(L),8-16 ft.,13.0,-69.0,111.0,1,0,20260126,HOU,MEM,Kevin Durant,2026,HOU,Missed,13.06981254647518,Kevin Durant
Shot Chart Detail,22500662,483,201142,Kevin Durant,1610612745,Houston Rockets,3,3,58,Made Shot,Driving Dunk Shot,2PT Field Goal,Restricted Area,Center(C),Less Than 8 ft.,1.0,4.0,11.0,1,1,20260126,HOU,MEM,Kevin Durant,2026,HOU,Made,1.1704699910719625,Kevin Durant
Shot Chart Detail,22500662,486,201142,Kevin Durant,1610612745,Houston Rockets,3,3,31,Missed Shot,Jump Shot,3PT Field Goal,Above the Break 3,Left Side Center(LC),24+ ft.,25.0,-148.0,210.0,1,0,20260126,HOU,MEM,Kevin Durant,2026,HOU,Missed,25.69124364447934,Kevin Durant
Shot Chart Detail,22500662,507,201142,Kevin Durant,1610612745,Houston Rockets,3,2,45,Made Shot,Pullup Jump shot,2PT Field Goal,In The Paint (Non-RA),Left Side(L),8-16 ft.,12.0,-62.0,105.0,1,1,20260126,HOU,MEM,Kevin Durant,2026,HOU,Made,12.193850909372314,Kevin Durant
Shot Chart Detail,22500662,531,201142,Kevin Durant,1610612745,Houston Rockets,3,0,50,Made Shot,Jump Shot,3PT Field Goal,Above the Break 3,Center(C),24+ ft.,25.0,26.0,252.0,1,1,20260126,HOU,MEM,Kevin Durant,2026,HOU,Made,25.333771926027914,Kevin Durant
Shot Chart Detail,22500662,635,201142,Kevin Durant,1610612745,Houston Rockets,4,5,53,Made Shot,Jump Shot,3PT Field Goal,Above the Break 3,Right Side Center(RC),24+ ft.,25.0,114.0,227.0,1,1,20260126,HOU,MEM,Kevin Durant,2026,HOU,Made,25.401771591761076,Kevin Durant
Shot Chart Detail,22500662,676,201142,Kevin Durant,1610612745,Houston Rockets,4,2,37,Missed Shot,Jump Shot,3PT Field Goal,Above the Break 3,Center(C),24+ ft.,25.0,-27.0,252.0,1,0,20260126,HOU,MEM,Kevin Durant,2026,HOU,Missed,25.344230112591703,Kevin Durant
Shot Chart Detail,22500662,680,201142,Kevin Durant,1610612745,Houston Rockets,4,2,22,Missed Shot,Running Jump Shot,3PT Field Goal,Above the Break 3,Left Side Center(LC),24+ ft.,26.0,-120.0,236.0,1,0,20260126,HOU,MEM,Kevin Durant,2026,HOU,Missed,26.47564918939666,Kevin Durant
Shot Chart Detail,22500662,691,201142,Kevin Durant,1610612745,Houston Rockets,4,1,32,Made Shot,Jump Shot,3PT Field Goal,Above the Break 3,Center(C),24+ ft.,24.0,1.0,243.0,1,1,20260126,HOU,MEM,Kevin Durant,2026,HOU,Made,24.30020576044573,Kevin Durant
Shot Chart Detail,22500662,701,201142,Kevin Durant,1610612745,Houston Rockets,4,1,13,Made Shot,Jump Shot,3PT Field Goal,Above the Break 3,Right Side Center(RC),24+ ft.,24.0,77.0,236.0,1,1,20260126,HOU,MEM,Kevin Durant,2026,HOU,Made,24.82438317461282,Kevin Durant
Shot Chart Detail,22500679,13,201142,Kevin Durant,1610612745,Houston Rockets,1,10,53,Made Shot,Jump Shot,2PT Field Goal,Mid-Range,Center(C),16-24 ft.,20.0,-10.0,205.0,1,1,20260128,HOU,SAS,Kevin Durant,2026,HOU,Made,20.524375751773793,Kevin Durant
Shot Chart Detail,22500679,45,201142,Kevin Durant,1610612745,Houston Rockets,1,8,13,Made Shot,Jump Shot,3PT Field Goal,Above the Break 3,Right Side Center(RC),24+ ft.,24.0,159.0,186.0,1,1,20260128,HOU,SAS,Kevin Durant,2026,HOU,Made,24.46977727728636,Kevin Durant
Shot Chart Detail,22500679,53,201142,Kevin Durant,1610612745,Houston Rockets,1,7,24,Made Shot,Pullup Jump shot,2PT Field Goal,Mid-Range,Right Side Center(RC),16-24 ft.,20.0,120.0,163.0,1,1,20260128,HOU,SAS,Kevin Durant,2026,HOU,Made,20.24080037943164,Kevin Durant
Shot Chart Detail,22500679,94,201142,Kevin Durant,1610612745,Houston Rockets,1,4,1,Missed Shot,Fadeaway Jump Shot,2PT Field Goal,In The Paint (Non-RA),Right Side(R),8-16 ft.,13.0,72.0,112.0,1,0,20260128,HOU,SAS,Kevin Durant,2026,HOU,Missed,13.314653581674591,Kevin Durant
Shot Chart Detail,22500679,102,201142,Kevin Durant,1610612745,Houston Rockets,1,3,24,Made Shot,Fadeaway Jump Shot,2PT Field Goal,In The Paint (Non-RA),Center(C),8-16 ft.,10.0,-27.0,97.0,1,1,20260128,HOU,SAS,Kevin Durant,2026,HOU,Made,10.0687635785135,Kevin Durant
Shot Chart Detail,22500679,163,201142,Kevin Durant,1610612745,Houston Rockets,2,10,33,Missed Shot,Pullup Jump shot,3PT Field Goal,Above the Break 3,Right Side Center(RC),24+ ft.,25.0,147.0,207.0,1,0,20260128,HOU,SAS,Kevin Durant,2026,HOU,Missed,25.388580109962824,Kevin Durant
Shot Chart Detail,22500679,167,201142,Kevin Durant,1610612745,Houston Rockets,2,9,52,Missed Shot,Pullup Jump shot,2PT Field Goal,Mid-Range,Center(C),16-24 ft.,16.0,9.0,167.0,1,0,20260128,HOU,SAS,Kevin Durant,2026,HOU,Missed,16.72423391369542,Kevin Durant
Shot Chart Detail,22500679,189,201142,Kevin Durant,1610612745,Houston Rockets,2,8,4,Missed Shot,Pullup Jump shot,2PT Field Goal,Mid-Range,Right Side(R),8-16 ft.,12.0,97.0,81.0,1,0,20260128,HOU,SAS,Kevin Durant,2026,HOU,Missed,12.6372465355393,Kevin Durant
Shot Chart Detail,22500679,197,201142,Kevin Durant,1610612745,Houston Rockets,2,7,17,Made Shot,Turnaround Fadeaway shot,2PT Field Goal,In The Paint (Non-RA),Center(C),8-16 ft.,13.0,12.0,134.0,1,1,20260128,HOU,SAS,Kevin Durant,2026,HOU,Made,13.453624047073712,Kevin Durant
Shot Chart Detail,22500679,200,201142,Kevin Durant,1610612745,Houston Rockets,2,6,52,Made Shot,Running Jump Shot,2PT Field Goal,Mid-Range,Right Side(R),8-16 ft.,15.0,100.0,115.0,1,1,20260128,HOU,SAS,Kevin Durant,2026,HOU,Made,15.23975065412817,Kevin Durant
Shot Chart Detail,22500679,306,201142,Kevin Durant,1610612745,Houston Rockets,2,0,34,Missed Shot,Pullup Jump shot,2PT Field Goal,Mid-Range,Left Side Center(LC),16-24 ft.,18.0,-140.0,128.0,1,0,20260128,HOU,SAS,Kevin Durant,2026,HOU,Missed,18.969449122207003,Kevin Durant
Shot Chart Detail,22500679,348,201142,Kevin Durant,1610612745,Houston Rockets,3,10,34,Made Shot,Jump Shot,3PT Field Goal,Above the Break 3,Left Side Center(LC),24+ ft.,24.0,-165.0,178.0,1,1,20260128,HOU,SAS,Kevin Durant,2026,HOU,Made,24.27117632089553,Kevin Durant
Shot Chart Detail,22500679,425,201142,Kevin Durant,1610612745,Houston Rockets,3,5,6,Missed Shot,Jump Shot,3PT Field Goal,Above the Break 3,Left Side Center(LC),24+ ft.,25.0,-170.0,188.0,1,0,20260128,HOU,SAS,Kevin Durant,2026,HOU,Missed,25.346400138875737,Kevin Durant
Shot Chart Detail,22500679,590,201142,Kevin Durant,1610612745,Houston Rockets,4,7,0,Missed Shot,Pullup Jump shot,2PT Field Goal,In The Paint (Non-RA),Center(C),8-16 ft.,14.0,-47.0,136.0,1,0,20260128,HOU,SAS,Kevin Durant,2026,HOU,Missed,14.389232085139222,Kevin Durant
Shot Chart Detail,22500679,603,201142,Kevin Durant,1610612745,Houston Rockets,4,6,10,Missed Shot,Pullup Jump shot,2PT Field Goal,Mid-Range,Left Side Center(LC),16-24 ft.,17.0,-97.0,145.0,1,0,20260128,HOU,SAS,Kevin Durant,2026,HOU,Missed,17.445343218177165,Kevin Durant
Shot Chart Detail,22500679,636,201142,Kevin Durant,1610612745,Houston Rockets,4,4,3,Missed Shot,Pullup Jump shot,2PT Field Goal,Mid-Range,Left Side(L),8-16 ft.,14.0,-89.0,110.0,1,0,20260128,HOU,SAS,Kevin Durant,2026,HOU,Missed,14.149558296992879,Kevin Durant
Shot Chart Detail,22500679,639,201142,Kevin Durant,1610612745,Houston Rockets,4,3,41,Made Shot,Pullup Jump shot,2PT Field Goal,Mid-Range,Right Side(R),8-16 ft.,15.0,107.0,108.0,1,1,20260128,HOU,SAS,Kevin Durant,2026,HOU,Made,15.202960238058902,Kevin Durant
Shot Chart Detail,22500682,19,201142,Kevin Durant,1610612745,Houston Rockets,1,10,53,Missed Shot,Running Pull-Up Jump Shot,2PT Field Goal,Mid-Range,Right Side Center(RC),16-24 ft.,18.0,116.0,141.0,1,0,20260129,ATL,HOU,Kevin Durant,2026,ATL,Missed,18.258422713914804,Kevin Durant
Shot Chart Detail,22500682,24,201142,Kevin Durant,1610612745,Houston Rockets,1,10,28,Missed Shot,Pullup Jump shot,2PT Field Goal,In The Paint (Non-RA),Center(C),8-16 ft.,12.0,-37.0,122.0,1,0,20260129,ATL,HOU,Kevin Durant,2026,ATL,Missed,12.74872542648872,Kevin Durant
Shot Chart Detail,22500682,36,201142,Kevin Durant,1610612745,Houston Rockets,1,9,30,Made Shot,Jump Shot,2PT Field Goal,In The Paint (Non-RA),Center(C),8-16 ft.,12.0,34.0,123.0,1,1,20260129,ATL,HOU,Kevin Durant,2026,ATL,Made,12.761269529321916,Kevin Durant
Shot Chart Detail,22500682,40,201142,Kevin Durant,1610612745,Houston Rockets,1,9,4,Missed Shot,Running Jump Shot,3PT Field Goal,Right Corner 3,Right Side(R),24+ ft.,24.0,234.0,80.0,1,0,20260129,ATL,HOU,Kevin Durant,2026,ATL,Missed,24.729739181802948,Kevin Durant
Shot Chart Detail,22500682,73,201142,Kevin Durant,1610612745,Houston Rockets,1,6,48,Made Shot,Driving Dunk Shot,2PT Field Goal,Restricted Area,Center(C),Less Than 8 ft.,1.0,7.0,18.0,1,1,20260129,ATL,HOU,Kevin Durant,2026,ATL,Made,1.9313207915827966,Kevin Durant
Shot Chart Detail,22500682,76,201142,Kevin Durant,1610612745,Houston Rockets,1,6,32,Made Shot,Pullup Jump shot,2PT Field Goal,Mid-Range,Right Side Center(RC),16-24 ft.,16.0,97.0,128.0,1,1,20260129,ATL,HOU,Kevin Durant,2026,ATL,Made,16.060199251565965,Kevin Durant
Shot Chart Detail,22500682,189,201142,Kevin Durant,1610612745,Houston Rockets,2,11,43,Missed Shot,Fadeaway Jump Shot,2PT Field Goal,Mid-Range,Right Side Center(RC),16-24 ft.,16.0,88.0,136.0,1,0,20260129,ATL,HOU,Kevin Durant,2026,ATL,Missed,16.19876538505327,Kevin Durant
Shot Chart Detail,22500682,195,201142,Kevin Durant,1610612745,Houston Rockets,2,10,51,Missed Shot,Jump Shot,3PT Field Goal,Left Corner 3,Left Side(L),24+ ft.,23.0,-230.0,7.0,1,0,20260129,ATL,HOU,Kevin Durant,2026,ATL,Missed,23.01064970834157,Kevin Durant
Shot Chart Detail,22500682,236,201142,Kevin Durant,1610612745,Houston Rockets,2,8,0,Missed Shot,Jump Shot,2PT Field Goal,Mid-Range,Left Side(L),8-16 ft.,14.0,-112.0,84.0,1,0,20260129,ATL,HOU,Kevin Durant,2026,ATL,Missed,14.0,Kevin Durant
Shot Chart Detail,22500682,257,201142,Kevin Durant,1610612745,Houston Rockets,2,6,34,Made Shot,Pullup Jump shot,2PT Field Goal,Mid-Range,Right Side Center(RC),16-24 ft.,16.0,96.0,136.0,1,1,20260129,ATL,HOU,Kevin Durant,2026,ATL,Made,16.64692163734785,Kevin Durant
Shot Chart Detail,22500682,262,201142,Kevin Durant,1610612745,Houston Rockets,2,6,14,Missed Shot,Running Layup Shot,2PT Field Goal,Restricted Area,Center(C),Less Than 8 ft.,1.0,5.0,11.0,1,0,20260129,ATL,HOU,Kevin Durant,2026,ATL,Missed,1.2083045973594573,Kevin Durant
Shot Chart Detail,22500682,265,201142,Kevin Durant,1610612745,Houston Rockets,2,5,40,Made Shot,Turnaround Fadeaway shot,2PT Field Goal,In The Paint (Non-RA),Center(C),8-16 ft.,12.0,-43.0,118.0,1,1,20260129,ATL,HOU,Kevin Durant,2026,ATL,Made,12.559060474414476,Kevin Durant
Shot Chart Detail,22500682,361,201142,Kevin Durant,1610612745,Houston Rockets,3,10,48,Missed Shot,Jump Shot,3PT Field Goal,Above the Break 3,Left Side Center(LC),24+ ft.,25.0,-129.0,218.0,1,0,20260129,ATL,HOU,Kevin Durant,2026,ATL,Missed,25.330811277967392,Kevin Durant
Shot Chart Detail,22500682,367,201142,Kevin Durant,1610612745,Houston Rockets,3,9,55,Missed Shot,Jump Shot,3PT Field Goal,Above the Break 3,Left Side Center(LC),24+ ft.,25.0,-110.0,225.0,1,0,20260129,ATL,HOU,Kevin Durant,2026,ATL,Missed,25.04495957273639,Kevin Durant
Shot Chart Detail,22500682,373,201142,Kevin Durant,1610612745,Houston Rockets,3,9,25,Made Shot,Jump Shot,2PT Field Goal,Mid-Range,Right Side(R),8-16 ft.,14.0,129.0,58.0,1,1,20260129,ATL,HOU,Kevin Durant,2026,ATL,Made,14.14390328021229,Kevin Durant
Shot Chart Detail,22500682,375,201142,Kevin Durant,1610612745,Houston Rockets,3,8,36,Made Shot,Turnaround Fadeaway shot,2PT Field Goal,In The Paint (Non-RA),Center(C),Less Than 8 ft.,7.0,-4.0,74.0,1,1,20260129,ATL,HOU,Kevin Durant,2026,ATL,Made,7.410802925459562,Kevin Durant
Shot Chart Detail,22500682,429,201142,Kevin Durant,1610612745,Houston Rockets,3,5,44,Made Shot,Jump Shot,3PT Field Goal,Above the Break 3,Right Side Center(RC),24+ ft.,25.0,174.0,180.0,1,1,20260129,ATL,HOU,Kevin Durant,2026,ATL,Made,25.03517525403008,Kevin Durant
Shot Chart Detail,22500682,474,201142,Kevin Durant,1610612745,Houston Rockets,3,3,17,Made Shot,Turnaround Jump Shot,2PT Field Goal,In The Paint (Non-RA),Center(C),8-16 ft.,10.0,-45.0,90.0,1,1,20260129,ATL,HOU,Kevin Durant,2026,ATL,Made,10.062305898749054,Kevin Durant
Shot Chart Detail,22500682,483,201142,Kevin Durant,1610612745,Houston Rockets,3,2,19,Made Shot,Pullup Jump shot,2PT Field Goal,Mid-Range,Center(C),16-24 ft.,16.0,-34.0,158.0,1,1,20260129,ATL,HOU,Kevin Durant,2026,ATL,Made,16.16168308066954,Kevin Durant
Shot Chart Detail,22500682,491,201142,Kevin Durant,1610612745,Houston Rockets,3,1,4,Missed Shot,Pullup Jump shot,3PT Field Goal,Right Corner 3,Right Side(R),24+ ft.,23.0,230.0,3.0,1,0,20260129,ATL,HOU,Kevin Durant,2026,ATL,Missed,23.001956438529312,Kevin Durant
Shot Chart Detail,22500682,497,201142,Kevin Durant,1610612745,Houston Rockets,3,0,33,Made Shot,Pullup Jump shot,3PT Field Goal,Above the Break 3,Center(C),24+ ft.,24.0,1.0,240.0,1,1,20260129,ATL,HOU,Kevin Durant,2026,ATL,Made,24.000208332429118,Kevin Durant
Shot Chart Detail,22500682,626,201142,Kevin Durant,1610612745,Houston Rockets,4,2,39,Made Shot,Jump Shot,3PT Field Goal,Above the Break 3,Center(C),24+ ft.,25.0,-50.0,245.0,1,1,20260129,ATL,HOU,Kevin Durant,2026,ATL,Made,25.004999500099977,Kevin Durant
Shot Chart Detail,22500701,43,201142,Kevin Durant,1610612745,Houston Rockets,1,8,48,Missed Shot,Pullup Jump shot,2PT Field Goal,Mid-Range,Right Side Center(RC),16-24 ft.,19.0,93.0,176.0,1,0,20260131,HOU,DAL,Kevin Durant,2026,HOU,Missed,19.906029237394385,Kevin Durant
Shot Chart Detail,22500701,49,201142,Kevin Durant,1610612745,Houston Rockets,1,8,22,Missed Shot,Driving Floating Jump Shot,2PT Field Goal,In The Paint (Non-RA),Center(C),8-16 ft.,8.0,-43.0,75.0,1,0,20260131,HOU,DAL,Kevin Durant,2026,HOU,Missed,8.645229898620395,Kevin Durant
Shot Chart Detail,22500701,61,201142,Kevin Durant,1610612745,Houston Rockets,1,7,52,Made Shot,Turnaround Fadeaway shot,2PT Field Goal,In The Paint (Non-RA),Left Side(L),8-16 ft.,8.0,-58.0,58.0,1,1,20260131,HOU,DAL,Kevin Durant,2026,HOU,Made,8.202438661763951,Kevin Durant
Shot Chart Detail,22500701,81,201142,Kevin Durant,1610612745,Houston Rockets,1,6,12,Made Shot,Running Jump Shot,2PT Field Goal,Mid-Range,Right Side(R),8-16 ft.,11.0,104.0,48.0,1,1,20260131,HOU,DAL,Kevin Durant,2026,HOU,Made,11.454256850621082,Kevin Durant
Shot Chart Detail,22500701,104,201142,Kevin Durant,1610612745,Houston Rockets,1,4,47,Made Shot,Driving Floating Jump Shot,2PT Field Goal,In The Paint (Non-RA),Center(C),8-16 ft.,10.0,-21.0,100.0,1,1,20260131,HOU,DAL,Kevin Durant,2026,HOU,Made,10.218121158021175,Kevin Durant
Shot Chart Detail,22500701,226,201142,Kevin Durant,1610612745,Houston Rockets,2,8,41,Missed Shot,Running Pull-Up Jump Shot,3PT Field Goal,Above the Break 3,Center(C),24+ ft.,26.0,40.0,262.0,1,0,20260131,HOU,DAL,Kevin Durant,2026,HOU,Missed,26.503584663211125,Kevin Durant
Shot Chart Detail,22500701,260,201142,Kevin Durant,1610612745,Houston Rockets,2,5,52,Missed Shot,Fadeaway Jump Shot,2PT Field Goal,In The Paint (Non-RA),Right Side(R),8-16 ft.,8.0,49.0,71.0,1,0,20260131,HOU,DAL,Kevin Durant,2026,HOU,Missed,8.62670273047588,Kevin Durant
Shot Chart Detail,22500701,348,201142,Kevin Durant,1610612745,Houston Rockets,2,0,6,Made Shot,Jump Shot,3PT Field Goal,Left Corner 3,Left Side(L),24+ ft.,23.0,-232.0,28.0,1,1,20260131,HOU,DAL,Kevin Durant,2026,HOU,Made,23.368354670365648,Kevin Durant
Shot Chart Detail,22500701,368,201142,Kevin Durant,1610612745,Houston Rockets,3,10,50,Made Shot,Fadeaway Jump Shot,2PT Field Goal,Mid-Range,Left Side(L),8-16 ft.,15.0,-99.0,116.0,1,1,20260131,HOU,DAL,Kevin Durant,2026,HOU,Made,15.250245899656832,Kevin Durant
Shot Chart Detail,22500701,377,201142,Kevin Durant,1610612745,Houston Rockets,3,9,59,Missed Shot,Fadeaway Jump Shot,2PT Field Goal,In The Paint (Non-RA),Center(C),8-16 ft.,10.0,50.0,89.0,1,0,20260131,HOU,DAL,Kevin Durant,2026,HOU,Missed,10.208329931972223,Kevin Durant
Shot Chart Detail,22500701,459,201142,Kevin Durant,1610612745,Houston Rockets,3,4,21,Missed Shot,Pullup Jump shot,2PT Field Goal,Mid-Range,Left Side Center(LC),16-24 ft.,16.0,-86.0,146.0,1,0,20260131,HOU,DAL,Kevin Durant,2026,HOU,Missed,16.94461566398011,Kevin Durant
Shot Chart Detail,22500701,468,201142,Kevin Durant,1610612745,Houston Rockets,3,3,53,Missed Shot,Fadeaway Jump Shot,2PT Field Goal,In The Paint (Non-RA),Center(C),8-16 ft.,11.0,-23.0,116.0,1,0,20260131,HOU,DAL,Kevin Durant,2026,HOU,Missed,11.825819210524063,Kevin Durant
Shot Chart Detail,22500701,483,201142,Kevin Durant,1610612745,Houston Rockets,3,2,11,Missed Shot,Jump Shot,2PT Field Goal,Mid-Range,Right Side Center(RC),16-24 ft.,21.0,148.0,156.0,1,0,20260131,HOU,DAL,Kevin Durant,2026,HOU,Missed,21.50348808914498,Kevin Durant
Shot Chart Detail,22500701,492,201142,Kevin Durant,1610612745,Houston Rockets,3,1,7,Missed Shot,Jump Shot,3PT Field Goal,Right Corner 3,Right Side(R),24+ ft.,22.0,229.0,13.0,1,0,20260131,HOU,DAL,Kevin Durant,2026,HOU,Missed,22.93686988235317,Kevin Durant
Shot Chart Detail,22500701,645,201142,Kevin Durant,1610612745,Houston Rockets,4,3,26,Made Shot,Pullup Jump shot,2PT Field Goal,In The Paint (Non-RA),Center(C),8-16 ft.,13.0,-23.0,132.0,1,1,20260131,HOU,DAL,Kevin Durant,2026,HOU,Made,13.398880550254935,Kevin Durant
Shot Chart Detail,22500701,655,201142,Kevin Durant,1610612745,Houston Rockets,4,2,47,Missed Shot,Pullup Jump shot,2PT Field Goal,In The Paint (Non-RA),Center(C),8-16 ft.,13.0,26.0,130.0,1,0,20260131,HOU,DAL,Kevin Durant,2026,HOU,Missed,13.25745073534124,Kevin Durant
Shot Chart Detail,22500701,661,201142,Kevin Durant,1610612745,Houston Rockets,4,2,26,Missed Shot,Jump Shot,3PT Field Goal,Above the Break 3,Center(C),24+ ft.,25.0,28.0,251.0,1,0,20260131,HOU,DAL,Kevin Durant,2026,HOU,Missed,25.25569242764886,Kevin Durant
Shot Chart Detail,22500728,24,201142,Kevin Durant,1610612745,Houston Rockets,1,9,30,Missed Shot,Fadeaway Jump Shot,2PT Field Goal,Mid-Range,Left Side(L),8-16 ft.,11.0,-113.0,25.0,1,0,20260204,HOU,BOS,Kevin Durant,2026,HOU,Missed,11.573245007343447,Kevin Durant
Shot Chart Detail,22500728,103,201142,Kevin Durant,1610612745,Houston Rockets,1,3,49,Missed Shot,Jump Shot,3PT Field Goal,Above the Break 3,Right Side Center(RC),24+ ft.,26.0,197.0,176.0,1,0,20260204,HOU,BOS,Kevin Durant,2026,HOU,Missed,26.41685068285014,Kevin Durant
Shot Chart Detail,22500728,181,201142,Kevin Durant,1610612745,Houston Rockets,2,11,9,Missed Shot,Jump Shot,3PT Field Goal,Above the Break 3,Right Side Center(RC),24+ ft.,27.0,148.0,226.0,1,0,20260204,HOU,BOS,Kevin Durant,2026,HOU,Missed,27.01481075262235,Kevin Durant
Shot Chart Detail,22500728,191,201142,Kevin Durant,1610612745,Houston Rockets,2,9,49,Made Shot,Fadeaway Jump Shot,2PT Field Goal,In The Paint (Non-RA),Center(C),8-16 ft.,11.0,51.0,99.0,1,1,20260204,HOU,BOS,Kevin Durant,2026,HOU,Made,11.136426715962351,Kevin Durant
Shot Chart Detail,22500728,329,201142,Kevin Durant,1610612745,Houston Rockets,2,0,59,Missed Shot,Pullup Jump shot,2PT Field Goal,In The Paint (Non-RA),Center(C),8-16 ft.,13.0,-25.0,128.0,1,0,20260204,HOU,BOS,Kevin Durant,2026,HOU,Missed,13.041855696180662,Kevin Durant
Shot Chart Detail,22500728,359,201142,Kevin Durant,1610612745,Houston Rockets,3,10,21,Missed Shot,Jump Shot,3PT Field Goal,Above the Break 3,Left Side Center(LC),24+ ft.,26.0,-240.0,100.0,1,0,20260204,HOU,BOS,Kevin Durant,2026,HOU,Missed,26.0,Kevin Durant
Shot Chart Detail,22500728,397,201142,Kevin Durant,1610612745,Houston Rockets,3,7,37,Missed Shot,Turnaround Fadeaway shot,2PT Field Goal,In The Paint (Non-RA),Center(C),8-16 ft.,10.0,-6.0,100.0,1,0,20260204,HOU,BOS,Kevin Durant,2026,HOU,Missed,10.017983829094556,Kevin Durant
Shot Chart Detail,22500728,402,201142,Kevin Durant,1610612745,Houston Rockets,3,7,9,Missed Shot,Pullup Jump shot,3PT Field Goal,Above the Break 3,Center(C),24+ ft.,26.0,5.0,269.0,1,0,20260204,HOU,BOS,Kevin Durant,2026,HOU,Missed,26.904646438858844,Kevin Durant
Shot Chart Detail,22500728,443,201142,Kevin Durant,1610612745,Houston Rockets,3,3,38,Made Shot,Pullup Jump shot,2PT Field Goal,Mid-Range,Right Side Center(RC),16-24 ft.,17.0,97.0,141.0,1,1,20260204,HOU,BOS,Kevin Durant,2026,HOU,Made,17.114321488157223,Kevin Durant
Shot Chart Detail,22500728,461,201142,Kevin Durant,1610612745,Houston Rockets,3,2,52,Made Shot,Pullup Jump shot,2PT Field Goal,In The Paint (Non-RA),Center(C),8-16 ft.,13.0,-51.0,125.0,1,1,20260204,HOU,BOS,Kevin Durant,2026,HOU,Made,13.500370365289985,Kevin Durant
Shot Chart Detail,22500728,470,201142,Kevin Durant,1610612745,Houston Rockets,3,2,16,Made Shot,Pullup Jump shot,2PT Field Goal,In The Paint (Non-RA),Center(C),8-16 ft.,13.0,-44.0,129.0,1,1,20260204,HOU,BOS,Kevin Durant,2026,HOU,Made,13.62974687952788,Kevin Durant
Shot Chart Detail,22500737,9,201142,Kevin Durant,1610612745,Houston Rockets,1,11,22,Missed Shot,Pullup Jump shot,2PT Field Goal,Mid-Range,Center(C),16-24 ft.,18.0,6.0,188.0,1,0,20260205,HOU,CHA,Kevin Durant,2026,HOU,Missed,18.80957203128237,Kevin Durant
Shot Chart Detail,22500737,16,201142,Kevin Durant,1610612745,Houston Rockets,1,10,44,Missed Shot,Fadeaway Jump Shot,2PT Field Goal,In The Paint (Non-RA),Center(C),8-16 ft.,13.0,-31.0,129.0,1,0,20260205,HOU,CHA,Kevin Durant,2026,HOU,Missed,13.267252918370101,Kevin Durant
Shot Chart Detail,22500737,35,201142,Kevin Durant,1610612745,Houston Rockets,1,9,3,Missed Shot,Driving Floating Jump Shot,2PT Field Goal,In The Paint (Non-RA),Center(C),8-16 ft.,8.0,29.0,80.0,1,0,20260205,HOU,CHA,Kevin Durant,2026,HOU,Missed,8.509406559801922,Kevin Durant
Shot Chart Detail,22500737,49,201142,Kevin Durant,1610612745,Houston Rockets,1,7,59,Made Shot,Pullup Jump shot,3PT Field Goal,Above the Break 3,Right Side Center(RC),24+ ft.,25.0,174.0,193.0,1,1,20260205,HOU,CHA,Kevin Durant,2026,HOU,Made,25.98557292037257,Kevin Durant
Shot Chart Detail,22500737,86,201142,Kevin Durant,1610612745,Houston Rockets,1,4,28,Made Shot,Jump Shot,2PT Field Goal,Mid-Range,Left Side(L),8-16 ft.,14.0,-113.0,83.0,1,1,20260205,HOU,CHA,Kevin Durant,2026,HOU,Made,14.02069898400219,Kevin Durant
Shot Chart Detail,22500737,120,201142,Kevin Durant,1610612745,Houston Rockets,1,2,28,Missed Shot,Pullup Jump shot,2PT Field Goal,Mid-Range,Left Side Center(LC),16-24 ft.,18.0,-126.0,140.0,1,0,20260205,HOU,CHA,Kevin Durant,2026,HOU,Missed,18.835073665903195,Kevin Durant
Shot Chart Detail,22500737,126,201142,Kevin Durant,1610612745,Houston Rockets,1,2,5,Missed Shot,Driving Layup Shot,2PT Field Goal,Restricted Area,Center(C),Less Than 8 ft.,3.0,18.0,32.0,1,0,20260205,HOU,CHA,Kevin Durant,2026,HOU,Missed,3.671511950137164,Kevin Durant
Shot Chart Detail,22500737,152,201142,Kevin Durant,1610612745,Houston Rockets,1,0,51,Made Shot,Jump Shot,3PT Field Goal,Above the Break 3,Center(C),24+ ft.,24.0,2.0,243.0,1,1,20260205,HOU,CHA,Kevin Durant,2026,HOU,Made,24.300823031329617,Kevin Durant
Shot Chart Detail,22500737,264,201142,Kevin Durant,1610612745,Houston Rockets,2,5,26,Made Shot,Pullup Jump shot,2PT Field Goal,Mid-Range,Center(C),16-24 ft.,17.0,-11.0,176.0,1,1,20260205,HOU,CHA,Kevin Durant,2026,HOU,Made,17.63434149606954,Kevin Durant
Shot Chart Detail,22500737,309,201142,Kevin Durant,1610612745,Houston Rockets,2,2,15,Missed Shot,Pullup Jump shot,2PT Field Goal,In The Paint (Non-RA),Center(C),8-16 ft.,13.0,51.0,125.0,1,0,20260205,HOU,CHA,Kevin Durant,2026,HOU,Missed,13.500370365289985,Kevin Durant
Shot Chart Detail,22500737,322,201142,Kevin Durant,1610612745,Houston Rockets,2,0,49,Made Shot,Pullup Jump shot,3PT Field Goal,Above the Break 3,Center(C),24+ ft.,25.0,-66.0,250.0,1,1,20260205,HOU,CHA,Kevin Durant,2026,HOU,Made,25.85652722234755,Kevin Durant
Shot Chart Detail,22500737,324,201142,Kevin Durant,1610612745,Houston Rockets,2,0,18,Missed Shot,Driving Layup Shot,2PT Field Goal,Restricted Area,Center(C),Less Than 8 ft.,3.0,31.0,21.0,1,0,20260205,HOU,CHA,Kevin Durant,2026,HOU,Missed,3.744329045369811,Kevin Durant
Shot Chart Detail,22500737,360,201142,Kevin Durant,1610612745,Houston Rockets,3,11,7,Made Shot,Driving Floating Jump Shot,2PT Field Goal,Mid-Range,Right Side(R),8-16 ft.,12.0,100.0,70.0,1,1,20260205,HOU,CHA,Kevin Durant,2026,HOU,Made,12.206555615733702,Kevin Durant
Shot Chart Detail,22500737,363,201142,Kevin Durant,1610612745,Houston Rockets,3,10,40,Made Shot,Pullup Jump shot,2PT Field Goal,Mid-Range,Right Side(R),8-16 ft.,10.0,99.0,22.0,1,1,20260205,HOU,CHA,Kevin Durant,2026,HOU,Made,10.141498903022176,Kevin Durant
Shot Chart Detail,22500737,403,201142,Kevin Durant,1610612745,Houston Rockets,3,7,58,Made Shot,Running Dunk Shot,2PT Field Goal,Restricted Area,Center(C),Less Than 8 ft.,2.0,15.0,25.0,1,1,20260205,HOU,CHA,Kevin Durant,2026,HOU,Made,2.9154759474226504,Kevin Durant
Shot Chart Detail,22500737,423,201142,Kevin Durant,1610612745,Houston Rockets,3,6,47,Made Shot,Turnaround Jump Shot,2PT Field Goal,In The Paint (Non-RA),Center(C),8-16 ft.,10.0,6.0,104.0,1,1,20260205,HOU,CHA,Kevin Durant,2026,HOU,Made,10.417293314484334,Kevin Durant
Shot Chart Detail,22500737,445,201142,Kevin Durant,1610612745,Houston Rockets,3,5,25,Made Shot,Fadeaway Jump Shot,2PT Field Goal,In The Paint (Non-RA),Center(C),8-16 ft.,12.0,-11.0,126.0,1,1,20260205,HOU,CHA,Kevin Durant,2026,HOU,Made,12.647924730958831,Kevin Durant
Shot Chart Detail,22500737,478,201142,Kevin Durant,1610612745,Houston Rockets,3,3,32,Missed Shot,Jump Shot,3PT Field Goal,Above the Break 3,Center(C),24+ ft.,25.0,40.0,253.0,1,0,20260205,HOU,CHA,Kevin Durant,2026,HOU,Missed,25.614253844295366,Kevin Durant
Shot Chart Detail,22500737,485,201142,Kevin Durant,1610612745,Houston Rockets,3,3,18,Made Shot,Driving Floating Jump Shot,2PT Field Goal,In The Paint (Non-RA),Right Side(R),8-16 ft.,8.0,47.0,69.0,1,1,20260205,HOU,CHA,Kevin Durant,2026,HOU,Made,8.34865258589672,Kevin Durant
Shot Chart Detail,22500737,504,201142,Kevin Durant,1610612745,Houston Rockets,3,1,11,Missed Shot,Fadeaway Jump Shot,2PT Field Goal,Mid-Range,Left Side(L),8-16 ft.,12.0,-112.0,47.0,1,0,20260205,HOU,CHA,Kevin Durant,2026,HOU,Missed,12.146192819151192,Kevin Durant
Shot Chart Detail,22500737,525,201142,Kevin Durant,1610612745,Houston Rockets,3,0,34,Missed Shot,Pullup Jump shot,2PT Field Goal,In The Paint (Non-RA),Center(C),8-16 ft.,12.0,61.0,111.0,1,0,20260205,HOU,CHA,Kevin Durant,2026,HOU,Missed,12.665701717630967,Kevin Durant
Shot Chart Detail,22500748,13,201142,Kevin Durant,1610612745,Houston Rockets,1,11,7,Made Shot,Running Pull-Up Jump Shot,2PT Field Goal,In The Paint (Non-RA),Center(C),Less Than 8 ft.,5.0,-5.0,51.0,1,1,20260207,OKC,HOU,Kevin Durant,2026,OKC,Made,5.124451190127583,Kevin Durant
Shot Chart Detail,22500748,30,201142,Kevin Durant,1610612745,Houston Rockets,1,9,18,Made Shot,Jump Shot,3PT Field Goal,Above the Break 3,Right Side Center(RC),24+ ft.,25.0,175.0,184.0,1,1,20260207,OKC,HOU,Kevin Durant,2026,OKC,Made,25.39310930154084,Kevin Durant
Shot Chart Detail,22500748,203,201142,Kevin Durant,1610612745,Houston Rockets,2,9,28,Made Shot,Jump Shot,2PT Field Goal,Mid-Range,Left Side Center(LC),16-24 ft.,17.0,-97.0,148.0,1,1,20260207,OKC,HOU,Kevin Durant,2026,OKC,Made,17.69547964876906,Kevin Durant
Shot Chart Detail,22500748,412,201142,Kevin Durant,1610612745,Houston Rockets,3,7,48,Missed Shot,Jump Shot,3PT Field Goal,Above the Break 3,Left Side Center(LC),24+ ft.,25.0,-89.0,241.0,1,0,20260207,OKC,HOU,Kevin Durant,2026,OKC,Missed,25.690854403853525,Kevin Durant
Shot Chart Detail,22500748,427,201142,Kevin Durant,1610612745,Houston Rockets,3,6,10,Made Shot,Jump Shot,2PT Field Goal,Mid-Range,Right Side(R),8-16 ft.,10.0,108.0,-1.0,1,1,20260207,OKC,HOU,Kevin Durant,2026,OKC,Made,10.800462953040485,Kevin Durant
Shot Chart Detail,22500748,463,201142,Kevin Durant,1610612745,Houston Rockets,3,3,33,Missed Shot,Running Layup Shot,2PT Field Goal,Restricted Area,Center(C),Less Than 8 ft.,2.0,5.0,20.0,1,0,20260207,OKC,HOU,Kevin Durant,2026,OKC,Missed,2.0615528128088303,Kevin Durant
Shot Chart Detail,22500748,492,201142,Kevin Durant,1610612745,Houston Rockets,3,2,36,Missed Shot,Jump Shot,3PT Field Goal,Above the Break 3,Left Side Center(LC),24+ ft.,27.0,-100.0,251.0,1,0,20260207,OKC,HOU,Kevin Durant,2026,OKC,Missed,27.018697229881383,Kevin Durant
Shot Chart Detail,22500748,515,201142,Kevin Durant,1610612745,Houston Rockets,3,0,36,Missed Shot,Jump Shot,3PT Field Goal,Left Corner 3,Left Side(L),24+ ft.,23.0,-233.0,-21.0,1,0,20260207,OKC,HOU,Kevin Durant,2026,OKC,Missed,23.394443784796422,Kevin Durant
Shot Chart Detail,22500748,622,201142,Kevin Durant,1610612745,Houston Rockets,4,5,55,Made Shot,Jump Shot,3PT Field Goal,Above the Break 3,Right Side Center(RC),24+ ft.,24.0,161.0,183.0,1,1,20260207,OKC,HOU,Kevin Durant,2026,OKC,Made,24.374166652421167,Kevin Durant
Shot Chart Detail,22500748,700,201142,Kevin Durant,1610612745,Houston Rockets,4,1,4,Made Shot,Pullup Jump shot,2PT Field Goal,In The Paint (Non-RA),Left Side(L),8-16 ft.,12.0,-69.0,101.0,1,1,20260207,OKC,HOU,Kevin Durant,2026,OKC,Made,12.231925441237777,Kevin Durant
Shot Chart Detail,22500772,11,201142,Kevin Durant,1610612745,Houston Rockets,1,10,51,Missed Shot,Turnaround Fadeaway Bank Jump Shot,2PT Field Goal,In The Paint (Non-RA),Left Side(L),8-16 ft.,9.0,-78.0,51.0,1,0,20260210,HOU,LAC,Kevin Durant,2026,HOU,Missed,9.31933474020544,Kevin Durant
Shot Chart Detail,22500772,23,201142,Kevin Durant,1610612745,Houston Rockets,1,9,27,Missed Shot,Running Jump Shot,3PT Field Goal,Above the Break 3,Right Side Center(RC),24+ ft.,25.0,165.0,192.0,1,0,20260210,HOU,LAC,Kevin Durant,2026,HOU,Missed,25.315805339747737,Kevin Durant
Shot Chart Detail,22500772,36,201142,Kevin Durant,1610612745,Houston Rockets,1,8,13,Missed Shot,Jump Shot,3PT Field Goal,Above the Break 3,Left Side Center(LC),24+ ft.,25.0,-99.0,239.0,1,0,20260210,HOU,LAC,Kevin Durant,2026,HOU,Missed,25.869286808878208,Kevin Durant
Shot Chart Detail,22500772,40,201142,Kevin Durant,1610612745,Houston Rockets,1,7,57,Missed Shot,Step Back Jump shot,2PT Field Goal,Mid-Range,Right Side(R),8-16 ft.,10.0,104.0,11.0,1,0,20260210,HOU,LAC,Kevin Durant,2026,HOU,Missed,10.458011283222064,Kevin Durant
Shot Chart Detail,22500772,42,201142,Kevin Durant,1610612745,Houston Rockets,1,7,53,Made Shot,Jump Shot,3PT Field Goal,Right Corner 3,Right Side(R),24+ ft.,22.0,227.0,32.0,1,1,20260210,HOU,LAC,Kevin Durant,2026,HOU,Made,22.924441105510077,Kevin Durant
Shot Chart Detail,22500772,90,201142,Kevin Durant,1610612745,Houston Rockets,1,4,57,Missed Shot,Pullup Jump shot,2PT Field Goal,Mid-Range,Right Side(R),8-16 ft.,13.0,127.0,40.0,1,0,20260210,HOU,LAC,Kevin Durant,2026,HOU,Missed,13.315029102484155,Kevin Durant
Shot Chart Detail,22500772,101,201142,Kevin Durant,1610612745,Houston Rockets,1,4,33,Missed Shot,Turnaround Fadeaway shot,2PT Field Goal,Mid-Range,Center(C),8-16 ft.,15.0,-53.0,148.0,1,0,20260210,HOU,LAC,Kevin Durant,2026,HOU,Missed,15.720368952413299,Kevin Durant
Shot Chart Detail,22500772,113,201142,Kevin Durant,1610612745,Houston Rockets,1,3,57,Missed Shot,Fadeaway Jump Shot,2PT Field Goal,In The Paint (Non-RA),Left Side(L),8-16 ft.,10.0,-66.0,87.0,1,0,20260210,HOU,LAC,Kevin Durant,2026,HOU,Missed,10.920164833920778,Kevin Durant
Shot Chart Detail,22500772,118,201142,Kevin Durant,1610612745,Houston Rockets,1,3,27,Made Shot,Turnaround Fadeaway shot,2PT Field Goal,In The Paint (Non-RA),Center(C),8-16 ft.,11.0,55.0,104.0,1,1,20260210,HOU,LAC,Kevin Durant,2026,HOU,Made,11.764777940955792,Kevin Durant
Shot Chart Detail,22500772,122,201142,Kevin Durant,1610612745,Houston Rockets,1,3,10,Made Shot,Running Layup Shot,2PT Field Goal,Restricted Area,Center(C),Less Than 8 ft.,1.0,12.0,14.0,1,1,20260210,HOU,LAC,Kevin Durant,2026,HOU,Made,1.8439088914585775,Kevin Durant
Shot Chart Detail,22500772,270,201142,Kevin Durant,1610612745,Houston Rockets,2,5,17,Missed Shot,Turnaround Jump Shot,2PT Field Goal,Mid-Range,Right Side(R),8-16 ft.,15.0,143.0,68.0,1,0,20260210,HOU,LAC,Kevin Durant,2026,HOU,Missed,15.83445610054226,Kevin Durant
Shot Chart Detail,22500772,275,201142,Kevin Durant,1610612745,Houston Rockets,2,4,48,Made Shot,Pullup Jump shot,3PT Field Goal,Above the Break 3,Right Side Center(RC),24+ ft.,25.0,165.0,192.0,1,1,20260210,HOU,LAC,Kevin Durant,2026,HOU,Made,25.315805339747737,Kevin Durant
Shot Chart Detail,22500772,306,201142,Kevin Durant,1610612745,Houston Rockets,2,1,57,Missed Shot,Jump Shot,2PT Field Goal,Mid-Range,Left Side(L),8-16 ft.,13.0,-132.0,-8.0,1,0,20260210,HOU,LAC,Kevin Durant,2026,HOU,Missed,13.224220203853232,Kevin Durant
Shot Chart Detail,22500772,310,201142,Kevin Durant,1610612745,Houston Rockets,2,1,19,Missed Shot,Pullup Jump shot,2PT Field Goal,Mid-Range,Right Side(R),8-16 ft.,14.0,110.0,95.0,1,0,20260210,HOU,LAC,Kevin Durant,2026,HOU,Missed,14.534441853748632,Kevin Durant
Shot Chart Detail,22500772,357,201142,Kevin Durant,1610612745,Houston Rockets,3,10,45,Made Shot,Step Back Jump shot,2PT Field Goal,Mid-Range,Left Side Center(LC),16-24 ft.,16.0,-124.0,106.0,1,1,20260210,HOU,LAC,Kevin Durant,2026,HOU,Made,16.31318485152424,Kevin Durant
Shot Chart Detail,22500772,370,201142,Kevin Durant,1610612745,Houston Rockets,3,9,44,Made Shot,Jump Shot,3PT Field Goal,Right Corner 3,Right Side(R),24+ ft.,24.0,240.0,69.0,1,1,20260210,HOU,LAC,Kevin Durant,2026,HOU,Made,24.97218452598811,Kevin Durant
Shot Chart Detail,22500772,382,201142,Kevin Durant,1610612745,Houston Rockets,3,8,29,Made Shot,Turnaround Fadeaway shot,2PT Field Goal,In The Paint (Non-RA),Center(C),Less Than 8 ft.,7.0,-72.0,32.0,1,1,20260210,HOU,LAC,Kevin Durant,2026,HOU,Made,7.879086241436883,Kevin Durant
Shot Chart Detail,22500772,396,201142,Kevin Durant,1610612745,Houston Rockets,3,7,14,Missed Shot,Driving Dunk Shot,2PT Field Goal,Restricted Area,Center(C),Less Than 8 ft.,2.0,-6.0,21.0,1,0,20260210,HOU,LAC,Kevin Durant,2026,HOU,Missed,2.1840329667841556,Kevin Durant
Shot Chart Detail,22500772,441,201142,Kevin Durant,1610612745,Houston Rockets,3,3,36,Made Shot,Pullup Jump shot,2PT Field Goal,Mid-Range,Center(C),8-16 ft.,15.0,26.0,148.0,1,1,20260210,HOU,LAC,Kevin Durant,2026,HOU,Made,15.02664300500947,Kevin Durant
Shot Chart Detail,22500772,626,201142,Kevin Durant,1610612745,Houston Rockets,4,4,27,Missed Shot,Jump Shot,3PT Field Goal,Above the Break 3,Right Side Center(RC),24+ ft.,28.0,132.0,254.0,1,0,20260210,HOU,LAC,Kevin Durant,2026,HOU,Missed,28.62516375499012,Kevin Durant
Shot Chart Detail,22500772,647,201142,Kevin Durant,1610612745,Houston Rockets,4,2,42,Missed Shot,Pullup Jump shot,3PT Field Goal,Above the Break 3,Center(C),24+ ft.,28.0,48.0,283.0,1,0,20260210,HOU,LAC,Kevin Durant,2026,HOU,Missed,28.704180880143575,Kevin Durant
Shot Chart Detail,22500772,663,201142,Kevin Durant,1610612745,Houston Rockets,4,1,15,Missed Shot,Fadeaway Jump Shot,2PT Field Goal,In The Paint (Non-RA),Center(C),Less Than 8 ft.,6.0,-55.0,41.0,1,0,20260210,HOU,LAC,Kevin Durant,2026,HOU,Missed,6.860029154456998,Kevin Durant
Shot Chart Detail,22500782,23,201142,Kevin Durant,1610612745,Houston Rockets,1,9,43,Missed Shot,Jump Shot,3PT Field Goal,Above the Break 3,Center(C),24+ ft.,27.0,18.0,273.0,1,0,20260211,HOU,LAC,Kevin Durant,2026,HOU,Missed,27.359276306218334,Kevin Durant
Shot Chart Detail,22500782,44,201142,Kevin Durant,1610612745,Houston Rockets,1,7,12,Missed Shot,Jump Shot,3PT Field Goal,Above the Break 3,Center(C),24+ ft.,27.0,78.0,262.0,1,0,20260211,HOU,LAC,Kevin Durant,2026,HOU,Missed,27.33642258965134,Kevin Durant
Shot Chart Detail,22500782,77,201142,Kevin Durant,1610612745,Houston Rockets,1,4,2,Missed Shot,Driving Floating Jump Shot,2PT Field Goal,In The Paint (Non-RA),Center(C),Less Than 8 ft.,4.0,-34.0,24.0,1,0,20260211,HOU,LAC,Kevin Durant,2026,HOU,Missed,4.161730409336963,Kevin Durant
Shot Chart Detail,22500782,203,201142,Kevin Durant,1610612745,Houston Rockets,2,6,46,Made Shot,Cutting Dunk Shot,2PT Field Goal,Restricted Area,Center(C),Less Than 8 ft.,2.0,-17.0,20.0,1,1,20260211,HOU,LAC,Kevin Durant,2026,HOU,Made,2.6248809496813377,Kevin Durant
Shot Chart Detail,22500782,225,201142,Kevin Durant,1610612745,Houston Rockets,2,4,14,Made Shot,Pullup Jump shot,3PT Field Goal,Above the Break 3,Center(C),24+ ft.,27.0,-55.0,274.0,1,1,20260211,HOU,LAC,Kevin Durant,2026,HOU,Made,27.946556138458277,Kevin Durant
Shot Chart Detail,22500782,261,201142,Kevin Durant,1610612745,Houston Rockets,2,1,27,Made Shot,Fadeaway Jump Shot,2PT Field Goal,In The Paint (Non-RA),Left Side(L),8-16 ft.,8.0,-80.0,-7.0,1,1,20260211,HOU,LAC,Kevin Durant,2026,HOU,Made,8.030566605165541,Kevin Durant
Shot Chart Detail,22500782,264,201142,Kevin Durant,1610612745,Houston Rockets,2,0,41,Missed Shot,Pullup Jump shot,3PT Field Goal,Above the Break 3,Center(C),24+ ft.,27.0,-58.0,266.0,1,0,20260211,HOU,LAC,Kevin Durant,2026,HOU,Missed,27.22498852157701,Kevin Durant
Shot Chart Detail,22500782,338,201142,Kevin Durant,1610612745,Houston Rockets,3,6,47,Missed Shot,Pullup Jump shot,3PT Field Goal,Above the Break 3,Right Side Center(RC),24+ ft.,27.0,118.0,247.0,1,0,20260211,HOU,LAC,Kevin Durant,2026,HOU,Missed,27.373892671668017,Kevin Durant
Shot Chart Detail,22500782,343,201142,Kevin Durant,1610612745,Houston Rockets,3,6,22,Made Shot,Jump Shot,3PT Field Goal,Right Corner 3,Right Side(R),24+ ft.,24.0,241.0,38.0,1,1,20260211,HOU,LAC,Kevin Durant,2026,HOU,Made,24.397745797511703,Kevin Durant
Shot Chart Detail,22500782,402,201142,Kevin Durant,1610612745,Houston Rockets,3,3,24,Missed Shot,Pullup Jump shot,2PT Field Goal,In The Paint (Non-RA),Center(C),8-16 ft.,12.0,56.0,113.0,1,0,20260211,HOU,LAC,Kevin Durant,2026,HOU,Missed,12.611502686040232,Kevin Durant
Shot Chart Detail,22500782,525,201142,Kevin Durant,1610612745,Houston Rockets,4,7,4,Missed Shot,Jump Shot,3PT Field Goal,Above the Break 3,Right Side Center(RC),24+ ft.,27.0,118.0,246.0,1,0,20260211,HOU,LAC,Kevin Durant,2026,HOU,Missed,27.28369476445593,Kevin Durant
Shot Chart Detail,22500782,529,201142,Kevin Durant,1610612745,Houston Rockets,4,6,48,Made Shot,Running Pull-Up Jump Shot,2PT Field Goal,In The Paint (Non-RA),Left Side(L),8-16 ft.,8.0,-55.0,64.0,1,1,20260211,HOU,LAC,Kevin Durant,2026,HOU,Made,8.438601779915912,Kevin Durant
Shot Chart Detail,22500782,544,201142,Kevin Durant,1610612745,Houston Rockets,4,6,20,Made Shot,Pullup Jump shot,2PT Field Goal,Mid-Range,Center(C),16-24 ft.,17.0,-51.0,164.0,1,1,20260211,HOU,LAC,Kevin Durant,2026,HOU,Made,17.17469068134853,Kevin Durant
Shot Chart Detail,22500782,603,201142,Kevin Durant,1610612745,Houston Rockets,4,2,14,Made Shot,Jump Shot,3PT Field Goal,Right Corner 3,Right Side(R),24+ ft.,24.0,243.0,15.0,1,1,20260211,HOU,LAC,Kevin Durant,2026,HOU,Made,24.346252278328176,Kevin Durant
Shot Chart Detail,22500782,610,201142,Kevin Durant,1610612745,Houston Rockets,4,1,44,Missed Shot,Jump Shot,3PT Field Goal,Above the Break 3,Right Side Center(RC),24+ ft.,26.0,167.0,202.0,1,0,20260211,HOU,LAC,Kevin Durant,2026,HOU,Missed,26.209349476856538,Kevin Durant
Shot Chart Detail,22500792,9,201142,Kevin Durant,1610612745,Houston Rockets,1,11,10,Made Shot,Fadeaway Jump Shot,2PT Field Goal,Mid-Range,Left Side(L),8-16 ft.,13.0,-131.0,6.0,1,1,20260219,CHA,HOU,Kevin Durant,2026,CHA,Made,13.113733259449806,Kevin Durant
Shot Chart Detail,22500792,16,201142,Kevin Durant,1610612745,Houston Rockets,1,10,18,Made Shot,Pullup Jump shot,2PT Field Goal,Mid-Range,Left Side(L),16-24 ft.,16.0,-153.0,50.0,1,1,20260219,CHA,HOU,Kevin Durant,2026,CHA,Made,16.096272860510286,Kevin Durant
Shot Chart Detail,22500792,26,201142,Kevin Durant,1610612745,Houston Rockets,1,9,18,Missed Shot,Jump Shot,3PT Field Goal,Above the Break 3,Center(C),24+ ft.,27.0,-74.0,263.0,1,0,20260219,CHA,HOU,Kevin Durant,2026,CHA,Missed,27.32123716086078,Kevin Durant
Shot Chart Detail,22500792,66,201142,Kevin Durant,1610612745,Houston Rockets,1,5,47,Made Shot,Pullup Jump shot,2PT Field Goal,Mid-Range,Right Side(R),8-16 ft.,11.0,107.0,32.0,1,1,20260219,CHA,HOU,Kevin Durant,2026,CHA,Made,11.168258592994702,Kevin Durant
Shot Chart Detail,22500792,98,201142,Kevin Durant,1610612745,Houston Rockets,1,4,2,Made Shot,Pullup Jump shot,2PT Field Goal,In The Paint (Non-RA),Center(C),Less Than 8 ft.,6.0,-58.0,33.0,1,1,20260219,CHA,HOU,Kevin Durant,2026,CHA,Made,6.673080248281148,Kevin Durant
Shot Chart Detail,22500792,114,201142,Kevin Durant,1610612745,Houston Rockets,1,2,39,Made Shot,Fadeaway Jump Shot,2PT Field Goal,In The Paint (Non-RA),Center(C),8-16 ft.,12.0,-29.0,120.0,1,1,20260219,CHA,HOU,Kevin Durant,2026,CHA,Made,12.345444503945576,Kevin Durant
Shot Chart Detail,22500792,197,201142,Kevin Durant,1610612745,Houston Rockets,2,8,29,Missed Shot,Jump Shot,3PT Field Goal,Above the Break 3,Left Side Center(LC),24+ ft.,26.0,-114.0,238.0,1,0,20260219,CHA,HOU,Kevin Durant,2026,CHA,Missed,26.389391808073185,Kevin Durant
Shot Chart Detail,22500792,205,201142,Kevin Durant,1610612745,Houston Rockets,2,8,0,Missed Shot,Fadeaway Jump Shot,2PT Field Goal,Mid-Range,Left Side(L),16-24 ft.,17.0,-154.0,73.0,1,0,20260219,CHA,HOU,Kevin Durant,2026,CHA,Missed,17.042593699317017,Kevin Durant
Shot Chart Detail,22500792,253,201142,Kevin Durant,1610612745,Houston Rockets,2,4,46,Made Shot,Jump Shot,3PT Field Goal,Above the Break 3,Right Side Center(RC),24+ ft.,26.0,158.0,215.0,1,1,20260219,CHA,HOU,Kevin Durant,2026,CHA,Made,26.68126683649035,Kevin Durant
Shot Chart Detail,22500792,347,201142,Kevin Durant,1610612745,Houston Rockets,3,9,8,Missed Shot,Driving Reverse Layup Shot,2PT Field Goal,Restricted Area,Center(C),Less Than 8 ft.,2.0,-17.0,20.0,1,0,20260219,CHA,HOU,Kevin Durant,2026,CHA,Missed,2.6248809496813377,Kevin Durant
Shot Chart Detail,22500792,366,201142,Kevin Durant,1610612745,Houston Rockets,3,7,39,Made Shot,Driving Finger Roll Layup Shot,2PT Field Goal,Restricted Area,Center(C),Less Than 8 ft.,3.0,-2.0,31.0,1,1,20260219,CHA,HOU,Kevin Durant,2026,CHA,Made,3.1064449134018135,Kevin Durant
Shot Chart Detail,22500792,376,201142,Kevin Durant,1610612745,Houston Rockets,3,6,59,Made Shot,Jump Shot,3PT Field Goal,Right Corner 3,Right Side(R),24+ ft.,23.0,234.0,30.0,1,1,20260219,CHA,HOU,Kevin Durant,2026,CHA,Made,23.591523901605,Kevin Durant
Shot Chart Detail,22500792,400,201142,Kevin Durant,1610612745,Houston Rockets,3,5,12,Made Shot,Pullup Jump shot,2PT Field Goal,In The Paint (Non-RA),Center(C),8-16 ft.,11.0,27.0,110.0,1,1,20260219,CHA,HOU,Kevin Durant,2026,CHA,Made,11.326517558367179,Kevin Durant
Shot Chart Detail,22500792,442,201142,Kevin Durant,1610612745,Houston Rockets,3,3,2,Missed Shot,Driving Floating Jump Shot,2PT Field Goal,In The Paint (Non-RA),Left Side(L),8-16 ft.,12.0,-65.0,108.0,1,0,20260219,CHA,HOU,Kevin Durant,2026,CHA,Missed,12.605157674539418,Kevin Durant
Shot Chart Detail,22500792,451,201142,Kevin Durant,1610612745,Houston Rockets,3,1,52,Missed Shot,Pullup Jump shot,2PT Field Goal,Mid-Range,Right Side(R),8-16 ft.,14.0,113.0,98.0,1,0,20260219,CHA,HOU,Kevin Durant,2026,CHA,Missed,14.957606760441326,Kevin Durant
Shot Chart Detail,22500792,455,201142,Kevin Durant,1610612745,Houston Rockets,3,1,19,Made Shot,Pullup Jump shot,2PT Field Goal,Mid-Range,Right Side(R),8-16 ft.,11.0,116.0,27.0,1,1,20260219,CHA,HOU,Kevin Durant,2026,CHA,Made,11.91007976463634,Kevin Durant
Shot Chart Detail,22500792,612,201142,Kevin Durant,1610612745,Houston Rockets,4,2,55,Made Shot,Pullup Jump shot,2PT Field Goal,Mid-Range,Right Side(R),8-16 ft.,15.0,153.0,3.0,1,1,20260219,CHA,HOU,Kevin Durant,2026,CHA,Made,15.302940893828218,Kevin Durant
Shot Chart Detail,22500792,627,201142,Kevin Durant,1610612745,Houston Rockets,4,2,21,Made Shot,Pullup Jump shot,2PT Field Goal,Mid-Range,Right Side Center(RC),16-24 ft.,18.0,94.0,155.0,1,1,20260219,CHA,HOU,Kevin Durant,2026,CHA,Made,18.12760326132498,Kevin Durant
Shot Chart Detail,22500792,631,201142,Kevin Durant,1610612745,Houston Rockets,4,2,1,Made Shot,Running Pull-Up Jump Shot,2PT Field Goal,Mid-Range,Right Side(R),8-16 ft.,9.0,92.0,1.0,1,1,20260219,CHA,HOU,Kevin Durant,2026,CHA,Made,9.200543462209176,Kevin Durant
Shot Chart Detail,22500792,651,201142,Kevin Durant,1610612745,Houston Rockets,4,0,21,Made Shot,Pullup Jump shot,2PT Field Goal,Mid-Range,Left Side Center(LC),16-24 ft.,16.0,-137.0,100.0,1,1,20260219,CHA,HOU,Kevin Durant,2026,CHA,Made,16.961426826773742,Kevin Durant
Shot Chart Detail,22500816,13,201142,Kevin Durant,1610612745,Houston Rockets,1,10,41,Missed Shot,Driving Floating Bank Jump Shot,2PT Field Goal,In The Paint (Non-RA),Center(C),Less Than 8 ft.,6.0,-62.0,28.0,1,0,20260221,NYK,HOU,Kevin Durant,2026,NYK,Missed,6.80294054067798,Kevin Durant
Shot Chart Detail,22500816,27,201142,Kevin Durant,1610612745,Houston Rockets,1,9,46,Missed Shot,Fadeaway Jump Shot,2PT Field Goal,In The Paint (Non-RA),Center(C),8-16 ft.,13.0,49.0,130.0,1,0,20260221,NYK,HOU,Kevin Durant,2026,NYK,Missed,13.89280389266328,Kevin Durant
Shot Chart Detail,22500816,51,201142,Kevin Durant,1610612745,Houston Rockets,1,7,23,Missed Shot,Pullup Jump shot,2PT Field Goal,Mid-Range,Right Side(R),8-16 ft.,11.0,116.0,12.0,1,0,20260221,NYK,HOU,Kevin Durant,2026,NYK,Missed,11.661903789690601,Kevin Durant
Shot Chart Detail,22500816,57,201142,Kevin Durant,1610612745,Houston Rockets,1,6,45,Missed Shot,Driving Floating Jump Shot,2PT Field Goal,Mid-Range,Right Side(R),8-16 ft.,11.0,94.0,70.0,1,0,20260221,NYK,HOU,Kevin Durant,2026,NYK,Missed,11.72006825918689,Kevin Durant
Shot Chart Detail,22500816,76,201142,Kevin Durant,1610612745,Houston Rockets,1,5,49,Missed Shot,Jump Shot,3PT Field Goal,Above the Break 3,Right Side Center(RC),24+ ft.,25.0,185.0,175.0,1,0,20260221,NYK,HOU,Kevin Durant,2026,NYK,Missed,25.465663156493687,Kevin Durant
Shot Chart Detail,22500816,80,201142,Kevin Durant,1610612745,Houston Rockets,1,5,26,Missed Shot,Pullup Jump shot,2PT Field Goal,Mid-Range,Center(C),8-16 ft.,15.0,-13.0,157.0,1,0,20260221,NYK,HOU,Kevin Durant,2026,NYK,Missed,15.753729717117784,Kevin Durant
Shot Chart Detail,22500816,116,201142,Kevin Durant,1610612745,Houston Rockets,1,3,6,Made Shot,Jump Shot,3PT Field Goal,Right Corner 3,Right Side(R),24+ ft.,22.0,225.0,5.0,1,1,20260221,NYK,HOU,Kevin Durant,2026,NYK,Made,22.5055548698538,Kevin Durant
Shot Chart Detail,22500816,126,201142,Kevin Durant,1610612745,Houston Rockets,1,2,39,Missed Shot,Pullup Jump shot,2PT Field Goal,In The Paint (Non-RA),Center(C),Less Than 8 ft.,6.0,-51.0,43.0,1,0,20260221,NYK,HOU,Kevin Durant,2026,NYK,Missed,6.670832032063167,Kevin Durant
Shot Chart Detail,22500816,135,201142,Kevin Durant,1610612745,Houston Rockets,1,2,8,Made Shot,Floating Jump shot,2PT Field Goal,Restricted Area,Center(C),Less Than 8 ft.,3.0,16.0,33.0,1,1,20260221,NYK,HOU,Kevin Durant,2026,NYK,Made,3.66742416417845,Kevin Durant
Shot Chart Detail,22500816,139,201142,Kevin Durant,1610612745,Houston Rockets,1,1,38,Missed Shot,Pullup Jump shot,3PT Field Goal,Above the Break 3,Right Side Center(RC),24+ ft.,25.0,131.0,223.0,1,0,20260221,NYK,HOU,Kevin Durant,2026,NYK,Missed,25.863101128828305,Kevin Durant
Shot Chart Detail,22500816,144,201142,Kevin Durant,1610612745,Houston Rockets,1,0,56,Made Shot,Pullup Jump shot,2PT Field Goal,In The Paint (Non-RA),Right Side(R),8-16 ft.,8.0,53.0,70.0,1,1,20260221,NYK,HOU,Kevin Durant,2026,NYK,Made,8.780091115700337,Kevin Durant
Shot Chart Detail,22500816,281,201142,Kevin Durant,1610612745,Houston Rockets,2,3,52,Made Shot,Pullup Jump shot,2PT Field Goal,In The Paint (Non-RA),Center(C),8-16 ft.,10.0,0.0,107.0,1,1,20260221,NYK,HOU,Kevin Durant,2026,NYK,Made,10.7,Kevin Durant
Shot Chart Detail,22500816,313,201142,Kevin Durant,1610612745,Houston Rockets,2,0,30,Made Shot,Driving Dunk Shot,2PT Field Goal,Restricted Area,Center(C),Less Than 8 ft.,1.0,0.0,12.0,1,1,20260221,NYK,HOU,Kevin Durant,2026,NYK,Made,1.2,Kevin Durant
Shot Chart Detail,22500816,374,201142,Kevin Durant,1610612745,Houston Rockets,3,8,14,Made Shot,Running Jump Shot,3PT Field Goal,Above the Break 3,Left Side Center(LC),24+ ft.,24.0,-212.0,130.0,1,1,20260221,NYK,HOU,Kevin Durant,2026,NYK,Made,24.86845391253747,Kevin Durant
Shot Chart Detail,22500816,379,201142,Kevin Durant,1610612745,Houston Rockets,3,7,28,Missed Shot,Jump Shot,3PT Field Goal,Above the Break 3,Right Side Center(RC),24+ ft.,25.0,148.0,213.0,1,0,20260221,NYK,HOU,Kevin Durant,2026,NYK,Missed,25.937039152532424,Kevin Durant
Shot Chart Detail,22500816,397,201142,Kevin Durant,1610612745,Houston Rockets,3,5,22,Missed Shot,Pullup Jump shot,3PT Field Goal,Above the Break 3,Left Side Center(LC),24+ ft.,25.0,-91.0,234.0,1,0,20260221,NYK,HOU,Kevin Durant,2026,NYK,Missed,25.107170290576356,Kevin Durant
Shot Chart Detail,22500816,437,201142,Kevin Durant,1610612745,Houston Rockets,3,3,34,Made Shot,Driving Floating Jump Shot,2PT Field Goal,In The Paint (Non-RA),Center(C),Less Than 8 ft.,5.0,-55.0,-4.0,1,1,20260221,NYK,HOU,Kevin Durant,2026,NYK,Made,5.514526271584895,Kevin Durant
Shot Chart Detail,22500816,448,201142,Kevin Durant,1610612745,Houston Rockets,3,3,0,Made Shot,Jump Shot,3PT Field Goal,Left Corner 3,Left Side(L),24+ ft.,22.0,-227.0,-10.0,1,1,20260221,NYK,HOU,Kevin Durant,2026,NYK,Made,22.72201575564985,Kevin Durant
Shot Chart Detail,22500816,473,201142,Kevin Durant,1610612745,Houston Rockets,3,1,21,Missed Shot,Driving Floating Jump Shot,2PT Field Goal,In The Paint (Non-RA),Center(C),8-16 ft.,10.0,-50.0,89.0,1,0,20260221,NYK,HOU,Kevin Durant,2026,NYK,Missed,10.208329931972223,Kevin Durant
Shot Chart Detail,22500816,577,201142,Kevin Durant,1610612745,Houston Rockets,4,6,42,Missed Shot,Pullup Jump shot,2PT Field Goal,Mid-Range,Right Side Center(RC),16-24 ft.,18.0,142.0,113.0,1,0,20260221,NYK,HOU,Kevin Durant,2026,NYK,Missed,18.147451611727746,Kevin Durant
Shot Chart Detail,22500816,585,201142,Kevin Durant,1610612745,Houston Rockets,4,6,15,Missed Shot,Pullup Jump shot,3PT Field Goal,Above the Break 3,Center(C),24+ ft.,25.0,-7.0,257.0,1,0,20260221,NYK,HOU,Kevin Durant,2026,NYK,Missed,25.709531306501873,Kevin Durant
Shot Chart Detail,22500816,605,201142,Kevin Durant,1610612745,Houston Rockets,4,4,14,Missed Shot,Turnaround Fadeaway shot,2PT Field Goal,Mid-Range,Right Side Center(RC),16-24 ft.,17.0,80.0,157.0,1,0,20260221,NYK,HOU,Kevin Durant,2026,NYK,Missed,17.620726432244503,Kevin Durant
Shot Chart Detail,22500816,621,201142,Kevin Durant,1610612745,Houston Rockets,4,2,26,Made Shot,Jump Shot,2PT Field Goal,Mid-Range,Center(C),16-24 ft.,19.0,21.0,197.0,1,1,20260221,NYK,HOU,Kevin Durant,2026,NYK,Made,19.811612756158947,Kevin Durant
Shot Chart Detail,22500816,642,201142,Kevin Durant,1610612745,Houston Rockets,4,0,19,Missed Shot,Pullup Jump shot,2PT Field Goal,Mid-Range,Right Side Center(RC),16-24 ft.,18.0,125.0,132.0,1,0,20260221,NYK,HOU,Kevin Durant,2026,NYK,Missed,18.179383927955314,Kevin Durant
Shot Chart Detail,22500816,676,201142,Kevin Durant,1610612745,Houston Rockets,4,0,2,Made Shot,Pullup Jump shot,3PT Field Goal,Above the Break 3,Center(C),24+ ft.,25.0,20.0,256.0,1,1,20260221,NYK,HOU,Kevin Durant,2026,NYK,Made,25.678006153126454,Kevin Durant
Shot Chart Detail,22500816,684,201142,Kevin Durant,1610612745,Houston Rockets,4,0,0,Missed Shot,Jump Bank Shot,3PT Field Goal,Above the Break 3,Right Side Center(RC),24+ ft.,40.0,196.0,351.0,1,0,20260221,NYK,HOU,Kevin Durant,2026,NYK,Missed,40.201616882906585,Kevin Durant
Shot Chart Detail,22500830,41,201142,Kevin Durant,1610612745,Houston Rockets,1,9,20,Missed Shot,Jump Shot,3PT Field Goal,Right Corner 3,Right Side(R),24+ ft.,22.0,223.0,19.0,1,0,20260223,HOU,UTA,Kevin Durant,2026,HOU,Missed,22.380795338861397,Kevin Durant
Shot Chart Detail,22500830,88,201142,Kevin Durant,1610612745,Houston Rockets,1,5,10,Made Shot,Jump Shot,3PT Field Goal,Above the Break 3,Left Side Center(LC),24+ ft.,25.0,-126.0,224.0,1,1,20260223,HOU,UTA,Kevin Durant,2026,HOU,Made,25.700583650960148,Kevin Durant
Shot Chart Detail,22500830,179,201142,Kevin Durant,1610612745,Houston Rockets,1,0,5,Made Shot,Jump Shot,3PT Field Goal,Above the Break 3,Left Side Center(LC),24+ ft.,24.0,-118.0,218.0,1,1,20260223,HOU,UTA,Kevin Durant,2026,HOU,Made,24.788707106261107,Kevin Durant
Shot Chart Detail,22500830,264,201142,Kevin Durant,1610612745,Houston Rockets,2,6,9,Made Shot,Jump Shot,2PT Field Goal,Mid-Range,Center(C),16-24 ft.,17.0,32.0,168.0,1,1,20260223,HOU,UTA,Kevin Durant,2026,HOU,Made,17.102046661145557,Kevin Durant
Shot Chart Detail,22500830,388,201142,Kevin Durant,1610612745,Houston Rockets,3,8,29,Missed Shot,Cutting Layup Shot,2PT Field Goal,Restricted Area,Center(C),Less Than 8 ft.,3.0,-17.0,26.0,1,0,20260223,HOU,UTA,Kevin Durant,2026,HOU,Missed,3.1064449134018135,Kevin Durant
Shot Chart Detail,22500830,390,201142,Kevin Durant,1610612745,Houston Rockets,3,8,26,Made Shot,Fadeaway Jump Shot,2PT Field Goal,In The Paint (Non-RA),Center(C),Less Than 8 ft.,4.0,44.0,16.0,1,1,20260223,HOU,UTA,Kevin Durant,2026,HOU,Made,4.68187996428785,Kevin Durant
Shot Chart Detail,22500830,414,201142,Kevin Durant,1610612745,Houston Rockets,3,6,41,Missed Shot,Turnaround Fadeaway shot,2PT Field Goal,In The Paint (Non-RA),Center(C),8-16 ft.,15.0,74.0,131.0,1,0,20260223,HOU,UTA,Kevin Durant,2026,HOU,Missed,15.045597362683875,Kevin Durant
Shot Chart Detail,22500830,434,201142,Kevin Durant,1610612745,Houston Rockets,3,5,0,Made Shot,Running Pull-Up Jump Shot,3PT Field Goal,Above the Break 3,Right Side Center(RC),24+ ft.,26.0,136.0,222.0,1,1,20260223,HOU,UTA,Kevin Durant,2026,HOU,Made,26.034592372457077,Kevin Durant
Shot Chart Detail,22500830,449,201142,Kevin Durant,1610612745,Houston Rockets,3,4,27,Missed Shot,Pullup Jump shot,2PT Field Goal,Mid-Range,Right Side Center(RC),16-24 ft.,19.0,85.0,173.0,1,0,20260223,HOU,UTA,Kevin Durant,2026,HOU,Missed,19.275372888740698,Kevin Durant
Shot Chart Detail,22500830,464,201142,Kevin Durant,1610612745,Houston Rockets,3,3,23,Made Shot,Pullup Jump shot,2PT Field Goal,Mid-Range,Left Side Center(LC),16-24 ft.,17.0,-80.0,160.0,1,1,20260223,HOU,UTA,Kevin Durant,2026,HOU,Made,17.88854381999832,Kevin Durant
Shot Chart Detail,22500830,537,201142,Kevin Durant,1610612745,Houston Rockets,4,10,46,Missed Shot,Jump Shot,2PT Field Goal,Mid-Range,Center(C),8-16 ft.,15.0,9.0,158.0,1,0,20260223,HOU,UTA,Kevin Durant,2026,HOU,Missed,15.825612152457168,Kevin Durant
Shot Chart Detail,22500830,548,201142,Kevin Durant,1610612745,Houston Rockets,4,9,45,Made Shot,Jump Shot,3PT Field Goal,Above the Break 3,Right Side Center(RC),24+ ft.,25.0,235.0,104.0,1,1,20260223,HOU,UTA,Kevin Durant,2026,HOU,Made,25.69844353263442,Kevin Durant
Shot Chart Detail,22500830,562,201142,Kevin Durant,1610612745,Houston Rockets,4,7,28,Missed Shot,Jump Shot,3PT Field Goal,Above the Break 3,Center(C),24+ ft.,26.0,44.0,263.0,1,0,20260223,HOU,UTA,Kevin Durant,2026,HOU,Missed,26.665520808714763,Kevin Durant
Shot Chart Detail,22501205,12,201142,Kevin Durant,1610612745,Houston Rockets,1,11,7,Missed Shot,Pullup Jump shot,2PT Field Goal,Mid-Range,Left Side Center(LC),16-24 ft.,20.0,-121.0,169.0,1,0,20251211,HOU,LAC,Kevin Durant,2025,HOU,Missed,20.7850908104824,Kevin Durant
Shot Chart Detail,22501205,86,201142,Kevin Durant,1610612745,Houston Rockets,1,5,34,Made Shot,Pullup Jump shot,3PT Field Goal,Above the Break 3,Center(C),24+ ft.,26.0,-22.0,260.0,1,1,20251211,HOU,LAC,Kevin Durant,2025,HOU,Made,26.092910914652663,Kevin Durant
Shot Chart Detail,22501205,88,201142,Kevin Durant,1610612745,Houston Rockets,1,4,57,Missed Shot,Pullup Jump shot,2PT Field Goal,In The Paint (Non-RA),Left Side(L),8-16 ft.,9.0,-70.0,61.0,1,0,20251211,HOU,LAC,Kevin Durant,2025,HOU,Missed,9.284934033152847,Kevin Durant
Shot Chart Detail,22501205,229,201142,Kevin Durant,1610612745,Houston Rockets,2,6,30,Missed Shot,Step Back Jump shot,2PT Field Goal,In The Paint (Non-RA),Center(C),8-16 ft.,13.0,61.0,120.0,1,0,20251211,HOU,LAC,Kevin Durant,2025,HOU,Missed,13.46142637315972,Kevin Durant
Shot Chart Detail,22501205,233,201142,Kevin Durant,1610612745,Houston Rockets,2,5,46,Missed Shot,Pullup Jump shot,3PT Field Goal,Above the Break 3,Center(C),24+ ft.,25.0,4.0,253.0,1,0,20251211,HOU,LAC,Kevin Durant,2025,HOU,Missed,25.303161857759992,Kevin Durant
Shot Chart Detail,22501205,255,201142,Kevin Durant,1610612745,Houston Rockets,2,5,3,Missed Shot,Jump Shot,3PT Field Goal,Above the Break 3,Center(C),24+ ft.,24.0,32.0,247.0,1,0,20251211,HOU,LAC,Kevin Durant,2025,HOU,Missed,24.906424873915565,Kevin Durant
Shot Chart Detail,22501205,302,201142,Kevin Durant,1610612745,Houston Rockets,2,1,11,Missed Shot,Pullup Jump shot,2PT Field Goal,In The Paint (Non-RA),Center(C),8-16 ft.,9.0,18.0,98.0,1,0,20251211,HOU,LAC,Kevin Durant,2025,HOU,Missed,9.96393496566492,Kevin Durant
Shot Chart Detail,22501205,351,201142,Kevin Durant,1610612745,Houston Rockets,3,9,57,Made Shot,Running Jump Shot,3PT Field Goal,Above the Break 3,Left Side Center(LC),24+ ft.,25.0,-169.0,196.0,1,1,20251211,HOU,LAC,Kevin Durant,2025,HOU,Made,25.87991499213241,Kevin Durant
Shot Chart Detail,22501205,374,201142,Kevin Durant,1610612745,Houston Rockets,3,7,57,Made Shot,Pullup Jump shot,2PT Field Goal,In The Paint (Non-RA),Center(C),8-16 ft.,13.0,-1.0,130.0,1,1,20251211,HOU,LAC,Kevin Durant,2025,HOU,Made,13.000384609695207,Kevin Durant
Shot Chart Detail,22501205,389,201142,Kevin Durant,1610612745,Houston Rockets,3,6,28,Made Shot,Pullup Jump shot,2PT Field Goal,Mid-Range,Right Side(R),8-16 ft.,15.0,137.0,64.0,1,1,20251211,HOU,LAC,Kevin Durant,2025,HOU,Made,15.121177202850314,Kevin Durant
Shot Chart Detail,22501205,393,201142,Kevin Durant,1610612745,Houston Rockets,3,5,42,Made Shot,Jump Shot,3PT Field Goal,Right Corner 3,Right Side(R),24+ ft.,23.0,235.0,32.0,1,1,20251211,HOU,LAC,Kevin Durant,2025,HOU,Made,23.716871631815188,Kevin Durant
Shot Chart Detail,22501205,414,201142,Kevin Durant,1610612745,Houston Rockets,3,3,7,Missed Shot,Running Pull-Up Jump Shot,2PT Field Goal,In The Paint (Non-RA),Center(C),8-16 ft.,14.0,-51.0,131.0,1,0,20251211,HOU,LAC,Kevin Durant,2025,HOU,Missed,14.057738082636197,Kevin Durant
Shot Chart Detail,22501205,424,201142,Kevin Durant,1610612745,Houston Rockets,3,2,47,Missed Shot,Pullup Jump shot,2PT Field Goal,In The Paint (Non-RA),Center(C),Less Than 8 ft.,7.0,-42.0,58.0,1,0,20251211,HOU,LAC,Kevin Durant,2025,HOU,Missed,7.161005515987263,Kevin Durant
Shot Chart Detail,22501205,627,201142,Kevin Durant,1610612745,Houston Rockets,4,2,32,Missed Shot,Pullup Jump shot,2PT Field Goal,Mid-Range,Right Side(R),16-24 ft.,16.0,146.0,85.0,1,0,20251211,HOU,LAC,Kevin Durant,2025,HOU,Missed,16.894081803992783,Kevin Durant
Shot Chart Detail,22501225,19,201142,Kevin Durant,1610612745,Houston Rockets,1,10,17,Missed Shot,Turnaround Jump Shot,2PT Field Goal,Mid-Range,Right Side Center(RC),16-24 ft.,16.0,114.0,113.0,1,0,20251215,DEN,HOU,Kevin Durant,2025,DEN,Missed,16.051479682571323,Kevin Durant
Shot Chart Detail,22501225,36,201142,Kevin Durant,1610612745,Houston Rockets,1,7,52,Missed Shot,Turnaround Jump Shot,2PT Field Goal,In The Paint (Non-RA),Center(C),8-16 ft.,14.0,53.0,130.0,1,0,20251215,DEN,HOU,Kevin Durant,2025,DEN,Missed,14.038874598770374,Kevin Durant
Shot Chart Detail,22501225,50,201142,Kevin Durant,1610612745,Houston Rockets,1,6,27,Made Shot,Jump Shot,3PT Field Goal,Above the Break 3,Left Side Center(LC),24+ ft.,25.0,-192.0,164.0,1,1,20251215,DEN,HOU,Kevin Durant,2025,DEN,Made,25.25074256333861,Kevin Durant
Shot Chart Detail,22501225,125,201142,Kevin Durant,1610612745,Houston Rockets,1,1,10,Made Shot,Turnaround Fadeaway shot,2PT Field Goal,Mid-Range,Center(C),8-16 ft.,14.0,-5.0,144.0,1,1,20251215,DEN,HOU,Kevin Durant,2025,DEN,Made,14.408677940741129,Kevin Durant
Shot Chart Detail,22501225,237,201142,Kevin Durant,1610612745,Houston Rockets,2,4,48,Made Shot,Turnaround Fadeaway shot,2PT Field Goal,In The Paint (Non-RA),Center(C),8-16 ft.,11.0,-12.0,113.0,1,1,20251215,DEN,HOU,Kevin Durant,2025,DEN,Made,11.363538181394032,Kevin Durant
Shot Chart Detail,22501225,301,201142,Kevin Durant,1610612745,Houston Rockets,2,0,5,Made Shot,Pullup Jump shot,2PT Field Goal,In The Paint (Non-RA),Center(C),8-16 ft.,12.0,34.0,116.0,1,1,20251215,DEN,HOU,Kevin Durant,2025,DEN,Made,12.088010589009262,Kevin Durant
Shot Chart Detail,22501225,348,201142,Kevin Durant,1610612745,Houston Rockets,3,8,26,Made Shot,Pullup Jump shot,2PT Field Goal,Mid-Range,Right Side Center(RC),16-24 ft.,17.0,123.0,121.0,1,1,20251215,DEN,HOU,Kevin Durant,2025,DEN,Made,17.253985046939157,Kevin Durant
Shot Chart Detail,22501225,413,201142,Kevin Durant,1610612745,Houston Rockets,3,3,56,Made Shot,Turnaround Fadeaway shot,2PT Field Goal,In The Paint (Non-RA),Center(C),Less Than 8 ft.,7.0,23.0,75.0,1,1,20251215,DEN,HOU,Kevin Durant,2025,DEN,Made,7.844743462982075,Kevin Durant
Shot Chart Detail,22501225,444,201142,Kevin Durant,1610612745,Houston Rockets,3,1,34,Made Shot,Fadeaway Jump Shot,2PT Field Goal,Mid-Range,Left Side(L),8-16 ft.,15.0,-109.0,104.0,1,1,20251215,DEN,HOU,Kevin Durant,2025,DEN,Made,15.065523555456014,Kevin Durant
Shot Chart Detail,22501225,473,201142,Kevin Durant,1610612745,Houston Rockets,3,0,19,Missed Shot,Pullup Jump shot,3PT Field Goal,Above the Break 3,Left Side Center(LC),24+ ft.,26.0,-104.0,243.0,1,0,20251215,DEN,HOU,Kevin Durant,2025,DEN,Missed,26.431988196123275,Kevin Durant
Shot Chart Detail,22501225,573,201142,Kevin Durant,1610612745,Houston Rockets,4,7,27,Missed Shot,Running Layup Shot,2PT Field Goal,Restricted Area,Center(C),Less Than 8 ft.,2.0,29.0,0.0,1,0,20251215,DEN,HOU,Kevin Durant,2025,DEN,Missed,2.9,Kevin Durant
Shot Chart Detail,22501225,642,201142,Kevin Durant,1610612745,Houston Rockets,4,2,52,Missed Shot,Pullup Jump shot,2PT Field Goal,Mid-Range,Right Side(R),8-16 ft.,14.0,123.0,74.0,1,0,20251215,DEN,HOU,Kevin Durant,2025,DEN,Missed,14.354441821262157,Kevin Durant
Shot Chart Detail,22501225,663,201142,Kevin Durant,1610612745,Houston Rockets,4,0,36,Made Shot,Pullup Jump shot,3PT Field Goal,Above the Break 3,Right Side Center(RC),24+ ft.,27.0,121.0,246.0,1,1,20251215,DEN,HOU,Kevin Durant,2025,DEN,Made,27.414777037211156,Kevin Durant
Shot Chart Detail,22501225,697,201142,Kevin Durant,1610612745,Houston Rockets,5,3,57,Missed Shot,Pullup Jump shot,2PT Field Goal,In The Paint (Non-RA),Center(C),8-16 ft.,13.0,-59.0,124.0,1,0,20251215,DEN,HOU,Kevin Durant,2025,DEN,Missed,13.732079230764729,Kevin Durant
